ISO-10303-21;
HEADER;
FILE_DESCRIPTION(('Open CASCADE Model'),'2;1');
FILE_NAME('Open CASCADE Shape Model','2026-10-03T07:12:11',('Author'),(
    'Open CASCADE'),'Open CASCADE STEP processor 7.9','Open CASCADE 7.9'
  ,'Unknown');
FILE_SCHEMA(('AUTOMOTIVE_DESIGN { 1 0 10303 214 1 1 1 1 }'));
ENDSEC;
DATA;
#1 = APPLICATION_PROTOCOL_DEFINITION('international standard',
  'automotive_design',2000,#2);
#2 = APPLICATION_CONTEXT(
  'core data for automotive mechanical design processes');
#3 = SHAPE_DEFINITION_REPRESENTATION(#4,#10);
#4 = PRODUCT_DEFINITION_SHAPE('','',#5);
#5 = PRODUCT_DEFINITION('design','',#6,#9);
#6 = PRODUCT_DEFINITION_FORMATION('','',#7);
#7 = PRODUCT('Open CASCADE STEP translator 7.9 7',
  'Open CASCADE STEP translator 7.9 7','',(#8));
#8 = PRODUCT_CONTEXT('',#2,'mechanical');
#9 = PRODUCT_DEFINITION_CONTEXT('part definition',#2,'design');
#10 = ADVANCED_BREP_SHAPE_REPRESENTATION('',(#11,#15),#2763);
#11 = AXIS2_PLACEMENT_3D('',#12,#13,#14);
#12 = CARTESIAN_POINT('',(0.,0.,0.));
#13 = DIRECTION('',(0.,0.,1.));
#14 = DIRECTION('',(1.,0.,-0.));
#15 = MANIFOLD_SOLID_BREP('',#16);
#16 = CLOSED_SHELL('',(#17,#137,#225,#306,#387,#460,#517,#567,#617,#1177
    ,#1204,#1783,#1810,#1817,#1824,#1879,#1926,#1953,#1980,#2007,#2034,
    #2041,#2096,#2143,#2170,#2197,#2224,#2251,#2258,#2313,#2368,#2422,
    #2476,#2530,#2606,#2655,#2704,#2731,#2738,#2745,#2752,#2756));
#17 = ADVANCED_FACE('',(#18),#32,.F.);
#18 = FACE_BOUND('',#19,.F.);
#19 = EDGE_LOOP('',(#20,#55,#83,#111));
#20 = ORIENTED_EDGE('',*,*,#21,.T.);
#21 = EDGE_CURVE('',#22,#24,#26,.T.);
#22 = VERTEX_POINT('',#23);
#23 = CARTESIAN_POINT('',(-23.7,15.999113548851,95.468421052632));
#24 = VERTEX_POINT('',#25);
#25 = CARTESIAN_POINT('',(-20.3,15.999113548851,95.468421052632));
#26 = SURFACE_CURVE('',#27,(#31,#43),.PCURVE_S1.);
#27 = LINE('',#28,#29);
#28 = CARTESIAN_POINT('',(-24.5,15.999113548851,95.468421052632));
#29 = VECTOR('',#30,1.);
#30 = DIRECTION('',(1.,-1.110223024625E-16,1.110223024625E-16));
#31 = PCURVE('',#32,#37);
#32 = PLANE('',#33);
#33 = AXIS2_PLACEMENT_3D('',#34,#35,#36);
#34 = CARTESIAN_POINT('',(-24.5,15.999113548851,95.468421052632));
#35 = DIRECTION('',(-1.098474956566E-16,-0.999944596803,
    -1.052631578947E-02));
#36 = DIRECTION('',(-1.121848072874E-16,-1.052631578947E-02,
    0.999944596803));
#37 = DEFINITIONAL_REPRESENTATION('',(#38),#42);
#38 = LINE('',#39,#40);
#39 = CARTESIAN_POINT('',(-1.421006738842E-14,1.577721810442E-30));
#40 = VECTOR('',#41,1.);
#41 = DIRECTION('',(0.,-1.));
#42 = ( GEOMETRIC_REPRESENTATION_CONTEXT(2) 
PARAMETRIC_REPRESENTATION_CONTEXT() REPRESENTATION_CONTEXT('2D SPACE',''
  ) );
#43 = PCURVE('',#44,#49);
#44 = CYLINDRICAL_SURFACE('',#45,16.);
#45 = AXIS2_PLACEMENT_3D('',#46,#47,#48);
#46 = CARTESIAN_POINT('',(-24.5,2.720046410332E-15,95.3));
#47 = DIRECTION('',(-1.,1.110223024625E-16,-1.110223024625E-16));
#48 = DIRECTION('',(1.110223024625E-16,1.,0.));
#49 = DEFINITIONAL_REPRESENTATION('',(#50),#54);
#50 = LINE('',#51,#52);
#51 = CARTESIAN_POINT('',(-6.293711817371,0.));
#52 = VECTOR('',#53,1.);
#53 = DIRECTION('',(-0.,-1.));
#54 = ( GEOMETRIC_REPRESENTATION_CONTEXT(2) 
PARAMETRIC_REPRESENTATION_CONTEXT() REPRESENTATION_CONTEXT('2D SPACE',''
  ) );
#55 = ORIENTED_EDGE('',*,*,#56,.T.);
#56 = EDGE_CURVE('',#24,#57,#59,.T.);
#57 = VERTEX_POINT('',#58);
#58 = CARTESIAN_POINT('',(-20.3,14.999168952048,190.45789473684));
#59 = SURFACE_CURVE('',#60,(#64,#71),.PCURVE_S1.);
#60 = LINE('',#61,#62);
#61 = CARTESIAN_POINT('',(-20.3,15.999113548851,95.468421052632));
#62 = VECTOR('',#63,1.);
#63 = DIRECTION('',(-1.121848072874E-16,-1.052631578947E-02,
    0.999944596803));
#64 = PCURVE('',#32,#65);
#65 = DEFINITIONAL_REPRESENTATION('',(#66),#70);
#66 = LINE('',#67,#68);
#67 = CARTESIAN_POINT('',(-4.711761906072E-16,-4.2));
#68 = VECTOR('',#69,1.);
#69 = DIRECTION('',(1.,0.));
#70 = ( GEOMETRIC_REPRESENTATION_CONTEXT(2) 
PARAMETRIC_REPRESENTATION_CONTEXT() REPRESENTATION_CONTEXT('2D SPACE',''
  ) );
#71 = PCURVE('',#72,#77);
#72 = PLANE('',#73);
#73 = AXIS2_PLACEMENT_3D('',#74,#75,#76);
#74 = CARTESIAN_POINT('',(-19.9,15.59913571013,95.464210526316));
#75 = DIRECTION('',(-0.707106781187,-0.70706760521,-7.443229275648E-03)
  );
#76 = DIRECTION('',(8.009242298187E-17,1.052631578947E-02,
    -0.999944596803));
#77 = DEFINITIONAL_REPRESENTATION('',(#78),#82);
#78 = LINE('',#79,#80);
#79 = CARTESIAN_POINT('',(1.557781681427E-15,-0.565685424949));
#80 = VECTOR('',#81,1.);
#81 = DIRECTION('',(-1.,-8.673617379884E-19));
#82 = ( GEOMETRIC_REPRESENTATION_CONTEXT(2) 
PARAMETRIC_REPRESENTATION_CONTEXT() REPRESENTATION_CONTEXT('2D SPACE',''
  ) );
#83 = ORIENTED_EDGE('',*,*,#84,.F.);
#84 = EDGE_CURVE('',#85,#57,#87,.T.);
#85 = VERTEX_POINT('',#86);
#86 = CARTESIAN_POINT('',(-23.7,14.999168952048,190.45789473684));
#87 = SURFACE_CURVE('',#88,(#92,#99),.PCURVE_S1.);
#88 = LINE('',#89,#90);
#89 = CARTESIAN_POINT('',(-24.5,14.999168952048,190.45789473684));
#90 = VECTOR('',#91,1.);
#91 = DIRECTION('',(1.,-1.110223024625E-16,1.110223024625E-16));
#92 = PCURVE('',#32,#93);
#93 = DEFINITIONAL_REPRESENTATION('',(#94),#98);
#94 = LINE('',#95,#96);
#95 = CARTESIAN_POINT('',(94.994736696303,1.174806805869E-18));
#96 = VECTOR('',#97,1.);
#97 = DIRECTION('',(0.,-1.));
#98 = ( GEOMETRIC_REPRESENTATION_CONTEXT(2) 
PARAMETRIC_REPRESENTATION_CONTEXT() REPRESENTATION_CONTEXT('2D SPACE',''
  ) );
#99 = PCURVE('',#100,#105);
#100 = CYLINDRICAL_SURFACE('',#101,15.);
#101 = AXIS2_PLACEMENT_3D('',#102,#103,#104);
#102 = CARTESIAN_POINT('',(-24.5,2.720046410332E-15,190.3));
#103 = DIRECTION('',(-1.,1.110223024625E-16,-1.110223024625E-16));
#104 = DIRECTION('',(1.110223024625E-16,1.,0.));
#105 = DEFINITIONAL_REPRESENTATION('',(#106),#110);
#106 = LINE('',#107,#108);
#107 = CARTESIAN_POINT('',(-1.052651019097E-02,0.));
#108 = VECTOR('',#109,1.);
#109 = DIRECTION('',(-0.,-1.));
#110 = ( GEOMETRIC_REPRESENTATION_CONTEXT(2) 
PARAMETRIC_REPRESENTATION_CONTEXT() REPRESENTATION_CONTEXT('2D SPACE',''
  ) );
#111 = ORIENTED_EDGE('',*,*,#112,.F.);
#112 = EDGE_CURVE('',#22,#85,#113,.T.);
#113 = SURFACE_CURVE('',#114,(#118,#125),.PCURVE_S1.);
#114 = LINE('',#115,#116);
#115 = CARTESIAN_POINT('',(-23.7,15.999113548851,95.468421052632));
#116 = VECTOR('',#117,1.);
#117 = DIRECTION('',(-1.121848072874E-16,-1.052631578947E-02,
    0.999944596803));
#118 = PCURVE('',#32,#119);
#119 = DEFINITIONAL_REPRESENTATION('',(#120),#124);
#120 = LINE('',#121,#122);
#121 = CARTESIAN_POINT('',(-8.974784582995E-17,-0.8));
#122 = VECTOR('',#123,1.);
#123 = DIRECTION('',(1.,0.));
#124 = ( GEOMETRIC_REPRESENTATION_CONTEXT(2) 
PARAMETRIC_REPRESENTATION_CONTEXT() REPRESENTATION_CONTEXT('2D SPACE',''
  ) );
#125 = PCURVE('',#126,#131);
#126 = PLANE('',#127);
#127 = AXIS2_PLACEMENT_3D('',#128,#129,#130);
#128 = CARTESIAN_POINT('',(-24.1,15.59913571013,95.464210526316));
#129 = DIRECTION('',(-0.707106781187,0.70706760521,7.443229275648E-03));
#130 = DIRECTION('',(1.44277191593E-16,1.052631578947E-02,
    -0.999944596803));
#131 = DEFINITIONAL_REPRESENTATION('',(#132),#136);
#132 = LINE('',#133,#134);
#133 = CARTESIAN_POINT('',(1.628905343942E-15,-0.565685424949));
#134 = VECTOR('',#135,1.);
#135 = DIRECTION('',(-1.,-2.602085213965E-18));
#136 = ( GEOMETRIC_REPRESENTATION_CONTEXT(2) 
PARAMETRIC_REPRESENTATION_CONTEXT() REPRESENTATION_CONTEXT('2D SPACE',''
  ) );
#137 = ADVANCED_FACE('',(#138),#44,.T.);
#138 = FACE_BOUND('',#139,.F.);
#139 = EDGE_LOOP('',(#140,#170,#197,#198));
#140 = ORIENTED_EDGE('',*,*,#141,.T.);
#141 = EDGE_CURVE('',#142,#144,#146,.T.);
#142 = VERTEX_POINT('',#143);
#143 = CARTESIAN_POINT('',(-23.7,-15.99911354885,95.468421052632));
#144 = VERTEX_POINT('',#145);
#145 = CARTESIAN_POINT('',(-20.3,-15.99911354885,95.468421052632));
#146 = SURFACE_CURVE('',#147,(#151,#158),.PCURVE_S1.);
#147 = LINE('',#148,#149);
#148 = CARTESIAN_POINT('',(-24.5,-15.99911354885,95.468421052632));
#149 = VECTOR('',#150,1.);
#150 = DIRECTION('',(1.,-1.110223024625E-16,1.110223024625E-16));
#151 = PCURVE('',#44,#152);
#152 = DEFINITIONAL_REPRESENTATION('',(#153),#157);
#153 = LINE('',#154,#155);
#154 = CARTESIAN_POINT('',(-3.131066143399,0.));
#155 = VECTOR('',#156,1.);
#156 = DIRECTION('',(-0.,-1.));
#157 = ( GEOMETRIC_REPRESENTATION_CONTEXT(2) 
PARAMETRIC_REPRESENTATION_CONTEXT() REPRESENTATION_CONTEXT('2D SPACE',''
  ) );
#158 = PCURVE('',#159,#164);
#159 = PLANE('',#160);
#160 = AXIS2_PLACEMENT_3D('',#161,#162,#163);
#161 = CARTESIAN_POINT('',(-24.5,-14.99916895204,190.45789473684));
#162 = DIRECTION('',(1.121848072874E-16,0.999944596803,
    -1.052631578947E-02));
#163 = DIRECTION('',(1.098474956566E-16,-1.052631578947E-02,
    -0.999944596803));
#164 = DEFINITIONAL_REPRESENTATION('',(#165),#169);
#165 = LINE('',#166,#167);
#166 = CARTESIAN_POINT('',(94.994736696303,-2.2320710975E-16));
#167 = VECTOR('',#168,1.);
#168 = DIRECTION('',(0.,-1.));
#169 = ( GEOMETRIC_REPRESENTATION_CONTEXT(2) 
PARAMETRIC_REPRESENTATION_CONTEXT() REPRESENTATION_CONTEXT('2D SPACE',''
  ) );
#170 = ORIENTED_EDGE('',*,*,#171,.T.);
#171 = EDGE_CURVE('',#144,#24,#172,.T.);
#172 = SURFACE_CURVE('',#173,(#178,#185),.PCURVE_S1.);
#173 = CIRCLE('',#174,16.);
#174 = AXIS2_PLACEMENT_3D('',#175,#176,#177);
#175 = CARTESIAN_POINT('',(-20.3,2.253752739989E-15,95.3));
#176 = DIRECTION('',(1.,-1.110223024625E-16,1.110223024625E-16));
#177 = DIRECTION('',(-1.121848072874E-16,-0.999944596803,
    1.052631578948E-02));
#178 = PCURVE('',#44,#179);
#179 = DEFINITIONAL_REPRESENTATION('',(#180),#184);
#180 = LINE('',#181,#182);
#181 = CARTESIAN_POINT('',(-3.131066143399,-4.2));
#182 = VECTOR('',#183,1.);
#183 = DIRECTION('',(-1.,0.));
#184 = ( GEOMETRIC_REPRESENTATION_CONTEXT(2) 
PARAMETRIC_REPRESENTATION_CONTEXT() REPRESENTATION_CONTEXT('2D SPACE',''
  ) );
#185 = PCURVE('',#186,#191);
#186 = CONICAL_SURFACE('',#187,16.,0.785398163397);
#187 = AXIS2_PLACEMENT_3D('',#188,#189,#190);
#188 = CARTESIAN_POINT('',(-20.3,2.253752739989E-15,95.3));
#189 = DIRECTION('',(-1.,1.110223024625E-16,-1.110223024625E-16));
#190 = DIRECTION('',(-1.121848072874E-16,-0.999944596803,
    1.052631578948E-02));
#191 = DEFINITIONAL_REPRESENTATION('',(#192),#196);
#192 = LINE('',#193,#194);
#193 = CARTESIAN_POINT('',(-0.,-0.));
#194 = VECTOR('',#195,1.);
#195 = DIRECTION('',(-1.,-0.));
#196 = ( GEOMETRIC_REPRESENTATION_CONTEXT(2) 
PARAMETRIC_REPRESENTATION_CONTEXT() REPRESENTATION_CONTEXT('2D SPACE',''
  ) );
#197 = ORIENTED_EDGE('',*,*,#21,.F.);
#198 = ORIENTED_EDGE('',*,*,#199,.F.);
#199 = EDGE_CURVE('',#142,#22,#200,.T.);
#200 = SURFACE_CURVE('',#201,(#206,#213),.PCURVE_S1.);
#201 = CIRCLE('',#202,16.);
#202 = AXIS2_PLACEMENT_3D('',#203,#204,#205);
#203 = CARTESIAN_POINT('',(-23.7,2.631228568362E-15,95.3));
#204 = DIRECTION('',(1.,-1.110223024625E-16,1.110223024625E-16));
#205 = DIRECTION('',(-1.121848072874E-16,-0.999944596803,
    1.052631578948E-02));
#206 = PCURVE('',#44,#207);
#207 = DEFINITIONAL_REPRESENTATION('',(#208),#212);
#208 = LINE('',#209,#210);
#209 = CARTESIAN_POINT('',(-3.131066143399,-0.8));
#210 = VECTOR('',#211,1.);
#211 = DIRECTION('',(-1.,0.));
#212 = ( GEOMETRIC_REPRESENTATION_CONTEXT(2) 
PARAMETRIC_REPRESENTATION_CONTEXT() REPRESENTATION_CONTEXT('2D SPACE',''
  ) );
#213 = PCURVE('',#214,#219);
#214 = CONICAL_SURFACE('',#215,16.,0.785398163397);
#215 = AXIS2_PLACEMENT_3D('',#216,#217,#218);
#216 = CARTESIAN_POINT('',(-23.7,2.631228568362E-15,95.3));
#217 = DIRECTION('',(1.,-1.110223024625E-16,1.110223024625E-16));
#218 = DIRECTION('',(-1.121848072874E-16,-0.999944596803,
    1.052631578948E-02));
#219 = DEFINITIONAL_REPRESENTATION('',(#220),#224);
#220 = LINE('',#221,#222);
#221 = CARTESIAN_POINT('',(0.,-0.));
#222 = VECTOR('',#223,1.);
#223 = DIRECTION('',(1.,-0.));
#224 = ( GEOMETRIC_REPRESENTATION_CONTEXT(2) 
PARAMETRIC_REPRESENTATION_CONTEXT() REPRESENTATION_CONTEXT('2D SPACE',''
  ) );
#225 = ADVANCED_FACE('',(#226),#126,.T.);
#226 = FACE_BOUND('',#227,.F.);
#227 = EDGE_LOOP('',(#228,#251,#252,#280));
#228 = ORIENTED_EDGE('',*,*,#229,.F.);
#229 = EDGE_CURVE('',#22,#230,#232,.T.);
#230 = VERTEX_POINT('',#231);
#231 = CARTESIAN_POINT('',(-24.5,15.199157871409,95.46));
#232 = SURFACE_CURVE('',#233,(#237,#244),.PCURVE_S1.);
#233 = LINE('',#234,#235);
#234 = CARTESIAN_POINT('',(-24.1,15.59913571013,95.464210526316));
#235 = VECTOR('',#236,1.);
#236 = DIRECTION('',(-0.707106781187,-0.70706760521,-7.443229275648E-03)
  );
#237 = PCURVE('',#126,#238);
#238 = DEFINITIONAL_REPRESENTATION('',(#239),#243);
#239 = LINE('',#240,#241);
#240 = CARTESIAN_POINT('',(2.842013477684E-14,2.115492996963E-16));
#241 = VECTOR('',#242,1.);
#242 = DIRECTION('',(1.734723475977E-18,1.));
#243 = ( GEOMETRIC_REPRESENTATION_CONTEXT(2) 
PARAMETRIC_REPRESENTATION_CONTEXT() REPRESENTATION_CONTEXT('2D SPACE',''
  ) );
#244 = PCURVE('',#214,#245);
#245 = DEFINITIONAL_REPRESENTATION('',(#246),#250);
#246 = LINE('',#247,#248);
#247 = CARTESIAN_POINT('',(3.162645673972,-0.4));
#248 = VECTOR('',#249,1.);
#249 = DIRECTION('',(0.,-1.));
#250 = ( GEOMETRIC_REPRESENTATION_CONTEXT(2) 
PARAMETRIC_REPRESENTATION_CONTEXT() REPRESENTATION_CONTEXT('2D SPACE',''
  ) );
#251 = ORIENTED_EDGE('',*,*,#112,.T.);
#252 = ORIENTED_EDGE('',*,*,#253,.T.);
#253 = EDGE_CURVE('',#85,#254,#256,.T.);
#254 = VERTEX_POINT('',#255);
#255 = CARTESIAN_POINT('',(-24.5,14.199213274605,190.44947368421));
#256 = SURFACE_CURVE('',#257,(#261,#268),.PCURVE_S1.);
#257 = LINE('',#258,#259);
#258 = CARTESIAN_POINT('',(-24.1,14.599191113327,190.45368421052));
#259 = VECTOR('',#260,1.);
#260 = DIRECTION('',(-0.707106781187,-0.70706760521,-7.443229275648E-03)
  );
#261 = PCURVE('',#126,#262);
#262 = DEFINITIONAL_REPRESENTATION('',(#263),#267);
#263 = LINE('',#264,#265);
#264 = CARTESIAN_POINT('',(-94.9947366963,0.));
#265 = VECTOR('',#266,1.);
#266 = DIRECTION('',(1.734723475977E-18,1.));
#267 = ( GEOMETRIC_REPRESENTATION_CONTEXT(2) 
PARAMETRIC_REPRESENTATION_CONTEXT() REPRESENTATION_CONTEXT('2D SPACE',''
  ) );
#268 = PCURVE('',#269,#274);
#269 = CONICAL_SURFACE('',#270,15.,0.785398163397);
#270 = AXIS2_PLACEMENT_3D('',#271,#272,#273);
#271 = CARTESIAN_POINT('',(-23.7,2.631228568362E-15,190.3));
#272 = DIRECTION('',(1.,-1.110223024625E-16,1.110223024625E-16));
#273 = DIRECTION('',(1.098474956566E-16,0.999944596803,
    1.052631578948E-02));
#274 = DEFINITIONAL_REPRESENTATION('',(#275),#279);
#275 = LINE('',#276,#277);
#276 = CARTESIAN_POINT('',(0.,-0.4));
#277 = VECTOR('',#278,1.);
#278 = DIRECTION('',(0.,-1.));
#279 = ( GEOMETRIC_REPRESENTATION_CONTEXT(2) 
PARAMETRIC_REPRESENTATION_CONTEXT() REPRESENTATION_CONTEXT('2D SPACE',''
  ) );
#280 = ORIENTED_EDGE('',*,*,#281,.F.);
#281 = EDGE_CURVE('',#230,#254,#282,.T.);
#282 = SURFACE_CURVE('',#283,(#287,#294),.PCURVE_S1.);
#283 = LINE('',#284,#285);
#284 = CARTESIAN_POINT('',(-24.5,15.199157871409,95.46));
#285 = VECTOR('',#286,1.);
#286 = DIRECTION('',(-1.121848072874E-16,-1.052631578947E-02,
    0.999944596803));
#287 = PCURVE('',#126,#288);
#288 = DEFINITIONAL_REPRESENTATION('',(#289),#293);
#289 = LINE('',#290,#291);
#290 = CARTESIAN_POINT('',(-1.610690747444E-15,0.565685424949));
#291 = VECTOR('',#292,1.);
#292 = DIRECTION('',(-1.,-2.602085213965E-18));
#293 = ( GEOMETRIC_REPRESENTATION_CONTEXT(2) 
PARAMETRIC_REPRESENTATION_CONTEXT() REPRESENTATION_CONTEXT('2D SPACE',''
  ) );
#294 = PCURVE('',#295,#300);
#295 = PLANE('',#296);
#296 = AXIS2_PLACEMENT_3D('',#297,#298,#299);
#297 = CARTESIAN_POINT('',(-24.5,2.093579783065E-16,142.12739969301));
#298 = DIRECTION('',(1.,-1.110223024625E-16,1.110223024625E-16));
#299 = DIRECTION('',(1.110223024625E-16,1.,0.));
#300 = DEFINITIONAL_REPRESENTATION('',(#301),#305);
#301 = LINE('',#302,#303);
#302 = CARTESIAN_POINT('',(15.199157871409,-46.66739969301));
#303 = VECTOR('',#304,1.);
#304 = DIRECTION('',(-1.052631578947E-02,0.999944596803));
#305 = ( GEOMETRIC_REPRESENTATION_CONTEXT(2) 
PARAMETRIC_REPRESENTATION_CONTEXT() REPRESENTATION_CONTEXT('2D SPACE',''
  ) );
#306 = ADVANCED_FACE('',(#307),#72,.F.);
#307 = FACE_BOUND('',#308,.T.);
#308 = EDGE_LOOP('',(#309,#332,#333,#361));
#309 = ORIENTED_EDGE('',*,*,#310,.F.);
#310 = EDGE_CURVE('',#24,#311,#313,.T.);
#311 = VERTEX_POINT('',#312);
#312 = CARTESIAN_POINT('',(-19.5,15.199157871409,95.46));
#313 = SURFACE_CURVE('',#314,(#318,#325),.PCURVE_S1.);
#314 = LINE('',#315,#316);
#315 = CARTESIAN_POINT('',(-19.9,15.59913571013,95.464210526316));
#316 = VECTOR('',#317,1.);
#317 = DIRECTION('',(0.707106781187,-0.70706760521,-7.443229275648E-03)
  );
#318 = PCURVE('',#72,#319);
#319 = DEFINITIONAL_REPRESENTATION('',(#320),#324);
#320 = LINE('',#321,#322);
#321 = CARTESIAN_POINT('',(2.842013477684E-14,2.115492996963E-16));
#322 = VECTOR('',#323,1.);
#323 = DIRECTION('',(8.673617379884E-19,1.));
#324 = ( GEOMETRIC_REPRESENTATION_CONTEXT(2) 
PARAMETRIC_REPRESENTATION_CONTEXT() REPRESENTATION_CONTEXT('2D SPACE',''
  ) );
#325 = PCURVE('',#186,#326);
#326 = DEFINITIONAL_REPRESENTATION('',(#327),#331);
#327 = LINE('',#328,#329);
#328 = CARTESIAN_POINT('',(-3.162645673972,-0.4));
#329 = VECTOR('',#330,1.);
#330 = DIRECTION('',(-0.,-1.));
#331 = ( GEOMETRIC_REPRESENTATION_CONTEXT(2) 
PARAMETRIC_REPRESENTATION_CONTEXT() REPRESENTATION_CONTEXT('2D SPACE',''
  ) );
#332 = ORIENTED_EDGE('',*,*,#56,.T.);
#333 = ORIENTED_EDGE('',*,*,#334,.T.);
#334 = EDGE_CURVE('',#57,#335,#337,.T.);
#335 = VERTEX_POINT('',#336);
#336 = CARTESIAN_POINT('',(-19.5,14.199213274605,190.44947368421));
#337 = SURFACE_CURVE('',#338,(#342,#349),.PCURVE_S1.);
#338 = LINE('',#339,#340);
#339 = CARTESIAN_POINT('',(-19.9,14.599191113327,190.45368421052));
#340 = VECTOR('',#341,1.);
#341 = DIRECTION('',(0.707106781187,-0.70706760521,-7.443229275648E-03)
  );
#342 = PCURVE('',#72,#343);
#343 = DEFINITIONAL_REPRESENTATION('',(#344),#348);
#344 = LINE('',#345,#346);
#345 = CARTESIAN_POINT('',(-94.9947366963,1.110223024625E-16));
#346 = VECTOR('',#347,1.);
#347 = DIRECTION('',(8.673617379884E-19,1.));
#348 = ( GEOMETRIC_REPRESENTATION_CONTEXT(2) 
PARAMETRIC_REPRESENTATION_CONTEXT() REPRESENTATION_CONTEXT('2D SPACE',''
  ) );
#349 = PCURVE('',#350,#355);
#350 = CONICAL_SURFACE('',#351,15.,0.785398163397);
#351 = AXIS2_PLACEMENT_3D('',#352,#353,#354);
#352 = CARTESIAN_POINT('',(-20.3,2.253752739989E-15,190.3));
#353 = DIRECTION('',(-1.,1.110223024625E-16,-1.110223024625E-16));
#354 = DIRECTION('',(1.098474956566E-16,0.999944596803,
    1.052631578948E-02));
#355 = DEFINITIONAL_REPRESENTATION('',(#356),#360);
#356 = LINE('',#357,#358);
#357 = CARTESIAN_POINT('',(-0.,-0.4));
#358 = VECTOR('',#359,1.);
#359 = DIRECTION('',(-0.,-1.));
#360 = ( GEOMETRIC_REPRESENTATION_CONTEXT(2) 
PARAMETRIC_REPRESENTATION_CONTEXT() REPRESENTATION_CONTEXT('2D SPACE',''
  ) );
#361 = ORIENTED_EDGE('',*,*,#362,.F.);
#362 = EDGE_CURVE('',#311,#335,#363,.T.);
#363 = SURFACE_CURVE('',#364,(#368,#375),.PCURVE_S1.);
#364 = LINE('',#365,#366);
#365 = CARTESIAN_POINT('',(-19.5,15.199157871409,95.46));
#366 = VECTOR('',#367,1.);
#367 = DIRECTION('',(-1.121848072874E-16,-1.052631578947E-02,
    0.999944596803));
#368 = PCURVE('',#72,#369);
#369 = DEFINITIONAL_REPRESENTATION('',(#370),#374);
#370 = LINE('',#371,#372);
#371 = CARTESIAN_POINT('',(-1.538699723191E-15,0.565685424949));
#372 = VECTOR('',#373,1.);
#373 = DIRECTION('',(-1.,-8.673617379884E-19));
#374 = ( GEOMETRIC_REPRESENTATION_CONTEXT(2) 
PARAMETRIC_REPRESENTATION_CONTEXT() REPRESENTATION_CONTEXT('2D SPACE',''
  ) );
#375 = PCURVE('',#376,#381);
#376 = PLANE('',#377);
#377 = AXIS2_PLACEMENT_3D('',#378,#379,#380);
#378 = CARTESIAN_POINT('',(-19.5,-3.457535340061E-16,142.12739969301));
#379 = DIRECTION('',(1.,-1.110223024625E-16,1.110223024625E-16));
#380 = DIRECTION('',(1.110223024625E-16,1.,0.));
#381 = DEFINITIONAL_REPRESENTATION('',(#382),#386);
#382 = LINE('',#383,#384);
#383 = CARTESIAN_POINT('',(15.199157871409,-46.66739969301));
#384 = VECTOR('',#385,1.);
#385 = DIRECTION('',(-1.052631578947E-02,0.999944596803));
#386 = ( GEOMETRIC_REPRESENTATION_CONTEXT(2) 
PARAMETRIC_REPRESENTATION_CONTEXT() REPRESENTATION_CONTEXT('2D SPACE',''
  ) );
#387 = ADVANCED_FACE('',(#388),#100,.T.);
#388 = FACE_BOUND('',#389,.F.);
#389 = EDGE_LOOP('',(#390,#391,#415,#438));
#390 = ORIENTED_EDGE('',*,*,#84,.T.);
#391 = ORIENTED_EDGE('',*,*,#392,.T.);
#392 = EDGE_CURVE('',#57,#393,#395,.T.);
#393 = VERTEX_POINT('',#394);
#394 = CARTESIAN_POINT('',(-20.3,-14.99916895204,190.45789473684));
#395 = SURFACE_CURVE('',#396,(#401,#408),.PCURVE_S1.);
#396 = CIRCLE('',#397,15.);
#397 = AXIS2_PLACEMENT_3D('',#398,#399,#400);
#398 = CARTESIAN_POINT('',(-20.3,2.253752739989E-15,190.3));
#399 = DIRECTION('',(1.,-1.110223024625E-16,1.110223024625E-16));
#400 = DIRECTION('',(1.098474956566E-16,0.999944596803,
    1.052631578948E-02));
#401 = PCURVE('',#100,#402);
#402 = DEFINITIONAL_REPRESENTATION('',(#403),#407);
#403 = LINE('',#404,#405);
#404 = CARTESIAN_POINT('',(-1.052651019097E-02,-4.2));
#405 = VECTOR('',#406,1.);
#406 = DIRECTION('',(-1.,0.));
#407 = ( GEOMETRIC_REPRESENTATION_CONTEXT(2) 
PARAMETRIC_REPRESENTATION_CONTEXT() REPRESENTATION_CONTEXT('2D SPACE',''
  ) );
#408 = PCURVE('',#350,#409);
#409 = DEFINITIONAL_REPRESENTATION('',(#410),#414);
#410 = LINE('',#411,#412);
#411 = CARTESIAN_POINT('',(-0.,-0.));
#412 = VECTOR('',#413,1.);
#413 = DIRECTION('',(-1.,-0.));
#414 = ( GEOMETRIC_REPRESENTATION_CONTEXT(2) 
PARAMETRIC_REPRESENTATION_CONTEXT() REPRESENTATION_CONTEXT('2D SPACE',''
  ) );
#415 = ORIENTED_EDGE('',*,*,#416,.F.);
#416 = EDGE_CURVE('',#417,#393,#419,.T.);
#417 = VERTEX_POINT('',#418);
#418 = CARTESIAN_POINT('',(-23.7,-14.99916895204,190.45789473684));
#419 = SURFACE_CURVE('',#420,(#424,#431),.PCURVE_S1.);
#420 = LINE('',#421,#422);
#421 = CARTESIAN_POINT('',(-24.5,-14.99916895204,190.45789473684));
#422 = VECTOR('',#423,1.);
#423 = DIRECTION('',(1.,-1.110223024625E-16,1.110223024625E-16));
#424 = PCURVE('',#100,#425);
#425 = DEFINITIONAL_REPRESENTATION('',(#426),#430);
#426 = LINE('',#427,#428);
#427 = CARTESIAN_POINT('',(-3.131066143399,0.));
#428 = VECTOR('',#429,1.);
#429 = DIRECTION('',(-0.,-1.));
#430 = ( GEOMETRIC_REPRESENTATION_CONTEXT(2) 
PARAMETRIC_REPRESENTATION_CONTEXT() REPRESENTATION_CONTEXT('2D SPACE',''
  ) );
#431 = PCURVE('',#159,#432);
#432 = DEFINITIONAL_REPRESENTATION('',(#433),#437);
#433 = LINE('',#434,#435);
#434 = CARTESIAN_POINT('',(0.,0.));
#435 = VECTOR('',#436,1.);
#436 = DIRECTION('',(0.,-1.));
#437 = ( GEOMETRIC_REPRESENTATION_CONTEXT(2) 
PARAMETRIC_REPRESENTATION_CONTEXT() REPRESENTATION_CONTEXT('2D SPACE',''
  ) );
#438 = ORIENTED_EDGE('',*,*,#439,.F.);
#439 = EDGE_CURVE('',#85,#417,#440,.T.);
#440 = SURFACE_CURVE('',#441,(#446,#453),.PCURVE_S1.);
#441 = CIRCLE('',#442,15.);
#442 = AXIS2_PLACEMENT_3D('',#443,#444,#445);
#443 = CARTESIAN_POINT('',(-23.7,2.631228568362E-15,190.3));
#444 = DIRECTION('',(1.,-1.110223024625E-16,1.110223024625E-16));
#445 = DIRECTION('',(1.098474956566E-16,0.999944596803,
    1.052631578948E-02));
#446 = PCURVE('',#100,#447);
#447 = DEFINITIONAL_REPRESENTATION('',(#448),#452);
#448 = LINE('',#449,#450);
#449 = CARTESIAN_POINT('',(-1.052651019097E-02,-0.8));
#450 = VECTOR('',#451,1.);
#451 = DIRECTION('',(-1.,0.));
#452 = ( GEOMETRIC_REPRESENTATION_CONTEXT(2) 
PARAMETRIC_REPRESENTATION_CONTEXT() REPRESENTATION_CONTEXT('2D SPACE',''
  ) );
#453 = PCURVE('',#269,#454);
#454 = DEFINITIONAL_REPRESENTATION('',(#455),#459);
#455 = LINE('',#456,#457);
#456 = CARTESIAN_POINT('',(0.,-0.));
#457 = VECTOR('',#458,1.);
#458 = DIRECTION('',(1.,-0.));
#459 = ( GEOMETRIC_REPRESENTATION_CONTEXT(2) 
PARAMETRIC_REPRESENTATION_CONTEXT() REPRESENTATION_CONTEXT('2D SPACE',''
  ) );
#460 = ADVANCED_FACE('',(#461),#159,.F.);
#461 = FACE_BOUND('',#462,.F.);
#462 = EDGE_LOOP('',(#463,#464,#490,#491));
#463 = ORIENTED_EDGE('',*,*,#416,.T.);
#464 = ORIENTED_EDGE('',*,*,#465,.T.);
#465 = EDGE_CURVE('',#393,#144,#466,.T.);
#466 = SURFACE_CURVE('',#467,(#471,#478),.PCURVE_S1.);
#467 = LINE('',#468,#469);
#468 = CARTESIAN_POINT('',(-20.3,-14.99916895204,190.45789473684));
#469 = VECTOR('',#470,1.);
#470 = DIRECTION('',(1.098474956566E-16,-1.052631578947E-02,
    -0.999944596803));
#471 = PCURVE('',#159,#472);
#472 = DEFINITIONAL_REPRESENTATION('',(#473),#477);
#473 = LINE('',#474,#475);
#474 = CARTESIAN_POINT('',(4.613594817579E-16,-4.2));
#475 = VECTOR('',#476,1.);
#476 = DIRECTION('',(1.,0.));
#477 = ( GEOMETRIC_REPRESENTATION_CONTEXT(2) 
PARAMETRIC_REPRESENTATION_CONTEXT() REPRESENTATION_CONTEXT('2D SPACE',''
  ) );
#478 = PCURVE('',#479,#484);
#479 = PLANE('',#480);
#480 = AXIS2_PLACEMENT_3D('',#481,#482,#483);
#481 = CARTESIAN_POINT('',(-19.9,-14.59919111332,190.45368421052));
#482 = DIRECTION('',(-0.707106781187,0.70706760521,-7.443229275648E-03)
  );
#483 = DIRECTION('',(-8.989817568291E-17,1.052631578947E-02,
    0.999944596803));
#484 = DEFINITIONAL_REPRESENTATION('',(#485),#489);
#485 = LINE('',#486,#487);
#486 = CARTESIAN_POINT('',(-1.576950375837E-14,-0.565685424949));
#487 = VECTOR('',#488,1.);
#488 = DIRECTION('',(-1.,1.734723475977E-18));
#489 = ( GEOMETRIC_REPRESENTATION_CONTEXT(2) 
PARAMETRIC_REPRESENTATION_CONTEXT() REPRESENTATION_CONTEXT('2D SPACE',''
  ) );
#490 = ORIENTED_EDGE('',*,*,#141,.F.);
#491 = ORIENTED_EDGE('',*,*,#492,.F.);
#492 = EDGE_CURVE('',#417,#142,#493,.T.);
#493 = SURFACE_CURVE('',#494,(#498,#505),.PCURVE_S1.);
#494 = LINE('',#495,#496);
#495 = CARTESIAN_POINT('',(-23.7,-14.99916895204,190.45789473684));
#496 = VECTOR('',#497,1.);
#497 = DIRECTION('',(1.098474956566E-16,-1.052631578947E-02,
    -0.999944596803));
#498 = PCURVE('',#159,#499);
#499 = DEFINITIONAL_REPRESENTATION('',(#500),#504);
#500 = LINE('',#501,#502);
#501 = CARTESIAN_POINT('',(8.787799652532E-17,-0.8));
#502 = VECTOR('',#503,1.);
#503 = DIRECTION('',(1.,0.));
#504 = ( GEOMETRIC_REPRESENTATION_CONTEXT(2) 
PARAMETRIC_REPRESENTATION_CONTEXT() REPRESENTATION_CONTEXT('2D SPACE',''
  ) );
#505 = PCURVE('',#506,#511);
#506 = PLANE('',#507);
#507 = AXIS2_PLACEMENT_3D('',#508,#509,#510);
#508 = CARTESIAN_POINT('',(-24.1,-14.59919111332,190.45368421052));
#509 = DIRECTION('',(-0.707106781187,-0.70706760521,7.443229275648E-03)
  );
#510 = DIRECTION('',(-1.297968156304E-16,1.052631578947E-02,
    0.999944596803));
#511 = DEFINITIONAL_REPRESENTATION('',(#512),#516);
#512 = LINE('',#513,#514);
#513 = CARTESIAN_POINT('',(-1.58571072939E-14,-0.565685424949));
#514 = VECTOR('',#515,1.);
#515 = DIRECTION('',(-1.,0.));
#516 = ( GEOMETRIC_REPRESENTATION_CONTEXT(2) 
PARAMETRIC_REPRESENTATION_CONTEXT() REPRESENTATION_CONTEXT('2D SPACE',''
  ) );
#517 = ADVANCED_FACE('',(#518),#214,.T.);
#518 = FACE_BOUND('',#519,.F.);
#519 = EDGE_LOOP('',(#520,#543,#544,#545));
#520 = ORIENTED_EDGE('',*,*,#521,.F.);
#521 = EDGE_CURVE('',#142,#522,#524,.T.);
#522 = VERTEX_POINT('',#523);
#523 = CARTESIAN_POINT('',(-24.5,-15.1991578714,95.46));
#524 = SURFACE_CURVE('',#525,(#529,#536),.PCURVE_S1.);
#525 = LINE('',#526,#527);
#526 = CARTESIAN_POINT('',(-24.1,-15.59913571013,95.464210526316));
#527 = VECTOR('',#528,1.);
#528 = DIRECTION('',(-0.707106781187,0.70706760521,-7.443229275648E-03)
  );
#529 = PCURVE('',#214,#530);
#530 = DEFINITIONAL_REPRESENTATION('',(#531),#535);
#531 = LINE('',#532,#533);
#532 = CARTESIAN_POINT('',(0.,-0.4));
#533 = VECTOR('',#534,1.);
#534 = DIRECTION('',(0.,-1.));
#535 = ( GEOMETRIC_REPRESENTATION_CONTEXT(2) 
PARAMETRIC_REPRESENTATION_CONTEXT() REPRESENTATION_CONTEXT('2D SPACE',''
  ) );
#536 = PCURVE('',#506,#537);
#537 = DEFINITIONAL_REPRESENTATION('',(#538),#542);
#538 = LINE('',#539,#540);
#539 = CARTESIAN_POINT('',(-94.9947366963,-2.6645352591E-15));
#540 = VECTOR('',#541,1.);
#541 = DIRECTION('',(-0.,1.));
#542 = ( GEOMETRIC_REPRESENTATION_CONTEXT(2) 
PARAMETRIC_REPRESENTATION_CONTEXT() REPRESENTATION_CONTEXT('2D SPACE',''
  ) );
#543 = ORIENTED_EDGE('',*,*,#199,.T.);
#544 = ORIENTED_EDGE('',*,*,#229,.T.);
#545 = ORIENTED_EDGE('',*,*,#546,.F.);
#546 = EDGE_CURVE('',#522,#230,#547,.T.);
#547 = SURFACE_CURVE('',#548,(#553,#560),.PCURVE_S1.);
#548 = CIRCLE('',#549,15.2);
#549 = AXIS2_PLACEMENT_3D('',#550,#551,#552);
#550 = CARTESIAN_POINT('',(-24.5,2.720046410332E-15,95.3));
#551 = DIRECTION('',(1.,-1.110223024625E-16,1.110223024625E-16));
#552 = DIRECTION('',(-1.121848072874E-16,-0.999944596803,
    1.052631578948E-02));
#553 = PCURVE('',#214,#554);
#554 = DEFINITIONAL_REPRESENTATION('',(#555),#559);
#555 = LINE('',#556,#557);
#556 = CARTESIAN_POINT('',(0.,-0.8));
#557 = VECTOR('',#558,1.);
#558 = DIRECTION('',(1.,-0.));
#559 = ( GEOMETRIC_REPRESENTATION_CONTEXT(2) 
PARAMETRIC_REPRESENTATION_CONTEXT() REPRESENTATION_CONTEXT('2D SPACE',''
  ) );
#560 = PCURVE('',#295,#561);
#561 = DEFINITIONAL_REPRESENTATION('',(#562),#566);
#562 = CIRCLE('',#563,15.2);
#563 = AXIS2_PLACEMENT_2D('',#564,#565);
#564 = CARTESIAN_POINT('',(2.510688432025E-15,-46.82739969301));
#565 = DIRECTION('',(-0.999944596803,1.052631578948E-02));
#566 = ( GEOMETRIC_REPRESENTATION_CONTEXT(2) 
PARAMETRIC_REPRESENTATION_CONTEXT() REPRESENTATION_CONTEXT('2D SPACE',''
  ) );
#567 = ADVANCED_FACE('',(#568),#186,.T.);
#568 = FACE_BOUND('',#569,.T.);
#569 = EDGE_LOOP('',(#570,#593,#594,#595));
#570 = ORIENTED_EDGE('',*,*,#571,.F.);
#571 = EDGE_CURVE('',#144,#572,#574,.T.);
#572 = VERTEX_POINT('',#573);
#573 = CARTESIAN_POINT('',(-19.5,-15.1991578714,95.46));
#574 = SURFACE_CURVE('',#575,(#579,#586),.PCURVE_S1.);
#575 = LINE('',#576,#577);
#576 = CARTESIAN_POINT('',(-19.9,-15.59913571013,95.464210526316));
#577 = VECTOR('',#578,1.);
#578 = DIRECTION('',(0.707106781187,0.70706760521,-7.443229275648E-03));
#579 = PCURVE('',#186,#580);
#580 = DEFINITIONAL_REPRESENTATION('',(#581),#585);
#581 = LINE('',#582,#583);
#582 = CARTESIAN_POINT('',(-0.,-0.4));
#583 = VECTOR('',#584,1.);
#584 = DIRECTION('',(-0.,-1.));
#585 = ( GEOMETRIC_REPRESENTATION_CONTEXT(2) 
PARAMETRIC_REPRESENTATION_CONTEXT() REPRESENTATION_CONTEXT('2D SPACE',''
  ) );
#586 = PCURVE('',#479,#587);
#587 = DEFINITIONAL_REPRESENTATION('',(#588),#592);
#588 = LINE('',#589,#590);
#589 = CARTESIAN_POINT('',(-94.9947366963,-9.992007221626E-16));
#590 = VECTOR('',#591,1.);
#591 = DIRECTION('',(-0.,1.));
#592 = ( GEOMETRIC_REPRESENTATION_CONTEXT(2) 
PARAMETRIC_REPRESENTATION_CONTEXT() REPRESENTATION_CONTEXT('2D SPACE',''
  ) );
#593 = ORIENTED_EDGE('',*,*,#171,.T.);
#594 = ORIENTED_EDGE('',*,*,#310,.T.);
#595 = ORIENTED_EDGE('',*,*,#596,.F.);
#596 = EDGE_CURVE('',#572,#311,#597,.T.);
#597 = SURFACE_CURVE('',#598,(#603,#610),.PCURVE_S1.);
#598 = CIRCLE('',#599,15.2);
#599 = AXIS2_PLACEMENT_3D('',#600,#601,#602);
#600 = CARTESIAN_POINT('',(-19.5,2.164934898019E-15,95.3));
#601 = DIRECTION('',(1.,-1.110223024625E-16,1.110223024625E-16));
#602 = DIRECTION('',(-1.121848072874E-16,-0.999944596803,
    1.052631578948E-02));
#603 = PCURVE('',#186,#604);
#604 = DEFINITIONAL_REPRESENTATION('',(#605),#609);
#605 = LINE('',#606,#607);
#606 = CARTESIAN_POINT('',(-0.,-0.8));
#607 = VECTOR('',#608,1.);
#608 = DIRECTION('',(-1.,-0.));
#609 = ( GEOMETRIC_REPRESENTATION_CONTEXT(2) 
PARAMETRIC_REPRESENTATION_CONTEXT() REPRESENTATION_CONTEXT('2D SPACE',''
  ) );
#610 = PCURVE('',#376,#611);
#611 = DEFINITIONAL_REPRESENTATION('',(#612),#616);
#612 = CIRCLE('',#613,15.2);
#613 = AXIS2_PLACEMENT_2D('',#614,#615);
#614 = CARTESIAN_POINT('',(2.510688432025E-15,-46.82739969301));
#615 = DIRECTION('',(-0.999944596803,1.052631578948E-02));
#616 = ( GEOMETRIC_REPRESENTATION_CONTEXT(2) 
PARAMETRIC_REPRESENTATION_CONTEXT() REPRESENTATION_CONTEXT('2D SPACE',''
  ) );
#617 = ADVANCED_FACE('',(#618,#667,#702,#887,#922,#1107,#1142),#295,.F.
  );
#618 = FACE_BOUND('',#619,.F.);
#619 = EDGE_LOOP('',(#620,#621,#645,#666));
#620 = ORIENTED_EDGE('',*,*,#281,.T.);
#621 = ORIENTED_EDGE('',*,*,#622,.T.);
#622 = EDGE_CURVE('',#254,#623,#625,.T.);
#623 = VERTEX_POINT('',#624);
#624 = CARTESIAN_POINT('',(-24.5,-14.1992132746,190.44947368421));
#625 = SURFACE_CURVE('',#626,(#631,#638),.PCURVE_S1.);
#626 = CIRCLE('',#627,14.2);
#627 = AXIS2_PLACEMENT_3D('',#628,#629,#630);
#628 = CARTESIAN_POINT('',(-24.5,2.720046410332E-15,190.3));
#629 = DIRECTION('',(1.,-1.110223024625E-16,1.110223024625E-16));
#630 = DIRECTION('',(1.098474956566E-16,0.999944596803,
    1.052631578948E-02));
#631 = PCURVE('',#295,#632);
#632 = DEFINITIONAL_REPRESENTATION('',(#633),#637);
#633 = CIRCLE('',#634,14.2);
#634 = AXIS2_PLACEMENT_2D('',#635,#636);
#635 = CARTESIAN_POINT('',(2.510688432025E-15,48.172600306981));
#636 = DIRECTION('',(0.999944596803,1.052631578948E-02));
#637 = ( GEOMETRIC_REPRESENTATION_CONTEXT(2) 
PARAMETRIC_REPRESENTATION_CONTEXT() REPRESENTATION_CONTEXT('2D SPACE',''
  ) );
#638 = PCURVE('',#269,#639);
#639 = DEFINITIONAL_REPRESENTATION('',(#640),#644);
#640 = LINE('',#641,#642);
#641 = CARTESIAN_POINT('',(0.,-0.8));
#642 = VECTOR('',#643,1.);
#643 = DIRECTION('',(1.,-0.));
#644 = ( GEOMETRIC_REPRESENTATION_CONTEXT(2) 
PARAMETRIC_REPRESENTATION_CONTEXT() REPRESENTATION_CONTEXT('2D SPACE',''
  ) );
#645 = ORIENTED_EDGE('',*,*,#646,.T.);
#646 = EDGE_CURVE('',#623,#522,#647,.T.);
#647 = SURFACE_CURVE('',#648,(#652,#659),.PCURVE_S1.);
#648 = LINE('',#649,#650);
#649 = CARTESIAN_POINT('',(-24.5,-14.1992132746,190.44947368421));
#650 = VECTOR('',#651,1.);
#651 = DIRECTION('',(1.098474956566E-16,-1.052631578947E-02,
    -0.999944596803));
#652 = PCURVE('',#295,#653);
#653 = DEFINITIONAL_REPRESENTATION('',(#654),#658);
#654 = LINE('',#655,#656);
#655 = CARTESIAN_POINT('',(-14.1992132746,48.322073991191));
#656 = VECTOR('',#657,1.);
#657 = DIRECTION('',(-1.052631578947E-02,-0.999944596803));
#658 = ( GEOMETRIC_REPRESENTATION_CONTEXT(2) 
PARAMETRIC_REPRESENTATION_CONTEXT() REPRESENTATION_CONTEXT('2D SPACE',''
  ) );
#659 = PCURVE('',#506,#660);
#660 = DEFINITIONAL_REPRESENTATION('',(#661),#665);
#661 = LINE('',#662,#663);
#662 = CARTESIAN_POINT('',(-1.258194937126E-14,0.565685424949));
#663 = VECTOR('',#664,1.);
#664 = DIRECTION('',(-1.,0.));
#665 = ( GEOMETRIC_REPRESENTATION_CONTEXT(2) 
PARAMETRIC_REPRESENTATION_CONTEXT() REPRESENTATION_CONTEXT('2D SPACE',''
  ) );
#666 = ORIENTED_EDGE('',*,*,#546,.T.);
#667 = FACE_BOUND('',#668,.F.);
#668 = EDGE_LOOP('',(#669));
#669 = ORIENTED_EDGE('',*,*,#670,.T.);
#670 = EDGE_CURVE('',#671,#671,#673,.T.);
#671 = VERTEX_POINT('',#672);
#672 = CARTESIAN_POINT('',(-24.5,3.2,95.3));
#673 = SURFACE_CURVE('',#674,(#679,#690),.PCURVE_S1.);
#674 = CIRCLE('',#675,3.2);
#675 = AXIS2_PLACEMENT_3D('',#676,#677,#678);
#676 = CARTESIAN_POINT('',(-24.5,2.720046410332E-15,95.3));
#677 = DIRECTION('',(-1.,1.110223024625E-16,0.));
#678 = DIRECTION('',(1.110223024625E-16,1.,0.));
#679 = PCURVE('',#295,#680);
#680 = DEFINITIONAL_REPRESENTATION('',(#681),#689);
#681 = ( BOUNDED_CURVE() B_SPLINE_CURVE(2,(#682,#683,#684,#685,#686,#687
,#688),.UNSPECIFIED.,.T.,.F.) B_SPLINE_CURVE_WITH_KNOTS((1,2,2,2,2,1),(
    -2.094395102393,0.,2.094395102393,4.188790204786,6.28318530718,
8.377580409573),.UNSPECIFIED.) CURVE() GEOMETRIC_REPRESENTATION_ITEM() 
RATIONAL_B_SPLINE_CURVE((1.,0.5,1.,0.5,1.,0.5,1.)) REPRESENTATION_ITEM(
  '') );
#682 = CARTESIAN_POINT('',(3.2,-46.82739969301));
#683 = CARTESIAN_POINT('',(3.2,-52.36996227724));
#684 = CARTESIAN_POINT('',(-1.6,-49.59868098513));
#685 = CARTESIAN_POINT('',(-6.4,-46.82739969301));
#686 = CARTESIAN_POINT('',(-1.6,-44.0561184009));
#687 = CARTESIAN_POINT('',(3.2,-41.28483710879));
#688 = CARTESIAN_POINT('',(3.2,-46.82739969301));
#689 = ( GEOMETRIC_REPRESENTATION_CONTEXT(2) 
PARAMETRIC_REPRESENTATION_CONTEXT() REPRESENTATION_CONTEXT('2D SPACE',''
  ) );
#690 = PCURVE('',#691,#696);
#691 = CYLINDRICAL_SURFACE('',#692,3.2);
#692 = AXIS2_PLACEMENT_3D('',#693,#694,#695);
#693 = CARTESIAN_POINT('',(-25.5,2.831068712794E-15,95.3));
#694 = DIRECTION('',(-1.,1.110223024625E-16,0.));
#695 = DIRECTION('',(1.110223024625E-16,1.,0.));
#696 = DEFINITIONAL_REPRESENTATION('',(#697),#701);
#697 = LINE('',#698,#699);
#698 = CARTESIAN_POINT('',(-6.28318530718,-1.));
#699 = VECTOR('',#700,1.);
#700 = DIRECTION('',(1.,-0.));
#701 = ( GEOMETRIC_REPRESENTATION_CONTEXT(2) 
PARAMETRIC_REPRESENTATION_CONTEXT() REPRESENTATION_CONTEXT('2D SPACE',''
  ) );
#702 = FACE_BOUND('',#703,.F.);
#703 = EDGE_LOOP('',(#704,#734,#767,#795,#828,#856));
#704 = ORIENTED_EDGE('',*,*,#705,.F.);
#705 = EDGE_CURVE('',#706,#708,#710,.T.);
#706 = VERTEX_POINT('',#707);
#707 = CARTESIAN_POINT('',(-24.5,-1.428657787413,117.3));
#708 = VERTEX_POINT('',#709);
#709 = CARTESIAN_POINT('',(-24.5,5.3,117.3));
#710 = SURFACE_CURVE('',#711,(#715,#722),.PCURVE_S1.);
#711 = LINE('',#712,#713);
#712 = CARTESIAN_POINT('',(-24.5,2.65,117.3));
#713 = VECTOR('',#714,1.);
#714 = DIRECTION('',(1.110223024625E-16,1.,0.));
#715 = PCURVE('',#295,#716);
#716 = DEFINITIONAL_REPRESENTATION('',(#717),#721);
#717 = LINE('',#718,#719);
#718 = CARTESIAN_POINT('',(2.65,-24.82739969301));
#719 = VECTOR('',#720,1.);
#720 = DIRECTION('',(1.,0.));
#721 = ( GEOMETRIC_REPRESENTATION_CONTEXT(2) 
PARAMETRIC_REPRESENTATION_CONTEXT() REPRESENTATION_CONTEXT('2D SPACE',''
  ) );
#722 = PCURVE('',#723,#728);
#723 = PLANE('',#724);
#724 = AXIS2_PLACEMENT_3D('',#725,#726,#727);
#725 = CARTESIAN_POINT('',(-25.5,5.3,117.3));
#726 = DIRECTION('',(1.110223024625E-16,-1.232595164408E-32,-1.));
#727 = DIRECTION('',(-1.110223024625E-16,-1.,0.));
#728 = DEFINITIONAL_REPRESENTATION('',(#729),#733);
#729 = LINE('',#730,#731);
#730 = CARTESIAN_POINT('',(2.65,-1.));
#731 = VECTOR('',#732,1.);
#732 = DIRECTION('',(-1.,0.));
#733 = ( GEOMETRIC_REPRESENTATION_CONTEXT(2) 
PARAMETRIC_REPRESENTATION_CONTEXT() REPRESENTATION_CONTEXT('2D SPACE',''
  ) );
#734 = ORIENTED_EDGE('',*,*,#735,.T.);
#735 = EDGE_CURVE('',#706,#736,#738,.T.);
#736 = VERTEX_POINT('',#737);
#737 = CARTESIAN_POINT('',(-24.5,-3.467484177505,120.32655123922));
#738 = SURFACE_CURVE('',#739,(#744,#755),.PCURVE_S1.);
#739 = CIRCLE('',#740,2.2);
#740 = AXIS2_PLACEMENT_3D('',#741,#742,#743);
#741 = CARTESIAN_POINT('',(-24.5,-1.428657787413,119.5));
#742 = DIRECTION('',(-1.,1.110223024625E-16,-1.110223024625E-16));
#743 = DIRECTION('',(-1.110223024625E-16,-1.,0.));
#744 = PCURVE('',#295,#745);
#745 = DEFINITIONAL_REPRESENTATION('',(#746),#754);
#746 = ( BOUNDED_CURVE() B_SPLINE_CURVE(2,(#747,#748,#749,#750,#751,#752
,#753),.UNSPECIFIED.,.T.,.F.) B_SPLINE_CURVE_WITH_KNOTS((1,2,2,2,2,1),(
    -2.094395102393,0.,2.094395102393,4.188790204786,6.28318530718,
8.377580409573),.UNSPECIFIED.) CURVE() GEOMETRIC_REPRESENTATION_ITEM() 
RATIONAL_B_SPLINE_CURVE((1.,0.5,1.,0.5,1.,0.5,1.)) REPRESENTATION_ITEM(
  '') );
#747 = CARTESIAN_POINT('',(-3.628657787413,-22.62739969301));
#748 = CARTESIAN_POINT('',(-3.628657787413,-18.81688791636));
#749 = CARTESIAN_POINT('',(-0.328657787413,-20.72214380469));
#750 = CARTESIAN_POINT('',(2.971342212587,-22.62739969301));
#751 = CARTESIAN_POINT('',(-0.328657787413,-24.53265558134));
#752 = CARTESIAN_POINT('',(-3.628657787413,-26.43791146967));
#753 = CARTESIAN_POINT('',(-3.628657787413,-22.62739969301));
#754 = ( GEOMETRIC_REPRESENTATION_CONTEXT(2) 
PARAMETRIC_REPRESENTATION_CONTEXT() REPRESENTATION_CONTEXT('2D SPACE',''
  ) );
#755 = PCURVE('',#756,#761);
#756 = CYLINDRICAL_SURFACE('',#757,2.2);
#757 = AXIS2_PLACEMENT_3D('',#758,#759,#760);
#758 = CARTESIAN_POINT('',(-25.5,-1.428657787413,119.5));
#759 = DIRECTION('',(-1.,1.110223024625E-16,-1.110223024625E-16));
#760 = DIRECTION('',(-1.110223024625E-16,-1.,0.));
#761 = DEFINITIONAL_REPRESENTATION('',(#762),#766);
#762 = LINE('',#763,#764);
#763 = CARTESIAN_POINT('',(0.,-1.));
#764 = VECTOR('',#765,1.);
#765 = DIRECTION('',(1.,0.));
#766 = ( GEOMETRIC_REPRESENTATION_CONTEXT(2) 
PARAMETRIC_REPRESENTATION_CONTEXT() REPRESENTATION_CONTEXT('2D SPACE',''
  ) );
#767 = ORIENTED_EDGE('',*,*,#768,.F.);
#768 = EDGE_CURVE('',#769,#736,#771,.T.);
#769 = VERTEX_POINT('',#770);
#770 = CARTESIAN_POINT('',(-24.5,3.261173609909,136.92390711484));
#771 = SURFACE_CURVE('',#772,(#776,#783),.PCURVE_S1.);
#772 = LINE('',#773,#774);
#773 = CARTESIAN_POINT('',(-24.5,0.572558116031,130.29198889661));
#774 = VECTOR('',#775,1.);
#775 = DIRECTION('',(6.117708112143E-17,-0.375705108739,-0.926739268223)
  );
#776 = PCURVE('',#295,#777);
#777 = DEFINITIONAL_REPRESENTATION('',(#778),#782);
#778 = LINE('',#779,#780);
#779 = CARTESIAN_POINT('',(0.572558116031,-11.8354107964));
#780 = VECTOR('',#781,1.);
#781 = DIRECTION('',(-0.375705108739,-0.926739268223));
#782 = ( GEOMETRIC_REPRESENTATION_CONTEXT(2) 
PARAMETRIC_REPRESENTATION_CONTEXT() REPRESENTATION_CONTEXT('2D SPACE',''
  ) );
#783 = PCURVE('',#784,#789);
#784 = PLANE('',#785);
#785 = AXIS2_PLACEMENT_3D('',#786,#787,#788);
#786 = CARTESIAN_POINT('',(-25.5,-3.467484177505,120.32655123922));
#787 = DIRECTION('',(-1.446003735597E-16,-0.926739268223,0.375705108739)
  );
#788 = DIRECTION('',(-6.117708112143E-17,0.375705108739,0.926739268223)
  );
#789 = DEFINITIONAL_REPRESENTATION('',(#790),#794);
#790 = LINE('',#791,#792);
#791 = CARTESIAN_POINT('',(10.753226931339,-1.));
#792 = VECTOR('',#793,1.);
#793 = DIRECTION('',(-1.,0.));
#794 = ( GEOMETRIC_REPRESENTATION_CONTEXT(2) 
PARAMETRIC_REPRESENTATION_CONTEXT() REPRESENTATION_CONTEXT('2D SPACE',''
  ) );
#795 = ORIENTED_EDGE('',*,*,#796,.T.);
#796 = EDGE_CURVE('',#769,#797,#799,.T.);
#797 = VERTEX_POINT('',#798);
#798 = CARTESIAN_POINT('',(-24.5,7.5,136.09735587562));
#799 = SURFACE_CURVE('',#800,(#805,#816),.PCURVE_S1.);
#800 = CIRCLE('',#801,2.2);
#801 = AXIS2_PLACEMENT_3D('',#802,#803,#804);
#802 = CARTESIAN_POINT('',(-24.5,5.3,136.09735587562));
#803 = DIRECTION('',(-1.,1.110223024625E-16,-1.110223024625E-16));
#804 = DIRECTION('',(-1.110223024625E-16,-1.,0.));
#805 = PCURVE('',#295,#806);
#806 = DEFINITIONAL_REPRESENTATION('',(#807),#815);
#807 = ( BOUNDED_CURVE() B_SPLINE_CURVE(2,(#808,#809,#810,#811,#812,#813
,#814),.UNSPECIFIED.,.T.,.F.) B_SPLINE_CURVE_WITH_KNOTS((1,2,2,2,2,1),(
    -2.094395102393,0.,2.094395102393,4.188790204786,6.28318530718,
8.377580409573),.UNSPECIFIED.) CURVE() GEOMETRIC_REPRESENTATION_ITEM() 
RATIONAL_B_SPLINE_CURVE((1.,0.5,1.,0.5,1.,0.5,1.)) REPRESENTATION_ITEM(
  '') );
#808 = CARTESIAN_POINT('',(3.1,-6.030043817399));
#809 = CARTESIAN_POINT('',(3.1,-2.219532040748));
#810 = CARTESIAN_POINT('',(6.4,-4.124787929074));
#811 = CARTESIAN_POINT('',(9.7,-6.030043817399));
#812 = CARTESIAN_POINT('',(6.4,-7.935299705725));
#813 = CARTESIAN_POINT('',(3.1,-9.840555594051));
#814 = CARTESIAN_POINT('',(3.1,-6.030043817399));
#815 = ( GEOMETRIC_REPRESENTATION_CONTEXT(2) 
PARAMETRIC_REPRESENTATION_CONTEXT() REPRESENTATION_CONTEXT('2D SPACE',''
  ) );
#816 = PCURVE('',#817,#822);
#817 = CYLINDRICAL_SURFACE('',#818,2.2);
#818 = AXIS2_PLACEMENT_3D('',#819,#820,#821);
#819 = CARTESIAN_POINT('',(-25.5,5.3,136.09735587562));
#820 = DIRECTION('',(-1.,1.110223024625E-16,-1.110223024625E-16));
#821 = DIRECTION('',(-1.110223024625E-16,-1.,0.));
#822 = DEFINITIONAL_REPRESENTATION('',(#823),#827);
#823 = LINE('',#824,#825);
#824 = CARTESIAN_POINT('',(0.,-1.));
#825 = VECTOR('',#826,1.);
#826 = DIRECTION('',(1.,0.));
#827 = ( GEOMETRIC_REPRESENTATION_CONTEXT(2) 
PARAMETRIC_REPRESENTATION_CONTEXT() REPRESENTATION_CONTEXT('2D SPACE',''
  ) );
#828 = ORIENTED_EDGE('',*,*,#829,.F.);
#829 = EDGE_CURVE('',#830,#797,#832,.T.);
#830 = VERTEX_POINT('',#831);
#831 = CARTESIAN_POINT('',(-24.5,7.5,119.5));
#832 = SURFACE_CURVE('',#833,(#837,#844),.PCURVE_S1.);
#833 = LINE('',#834,#835);
#834 = CARTESIAN_POINT('',(-24.5,7.5,139.11237778432));
#835 = VECTOR('',#836,1.);
#836 = DIRECTION('',(-1.110223024625E-16,1.232595164408E-32,1.));
#837 = PCURVE('',#295,#838);
#838 = DEFINITIONAL_REPRESENTATION('',(#839),#843);
#839 = LINE('',#840,#841);
#840 = CARTESIAN_POINT('',(7.5,-3.0150219087));
#841 = VECTOR('',#842,1.);
#842 = DIRECTION('',(0.,1.));
#843 = ( GEOMETRIC_REPRESENTATION_CONTEXT(2) 
PARAMETRIC_REPRESENTATION_CONTEXT() REPRESENTATION_CONTEXT('2D SPACE',''
  ) );
#844 = PCURVE('',#845,#850);
#845 = PLANE('',#846);
#846 = AXIS2_PLACEMENT_3D('',#847,#848,#849);
#847 = CARTESIAN_POINT('',(-25.5,7.5,136.09735587562));
#848 = DIRECTION('',(1.110223024625E-16,1.,0.));
#849 = DIRECTION('',(1.110223024625E-16,-1.232595164408E-32,-1.));
#850 = DEFINITIONAL_REPRESENTATION('',(#851),#855);
#851 = LINE('',#852,#853);
#852 = CARTESIAN_POINT('',(-3.0150219087,-1.));
#853 = VECTOR('',#854,1.);
#854 = DIRECTION('',(-1.,0.));
#855 = ( GEOMETRIC_REPRESENTATION_CONTEXT(2) 
PARAMETRIC_REPRESENTATION_CONTEXT() REPRESENTATION_CONTEXT('2D SPACE',''
  ) );
#856 = ORIENTED_EDGE('',*,*,#857,.T.);
#857 = EDGE_CURVE('',#830,#708,#858,.T.);
#858 = SURFACE_CURVE('',#859,(#864,#875),.PCURVE_S1.);
#859 = CIRCLE('',#860,2.2);
#860 = AXIS2_PLACEMENT_3D('',#861,#862,#863);
#861 = CARTESIAN_POINT('',(-24.5,5.3,119.5));
#862 = DIRECTION('',(-1.,1.110223024625E-16,-1.110223024625E-16));
#863 = DIRECTION('',(-1.110223024625E-16,-1.,0.));
#864 = PCURVE('',#295,#865);
#865 = DEFINITIONAL_REPRESENTATION('',(#866),#874);
#866 = ( BOUNDED_CURVE() B_SPLINE_CURVE(2,(#867,#868,#869,#870,#871,#872
,#873),.UNSPECIFIED.,.T.,.F.) B_SPLINE_CURVE_WITH_KNOTS((1,2,2,2,2,1),(
    -2.094395102393,0.,2.094395102393,4.188790204786,6.28318530718,
8.377580409573),.UNSPECIFIED.) CURVE() GEOMETRIC_REPRESENTATION_ITEM() 
RATIONAL_B_SPLINE_CURVE((1.,0.5,1.,0.5,1.,0.5,1.)) REPRESENTATION_ITEM(
  '') );
#867 = CARTESIAN_POINT('',(3.1,-22.62739969301));
#868 = CARTESIAN_POINT('',(3.1,-18.81688791636));
#869 = CARTESIAN_POINT('',(6.4,-20.72214380469));
#870 = CARTESIAN_POINT('',(9.7,-22.62739969301));
#871 = CARTESIAN_POINT('',(6.4,-24.53265558134));
#872 = CARTESIAN_POINT('',(3.1,-26.43791146967));
#873 = CARTESIAN_POINT('',(3.1,-22.62739969301));
#874 = ( GEOMETRIC_REPRESENTATION_CONTEXT(2) 
PARAMETRIC_REPRESENTATION_CONTEXT() REPRESENTATION_CONTEXT('2D SPACE',''
  ) );
#875 = PCURVE('',#876,#881);
#876 = CYLINDRICAL_SURFACE('',#877,2.2);
#877 = AXIS2_PLACEMENT_3D('',#878,#879,#880);
#878 = CARTESIAN_POINT('',(-25.5,5.3,119.5));
#879 = DIRECTION('',(-1.,1.110223024625E-16,-1.110223024625E-16));
#880 = DIRECTION('',(-1.110223024625E-16,-1.,0.));
#881 = DEFINITIONAL_REPRESENTATION('',(#882),#886);
#882 = LINE('',#883,#884);
#883 = CARTESIAN_POINT('',(0.,-1.));
#884 = VECTOR('',#885,1.);
#885 = DIRECTION('',(1.,0.));
#886 = ( GEOMETRIC_REPRESENTATION_CONTEXT(2) 
PARAMETRIC_REPRESENTATION_CONTEXT() REPRESENTATION_CONTEXT('2D SPACE',''
  ) );
#887 = FACE_BOUND('',#888,.F.);
#888 = EDGE_LOOP('',(#889));
#889 = ORIENTED_EDGE('',*,*,#890,.T.);
#890 = EDGE_CURVE('',#891,#891,#893,.T.);
#891 = VERTEX_POINT('',#892);
#892 = CARTESIAN_POINT('',(-24.5,-3.8,162.3));
#893 = SURFACE_CURVE('',#894,(#899,#910),.PCURVE_S1.);
#894 = CIRCLE('',#895,3.2);
#895 = AXIS2_PLACEMENT_3D('',#896,#897,#898);
#896 = CARTESIAN_POINT('',(-24.5,-7.,162.3));
#897 = DIRECTION('',(-1.,1.110223024625E-16,0.));
#898 = DIRECTION('',(1.110223024625E-16,1.,0.));
#899 = PCURVE('',#295,#900);
#900 = DEFINITIONAL_REPRESENTATION('',(#901),#909);
#901 = ( BOUNDED_CURVE() B_SPLINE_CURVE(2,(#902,#903,#904,#905,#906,#907
,#908),.UNSPECIFIED.,.T.,.F.) B_SPLINE_CURVE_WITH_KNOTS((1,2,2,2,2,1),(
    -2.094395102393,0.,2.094395102393,4.188790204786,6.28318530718,
8.377580409573),.UNSPECIFIED.) CURVE() GEOMETRIC_REPRESENTATION_ITEM() 
RATIONAL_B_SPLINE_CURVE((1.,0.5,1.,0.5,1.,0.5,1.)) REPRESENTATION_ITEM(
  '') );
#902 = CARTESIAN_POINT('',(-3.8,20.172600306981));
#903 = CARTESIAN_POINT('',(-3.8,14.63003772276));
#904 = CARTESIAN_POINT('',(-8.6,17.40131901487));
#905 = CARTESIAN_POINT('',(-13.4,20.172600306981));
#906 = CARTESIAN_POINT('',(-8.6,22.943881599091));
#907 = CARTESIAN_POINT('',(-3.8,25.715162891201));
#908 = CARTESIAN_POINT('',(-3.8,20.172600306981));
#909 = ( GEOMETRIC_REPRESENTATION_CONTEXT(2) 
PARAMETRIC_REPRESENTATION_CONTEXT() REPRESENTATION_CONTEXT('2D SPACE',''
  ) );
#910 = PCURVE('',#911,#916);
#911 = CYLINDRICAL_SURFACE('',#912,3.2);
#912 = AXIS2_PLACEMENT_3D('',#913,#914,#915);
#913 = CARTESIAN_POINT('',(-25.5,-7.,162.3));
#914 = DIRECTION('',(-1.,1.110223024625E-16,0.));
#915 = DIRECTION('',(1.110223024625E-16,1.,0.));
#916 = DEFINITIONAL_REPRESENTATION('',(#917),#921);
#917 = LINE('',#918,#919);
#918 = CARTESIAN_POINT('',(-6.28318530718,-1.));
#919 = VECTOR('',#920,1.);
#920 = DIRECTION('',(1.,-0.));
#921 = ( GEOMETRIC_REPRESENTATION_CONTEXT(2) 
PARAMETRIC_REPRESENTATION_CONTEXT() REPRESENTATION_CONTEXT('2D SPACE',''
  ) );
#922 = FACE_BOUND('',#923,.F.);
#923 = EDGE_LOOP('',(#924,#954,#987,#1015,#1048,#1076));
#924 = ORIENTED_EDGE('',*,*,#925,.F.);
#925 = EDGE_CURVE('',#926,#928,#930,.T.);
#926 = VERTEX_POINT('',#927);
#927 = CARTESIAN_POINT('',(-24.5,1.428657787414,154.3));
#928 = VERTEX_POINT('',#929);
#929 = CARTESIAN_POINT('',(-24.5,-5.3,154.3));
#930 = SURFACE_CURVE('',#931,(#935,#942),.PCURVE_S1.);
#931 = LINE('',#932,#933);
#932 = CARTESIAN_POINT('',(-24.5,-2.65,154.3));
#933 = VECTOR('',#934,1.);
#934 = DIRECTION('',(-1.110223024625E-16,-1.,0.));
#935 = PCURVE('',#295,#936);
#936 = DEFINITIONAL_REPRESENTATION('',(#937),#941);
#937 = LINE('',#938,#939);
#938 = CARTESIAN_POINT('',(-2.65,12.172600306981));
#939 = VECTOR('',#940,1.);
#940 = DIRECTION('',(-1.,0.));
#941 = ( GEOMETRIC_REPRESENTATION_CONTEXT(2) 
PARAMETRIC_REPRESENTATION_CONTEXT() REPRESENTATION_CONTEXT('2D SPACE',''
  ) );
#942 = PCURVE('',#943,#948);
#943 = PLANE('',#944);
#944 = AXIS2_PLACEMENT_3D('',#945,#946,#947);
#945 = CARTESIAN_POINT('',(-25.5,-5.3,154.3));
#946 = DIRECTION('',(-1.110223024625E-16,1.232595164408E-32,1.));
#947 = DIRECTION('',(1.110223024625E-16,1.,0.));
#948 = DEFINITIONAL_REPRESENTATION('',(#949),#953);
#949 = LINE('',#950,#951);
#950 = CARTESIAN_POINT('',(2.65,-1.));
#951 = VECTOR('',#952,1.);
#952 = DIRECTION('',(-1.,0.));
#953 = ( GEOMETRIC_REPRESENTATION_CONTEXT(2) 
PARAMETRIC_REPRESENTATION_CONTEXT() REPRESENTATION_CONTEXT('2D SPACE',''
  ) );
#954 = ORIENTED_EDGE('',*,*,#955,.T.);
#955 = EDGE_CURVE('',#926,#956,#958,.T.);
#956 = VERTEX_POINT('',#957);
#957 = CARTESIAN_POINT('',(-24.5,3.467484177505,151.27344876077));
#958 = SURFACE_CURVE('',#959,(#964,#975),.PCURVE_S1.);
#959 = CIRCLE('',#960,2.2);
#960 = AXIS2_PLACEMENT_3D('',#961,#962,#963);
#961 = CARTESIAN_POINT('',(-24.5,1.428657787414,152.1));
#962 = DIRECTION('',(-1.,1.110223024625E-16,-1.110223024625E-16));
#963 = DIRECTION('',(-1.110223024625E-16,-1.,0.));
#964 = PCURVE('',#295,#965);
#965 = DEFINITIONAL_REPRESENTATION('',(#966),#974);
#966 = ( BOUNDED_CURVE() B_SPLINE_CURVE(2,(#967,#968,#969,#970,#971,#972
,#973),.UNSPECIFIED.,.T.,.F.) B_SPLINE_CURVE_WITH_KNOTS((1,2,2,2,2,1),(
    -2.094395102393,0.,2.094395102393,4.188790204786,6.28318530718,
8.377580409573),.UNSPECIFIED.) CURVE() GEOMETRIC_REPRESENTATION_ITEM() 
RATIONAL_B_SPLINE_CURVE((1.,0.5,1.,0.5,1.,0.5,1.)) REPRESENTATION_ITEM(
  '') );
#967 = CARTESIAN_POINT('',(-0.771342212586,9.972600306981));
#968 = CARTESIAN_POINT('',(-0.771342212586,13.783112083632));
#969 = CARTESIAN_POINT('',(2.528657787414,11.877856195306));
#970 = CARTESIAN_POINT('',(5.828657787414,9.972600306981));
#971 = CARTESIAN_POINT('',(2.528657787414,8.067344418655));
#972 = CARTESIAN_POINT('',(-0.771342212586,6.162088530329));
#973 = CARTESIAN_POINT('',(-0.771342212586,9.972600306981));
#974 = ( GEOMETRIC_REPRESENTATION_CONTEXT(2) 
PARAMETRIC_REPRESENTATION_CONTEXT() REPRESENTATION_CONTEXT('2D SPACE',''
  ) );
#975 = PCURVE('',#976,#981);
#976 = CYLINDRICAL_SURFACE('',#977,2.2);
#977 = AXIS2_PLACEMENT_3D('',#978,#979,#980);
#978 = CARTESIAN_POINT('',(-25.5,1.428657787414,152.1));
#979 = DIRECTION('',(-1.,1.110223024625E-16,-1.110223024625E-16));
#980 = DIRECTION('',(-1.110223024625E-16,-1.,0.));
#981 = DEFINITIONAL_REPRESENTATION('',(#982),#986);
#982 = LINE('',#983,#984);
#983 = CARTESIAN_POINT('',(0.,-1.));
#984 = VECTOR('',#985,1.);
#985 = DIRECTION('',(1.,0.));
#986 = ( GEOMETRIC_REPRESENTATION_CONTEXT(2) 
PARAMETRIC_REPRESENTATION_CONTEXT() REPRESENTATION_CONTEXT('2D SPACE',''
  ) );
#987 = ORIENTED_EDGE('',*,*,#988,.F.);
#988 = EDGE_CURVE('',#989,#956,#991,.T.);
#989 = VERTEX_POINT('',#990);
#990 = CARTESIAN_POINT('',(-24.5,-3.261173609909,134.67609288515));
#991 = SURFACE_CURVE('',#992,(#996,#1003),.PCURVE_S1.);
#992 = LINE('',#993,#994);
#993 = CARTESIAN_POINT('',(-24.5,1.630520196155,146.74227094011));
#994 = VECTOR('',#995,1.);
#995 = DIRECTION('',(-6.117708112143E-17,0.375705108739,0.926739268223)
  );
#996 = PCURVE('',#295,#997);
#997 = DEFINITIONAL_REPRESENTATION('',(#998),#1002);
#998 = LINE('',#999,#1000);
#999 = CARTESIAN_POINT('',(1.630520196155,4.614871247092));
#1000 = VECTOR('',#1001,1.);
#1001 = DIRECTION('',(0.375705108739,0.926739268223));
#1002 = ( GEOMETRIC_REPRESENTATION_CONTEXT(2) 
PARAMETRIC_REPRESENTATION_CONTEXT() REPRESENTATION_CONTEXT('2D SPACE',''
  ) );
#1003 = PCURVE('',#1004,#1009);
#1004 = PLANE('',#1005);
#1005 = AXIS2_PLACEMENT_3D('',#1006,#1007,#1008);
#1006 = CARTESIAN_POINT('',(-25.5,3.467484177505,151.27344876077));
#1007 = DIRECTION('',(1.446003735597E-16,0.926739268223,-0.375705108739)
  );
#1008 = DIRECTION('',(6.117708112143E-17,-0.375705108739,-0.926739268223
    ));
#1009 = DEFINITIONAL_REPRESENTATION('',(#1010),#1014);
#1010 = LINE('',#1011,#1012);
#1011 = CARTESIAN_POINT('',(4.889377170073,-1.));
#1012 = VECTOR('',#1013,1.);
#1013 = DIRECTION('',(-1.,0.));
#1014 = ( GEOMETRIC_REPRESENTATION_CONTEXT(2) 
PARAMETRIC_REPRESENTATION_CONTEXT() REPRESENTATION_CONTEXT('2D SPACE',''
  ) );
#1015 = ORIENTED_EDGE('',*,*,#1016,.T.);
#1016 = EDGE_CURVE('',#989,#1017,#1019,.T.);
#1017 = VERTEX_POINT('',#1018);
#1018 = CARTESIAN_POINT('',(-24.5,-7.5,135.50264412438));
#1019 = SURFACE_CURVE('',#1020,(#1025,#1036),.PCURVE_S1.);
#1020 = CIRCLE('',#1021,2.2);
#1021 = AXIS2_PLACEMENT_3D('',#1022,#1023,#1024);
#1022 = CARTESIAN_POINT('',(-24.5,-5.3,135.50264412438));
#1023 = DIRECTION('',(-1.,1.110223024625E-16,-1.110223024625E-16));
#1024 = DIRECTION('',(-1.110223024625E-16,-1.,0.));
#1025 = PCURVE('',#295,#1026);
#1026 = DEFINITIONAL_REPRESENTATION('',(#1027),#1035);
#1027 = ( BOUNDED_CURVE() B_SPLINE_CURVE(2,(#1028,#1029,#1030,#1031,
#1032,#1033,#1034),.UNSPECIFIED.,.T.,.F.) B_SPLINE_CURVE_WITH_KNOTS((1,2
    ,2,2,2,1),(-2.094395102393,0.,2.094395102393,4.188790204786,
6.28318530718,8.377580409573),.UNSPECIFIED.) CURVE() 
GEOMETRIC_REPRESENTATION_ITEM() RATIONAL_B_SPLINE_CURVE((1.,0.5,1.,0.5,
1.,0.5,1.)) REPRESENTATION_ITEM('') );
#1028 = CARTESIAN_POINT('',(-7.5,-6.624755568639));
#1029 = CARTESIAN_POINT('',(-7.5,-2.814243791988));
#1030 = CARTESIAN_POINT('',(-4.2,-4.719499680314));
#1031 = CARTESIAN_POINT('',(-0.9,-6.624755568639));
#1032 = CARTESIAN_POINT('',(-4.2,-8.530011456965));
#1033 = CARTESIAN_POINT('',(-7.5,-10.43526734529));
#1034 = CARTESIAN_POINT('',(-7.5,-6.624755568639));
#1035 = ( GEOMETRIC_REPRESENTATION_CONTEXT(2) 
PARAMETRIC_REPRESENTATION_CONTEXT() REPRESENTATION_CONTEXT('2D SPACE',''
  ) );
#1036 = PCURVE('',#1037,#1042);
#1037 = CYLINDRICAL_SURFACE('',#1038,2.2);
#1038 = AXIS2_PLACEMENT_3D('',#1039,#1040,#1041);
#1039 = CARTESIAN_POINT('',(-25.5,-5.3,135.50264412438));
#1040 = DIRECTION('',(-1.,1.110223024625E-16,-1.110223024625E-16));
#1041 = DIRECTION('',(-1.110223024625E-16,-1.,0.));
#1042 = DEFINITIONAL_REPRESENTATION('',(#1043),#1047);
#1043 = LINE('',#1044,#1045);
#1044 = CARTESIAN_POINT('',(0.,-1.));
#1045 = VECTOR('',#1046,1.);
#1046 = DIRECTION('',(1.,0.));
#1047 = ( GEOMETRIC_REPRESENTATION_CONTEXT(2) 
PARAMETRIC_REPRESENTATION_CONTEXT() REPRESENTATION_CONTEXT('2D SPACE',''
  ) );
#1048 = ORIENTED_EDGE('',*,*,#1049,.F.);
#1049 = EDGE_CURVE('',#1050,#1017,#1052,.T.);
#1050 = VERTEX_POINT('',#1051);
#1051 = CARTESIAN_POINT('',(-24.5,-7.5,152.1));
#1052 = SURFACE_CURVE('',#1053,(#1057,#1064),.PCURVE_S1.);
#1053 = LINE('',#1054,#1055);
#1054 = CARTESIAN_POINT('',(-24.5,-7.5,138.8150219087));
#1055 = VECTOR('',#1056,1.);
#1056 = DIRECTION('',(1.110223024625E-16,-1.232595164408E-32,-1.));
#1057 = PCURVE('',#295,#1058);
#1058 = DEFINITIONAL_REPRESENTATION('',(#1059),#1063);
#1059 = LINE('',#1060,#1061);
#1060 = CARTESIAN_POINT('',(-7.5,-3.31237778432));
#1061 = VECTOR('',#1062,1.);
#1062 = DIRECTION('',(0.,-1.));
#1063 = ( GEOMETRIC_REPRESENTATION_CONTEXT(2) 
PARAMETRIC_REPRESENTATION_CONTEXT() REPRESENTATION_CONTEXT('2D SPACE',''
  ) );
#1064 = PCURVE('',#1065,#1070);
#1065 = PLANE('',#1066);
#1066 = AXIS2_PLACEMENT_3D('',#1067,#1068,#1069);
#1067 = CARTESIAN_POINT('',(-25.5,-7.5,135.50264412438));
#1068 = DIRECTION('',(-1.110223024625E-16,-1.,0.));
#1069 = DIRECTION('',(-1.110223024625E-16,1.232595164408E-32,1.));
#1070 = DEFINITIONAL_REPRESENTATION('',(#1071),#1075);
#1071 = LINE('',#1072,#1073);
#1072 = CARTESIAN_POINT('',(3.31237778432,-1.));
#1073 = VECTOR('',#1074,1.);
#1074 = DIRECTION('',(-1.,0.));
#1075 = ( GEOMETRIC_REPRESENTATION_CONTEXT(2) 
PARAMETRIC_REPRESENTATION_CONTEXT() REPRESENTATION_CONTEXT('2D SPACE',''
  ) );
#1076 = ORIENTED_EDGE('',*,*,#1077,.T.);
#1077 = EDGE_CURVE('',#1050,#928,#1078,.T.);
#1078 = SURFACE_CURVE('',#1079,(#1084,#1095),.PCURVE_S1.);
#1079 = CIRCLE('',#1080,2.2);
#1080 = AXIS2_PLACEMENT_3D('',#1081,#1082,#1083);
#1081 = CARTESIAN_POINT('',(-24.5,-5.3,152.1));
#1082 = DIRECTION('',(-1.,1.110223024625E-16,-1.110223024625E-16));
#1083 = DIRECTION('',(-1.110223024625E-16,-1.,0.));
#1084 = PCURVE('',#295,#1085);
#1085 = DEFINITIONAL_REPRESENTATION('',(#1086),#1094);
#1086 = ( BOUNDED_CURVE() B_SPLINE_CURVE(2,(#1087,#1088,#1089,#1090,
#1091,#1092,#1093),.UNSPECIFIED.,.T.,.F.) B_SPLINE_CURVE_WITH_KNOTS((1,2
    ,2,2,2,1),(-2.094395102393,0.,2.094395102393,4.188790204786,
6.28318530718,8.377580409573),.UNSPECIFIED.) CURVE() 
GEOMETRIC_REPRESENTATION_ITEM() RATIONAL_B_SPLINE_CURVE((1.,0.5,1.,0.5,
1.,0.5,1.)) REPRESENTATION_ITEM('') );
#1087 = CARTESIAN_POINT('',(-7.5,9.972600306981));
#1088 = CARTESIAN_POINT('',(-7.5,13.783112083632));
#1089 = CARTESIAN_POINT('',(-4.2,11.877856195306));
#1090 = CARTESIAN_POINT('',(-0.9,9.972600306981));
#1091 = CARTESIAN_POINT('',(-4.2,8.067344418655));
#1092 = CARTESIAN_POINT('',(-7.5,6.162088530329));
#1093 = CARTESIAN_POINT('',(-7.5,9.972600306981));
#1094 = ( GEOMETRIC_REPRESENTATION_CONTEXT(2) 
PARAMETRIC_REPRESENTATION_CONTEXT() REPRESENTATION_CONTEXT('2D SPACE',''
  ) );
#1095 = PCURVE('',#1096,#1101);
#1096 = CYLINDRICAL_SURFACE('',#1097,2.2);
#1097 = AXIS2_PLACEMENT_3D('',#1098,#1099,#1100);
#1098 = CARTESIAN_POINT('',(-25.5,-5.3,152.1));
#1099 = DIRECTION('',(-1.,1.110223024625E-16,-1.110223024625E-16));
#1100 = DIRECTION('',(-1.110223024625E-16,-1.,0.));
#1101 = DEFINITIONAL_REPRESENTATION('',(#1102),#1106);
#1102 = LINE('',#1103,#1104);
#1103 = CARTESIAN_POINT('',(0.,-1.));
#1104 = VECTOR('',#1105,1.);
#1105 = DIRECTION('',(1.,0.));
#1106 = ( GEOMETRIC_REPRESENTATION_CONTEXT(2) 
PARAMETRIC_REPRESENTATION_CONTEXT() REPRESENTATION_CONTEXT('2D SPACE',''
  ) );
#1107 = FACE_BOUND('',#1108,.F.);
#1108 = EDGE_LOOP('',(#1109));
#1109 = ORIENTED_EDGE('',*,*,#1110,.T.);
#1110 = EDGE_CURVE('',#1111,#1111,#1113,.T.);
#1111 = VERTEX_POINT('',#1112);
#1112 = CARTESIAN_POINT('',(-24.5,10.2,162.3));
#1113 = SURFACE_CURVE('',#1114,(#1119,#1130),.PCURVE_S1.);
#1114 = CIRCLE('',#1115,3.2);
#1115 = AXIS2_PLACEMENT_3D('',#1116,#1117,#1118);
#1116 = CARTESIAN_POINT('',(-24.5,7.,162.3));
#1117 = DIRECTION('',(-1.,1.110223024625E-16,0.));
#1118 = DIRECTION('',(1.110223024625E-16,1.,0.));
#1119 = PCURVE('',#295,#1120);
#1120 = DEFINITIONAL_REPRESENTATION('',(#1121),#1129);
#1121 = ( BOUNDED_CURVE() B_SPLINE_CURVE(2,(#1122,#1123,#1124,#1125,
#1126,#1127,#1128),.UNSPECIFIED.,.T.,.F.) B_SPLINE_CURVE_WITH_KNOTS((1,2
    ,2,2,2,1),(-2.094395102393,0.,2.094395102393,4.188790204786,
6.28318530718,8.377580409573),.UNSPECIFIED.) CURVE() 
GEOMETRIC_REPRESENTATION_ITEM() RATIONAL_B_SPLINE_CURVE((1.,0.5,1.,0.5,
1.,0.5,1.)) REPRESENTATION_ITEM('') );
#1122 = CARTESIAN_POINT('',(10.2,20.172600306981));
#1123 = CARTESIAN_POINT('',(10.2,14.63003772276));
#1124 = CARTESIAN_POINT('',(5.4,17.40131901487));
#1125 = CARTESIAN_POINT('',(0.6,20.172600306981));
#1126 = CARTESIAN_POINT('',(5.4,22.943881599091));
#1127 = CARTESIAN_POINT('',(10.2,25.715162891201));
#1128 = CARTESIAN_POINT('',(10.2,20.172600306981));
#1129 = ( GEOMETRIC_REPRESENTATION_CONTEXT(2) 
PARAMETRIC_REPRESENTATION_CONTEXT() REPRESENTATION_CONTEXT('2D SPACE',''
  ) );
#1130 = PCURVE('',#1131,#1136);
#1131 = CYLINDRICAL_SURFACE('',#1132,3.2);
#1132 = AXIS2_PLACEMENT_3D('',#1133,#1134,#1135);
#1133 = CARTESIAN_POINT('',(-25.5,7.,162.3));
#1134 = DIRECTION('',(-1.,1.110223024625E-16,0.));
#1135 = DIRECTION('',(1.110223024625E-16,1.,0.));
#1136 = DEFINITIONAL_REPRESENTATION('',(#1137),#1141);
#1137 = LINE('',#1138,#1139);
#1138 = CARTESIAN_POINT('',(-6.28318530718,-1.));
#1139 = VECTOR('',#1140,1.);
#1140 = DIRECTION('',(1.,-0.));
#1141 = ( GEOMETRIC_REPRESENTATION_CONTEXT(2) 
PARAMETRIC_REPRESENTATION_CONTEXT() REPRESENTATION_CONTEXT('2D SPACE',''
  ) );
#1142 = FACE_BOUND('',#1143,.F.);
#1143 = EDGE_LOOP('',(#1144));
#1144 = ORIENTED_EDGE('',*,*,#1145,.T.);
#1145 = EDGE_CURVE('',#1146,#1146,#1148,.T.);
#1146 = VERTEX_POINT('',#1147);
#1147 = CARTESIAN_POINT('',(-24.5,1.3,190.3));
#1148 = SURFACE_CURVE('',#1149,(#1154,#1165),.PCURVE_S1.);
#1149 = CIRCLE('',#1150,1.3);
#1150 = AXIS2_PLACEMENT_3D('',#1151,#1152,#1153);
#1151 = CARTESIAN_POINT('',(-24.5,2.720046410332E-15,190.3));
#1152 = DIRECTION('',(-1.,1.110223024625E-16,0.));
#1153 = DIRECTION('',(1.110223024625E-16,1.,0.));
#1154 = PCURVE('',#295,#1155);
#1155 = DEFINITIONAL_REPRESENTATION('',(#1156),#1164);
#1156 = ( BOUNDED_CURVE() B_SPLINE_CURVE(2,(#1157,#1158,#1159,#1160,
#1161,#1162,#1163),.UNSPECIFIED.,.T.,.F.) B_SPLINE_CURVE_WITH_KNOTS((1,2
    ,2,2,2,1),(-2.094395102393,0.,2.094395102393,4.188790204786,
6.28318530718,8.377580409573),.UNSPECIFIED.) CURVE() 
GEOMETRIC_REPRESENTATION_ITEM() RATIONAL_B_SPLINE_CURVE((1.,0.5,1.,0.5,
1.,0.5,1.)) REPRESENTATION_ITEM('') );
#1157 = CARTESIAN_POINT('',(1.3,48.172600306981));
#1158 = CARTESIAN_POINT('',(1.3,45.920934257141));
#1159 = CARTESIAN_POINT('',(-0.65,47.046767282061));
#1160 = CARTESIAN_POINT('',(-2.6,48.172600306981));
#1161 = CARTESIAN_POINT('',(-0.65,49.2984333319));
#1162 = CARTESIAN_POINT('',(1.3,50.42426635682));
#1163 = CARTESIAN_POINT('',(1.3,48.172600306981));
#1164 = ( GEOMETRIC_REPRESENTATION_CONTEXT(2) 
PARAMETRIC_REPRESENTATION_CONTEXT() REPRESENTATION_CONTEXT('2D SPACE',''
  ) );
#1165 = PCURVE('',#1166,#1171);
#1166 = CYLINDRICAL_SURFACE('',#1167,1.3);
#1167 = AXIS2_PLACEMENT_3D('',#1168,#1169,#1170);
#1168 = CARTESIAN_POINT('',(-25.5,2.831068712794E-15,190.3));
#1169 = DIRECTION('',(-1.,1.110223024625E-16,0.));
#1170 = DIRECTION('',(1.110223024625E-16,1.,0.));
#1171 = DEFINITIONAL_REPRESENTATION('',(#1172),#1176);
#1172 = LINE('',#1173,#1174);
#1173 = CARTESIAN_POINT('',(-6.28318530718,-1.));
#1174 = VECTOR('',#1175,1.);
#1175 = DIRECTION('',(1.,-0.));
#1176 = ( GEOMETRIC_REPRESENTATION_CONTEXT(2) 
PARAMETRIC_REPRESENTATION_CONTEXT() REPRESENTATION_CONTEXT('2D SPACE',''
  ) );
#1177 = ADVANCED_FACE('',(#1178),#269,.T.);
#1178 = FACE_BOUND('',#1179,.F.);
#1179 = EDGE_LOOP('',(#1180,#1181,#1182,#1203));
#1180 = ORIENTED_EDGE('',*,*,#253,.F.);
#1181 = ORIENTED_EDGE('',*,*,#439,.T.);
#1182 = ORIENTED_EDGE('',*,*,#1183,.T.);
#1183 = EDGE_CURVE('',#417,#623,#1184,.T.);
#1184 = SURFACE_CURVE('',#1185,(#1189,#1196),.PCURVE_S1.);
#1185 = LINE('',#1186,#1187);
#1186 = CARTESIAN_POINT('',(-23.7,-14.99916895204,190.45789473684));
#1187 = VECTOR('',#1188,1.);
#1188 = DIRECTION('',(-0.707106781187,0.70706760521,-7.443229275649E-03)
  );
#1189 = PCURVE('',#269,#1190);
#1190 = DEFINITIONAL_REPRESENTATION('',(#1191),#1195);
#1191 = LINE('',#1192,#1193);
#1192 = CARTESIAN_POINT('',(3.120539633208,-0.));
#1193 = VECTOR('',#1194,1.);
#1194 = DIRECTION('',(0.,-1.));
#1195 = ( GEOMETRIC_REPRESENTATION_CONTEXT(2) 
PARAMETRIC_REPRESENTATION_CONTEXT() REPRESENTATION_CONTEXT('2D SPACE',''
  ) );
#1196 = PCURVE('',#506,#1197);
#1197 = DEFINITIONAL_REPRESENTATION('',(#1198),#1202);
#1198 = LINE('',#1199,#1200);
#1199 = CARTESIAN_POINT('',(-1.58571072939E-14,-0.565685424949));
#1200 = VECTOR('',#1201,1.);
#1201 = DIRECTION('',(-1.472780231104E-15,1.));
#1202 = ( GEOMETRIC_REPRESENTATION_CONTEXT(2) 
PARAMETRIC_REPRESENTATION_CONTEXT() REPRESENTATION_CONTEXT('2D SPACE',''
  ) );
#1203 = ORIENTED_EDGE('',*,*,#622,.F.);
#1204 = ADVANCED_FACE('',(#1205,#1254,#1289,#1444,#1479,#1634,#1669),
  #376,.T.);
#1205 = FACE_BOUND('',#1206,.T.);
#1206 = EDGE_LOOP('',(#1207,#1208,#1232,#1253));
#1207 = ORIENTED_EDGE('',*,*,#362,.T.);
#1208 = ORIENTED_EDGE('',*,*,#1209,.T.);
#1209 = EDGE_CURVE('',#335,#1210,#1212,.T.);
#1210 = VERTEX_POINT('',#1211);
#1211 = CARTESIAN_POINT('',(-19.5,-14.1992132746,190.44947368421));
#1212 = SURFACE_CURVE('',#1213,(#1218,#1225),.PCURVE_S1.);
#1213 = CIRCLE('',#1214,14.2);
#1214 = AXIS2_PLACEMENT_3D('',#1215,#1216,#1217);
#1215 = CARTESIAN_POINT('',(-19.5,2.164934898019E-15,190.3));
#1216 = DIRECTION('',(1.,-1.110223024625E-16,1.110223024625E-16));
#1217 = DIRECTION('',(1.098474956566E-16,0.999944596803,
    1.052631578948E-02));
#1218 = PCURVE('',#376,#1219);
#1219 = DEFINITIONAL_REPRESENTATION('',(#1220),#1224);
#1220 = CIRCLE('',#1221,14.2);
#1221 = AXIS2_PLACEMENT_2D('',#1222,#1223);
#1222 = CARTESIAN_POINT('',(2.510688432025E-15,48.172600306981));
#1223 = DIRECTION('',(0.999944596803,1.052631578948E-02));
#1224 = ( GEOMETRIC_REPRESENTATION_CONTEXT(2) 
PARAMETRIC_REPRESENTATION_CONTEXT() REPRESENTATION_CONTEXT('2D SPACE',''
  ) );
#1225 = PCURVE('',#350,#1226);
#1226 = DEFINITIONAL_REPRESENTATION('',(#1227),#1231);
#1227 = LINE('',#1228,#1229);
#1228 = CARTESIAN_POINT('',(-0.,-0.8));
#1229 = VECTOR('',#1230,1.);
#1230 = DIRECTION('',(-1.,-0.));
#1231 = ( GEOMETRIC_REPRESENTATION_CONTEXT(2) 
PARAMETRIC_REPRESENTATION_CONTEXT() REPRESENTATION_CONTEXT('2D SPACE',''
  ) );
#1232 = ORIENTED_EDGE('',*,*,#1233,.T.);
#1233 = EDGE_CURVE('',#1210,#572,#1234,.T.);
#1234 = SURFACE_CURVE('',#1235,(#1239,#1246),.PCURVE_S1.);
#1235 = LINE('',#1236,#1237);
#1236 = CARTESIAN_POINT('',(-19.5,-14.1992132746,190.44947368421));
#1237 = VECTOR('',#1238,1.);
#1238 = DIRECTION('',(1.098474956566E-16,-1.052631578947E-02,
    -0.999944596803));
#1239 = PCURVE('',#376,#1240);
#1240 = DEFINITIONAL_REPRESENTATION('',(#1241),#1245);
#1241 = LINE('',#1242,#1243);
#1242 = CARTESIAN_POINT('',(-14.1992132746,48.322073991191));
#1243 = VECTOR('',#1244,1.);
#1244 = DIRECTION('',(-1.052631578947E-02,-0.999944596803));
#1245 = ( GEOMETRIC_REPRESENTATION_CONTEXT(2) 
PARAMETRIC_REPRESENTATION_CONTEXT() REPRESENTATION_CONTEXT('2D SPACE',''
  ) );
#1246 = PCURVE('',#479,#1247);
#1247 = DEFINITIONAL_REPRESENTATION('',(#1248),#1252);
#1248 = LINE('',#1249,#1250);
#1249 = CARTESIAN_POINT('',(-1.268863486503E-14,0.565685424949));
#1250 = VECTOR('',#1251,1.);
#1251 = DIRECTION('',(-1.,1.734723475977E-18));
#1252 = ( GEOMETRIC_REPRESENTATION_CONTEXT(2) 
PARAMETRIC_REPRESENTATION_CONTEXT() REPRESENTATION_CONTEXT('2D SPACE',''
  ) );
#1253 = ORIENTED_EDGE('',*,*,#596,.T.);
#1254 = FACE_BOUND('',#1255,.T.);
#1255 = EDGE_LOOP('',(#1256));
#1256 = ORIENTED_EDGE('',*,*,#1257,.T.);
#1257 = EDGE_CURVE('',#1258,#1258,#1260,.T.);
#1258 = VERTEX_POINT('',#1259);
#1259 = CARTESIAN_POINT('',(-19.5,1.7,95.3));
#1260 = SURFACE_CURVE('',#1261,(#1266,#1277),.PCURVE_S1.);
#1261 = CIRCLE('',#1262,1.7);
#1262 = AXIS2_PLACEMENT_3D('',#1263,#1264,#1265);
#1263 = CARTESIAN_POINT('',(-19.5,2.164934898019E-15,95.3));
#1264 = DIRECTION('',(-1.,1.110223024625E-16,0.));
#1265 = DIRECTION('',(1.110223024625E-16,1.,0.));
#1266 = PCURVE('',#376,#1267);
#1267 = DEFINITIONAL_REPRESENTATION('',(#1268),#1276);
#1268 = ( BOUNDED_CURVE() B_SPLINE_CURVE(2,(#1269,#1270,#1271,#1272,
#1273,#1274,#1275),.UNSPECIFIED.,.T.,.F.) B_SPLINE_CURVE_WITH_KNOTS((1,2
    ,2,2,2,1),(-2.094395102393,0.,2.094395102393,4.188790204786,
6.28318530718,8.377580409573),.UNSPECIFIED.) CURVE() 
GEOMETRIC_REPRESENTATION_ITEM() RATIONAL_B_SPLINE_CURVE((1.,0.5,1.,0.5,
1.,0.5,1.)) REPRESENTATION_ITEM('') );
#1269 = CARTESIAN_POINT('',(1.7,-46.82739969301));
#1270 = CARTESIAN_POINT('',(1.7,-49.77188606588));
#1271 = CARTESIAN_POINT('',(-0.85,-48.29964287945));
#1272 = CARTESIAN_POINT('',(-3.4,-46.82739969301));
#1273 = CARTESIAN_POINT('',(-0.85,-45.35515650658));
#1274 = CARTESIAN_POINT('',(1.7,-43.88291332015));
#1275 = CARTESIAN_POINT('',(1.7,-46.82739969301));
#1276 = ( GEOMETRIC_REPRESENTATION_CONTEXT(2) 
PARAMETRIC_REPRESENTATION_CONTEXT() REPRESENTATION_CONTEXT('2D SPACE',''
  ) );
#1277 = PCURVE('',#1278,#1283);
#1278 = CYLINDRICAL_SURFACE('',#1279,1.7);
#1279 = AXIS2_PLACEMENT_3D('',#1280,#1281,#1282);
#1280 = CARTESIAN_POINT('',(-25.5,2.831068712794E-15,95.3));
#1281 = DIRECTION('',(-1.,1.110223024625E-16,0.));
#1282 = DIRECTION('',(1.110223024625E-16,1.,0.));
#1283 = DEFINITIONAL_REPRESENTATION('',(#1284),#1288);
#1284 = LINE('',#1285,#1286);
#1285 = CARTESIAN_POINT('',(-6.28318530718,-6.));
#1286 = VECTOR('',#1287,1.);
#1287 = DIRECTION('',(1.,-0.));
#1288 = ( GEOMETRIC_REPRESENTATION_CONTEXT(2) 
PARAMETRIC_REPRESENTATION_CONTEXT() REPRESENTATION_CONTEXT('2D SPACE',''
  ) );
#1289 = FACE_BOUND('',#1290,.T.);
#1290 = EDGE_LOOP('',(#1291,#1316,#1344,#1367,#1395,#1418));
#1291 = ORIENTED_EDGE('',*,*,#1292,.F.);
#1292 = EDGE_CURVE('',#1293,#1295,#1297,.T.);
#1293 = VERTEX_POINT('',#1294);
#1294 = CARTESIAN_POINT('',(-19.5,-1.428657787413,117.3));
#1295 = VERTEX_POINT('',#1296);
#1296 = CARTESIAN_POINT('',(-19.5,5.3,117.3));
#1297 = SURFACE_CURVE('',#1298,(#1302,#1309),.PCURVE_S1.);
#1298 = LINE('',#1299,#1300);
#1299 = CARTESIAN_POINT('',(-19.5,2.65,117.3));
#1300 = VECTOR('',#1301,1.);
#1301 = DIRECTION('',(1.110223024625E-16,1.,0.));
#1302 = PCURVE('',#376,#1303);
#1303 = DEFINITIONAL_REPRESENTATION('',(#1304),#1308);
#1304 = LINE('',#1305,#1306);
#1305 = CARTESIAN_POINT('',(2.65,-24.82739969301));
#1306 = VECTOR('',#1307,1.);
#1307 = DIRECTION('',(1.,0.));
#1308 = ( GEOMETRIC_REPRESENTATION_CONTEXT(2) 
PARAMETRIC_REPRESENTATION_CONTEXT() REPRESENTATION_CONTEXT('2D SPACE',''
  ) );
#1309 = PCURVE('',#723,#1310);
#1310 = DEFINITIONAL_REPRESENTATION('',(#1311),#1315);
#1311 = LINE('',#1312,#1313);
#1312 = CARTESIAN_POINT('',(2.65,-6.));
#1313 = VECTOR('',#1314,1.);
#1314 = DIRECTION('',(-1.,0.));
#1315 = ( GEOMETRIC_REPRESENTATION_CONTEXT(2) 
PARAMETRIC_REPRESENTATION_CONTEXT() REPRESENTATION_CONTEXT('2D SPACE',''
  ) );
#1316 = ORIENTED_EDGE('',*,*,#1317,.T.);
#1317 = EDGE_CURVE('',#1293,#1318,#1320,.T.);
#1318 = VERTEX_POINT('',#1319);
#1319 = CARTESIAN_POINT('',(-19.5,-3.467484177505,120.32655123922));
#1320 = SURFACE_CURVE('',#1321,(#1326,#1337),.PCURVE_S1.);
#1321 = CIRCLE('',#1322,2.2);
#1322 = AXIS2_PLACEMENT_3D('',#1323,#1324,#1325);
#1323 = CARTESIAN_POINT('',(-19.5,-1.428657787413,119.5));
#1324 = DIRECTION('',(-1.,1.110223024625E-16,-1.110223024625E-16));
#1325 = DIRECTION('',(-1.110223024625E-16,-1.,0.));
#1326 = PCURVE('',#376,#1327);
#1327 = DEFINITIONAL_REPRESENTATION('',(#1328),#1336);
#1328 = ( BOUNDED_CURVE() B_SPLINE_CURVE(2,(#1329,#1330,#1331,#1332,
#1333,#1334,#1335),.UNSPECIFIED.,.T.,.F.) B_SPLINE_CURVE_WITH_KNOTS((1,2
    ,2,2,2,1),(-2.094395102393,0.,2.094395102393,4.188790204786,
6.28318530718,8.377580409573),.UNSPECIFIED.) CURVE() 
GEOMETRIC_REPRESENTATION_ITEM() RATIONAL_B_SPLINE_CURVE((1.,0.5,1.,0.5,
1.,0.5,1.)) REPRESENTATION_ITEM('') );
#1329 = CARTESIAN_POINT('',(-3.628657787413,-22.62739969301));
#1330 = CARTESIAN_POINT('',(-3.628657787413,-18.81688791636));
#1331 = CARTESIAN_POINT('',(-0.328657787413,-20.72214380469));
#1332 = CARTESIAN_POINT('',(2.971342212587,-22.62739969301));
#1333 = CARTESIAN_POINT('',(-0.328657787413,-24.53265558134));
#1334 = CARTESIAN_POINT('',(-3.628657787413,-26.43791146967));
#1335 = CARTESIAN_POINT('',(-3.628657787413,-22.62739969301));
#1336 = ( GEOMETRIC_REPRESENTATION_CONTEXT(2) 
PARAMETRIC_REPRESENTATION_CONTEXT() REPRESENTATION_CONTEXT('2D SPACE',''
  ) );
#1337 = PCURVE('',#756,#1338);
#1338 = DEFINITIONAL_REPRESENTATION('',(#1339),#1343);
#1339 = LINE('',#1340,#1341);
#1340 = CARTESIAN_POINT('',(0.,-6.));
#1341 = VECTOR('',#1342,1.);
#1342 = DIRECTION('',(1.,0.));
#1343 = ( GEOMETRIC_REPRESENTATION_CONTEXT(2) 
PARAMETRIC_REPRESENTATION_CONTEXT() REPRESENTATION_CONTEXT('2D SPACE',''
  ) );
#1344 = ORIENTED_EDGE('',*,*,#1345,.F.);
#1345 = EDGE_CURVE('',#1346,#1318,#1348,.T.);
#1346 = VERTEX_POINT('',#1347);
#1347 = CARTESIAN_POINT('',(-19.5,3.261173609909,136.92390711484));
#1348 = SURFACE_CURVE('',#1349,(#1353,#1360),.PCURVE_S1.);
#1349 = LINE('',#1350,#1351);
#1350 = CARTESIAN_POINT('',(-19.5,0.572558116031,130.29198889661));
#1351 = VECTOR('',#1352,1.);
#1352 = DIRECTION('',(6.117708112143E-17,-0.375705108739,-0.926739268223
    ));
#1353 = PCURVE('',#376,#1354);
#1354 = DEFINITIONAL_REPRESENTATION('',(#1355),#1359);
#1355 = LINE('',#1356,#1357);
#1356 = CARTESIAN_POINT('',(0.572558116031,-11.8354107964));
#1357 = VECTOR('',#1358,1.);
#1358 = DIRECTION('',(-0.375705108739,-0.926739268223));
#1359 = ( GEOMETRIC_REPRESENTATION_CONTEXT(2) 
PARAMETRIC_REPRESENTATION_CONTEXT() REPRESENTATION_CONTEXT('2D SPACE',''
  ) );
#1360 = PCURVE('',#784,#1361);
#1361 = DEFINITIONAL_REPRESENTATION('',(#1362),#1366);
#1362 = LINE('',#1363,#1364);
#1363 = CARTESIAN_POINT('',(10.753226931339,-6.));
#1364 = VECTOR('',#1365,1.);
#1365 = DIRECTION('',(-1.,0.));
#1366 = ( GEOMETRIC_REPRESENTATION_CONTEXT(2) 
PARAMETRIC_REPRESENTATION_CONTEXT() REPRESENTATION_CONTEXT('2D SPACE',''
  ) );
#1367 = ORIENTED_EDGE('',*,*,#1368,.T.);
#1368 = EDGE_CURVE('',#1346,#1369,#1371,.T.);
#1369 = VERTEX_POINT('',#1370);
#1370 = CARTESIAN_POINT('',(-19.5,7.5,136.09735587562));
#1371 = SURFACE_CURVE('',#1372,(#1377,#1388),.PCURVE_S1.);
#1372 = CIRCLE('',#1373,2.2);
#1373 = AXIS2_PLACEMENT_3D('',#1374,#1375,#1376);
#1374 = CARTESIAN_POINT('',(-19.5,5.3,136.09735587562));
#1375 = DIRECTION('',(-1.,1.110223024625E-16,-1.110223024625E-16));
#1376 = DIRECTION('',(-1.110223024625E-16,-1.,0.));
#1377 = PCURVE('',#376,#1378);
#1378 = DEFINITIONAL_REPRESENTATION('',(#1379),#1387);
#1379 = ( BOUNDED_CURVE() B_SPLINE_CURVE(2,(#1380,#1381,#1382,#1383,
#1384,#1385,#1386),.UNSPECIFIED.,.T.,.F.) B_SPLINE_CURVE_WITH_KNOTS((1,2
    ,2,2,2,1),(-2.094395102393,0.,2.094395102393,4.188790204786,
6.28318530718,8.377580409573),.UNSPECIFIED.) CURVE() 
GEOMETRIC_REPRESENTATION_ITEM() RATIONAL_B_SPLINE_CURVE((1.,0.5,1.,0.5,
1.,0.5,1.)) REPRESENTATION_ITEM('') );
#1380 = CARTESIAN_POINT('',(3.1,-6.030043817399));
#1381 = CARTESIAN_POINT('',(3.1,-2.219532040748));
#1382 = CARTESIAN_POINT('',(6.4,-4.124787929074));
#1383 = CARTESIAN_POINT('',(9.7,-6.030043817399));
#1384 = CARTESIAN_POINT('',(6.4,-7.935299705725));
#1385 = CARTESIAN_POINT('',(3.1,-9.840555594051));
#1386 = CARTESIAN_POINT('',(3.1,-6.030043817399));
#1387 = ( GEOMETRIC_REPRESENTATION_CONTEXT(2) 
PARAMETRIC_REPRESENTATION_CONTEXT() REPRESENTATION_CONTEXT('2D SPACE',''
  ) );
#1388 = PCURVE('',#817,#1389);
#1389 = DEFINITIONAL_REPRESENTATION('',(#1390),#1394);
#1390 = LINE('',#1391,#1392);
#1391 = CARTESIAN_POINT('',(0.,-6.));
#1392 = VECTOR('',#1393,1.);
#1393 = DIRECTION('',(1.,0.));
#1394 = ( GEOMETRIC_REPRESENTATION_CONTEXT(2) 
PARAMETRIC_REPRESENTATION_CONTEXT() REPRESENTATION_CONTEXT('2D SPACE',''
  ) );
#1395 = ORIENTED_EDGE('',*,*,#1396,.F.);
#1396 = EDGE_CURVE('',#1397,#1369,#1399,.T.);
#1397 = VERTEX_POINT('',#1398);
#1398 = CARTESIAN_POINT('',(-19.5,7.5,119.5));
#1399 = SURFACE_CURVE('',#1400,(#1404,#1411),.PCURVE_S1.);
#1400 = LINE('',#1401,#1402);
#1401 = CARTESIAN_POINT('',(-19.5,7.5,139.11237778432));
#1402 = VECTOR('',#1403,1.);
#1403 = DIRECTION('',(-1.110223024625E-16,1.232595164408E-32,1.));
#1404 = PCURVE('',#376,#1405);
#1405 = DEFINITIONAL_REPRESENTATION('',(#1406),#1410);
#1406 = LINE('',#1407,#1408);
#1407 = CARTESIAN_POINT('',(7.5,-3.0150219087));
#1408 = VECTOR('',#1409,1.);
#1409 = DIRECTION('',(0.,1.));
#1410 = ( GEOMETRIC_REPRESENTATION_CONTEXT(2) 
PARAMETRIC_REPRESENTATION_CONTEXT() REPRESENTATION_CONTEXT('2D SPACE',''
  ) );
#1411 = PCURVE('',#845,#1412);
#1412 = DEFINITIONAL_REPRESENTATION('',(#1413),#1417);
#1413 = LINE('',#1414,#1415);
#1414 = CARTESIAN_POINT('',(-3.0150219087,-6.));
#1415 = VECTOR('',#1416,1.);
#1416 = DIRECTION('',(-1.,0.));
#1417 = ( GEOMETRIC_REPRESENTATION_CONTEXT(2) 
PARAMETRIC_REPRESENTATION_CONTEXT() REPRESENTATION_CONTEXT('2D SPACE',''
  ) );
#1418 = ORIENTED_EDGE('',*,*,#1419,.T.);
#1419 = EDGE_CURVE('',#1397,#1295,#1420,.T.);
#1420 = SURFACE_CURVE('',#1421,(#1426,#1437),.PCURVE_S1.);
#1421 = CIRCLE('',#1422,2.2);
#1422 = AXIS2_PLACEMENT_3D('',#1423,#1424,#1425);
#1423 = CARTESIAN_POINT('',(-19.5,5.3,119.5));
#1424 = DIRECTION('',(-1.,1.110223024625E-16,-1.110223024625E-16));
#1425 = DIRECTION('',(-1.110223024625E-16,-1.,0.));
#1426 = PCURVE('',#376,#1427);
#1427 = DEFINITIONAL_REPRESENTATION('',(#1428),#1436);
#1428 = ( BOUNDED_CURVE() B_SPLINE_CURVE(2,(#1429,#1430,#1431,#1432,
#1433,#1434,#1435),.UNSPECIFIED.,.T.,.F.) B_SPLINE_CURVE_WITH_KNOTS((1,2
    ,2,2,2,1),(-2.094395102393,0.,2.094395102393,4.188790204786,
6.28318530718,8.377580409573),.UNSPECIFIED.) CURVE() 
GEOMETRIC_REPRESENTATION_ITEM() RATIONAL_B_SPLINE_CURVE((1.,0.5,1.,0.5,
1.,0.5,1.)) REPRESENTATION_ITEM('') );
#1429 = CARTESIAN_POINT('',(3.1,-22.62739969301));
#1430 = CARTESIAN_POINT('',(3.1,-18.81688791636));
#1431 = CARTESIAN_POINT('',(6.4,-20.72214380469));
#1432 = CARTESIAN_POINT('',(9.7,-22.62739969301));
#1433 = CARTESIAN_POINT('',(6.4,-24.53265558134));
#1434 = CARTESIAN_POINT('',(3.1,-26.43791146967));
#1435 = CARTESIAN_POINT('',(3.1,-22.62739969301));
#1436 = ( GEOMETRIC_REPRESENTATION_CONTEXT(2) 
PARAMETRIC_REPRESENTATION_CONTEXT() REPRESENTATION_CONTEXT('2D SPACE',''
  ) );
#1437 = PCURVE('',#876,#1438);
#1438 = DEFINITIONAL_REPRESENTATION('',(#1439),#1443);
#1439 = LINE('',#1440,#1441);
#1440 = CARTESIAN_POINT('',(0.,-6.));
#1441 = VECTOR('',#1442,1.);
#1442 = DIRECTION('',(1.,0.));
#1443 = ( GEOMETRIC_REPRESENTATION_CONTEXT(2) 
PARAMETRIC_REPRESENTATION_CONTEXT() REPRESENTATION_CONTEXT('2D SPACE',''
  ) );
#1444 = FACE_BOUND('',#1445,.T.);
#1445 = EDGE_LOOP('',(#1446));
#1446 = ORIENTED_EDGE('',*,*,#1447,.T.);
#1447 = EDGE_CURVE('',#1448,#1448,#1450,.T.);
#1448 = VERTEX_POINT('',#1449);
#1449 = CARTESIAN_POINT('',(-19.5,-5.3,162.3));
#1450 = SURFACE_CURVE('',#1451,(#1456,#1467),.PCURVE_S1.);
#1451 = CIRCLE('',#1452,1.7);
#1452 = AXIS2_PLACEMENT_3D('',#1453,#1454,#1455);
#1453 = CARTESIAN_POINT('',(-19.5,-7.,162.3));
#1454 = DIRECTION('',(-1.,1.110223024625E-16,0.));
#1455 = DIRECTION('',(1.110223024625E-16,1.,0.));
#1456 = PCURVE('',#376,#1457);
#1457 = DEFINITIONAL_REPRESENTATION('',(#1458),#1466);
#1458 = ( BOUNDED_CURVE() B_SPLINE_CURVE(2,(#1459,#1460,#1461,#1462,
#1463,#1464,#1465),.UNSPECIFIED.,.T.,.F.) B_SPLINE_CURVE_WITH_KNOTS((1,2
    ,2,2,2,1),(-2.094395102393,0.,2.094395102393,4.188790204786,
6.28318530718,8.377580409573),.UNSPECIFIED.) CURVE() 
GEOMETRIC_REPRESENTATION_ITEM() RATIONAL_B_SPLINE_CURVE((1.,0.5,1.,0.5,
1.,0.5,1.)) REPRESENTATION_ITEM('') );
#1459 = CARTESIAN_POINT('',(-5.3,20.172600306981));
#1460 = CARTESIAN_POINT('',(-5.3,17.228113934113));
#1461 = CARTESIAN_POINT('',(-7.85,18.700357120547));
#1462 = CARTESIAN_POINT('',(-10.4,20.172600306981));
#1463 = CARTESIAN_POINT('',(-7.85,21.644843493414));
#1464 = CARTESIAN_POINT('',(-5.3,23.117086679848));
#1465 = CARTESIAN_POINT('',(-5.3,20.172600306981));
#1466 = ( GEOMETRIC_REPRESENTATION_CONTEXT(2) 
PARAMETRIC_REPRESENTATION_CONTEXT() REPRESENTATION_CONTEXT('2D SPACE',''
  ) );
#1467 = PCURVE('',#1468,#1473);
#1468 = CYLINDRICAL_SURFACE('',#1469,1.7);
#1469 = AXIS2_PLACEMENT_3D('',#1470,#1471,#1472);
#1470 = CARTESIAN_POINT('',(-25.5,-7.,162.3));
#1471 = DIRECTION('',(-1.,1.110223024625E-16,0.));
#1472 = DIRECTION('',(1.110223024625E-16,1.,0.));
#1473 = DEFINITIONAL_REPRESENTATION('',(#1474),#1478);
#1474 = LINE('',#1475,#1476);
#1475 = CARTESIAN_POINT('',(-6.28318530718,-6.));
#1476 = VECTOR('',#1477,1.);
#1477 = DIRECTION('',(1.,-0.));
#1478 = ( GEOMETRIC_REPRESENTATION_CONTEXT(2) 
PARAMETRIC_REPRESENTATION_CONTEXT() REPRESENTATION_CONTEXT('2D SPACE',''
  ) );
#1479 = FACE_BOUND('',#1480,.T.);
#1480 = EDGE_LOOP('',(#1481,#1506,#1534,#1557,#1585,#1608));
#1481 = ORIENTED_EDGE('',*,*,#1482,.F.);
#1482 = EDGE_CURVE('',#1483,#1485,#1487,.T.);
#1483 = VERTEX_POINT('',#1484);
#1484 = CARTESIAN_POINT('',(-19.5,1.428657787414,154.3));
#1485 = VERTEX_POINT('',#1486);
#1486 = CARTESIAN_POINT('',(-19.5,-5.3,154.3));
#1487 = SURFACE_CURVE('',#1488,(#1492,#1499),.PCURVE_S1.);
#1488 = LINE('',#1489,#1490);
#1489 = CARTESIAN_POINT('',(-19.5,-2.65,154.3));
#1490 = VECTOR('',#1491,1.);
#1491 = DIRECTION('',(-1.110223024625E-16,-1.,0.));
#1492 = PCURVE('',#376,#1493);
#1493 = DEFINITIONAL_REPRESENTATION('',(#1494),#1498);
#1494 = LINE('',#1495,#1496);
#1495 = CARTESIAN_POINT('',(-2.65,12.172600306981));
#1496 = VECTOR('',#1497,1.);
#1497 = DIRECTION('',(-1.,0.));
#1498 = ( GEOMETRIC_REPRESENTATION_CONTEXT(2) 
PARAMETRIC_REPRESENTATION_CONTEXT() REPRESENTATION_CONTEXT('2D SPACE',''
  ) );
#1499 = PCURVE('',#943,#1500);
#1500 = DEFINITIONAL_REPRESENTATION('',(#1501),#1505);
#1501 = LINE('',#1502,#1503);
#1502 = CARTESIAN_POINT('',(2.65,-6.));
#1503 = VECTOR('',#1504,1.);
#1504 = DIRECTION('',(-1.,0.));
#1505 = ( GEOMETRIC_REPRESENTATION_CONTEXT(2) 
PARAMETRIC_REPRESENTATION_CONTEXT() REPRESENTATION_CONTEXT('2D SPACE',''
  ) );
#1506 = ORIENTED_EDGE('',*,*,#1507,.T.);
#1507 = EDGE_CURVE('',#1483,#1508,#1510,.T.);
#1508 = VERTEX_POINT('',#1509);
#1509 = CARTESIAN_POINT('',(-19.5,3.467484177505,151.27344876077));
#1510 = SURFACE_CURVE('',#1511,(#1516,#1527),.PCURVE_S1.);
#1511 = CIRCLE('',#1512,2.2);
#1512 = AXIS2_PLACEMENT_3D('',#1513,#1514,#1515);
#1513 = CARTESIAN_POINT('',(-19.5,1.428657787414,152.1));
#1514 = DIRECTION('',(-1.,1.110223024625E-16,-1.110223024625E-16));
#1515 = DIRECTION('',(-1.110223024625E-16,-1.,0.));
#1516 = PCURVE('',#376,#1517);
#1517 = DEFINITIONAL_REPRESENTATION('',(#1518),#1526);
#1518 = ( BOUNDED_CURVE() B_SPLINE_CURVE(2,(#1519,#1520,#1521,#1522,
#1523,#1524,#1525),.UNSPECIFIED.,.T.,.F.) B_SPLINE_CURVE_WITH_KNOTS((1,2
    ,2,2,2,1),(-2.094395102393,0.,2.094395102393,4.188790204786,
6.28318530718,8.377580409573),.UNSPECIFIED.) CURVE() 
GEOMETRIC_REPRESENTATION_ITEM() RATIONAL_B_SPLINE_CURVE((1.,0.5,1.,0.5,
1.,0.5,1.)) REPRESENTATION_ITEM('') );
#1519 = CARTESIAN_POINT('',(-0.771342212586,9.972600306981));
#1520 = CARTESIAN_POINT('',(-0.771342212586,13.783112083632));
#1521 = CARTESIAN_POINT('',(2.528657787414,11.877856195306));
#1522 = CARTESIAN_POINT('',(5.828657787414,9.972600306981));
#1523 = CARTESIAN_POINT('',(2.528657787414,8.067344418655));
#1524 = CARTESIAN_POINT('',(-0.771342212586,6.162088530329));
#1525 = CARTESIAN_POINT('',(-0.771342212586,9.972600306981));
#1526 = ( GEOMETRIC_REPRESENTATION_CONTEXT(2) 
PARAMETRIC_REPRESENTATION_CONTEXT() REPRESENTATION_CONTEXT('2D SPACE',''
  ) );
#1527 = PCURVE('',#976,#1528);
#1528 = DEFINITIONAL_REPRESENTATION('',(#1529),#1533);
#1529 = LINE('',#1530,#1531);
#1530 = CARTESIAN_POINT('',(0.,-6.));
#1531 = VECTOR('',#1532,1.);
#1532 = DIRECTION('',(1.,0.));
#1533 = ( GEOMETRIC_REPRESENTATION_CONTEXT(2) 
PARAMETRIC_REPRESENTATION_CONTEXT() REPRESENTATION_CONTEXT('2D SPACE',''
  ) );
#1534 = ORIENTED_EDGE('',*,*,#1535,.F.);
#1535 = EDGE_CURVE('',#1536,#1508,#1538,.T.);
#1536 = VERTEX_POINT('',#1537);
#1537 = CARTESIAN_POINT('',(-19.5,-3.261173609909,134.67609288515));
#1538 = SURFACE_CURVE('',#1539,(#1543,#1550),.PCURVE_S1.);
#1539 = LINE('',#1540,#1541);
#1540 = CARTESIAN_POINT('',(-19.5,1.630520196155,146.74227094011));
#1541 = VECTOR('',#1542,1.);
#1542 = DIRECTION('',(-6.117708112143E-17,0.375705108739,0.926739268223)
  );
#1543 = PCURVE('',#376,#1544);
#1544 = DEFINITIONAL_REPRESENTATION('',(#1545),#1549);
#1545 = LINE('',#1546,#1547);
#1546 = CARTESIAN_POINT('',(1.630520196155,4.614871247092));
#1547 = VECTOR('',#1548,1.);
#1548 = DIRECTION('',(0.375705108739,0.926739268223));
#1549 = ( GEOMETRIC_REPRESENTATION_CONTEXT(2) 
PARAMETRIC_REPRESENTATION_CONTEXT() REPRESENTATION_CONTEXT('2D SPACE',''
  ) );
#1550 = PCURVE('',#1004,#1551);
#1551 = DEFINITIONAL_REPRESENTATION('',(#1552),#1556);
#1552 = LINE('',#1553,#1554);
#1553 = CARTESIAN_POINT('',(4.889377170073,-6.));
#1554 = VECTOR('',#1555,1.);
#1555 = DIRECTION('',(-1.,0.));
#1556 = ( GEOMETRIC_REPRESENTATION_CONTEXT(2) 
PARAMETRIC_REPRESENTATION_CONTEXT() REPRESENTATION_CONTEXT('2D SPACE',''
  ) );
#1557 = ORIENTED_EDGE('',*,*,#1558,.T.);
#1558 = EDGE_CURVE('',#1536,#1559,#1561,.T.);
#1559 = VERTEX_POINT('',#1560);
#1560 = CARTESIAN_POINT('',(-19.5,-7.5,135.50264412438));
#1561 = SURFACE_CURVE('',#1562,(#1567,#1578),.PCURVE_S1.);
#1562 = CIRCLE('',#1563,2.2);
#1563 = AXIS2_PLACEMENT_3D('',#1564,#1565,#1566);
#1564 = CARTESIAN_POINT('',(-19.5,-5.3,135.50264412438));
#1565 = DIRECTION('',(-1.,1.110223024625E-16,-1.110223024625E-16));
#1566 = DIRECTION('',(-1.110223024625E-16,-1.,0.));
#1567 = PCURVE('',#376,#1568);
#1568 = DEFINITIONAL_REPRESENTATION('',(#1569),#1577);
#1569 = ( BOUNDED_CURVE() B_SPLINE_CURVE(2,(#1570,#1571,#1572,#1573,
#1574,#1575,#1576),.UNSPECIFIED.,.T.,.F.) B_SPLINE_CURVE_WITH_KNOTS((1,2
    ,2,2,2,1),(-2.094395102393,0.,2.094395102393,4.188790204786,
6.28318530718,8.377580409573),.UNSPECIFIED.) CURVE() 
GEOMETRIC_REPRESENTATION_ITEM() RATIONAL_B_SPLINE_CURVE((1.,0.5,1.,0.5,
1.,0.5,1.)) REPRESENTATION_ITEM('') );
#1570 = CARTESIAN_POINT('',(-7.5,-6.624755568639));
#1571 = CARTESIAN_POINT('',(-7.5,-2.814243791988));
#1572 = CARTESIAN_POINT('',(-4.2,-4.719499680314));
#1573 = CARTESIAN_POINT('',(-0.9,-6.624755568639));
#1574 = CARTESIAN_POINT('',(-4.2,-8.530011456965));
#1575 = CARTESIAN_POINT('',(-7.5,-10.43526734529));
#1576 = CARTESIAN_POINT('',(-7.5,-6.624755568639));
#1577 = ( GEOMETRIC_REPRESENTATION_CONTEXT(2) 
PARAMETRIC_REPRESENTATION_CONTEXT() REPRESENTATION_CONTEXT('2D SPACE',''
  ) );
#1578 = PCURVE('',#1037,#1579);
#1579 = DEFINITIONAL_REPRESENTATION('',(#1580),#1584);
#1580 = LINE('',#1581,#1582);
#1581 = CARTESIAN_POINT('',(0.,-6.));
#1582 = VECTOR('',#1583,1.);
#1583 = DIRECTION('',(1.,0.));
#1584 = ( GEOMETRIC_REPRESENTATION_CONTEXT(2) 
PARAMETRIC_REPRESENTATION_CONTEXT() REPRESENTATION_CONTEXT('2D SPACE',''
  ) );
#1585 = ORIENTED_EDGE('',*,*,#1586,.F.);
#1586 = EDGE_CURVE('',#1587,#1559,#1589,.T.);
#1587 = VERTEX_POINT('',#1588);
#1588 = CARTESIAN_POINT('',(-19.5,-7.5,152.1));
#1589 = SURFACE_CURVE('',#1590,(#1594,#1601),.PCURVE_S1.);
#1590 = LINE('',#1591,#1592);
#1591 = CARTESIAN_POINT('',(-19.5,-7.5,138.8150219087));
#1592 = VECTOR('',#1593,1.);
#1593 = DIRECTION('',(1.110223024625E-16,-1.232595164408E-32,-1.));
#1594 = PCURVE('',#376,#1595);
#1595 = DEFINITIONAL_REPRESENTATION('',(#1596),#1600);
#1596 = LINE('',#1597,#1598);
#1597 = CARTESIAN_POINT('',(-7.5,-3.31237778432));
#1598 = VECTOR('',#1599,1.);
#1599 = DIRECTION('',(0.,-1.));
#1600 = ( GEOMETRIC_REPRESENTATION_CONTEXT(2) 
PARAMETRIC_REPRESENTATION_CONTEXT() REPRESENTATION_CONTEXT('2D SPACE',''
  ) );
#1601 = PCURVE('',#1065,#1602);
#1602 = DEFINITIONAL_REPRESENTATION('',(#1603),#1607);
#1603 = LINE('',#1604,#1605);
#1604 = CARTESIAN_POINT('',(3.31237778432,-6.));
#1605 = VECTOR('',#1606,1.);
#1606 = DIRECTION('',(-1.,0.));
#1607 = ( GEOMETRIC_REPRESENTATION_CONTEXT(2) 
PARAMETRIC_REPRESENTATION_CONTEXT() REPRESENTATION_CONTEXT('2D SPACE',''
  ) );
#1608 = ORIENTED_EDGE('',*,*,#1609,.T.);
#1609 = EDGE_CURVE('',#1587,#1485,#1610,.T.);
#1610 = SURFACE_CURVE('',#1611,(#1616,#1627),.PCURVE_S1.);
#1611 = CIRCLE('',#1612,2.2);
#1612 = AXIS2_PLACEMENT_3D('',#1613,#1614,#1615);
#1613 = CARTESIAN_POINT('',(-19.5,-5.3,152.1));
#1614 = DIRECTION('',(-1.,1.110223024625E-16,-1.110223024625E-16));
#1615 = DIRECTION('',(-1.110223024625E-16,-1.,0.));
#1616 = PCURVE('',#376,#1617);
#1617 = DEFINITIONAL_REPRESENTATION('',(#1618),#1626);
#1618 = ( BOUNDED_CURVE() B_SPLINE_CURVE(2,(#1619,#1620,#1621,#1622,
#1623,#1624,#1625),.UNSPECIFIED.,.T.,.F.) B_SPLINE_CURVE_WITH_KNOTS((1,2
    ,2,2,2,1),(-2.094395102393,0.,2.094395102393,4.188790204786,
6.28318530718,8.377580409573),.UNSPECIFIED.) CURVE() 
GEOMETRIC_REPRESENTATION_ITEM() RATIONAL_B_SPLINE_CURVE((1.,0.5,1.,0.5,
1.,0.5,1.)) REPRESENTATION_ITEM('') );
#1619 = CARTESIAN_POINT('',(-7.5,9.972600306981));
#1620 = CARTESIAN_POINT('',(-7.5,13.783112083632));
#1621 = CARTESIAN_POINT('',(-4.2,11.877856195306));
#1622 = CARTESIAN_POINT('',(-0.9,9.972600306981));
#1623 = CARTESIAN_POINT('',(-4.2,8.067344418655));
#1624 = CARTESIAN_POINT('',(-7.5,6.162088530329));
#1625 = CARTESIAN_POINT('',(-7.5,9.972600306981));
#1626 = ( GEOMETRIC_REPRESENTATION_CONTEXT(2) 
PARAMETRIC_REPRESENTATION_CONTEXT() REPRESENTATION_CONTEXT('2D SPACE',''
  ) );
#1627 = PCURVE('',#1096,#1628);
#1628 = DEFINITIONAL_REPRESENTATION('',(#1629),#1633);
#1629 = LINE('',#1630,#1631);
#1630 = CARTESIAN_POINT('',(0.,-6.));
#1631 = VECTOR('',#1632,1.);
#1632 = DIRECTION('',(1.,0.));
#1633 = ( GEOMETRIC_REPRESENTATION_CONTEXT(2) 
PARAMETRIC_REPRESENTATION_CONTEXT() REPRESENTATION_CONTEXT('2D SPACE',''
  ) );
#1634 = FACE_BOUND('',#1635,.T.);
#1635 = EDGE_LOOP('',(#1636));
#1636 = ORIENTED_EDGE('',*,*,#1637,.T.);
#1637 = EDGE_CURVE('',#1638,#1638,#1640,.T.);
#1638 = VERTEX_POINT('',#1639);
#1639 = CARTESIAN_POINT('',(-19.5,8.7,162.3));
#1640 = SURFACE_CURVE('',#1641,(#1646,#1657),.PCURVE_S1.);
#1641 = CIRCLE('',#1642,1.7);
#1642 = AXIS2_PLACEMENT_3D('',#1643,#1644,#1645);
#1643 = CARTESIAN_POINT('',(-19.5,7.,162.3));
#1644 = DIRECTION('',(-1.,1.110223024625E-16,0.));
#1645 = DIRECTION('',(1.110223024625E-16,1.,0.));
#1646 = PCURVE('',#376,#1647);
#1647 = DEFINITIONAL_REPRESENTATION('',(#1648),#1656);
#1648 = ( BOUNDED_CURVE() B_SPLINE_CURVE(2,(#1649,#1650,#1651,#1652,
#1653,#1654,#1655),.UNSPECIFIED.,.T.,.F.) B_SPLINE_CURVE_WITH_KNOTS((1,2
    ,2,2,2,1),(-2.094395102393,0.,2.094395102393,4.188790204786,
6.28318530718,8.377580409573),.UNSPECIFIED.) CURVE() 
GEOMETRIC_REPRESENTATION_ITEM() RATIONAL_B_SPLINE_CURVE((1.,0.5,1.,0.5,
1.,0.5,1.)) REPRESENTATION_ITEM('') );
#1649 = CARTESIAN_POINT('',(8.7,20.172600306981));
#1650 = CARTESIAN_POINT('',(8.7,17.228113934113));
#1651 = CARTESIAN_POINT('',(6.15,18.700357120547));
#1652 = CARTESIAN_POINT('',(3.6,20.172600306981));
#1653 = CARTESIAN_POINT('',(6.15,21.644843493414));
#1654 = CARTESIAN_POINT('',(8.7,23.117086679848));
#1655 = CARTESIAN_POINT('',(8.7,20.172600306981));
#1656 = ( GEOMETRIC_REPRESENTATION_CONTEXT(2) 
PARAMETRIC_REPRESENTATION_CONTEXT() REPRESENTATION_CONTEXT('2D SPACE',''
  ) );
#1657 = PCURVE('',#1658,#1663);
#1658 = CYLINDRICAL_SURFACE('',#1659,1.7);
#1659 = AXIS2_PLACEMENT_3D('',#1660,#1661,#1662);
#1660 = CARTESIAN_POINT('',(-25.5,7.,162.3));
#1661 = DIRECTION('',(-1.,1.110223024625E-16,0.));
#1662 = DIRECTION('',(1.110223024625E-16,1.,0.));
#1663 = DEFINITIONAL_REPRESENTATION('',(#1664),#1668);
#1664 = LINE('',#1665,#1666);
#1665 = CARTESIAN_POINT('',(-6.28318530718,-6.));
#1666 = VECTOR('',#1667,1.);
#1667 = DIRECTION('',(1.,-0.));
#1668 = ( GEOMETRIC_REPRESENTATION_CONTEXT(2) 
PARAMETRIC_REPRESENTATION_CONTEXT() REPRESENTATION_CONTEXT('2D SPACE',''
  ) );
#1669 = FACE_BOUND('',#1670,.T.);
#1670 = EDGE_LOOP('',(#1671,#1701,#1729,#1757));
#1671 = ORIENTED_EDGE('',*,*,#1672,.T.);
#1672 = EDGE_CURVE('',#1673,#1675,#1677,.T.);
#1673 = VERTEX_POINT('',#1674);
#1674 = CARTESIAN_POINT('',(-19.5,5.,176.9));
#1675 = VERTEX_POINT('',#1676);
#1676 = CARTESIAN_POINT('',(-19.5,-5.,176.9));
#1677 = SURFACE_CURVE('',#1678,(#1682,#1689),.PCURVE_S1.);
#1678 = LINE('',#1679,#1680);
#1679 = CARTESIAN_POINT('',(-19.5,-2.5,176.9));
#1680 = VECTOR('',#1681,1.);
#1681 = DIRECTION('',(-1.110223024625E-16,-1.,0.));
#1682 = PCURVE('',#376,#1683);
#1683 = DEFINITIONAL_REPRESENTATION('',(#1684),#1688);
#1684 = LINE('',#1685,#1686);
#1685 = CARTESIAN_POINT('',(-2.5,34.772600306981));
#1686 = VECTOR('',#1687,1.);
#1687 = DIRECTION('',(-1.,0.));
#1688 = ( GEOMETRIC_REPRESENTATION_CONTEXT(2) 
PARAMETRIC_REPRESENTATION_CONTEXT() REPRESENTATION_CONTEXT('2D SPACE',''
  ) );
#1689 = PCURVE('',#1690,#1695);
#1690 = PLANE('',#1691);
#1691 = AXIS2_PLACEMENT_3D('',#1692,#1693,#1694);
#1692 = CARTESIAN_POINT('',(-7.2,-5.,176.9));
#1693 = DIRECTION('',(0.,0.,1.));
#1694 = DIRECTION('',(1.110223024625E-16,1.,0.));
#1695 = DEFINITIONAL_REPRESENTATION('',(#1696),#1700);
#1696 = LINE('',#1697,#1698);
#1697 = CARTESIAN_POINT('',(2.5,12.3));
#1698 = VECTOR('',#1699,1.);
#1699 = DIRECTION('',(-1.,0.));
#1700 = ( GEOMETRIC_REPRESENTATION_CONTEXT(2) 
PARAMETRIC_REPRESENTATION_CONTEXT() REPRESENTATION_CONTEXT('2D SPACE',''
  ) );
#1701 = ORIENTED_EDGE('',*,*,#1702,.T.);
#1702 = EDGE_CURVE('',#1675,#1703,#1705,.T.);
#1703 = VERTEX_POINT('',#1704);
#1704 = CARTESIAN_POINT('',(-19.5,-5.,192.9));
#1705 = SURFACE_CURVE('',#1706,(#1710,#1717),.PCURVE_S1.);
#1706 = LINE('',#1707,#1708);
#1707 = CARTESIAN_POINT('',(-19.5,-5.,159.51369984651));
#1708 = VECTOR('',#1709,1.);
#1709 = DIRECTION('',(-1.110223024625E-16,1.232595164408E-32,1.));
#1710 = PCURVE('',#376,#1711);
#1711 = DEFINITIONAL_REPRESENTATION('',(#1712),#1716);
#1712 = LINE('',#1713,#1714);
#1713 = CARTESIAN_POINT('',(-5.,17.38630015349));
#1714 = VECTOR('',#1715,1.);
#1715 = DIRECTION('',(0.,1.));
#1716 = ( GEOMETRIC_REPRESENTATION_CONTEXT(2) 
PARAMETRIC_REPRESENTATION_CONTEXT() REPRESENTATION_CONTEXT('2D SPACE',''
  ) );
#1717 = PCURVE('',#1718,#1723);
#1718 = PLANE('',#1719);
#1719 = AXIS2_PLACEMENT_3D('',#1720,#1721,#1722);
#1720 = CARTESIAN_POINT('',(-7.2,-5.,176.9));
#1721 = DIRECTION('',(1.110223024625E-16,1.,0.));
#1722 = DIRECTION('',(0.,0.,1.));
#1723 = DEFINITIONAL_REPRESENTATION('',(#1724),#1728);
#1724 = LINE('',#1725,#1726);
#1725 = CARTESIAN_POINT('',(-17.38630015349,-12.3));
#1726 = VECTOR('',#1727,1.);
#1727 = DIRECTION('',(1.,-1.110223024625E-16));
#1728 = ( GEOMETRIC_REPRESENTATION_CONTEXT(2) 
PARAMETRIC_REPRESENTATION_CONTEXT() REPRESENTATION_CONTEXT('2D SPACE',''
  ) );
#1729 = ORIENTED_EDGE('',*,*,#1730,.F.);
#1730 = EDGE_CURVE('',#1731,#1703,#1733,.T.);
#1731 = VERTEX_POINT('',#1732);
#1732 = CARTESIAN_POINT('',(-19.5,5.,192.9));
#1733 = SURFACE_CURVE('',#1734,(#1738,#1745),.PCURVE_S1.);
#1734 = LINE('',#1735,#1736);
#1735 = CARTESIAN_POINT('',(-19.5,-2.5,192.9));
#1736 = VECTOR('',#1737,1.);
#1737 = DIRECTION('',(-1.110223024625E-16,-1.,0.));
#1738 = PCURVE('',#376,#1739);
#1739 = DEFINITIONAL_REPRESENTATION('',(#1740),#1744);
#1740 = LINE('',#1741,#1742);
#1741 = CARTESIAN_POINT('',(-2.5,50.772600306981));
#1742 = VECTOR('',#1743,1.);
#1743 = DIRECTION('',(-1.,0.));
#1744 = ( GEOMETRIC_REPRESENTATION_CONTEXT(2) 
PARAMETRIC_REPRESENTATION_CONTEXT() REPRESENTATION_CONTEXT('2D SPACE',''
  ) );
#1745 = PCURVE('',#1746,#1751);
#1746 = PLANE('',#1747);
#1747 = AXIS2_PLACEMENT_3D('',#1748,#1749,#1750);
#1748 = CARTESIAN_POINT('',(-7.2,-5.,192.9));
#1749 = DIRECTION('',(0.,0.,1.));
#1750 = DIRECTION('',(1.110223024625E-16,1.,0.));
#1751 = DEFINITIONAL_REPRESENTATION('',(#1752),#1756);
#1752 = LINE('',#1753,#1754);
#1753 = CARTESIAN_POINT('',(2.5,12.3));
#1754 = VECTOR('',#1755,1.);
#1755 = DIRECTION('',(-1.,0.));
#1756 = ( GEOMETRIC_REPRESENTATION_CONTEXT(2) 
PARAMETRIC_REPRESENTATION_CONTEXT() REPRESENTATION_CONTEXT('2D SPACE',''
  ) );
#1757 = ORIENTED_EDGE('',*,*,#1758,.F.);
#1758 = EDGE_CURVE('',#1673,#1731,#1759,.T.);
#1759 = SURFACE_CURVE('',#1760,(#1764,#1771),.PCURVE_S1.);
#1760 = LINE('',#1761,#1762);
#1761 = CARTESIAN_POINT('',(-19.5,5.,159.51369984651));
#1762 = VECTOR('',#1763,1.);
#1763 = DIRECTION('',(-1.110223024625E-16,1.232595164408E-32,1.));
#1764 = PCURVE('',#376,#1765);
#1765 = DEFINITIONAL_REPRESENTATION('',(#1766),#1770);
#1766 = LINE('',#1767,#1768);
#1767 = CARTESIAN_POINT('',(5.,17.38630015349));
#1768 = VECTOR('',#1769,1.);
#1769 = DIRECTION('',(0.,1.));
#1770 = ( GEOMETRIC_REPRESENTATION_CONTEXT(2) 
PARAMETRIC_REPRESENTATION_CONTEXT() REPRESENTATION_CONTEXT('2D SPACE',''
  ) );
#1771 = PCURVE('',#1772,#1777);
#1772 = PLANE('',#1773);
#1773 = AXIS2_PLACEMENT_3D('',#1774,#1775,#1776);
#1774 = CARTESIAN_POINT('',(-7.2,5.,176.9));
#1775 = DIRECTION('',(1.110223024625E-16,1.,0.));
#1776 = DIRECTION('',(0.,0.,1.));
#1777 = DEFINITIONAL_REPRESENTATION('',(#1778),#1782);
#1778 = LINE('',#1779,#1780);
#1779 = CARTESIAN_POINT('',(-17.38630015349,-12.3));
#1780 = VECTOR('',#1781,1.);
#1781 = DIRECTION('',(1.,-1.110223024625E-16));
#1782 = ( GEOMETRIC_REPRESENTATION_CONTEXT(2) 
PARAMETRIC_REPRESENTATION_CONTEXT() REPRESENTATION_CONTEXT('2D SPACE',''
  ) );
#1783 = ADVANCED_FACE('',(#1784),#350,.T.);
#1784 = FACE_BOUND('',#1785,.T.);
#1785 = EDGE_LOOP('',(#1786,#1787,#1788,#1809));
#1786 = ORIENTED_EDGE('',*,*,#334,.F.);
#1787 = ORIENTED_EDGE('',*,*,#392,.T.);
#1788 = ORIENTED_EDGE('',*,*,#1789,.T.);
#1789 = EDGE_CURVE('',#393,#1210,#1790,.T.);
#1790 = SURFACE_CURVE('',#1791,(#1795,#1802),.PCURVE_S1.);
#1791 = LINE('',#1792,#1793);
#1792 = CARTESIAN_POINT('',(-20.3,-14.99916895204,190.45789473684));
#1793 = VECTOR('',#1794,1.);
#1794 = DIRECTION('',(0.707106781187,0.70706760521,-7.443229275649E-03)
  );
#1795 = PCURVE('',#350,#1796);
#1796 = DEFINITIONAL_REPRESENTATION('',(#1797),#1801);
#1797 = LINE('',#1798,#1799);
#1798 = CARTESIAN_POINT('',(-3.120539633208,-0.));
#1799 = VECTOR('',#1800,1.);
#1800 = DIRECTION('',(-0.,-1.));
#1801 = ( GEOMETRIC_REPRESENTATION_CONTEXT(2) 
PARAMETRIC_REPRESENTATION_CONTEXT() REPRESENTATION_CONTEXT('2D SPACE',''
  ) );
#1802 = PCURVE('',#479,#1803);
#1803 = DEFINITIONAL_REPRESENTATION('',(#1804),#1808);
#1804 = LINE('',#1805,#1806);
#1805 = CARTESIAN_POINT('',(-1.575042180013E-14,-0.565685424949));
#1806 = VECTOR('',#1807,1.);
#1807 = DIRECTION('',(-1.472780231104E-15,1.));
#1808 = ( GEOMETRIC_REPRESENTATION_CONTEXT(2) 
PARAMETRIC_REPRESENTATION_CONTEXT() REPRESENTATION_CONTEXT('2D SPACE',''
  ) );
#1809 = ORIENTED_EDGE('',*,*,#1209,.F.);
#1810 = ADVANCED_FACE('',(#1811),#506,.T.);
#1811 = FACE_BOUND('',#1812,.F.);
#1812 = EDGE_LOOP('',(#1813,#1814,#1815,#1816));
#1813 = ORIENTED_EDGE('',*,*,#1183,.F.);
#1814 = ORIENTED_EDGE('',*,*,#492,.T.);
#1815 = ORIENTED_EDGE('',*,*,#521,.T.);
#1816 = ORIENTED_EDGE('',*,*,#646,.F.);
#1817 = ADVANCED_FACE('',(#1818),#479,.F.);
#1818 = FACE_BOUND('',#1819,.T.);
#1819 = EDGE_LOOP('',(#1820,#1821,#1822,#1823));
#1820 = ORIENTED_EDGE('',*,*,#1789,.F.);
#1821 = ORIENTED_EDGE('',*,*,#465,.T.);
#1822 = ORIENTED_EDGE('',*,*,#571,.T.);
#1823 = ORIENTED_EDGE('',*,*,#1233,.F.);
#1824 = ADVANCED_FACE('',(#1825),#691,.F.);
#1825 = FACE_BOUND('',#1826,.T.);
#1826 = EDGE_LOOP('',(#1827,#1828,#1851,#1878));
#1827 = ORIENTED_EDGE('',*,*,#670,.T.);
#1828 = ORIENTED_EDGE('',*,*,#1829,.T.);
#1829 = EDGE_CURVE('',#671,#1830,#1832,.T.);
#1830 = VERTEX_POINT('',#1831);
#1831 = CARTESIAN_POINT('',(-22.3,3.2,95.3));
#1832 = SEAM_CURVE('',#1833,(#1837,#1844),.PCURVE_S1.);
#1833 = LINE('',#1834,#1835);
#1834 = CARTESIAN_POINT('',(-25.5,3.2,95.3));
#1835 = VECTOR('',#1836,1.);
#1836 = DIRECTION('',(1.,-1.110223024625E-16,0.));
#1837 = PCURVE('',#691,#1838);
#1838 = DEFINITIONAL_REPRESENTATION('',(#1839),#1843);
#1839 = LINE('',#1840,#1841);
#1840 = CARTESIAN_POINT('',(-6.28318530718,0.));
#1841 = VECTOR('',#1842,1.);
#1842 = DIRECTION('',(-0.,-1.));
#1843 = ( GEOMETRIC_REPRESENTATION_CONTEXT(2) 
PARAMETRIC_REPRESENTATION_CONTEXT() REPRESENTATION_CONTEXT('2D SPACE',''
  ) );
#1844 = PCURVE('',#691,#1845);
#1845 = DEFINITIONAL_REPRESENTATION('',(#1846),#1850);
#1846 = LINE('',#1847,#1848);
#1847 = CARTESIAN_POINT('',(-0.,0.));
#1848 = VECTOR('',#1849,1.);
#1849 = DIRECTION('',(-0.,-1.));
#1850 = ( GEOMETRIC_REPRESENTATION_CONTEXT(2) 
PARAMETRIC_REPRESENTATION_CONTEXT() REPRESENTATION_CONTEXT('2D SPACE',''
  ) );
#1851 = ORIENTED_EDGE('',*,*,#1852,.T.);
#1852 = EDGE_CURVE('',#1830,#1830,#1853,.T.);
#1853 = SURFACE_CURVE('',#1854,(#1859,#1866),.PCURVE_S1.);
#1854 = CIRCLE('',#1855,3.2);
#1855 = AXIS2_PLACEMENT_3D('',#1856,#1857,#1858);
#1856 = CARTESIAN_POINT('',(-22.3,2.475797344914E-15,95.3));
#1857 = DIRECTION('',(1.,-1.110223024625E-16,0.));
#1858 = DIRECTION('',(1.110223024625E-16,1.,0.));
#1859 = PCURVE('',#691,#1860);
#1860 = DEFINITIONAL_REPRESENTATION('',(#1861),#1865);
#1861 = LINE('',#1862,#1863);
#1862 = CARTESIAN_POINT('',(-0.,-3.2));
#1863 = VECTOR('',#1864,1.);
#1864 = DIRECTION('',(-1.,0.));
#1865 = ( GEOMETRIC_REPRESENTATION_CONTEXT(2) 
PARAMETRIC_REPRESENTATION_CONTEXT() REPRESENTATION_CONTEXT('2D SPACE',''
  ) );
#1866 = PCURVE('',#1867,#1872);
#1867 = PLANE('',#1868);
#1868 = AXIS2_PLACEMENT_3D('',#1869,#1870,#1871);
#1869 = CARTESIAN_POINT('',(-22.3,2.368966084559E-15,95.3));
#1870 = DIRECTION('',(1.,-1.110223024625E-16,-0.));
#1871 = DIRECTION('',(0.,0.,-1.));
#1872 = DEFINITIONAL_REPRESENTATION('',(#1873),#1877);
#1873 = CIRCLE('',#1874,3.2);
#1874 = AXIS2_PLACEMENT_2D('',#1875,#1876);
#1875 = CARTESIAN_POINT('',(0.,1.068312603546E-16));
#1876 = DIRECTION('',(0.,1.));
#1877 = ( GEOMETRIC_REPRESENTATION_CONTEXT(2) 
PARAMETRIC_REPRESENTATION_CONTEXT() REPRESENTATION_CONTEXT('2D SPACE',''
  ) );
#1878 = ORIENTED_EDGE('',*,*,#1829,.F.);
#1879 = ADVANCED_FACE('',(#1880),#723,.F.);
#1880 = FACE_BOUND('',#1881,.F.);
#1881 = EDGE_LOOP('',(#1882,#1883,#1904,#1905));
#1882 = ORIENTED_EDGE('',*,*,#705,.T.);
#1883 = ORIENTED_EDGE('',*,*,#1884,.T.);
#1884 = EDGE_CURVE('',#708,#1295,#1885,.T.);
#1885 = SURFACE_CURVE('',#1886,(#1890,#1897),.PCURVE_S1.);
#1886 = LINE('',#1887,#1888);
#1887 = CARTESIAN_POINT('',(-25.5,5.3,117.3));
#1888 = VECTOR('',#1889,1.);
#1889 = DIRECTION('',(1.,-1.110223024625E-16,1.110223024625E-16));
#1890 = PCURVE('',#723,#1891);
#1891 = DEFINITIONAL_REPRESENTATION('',(#1892),#1896);
#1892 = LINE('',#1893,#1894);
#1893 = CARTESIAN_POINT('',(0.,0.));
#1894 = VECTOR('',#1895,1.);
#1895 = DIRECTION('',(0.,-1.));
#1896 = ( GEOMETRIC_REPRESENTATION_CONTEXT(2) 
PARAMETRIC_REPRESENTATION_CONTEXT() REPRESENTATION_CONTEXT('2D SPACE',''
  ) );
#1897 = PCURVE('',#876,#1898);
#1898 = DEFINITIONAL_REPRESENTATION('',(#1899),#1903);
#1899 = LINE('',#1900,#1901);
#1900 = CARTESIAN_POINT('',(4.712388980385,0.));
#1901 = VECTOR('',#1902,1.);
#1902 = DIRECTION('',(0.,-1.));
#1903 = ( GEOMETRIC_REPRESENTATION_CONTEXT(2) 
PARAMETRIC_REPRESENTATION_CONTEXT() REPRESENTATION_CONTEXT('2D SPACE',''
  ) );
#1904 = ORIENTED_EDGE('',*,*,#1292,.F.);
#1905 = ORIENTED_EDGE('',*,*,#1906,.F.);
#1906 = EDGE_CURVE('',#706,#1293,#1907,.T.);
#1907 = SURFACE_CURVE('',#1908,(#1912,#1919),.PCURVE_S1.);
#1908 = LINE('',#1909,#1910);
#1909 = CARTESIAN_POINT('',(-25.5,-1.428657787413,117.3));
#1910 = VECTOR('',#1911,1.);
#1911 = DIRECTION('',(1.,-1.110223024625E-16,1.110223024625E-16));
#1912 = PCURVE('',#723,#1913);
#1913 = DEFINITIONAL_REPRESENTATION('',(#1914),#1918);
#1914 = LINE('',#1915,#1916);
#1915 = CARTESIAN_POINT('',(6.728657787414,-7.47031080041E-16));
#1916 = VECTOR('',#1917,1.);
#1917 = DIRECTION('',(0.,-1.));
#1918 = ( GEOMETRIC_REPRESENTATION_CONTEXT(2) 
PARAMETRIC_REPRESENTATION_CONTEXT() REPRESENTATION_CONTEXT('2D SPACE',''
  ) );
#1919 = PCURVE('',#756,#1920);
#1920 = DEFINITIONAL_REPRESENTATION('',(#1921),#1925);
#1921 = LINE('',#1922,#1923);
#1922 = CARTESIAN_POINT('',(4.712388980385,0.));
#1923 = VECTOR('',#1924,1.);
#1924 = DIRECTION('',(0.,-1.));
#1925 = ( GEOMETRIC_REPRESENTATION_CONTEXT(2) 
PARAMETRIC_REPRESENTATION_CONTEXT() REPRESENTATION_CONTEXT('2D SPACE',''
  ) );
#1926 = ADVANCED_FACE('',(#1927),#756,.F.);
#1927 = FACE_BOUND('',#1928,.F.);
#1928 = EDGE_LOOP('',(#1929,#1930,#1931,#1932));
#1929 = ORIENTED_EDGE('',*,*,#735,.F.);
#1930 = ORIENTED_EDGE('',*,*,#1906,.T.);
#1931 = ORIENTED_EDGE('',*,*,#1317,.T.);
#1932 = ORIENTED_EDGE('',*,*,#1933,.F.);
#1933 = EDGE_CURVE('',#736,#1318,#1934,.T.);
#1934 = SURFACE_CURVE('',#1935,(#1939,#1946),.PCURVE_S1.);
#1935 = LINE('',#1936,#1937);
#1936 = CARTESIAN_POINT('',(-25.5,-3.467484177505,120.32655123922));
#1937 = VECTOR('',#1938,1.);
#1938 = DIRECTION('',(1.,-1.110223024625E-16,1.110223024625E-16));
#1939 = PCURVE('',#756,#1940);
#1940 = DEFINITIONAL_REPRESENTATION('',(#1941),#1945);
#1941 = LINE('',#1942,#1943);
#1942 = CARTESIAN_POINT('',(6.668342813543,0.));
#1943 = VECTOR('',#1944,1.);
#1944 = DIRECTION('',(0.,-1.));
#1945 = ( GEOMETRIC_REPRESENTATION_CONTEXT(2) 
PARAMETRIC_REPRESENTATION_CONTEXT() REPRESENTATION_CONTEXT('2D SPACE',''
  ) );
#1946 = PCURVE('',#784,#1947);
#1947 = DEFINITIONAL_REPRESENTATION('',(#1948),#1952);
#1948 = LINE('',#1949,#1950);
#1949 = CARTESIAN_POINT('',(0.,0.));
#1950 = VECTOR('',#1951,1.);
#1951 = DIRECTION('',(0.,-1.));
#1952 = ( GEOMETRIC_REPRESENTATION_CONTEXT(2) 
PARAMETRIC_REPRESENTATION_CONTEXT() REPRESENTATION_CONTEXT('2D SPACE',''
  ) );
#1953 = ADVANCED_FACE('',(#1954),#876,.F.);
#1954 = FACE_BOUND('',#1955,.F.);
#1955 = EDGE_LOOP('',(#1956,#1957,#1978,#1979));
#1956 = ORIENTED_EDGE('',*,*,#857,.F.);
#1957 = ORIENTED_EDGE('',*,*,#1958,.T.);
#1958 = EDGE_CURVE('',#830,#1397,#1959,.T.);
#1959 = SURFACE_CURVE('',#1960,(#1964,#1971),.PCURVE_S1.);
#1960 = LINE('',#1961,#1962);
#1961 = CARTESIAN_POINT('',(-25.5,7.5,119.5));
#1962 = VECTOR('',#1963,1.);
#1963 = DIRECTION('',(1.,-1.110223024625E-16,1.110223024625E-16));
#1964 = PCURVE('',#876,#1965);
#1965 = DEFINITIONAL_REPRESENTATION('',(#1966),#1970);
#1966 = LINE('',#1967,#1968);
#1967 = CARTESIAN_POINT('',(3.14159265359,0.));
#1968 = VECTOR('',#1969,1.);
#1969 = DIRECTION('',(0.,-1.));
#1970 = ( GEOMETRIC_REPRESENTATION_CONTEXT(2) 
PARAMETRIC_REPRESENTATION_CONTEXT() REPRESENTATION_CONTEXT('2D SPACE',''
  ) );
#1971 = PCURVE('',#845,#1972);
#1972 = DEFINITIONAL_REPRESENTATION('',(#1973),#1977);
#1973 = LINE('',#1974,#1975);
#1974 = CARTESIAN_POINT('',(16.59735587562,1.842676664101E-15));
#1975 = VECTOR('',#1976,1.);
#1976 = DIRECTION('',(0.,-1.));
#1977 = ( GEOMETRIC_REPRESENTATION_CONTEXT(2) 
PARAMETRIC_REPRESENTATION_CONTEXT() REPRESENTATION_CONTEXT('2D SPACE',''
  ) );
#1978 = ORIENTED_EDGE('',*,*,#1419,.T.);
#1979 = ORIENTED_EDGE('',*,*,#1884,.F.);
#1980 = ADVANCED_FACE('',(#1981),#784,.F.);
#1981 = FACE_BOUND('',#1982,.F.);
#1982 = EDGE_LOOP('',(#1983,#1984,#1985,#1986));
#1983 = ORIENTED_EDGE('',*,*,#768,.T.);
#1984 = ORIENTED_EDGE('',*,*,#1933,.T.);
#1985 = ORIENTED_EDGE('',*,*,#1345,.F.);
#1986 = ORIENTED_EDGE('',*,*,#1987,.F.);
#1987 = EDGE_CURVE('',#769,#1346,#1988,.T.);
#1988 = SURFACE_CURVE('',#1989,(#1993,#2000),.PCURVE_S1.);
#1989 = LINE('',#1990,#1991);
#1990 = CARTESIAN_POINT('',(-25.5,3.261173609909,136.92390711484));
#1991 = VECTOR('',#1992,1.);
#1992 = DIRECTION('',(1.,-1.110223024625E-16,1.110223024625E-16));
#1993 = PCURVE('',#784,#1994);
#1994 = DEFINITIONAL_REPRESENTATION('',(#1995),#1999);
#1995 = LINE('',#1996,#1997);
#1996 = CARTESIAN_POINT('',(17.909412544305,-1.09564558406E-15));
#1997 = VECTOR('',#1998,1.);
#1998 = DIRECTION('',(0.,-1.));
#1999 = ( GEOMETRIC_REPRESENTATION_CONTEXT(2) 
PARAMETRIC_REPRESENTATION_CONTEXT() REPRESENTATION_CONTEXT('2D SPACE',''
  ) );
#2000 = PCURVE('',#817,#2001);
#2001 = DEFINITIONAL_REPRESENTATION('',(#2002),#2006);
#2002 = LINE('',#2003,#2004);
#2003 = CARTESIAN_POINT('',(0.385157506363,0.));
#2004 = VECTOR('',#2005,1.);
#2005 = DIRECTION('',(0.,-1.));
#2006 = ( GEOMETRIC_REPRESENTATION_CONTEXT(2) 
PARAMETRIC_REPRESENTATION_CONTEXT() REPRESENTATION_CONTEXT('2D SPACE',''
  ) );
#2007 = ADVANCED_FACE('',(#2008),#845,.F.);
#2008 = FACE_BOUND('',#2009,.F.);
#2009 = EDGE_LOOP('',(#2010,#2011,#2032,#2033));
#2010 = ORIENTED_EDGE('',*,*,#829,.T.);
#2011 = ORIENTED_EDGE('',*,*,#2012,.T.);
#2012 = EDGE_CURVE('',#797,#1369,#2013,.T.);
#2013 = SURFACE_CURVE('',#2014,(#2018,#2025),.PCURVE_S1.);
#2014 = LINE('',#2015,#2016);
#2015 = CARTESIAN_POINT('',(-25.5,7.5,136.09735587562));
#2016 = VECTOR('',#2017,1.);
#2017 = DIRECTION('',(1.,-1.110223024625E-16,1.110223024625E-16));
#2018 = PCURVE('',#845,#2019);
#2019 = DEFINITIONAL_REPRESENTATION('',(#2020),#2024);
#2020 = LINE('',#2021,#2022);
#2021 = CARTESIAN_POINT('',(0.,0.));
#2022 = VECTOR('',#2023,1.);
#2023 = DIRECTION('',(0.,-1.));
#2024 = ( GEOMETRIC_REPRESENTATION_CONTEXT(2) 
PARAMETRIC_REPRESENTATION_CONTEXT() REPRESENTATION_CONTEXT('2D SPACE',''
  ) );
#2025 = PCURVE('',#817,#2026);
#2026 = DEFINITIONAL_REPRESENTATION('',(#2027),#2031);
#2027 = LINE('',#2028,#2029);
#2028 = CARTESIAN_POINT('',(3.14159265359,0.));
#2029 = VECTOR('',#2030,1.);
#2030 = DIRECTION('',(0.,-1.));
#2031 = ( GEOMETRIC_REPRESENTATION_CONTEXT(2) 
PARAMETRIC_REPRESENTATION_CONTEXT() REPRESENTATION_CONTEXT('2D SPACE',''
  ) );
#2032 = ORIENTED_EDGE('',*,*,#1396,.F.);
#2033 = ORIENTED_EDGE('',*,*,#1958,.F.);
#2034 = ADVANCED_FACE('',(#2035),#817,.F.);
#2035 = FACE_BOUND('',#2036,.F.);
#2036 = EDGE_LOOP('',(#2037,#2038,#2039,#2040));
#2037 = ORIENTED_EDGE('',*,*,#796,.F.);
#2038 = ORIENTED_EDGE('',*,*,#1987,.T.);
#2039 = ORIENTED_EDGE('',*,*,#1368,.T.);
#2040 = ORIENTED_EDGE('',*,*,#2012,.F.);
#2041 = ADVANCED_FACE('',(#2042),#911,.F.);
#2042 = FACE_BOUND('',#2043,.T.);
#2043 = EDGE_LOOP('',(#2044,#2045,#2068,#2095));
#2044 = ORIENTED_EDGE('',*,*,#890,.T.);
#2045 = ORIENTED_EDGE('',*,*,#2046,.T.);
#2046 = EDGE_CURVE('',#891,#2047,#2049,.T.);
#2047 = VERTEX_POINT('',#2048);
#2048 = CARTESIAN_POINT('',(-22.3,-3.8,162.3));
#2049 = SEAM_CURVE('',#2050,(#2054,#2061),.PCURVE_S1.);
#2050 = LINE('',#2051,#2052);
#2051 = CARTESIAN_POINT('',(-25.5,-3.8,162.3));
#2052 = VECTOR('',#2053,1.);
#2053 = DIRECTION('',(1.,-1.110223024625E-16,0.));
#2054 = PCURVE('',#911,#2055);
#2055 = DEFINITIONAL_REPRESENTATION('',(#2056),#2060);
#2056 = LINE('',#2057,#2058);
#2057 = CARTESIAN_POINT('',(-6.28318530718,0.));
#2058 = VECTOR('',#2059,1.);
#2059 = DIRECTION('',(-0.,-1.));
#2060 = ( GEOMETRIC_REPRESENTATION_CONTEXT(2) 
PARAMETRIC_REPRESENTATION_CONTEXT() REPRESENTATION_CONTEXT('2D SPACE',''
  ) );
#2061 = PCURVE('',#911,#2062);
#2062 = DEFINITIONAL_REPRESENTATION('',(#2063),#2067);
#2063 = LINE('',#2064,#2065);
#2064 = CARTESIAN_POINT('',(-0.,0.));
#2065 = VECTOR('',#2066,1.);
#2066 = DIRECTION('',(-0.,-1.));
#2067 = ( GEOMETRIC_REPRESENTATION_CONTEXT(2) 
PARAMETRIC_REPRESENTATION_CONTEXT() REPRESENTATION_CONTEXT('2D SPACE',''
  ) );
#2068 = ORIENTED_EDGE('',*,*,#2069,.T.);
#2069 = EDGE_CURVE('',#2047,#2047,#2070,.T.);
#2070 = SURFACE_CURVE('',#2071,(#2076,#2083),.PCURVE_S1.);
#2071 = CIRCLE('',#2072,3.2);
#2072 = AXIS2_PLACEMENT_3D('',#2073,#2074,#2075);
#2073 = CARTESIAN_POINT('',(-22.3,-7.,162.3));
#2074 = DIRECTION('',(1.,-1.110223024625E-16,0.));
#2075 = DIRECTION('',(1.110223024625E-16,1.,0.));
#2076 = PCURVE('',#911,#2077);
#2077 = DEFINITIONAL_REPRESENTATION('',(#2078),#2082);
#2078 = LINE('',#2079,#2080);
#2079 = CARTESIAN_POINT('',(-0.,-3.2));
#2080 = VECTOR('',#2081,1.);
#2081 = DIRECTION('',(-1.,0.));
#2082 = ( GEOMETRIC_REPRESENTATION_CONTEXT(2) 
PARAMETRIC_REPRESENTATION_CONTEXT() REPRESENTATION_CONTEXT('2D SPACE',''
  ) );
#2083 = PCURVE('',#2084,#2089);
#2084 = PLANE('',#2085);
#2085 = AXIS2_PLACEMENT_3D('',#2086,#2087,#2088);
#2086 = CARTESIAN_POINT('',(-22.3,-7.,162.3));
#2087 = DIRECTION('',(1.,-1.110223024625E-16,-0.));
#2088 = DIRECTION('',(0.,0.,-1.));
#2089 = DEFINITIONAL_REPRESENTATION('',(#2090),#2094);
#2090 = CIRCLE('',#2091,3.2);
#2091 = AXIS2_PLACEMENT_2D('',#2092,#2093);
#2092 = CARTESIAN_POINT('',(0.,0.));
#2093 = DIRECTION('',(0.,1.));
#2094 = ( GEOMETRIC_REPRESENTATION_CONTEXT(2) 
PARAMETRIC_REPRESENTATION_CONTEXT() REPRESENTATION_CONTEXT('2D SPACE',''
  ) );
#2095 = ORIENTED_EDGE('',*,*,#2046,.F.);
#2096 = ADVANCED_FACE('',(#2097),#943,.F.);
#2097 = FACE_BOUND('',#2098,.F.);
#2098 = EDGE_LOOP('',(#2099,#2100,#2121,#2122));
#2099 = ORIENTED_EDGE('',*,*,#925,.T.);
#2100 = ORIENTED_EDGE('',*,*,#2101,.T.);
#2101 = EDGE_CURVE('',#928,#1485,#2102,.T.);
#2102 = SURFACE_CURVE('',#2103,(#2107,#2114),.PCURVE_S1.);
#2103 = LINE('',#2104,#2105);
#2104 = CARTESIAN_POINT('',(-25.5,-5.3,154.3));
#2105 = VECTOR('',#2106,1.);
#2106 = DIRECTION('',(1.,-1.110223024625E-16,1.110223024625E-16));
#2107 = PCURVE('',#943,#2108);
#2108 = DEFINITIONAL_REPRESENTATION('',(#2109),#2113);
#2109 = LINE('',#2110,#2111);
#2110 = CARTESIAN_POINT('',(0.,0.));
#2111 = VECTOR('',#2112,1.);
#2112 = DIRECTION('',(0.,-1.));
#2113 = ( GEOMETRIC_REPRESENTATION_CONTEXT(2) 
PARAMETRIC_REPRESENTATION_CONTEXT() REPRESENTATION_CONTEXT('2D SPACE',''
  ) );
#2114 = PCURVE('',#1096,#2115);
#2115 = DEFINITIONAL_REPRESENTATION('',(#2116),#2120);
#2116 = LINE('',#2117,#2118);
#2117 = CARTESIAN_POINT('',(1.570796326795,0.));
#2118 = VECTOR('',#2119,1.);
#2119 = DIRECTION('',(0.,-1.));
#2120 = ( GEOMETRIC_REPRESENTATION_CONTEXT(2) 
PARAMETRIC_REPRESENTATION_CONTEXT() REPRESENTATION_CONTEXT('2D SPACE',''
  ) );
#2121 = ORIENTED_EDGE('',*,*,#1482,.F.);
#2122 = ORIENTED_EDGE('',*,*,#2123,.F.);
#2123 = EDGE_CURVE('',#926,#1483,#2124,.T.);
#2124 = SURFACE_CURVE('',#2125,(#2129,#2136),.PCURVE_S1.);
#2125 = LINE('',#2126,#2127);
#2126 = CARTESIAN_POINT('',(-25.5,1.428657787414,154.3));
#2127 = VECTOR('',#2128,1.);
#2128 = DIRECTION('',(1.,-1.110223024625E-16,1.110223024625E-16));
#2129 = PCURVE('',#943,#2130);
#2130 = DEFINITIONAL_REPRESENTATION('',(#2131),#2135);
#2131 = LINE('',#2132,#2133);
#2132 = CARTESIAN_POINT('',(6.728657787414,7.47031080041E-16));
#2133 = VECTOR('',#2134,1.);
#2134 = DIRECTION('',(0.,-1.));
#2135 = ( GEOMETRIC_REPRESENTATION_CONTEXT(2) 
PARAMETRIC_REPRESENTATION_CONTEXT() REPRESENTATION_CONTEXT('2D SPACE',''
  ) );
#2136 = PCURVE('',#976,#2137);
#2137 = DEFINITIONAL_REPRESENTATION('',(#2138),#2142);
#2138 = LINE('',#2139,#2140);
#2139 = CARTESIAN_POINT('',(1.570796326795,0.));
#2140 = VECTOR('',#2141,1.);
#2141 = DIRECTION('',(0.,-1.));
#2142 = ( GEOMETRIC_REPRESENTATION_CONTEXT(2) 
PARAMETRIC_REPRESENTATION_CONTEXT() REPRESENTATION_CONTEXT('2D SPACE',''
  ) );
#2143 = ADVANCED_FACE('',(#2144),#976,.F.);
#2144 = FACE_BOUND('',#2145,.F.);
#2145 = EDGE_LOOP('',(#2146,#2147,#2148,#2149));
#2146 = ORIENTED_EDGE('',*,*,#955,.F.);
#2147 = ORIENTED_EDGE('',*,*,#2123,.T.);
#2148 = ORIENTED_EDGE('',*,*,#1507,.T.);
#2149 = ORIENTED_EDGE('',*,*,#2150,.F.);
#2150 = EDGE_CURVE('',#956,#1508,#2151,.T.);
#2151 = SURFACE_CURVE('',#2152,(#2156,#2163),.PCURVE_S1.);
#2152 = LINE('',#2153,#2154);
#2153 = CARTESIAN_POINT('',(-25.5,3.467484177505,151.27344876077));
#2154 = VECTOR('',#2155,1.);
#2155 = DIRECTION('',(1.,-1.110223024625E-16,1.110223024625E-16));
#2156 = PCURVE('',#976,#2157);
#2157 = DEFINITIONAL_REPRESENTATION('',(#2158),#2162);
#2158 = LINE('',#2159,#2160);
#2159 = CARTESIAN_POINT('',(3.526750159953,0.));
#2160 = VECTOR('',#2161,1.);
#2161 = DIRECTION('',(0.,-1.));
#2162 = ( GEOMETRIC_REPRESENTATION_CONTEXT(2) 
PARAMETRIC_REPRESENTATION_CONTEXT() REPRESENTATION_CONTEXT('2D SPACE',''
  ) );
#2163 = PCURVE('',#1004,#2164);
#2164 = DEFINITIONAL_REPRESENTATION('',(#2165),#2169);
#2165 = LINE('',#2166,#2167);
#2166 = CARTESIAN_POINT('',(0.,0.));
#2167 = VECTOR('',#2168,1.);
#2168 = DIRECTION('',(0.,-1.));
#2169 = ( GEOMETRIC_REPRESENTATION_CONTEXT(2) 
PARAMETRIC_REPRESENTATION_CONTEXT() REPRESENTATION_CONTEXT('2D SPACE',''
  ) );
#2170 = ADVANCED_FACE('',(#2171),#1096,.F.);
#2171 = FACE_BOUND('',#2172,.F.);
#2172 = EDGE_LOOP('',(#2173,#2174,#2195,#2196));
#2173 = ORIENTED_EDGE('',*,*,#1077,.F.);
#2174 = ORIENTED_EDGE('',*,*,#2175,.T.);
#2175 = EDGE_CURVE('',#1050,#1587,#2176,.T.);
#2176 = SURFACE_CURVE('',#2177,(#2181,#2188),.PCURVE_S1.);
#2177 = LINE('',#2178,#2179);
#2178 = CARTESIAN_POINT('',(-25.5,-7.5,152.1));
#2179 = VECTOR('',#2180,1.);
#2180 = DIRECTION('',(1.,-1.110223024625E-16,1.110223024625E-16));
#2181 = PCURVE('',#1096,#2182);
#2182 = DEFINITIONAL_REPRESENTATION('',(#2183),#2187);
#2183 = LINE('',#2184,#2185);
#2184 = CARTESIAN_POINT('',(0.,0.));
#2185 = VECTOR('',#2186,1.);
#2186 = DIRECTION('',(0.,-1.));
#2187 = ( GEOMETRIC_REPRESENTATION_CONTEXT(2) 
PARAMETRIC_REPRESENTATION_CONTEXT() REPRESENTATION_CONTEXT('2D SPACE',''
  ) );
#2188 = PCURVE('',#1065,#2189);
#2189 = DEFINITIONAL_REPRESENTATION('',(#2190),#2194);
#2190 = LINE('',#2191,#2192);
#2191 = CARTESIAN_POINT('',(16.59735587562,1.710037014699E-15));
#2192 = VECTOR('',#2193,1.);
#2193 = DIRECTION('',(0.,-1.));
#2194 = ( GEOMETRIC_REPRESENTATION_CONTEXT(2) 
PARAMETRIC_REPRESENTATION_CONTEXT() REPRESENTATION_CONTEXT('2D SPACE',''
  ) );
#2195 = ORIENTED_EDGE('',*,*,#1609,.T.);
#2196 = ORIENTED_EDGE('',*,*,#2101,.F.);
#2197 = ADVANCED_FACE('',(#2198),#1004,.F.);
#2198 = FACE_BOUND('',#2199,.F.);
#2199 = EDGE_LOOP('',(#2200,#2201,#2202,#2203));
#2200 = ORIENTED_EDGE('',*,*,#988,.T.);
#2201 = ORIENTED_EDGE('',*,*,#2150,.T.);
#2202 = ORIENTED_EDGE('',*,*,#1535,.F.);
#2203 = ORIENTED_EDGE('',*,*,#2204,.F.);
#2204 = EDGE_CURVE('',#989,#1536,#2205,.T.);
#2205 = SURFACE_CURVE('',#2206,(#2210,#2217),.PCURVE_S1.);
#2206 = LINE('',#2207,#2208);
#2207 = CARTESIAN_POINT('',(-25.5,-3.261173609909,134.67609288515));
#2208 = VECTOR('',#2209,1.);
#2209 = DIRECTION('',(1.,-1.110223024625E-16,1.110223024625E-16));
#2210 = PCURVE('',#1004,#2211);
#2211 = DEFINITIONAL_REPRESENTATION('',(#2212),#2216);
#2212 = LINE('',#2213,#2214);
#2213 = CARTESIAN_POINT('',(17.909412544305,-2.45706809474E-15));
#2214 = VECTOR('',#2215,1.);
#2215 = DIRECTION('',(0.,-1.));
#2216 = ( GEOMETRIC_REPRESENTATION_CONTEXT(2) 
PARAMETRIC_REPRESENTATION_CONTEXT() REPRESENTATION_CONTEXT('2D SPACE',''
  ) );
#2217 = PCURVE('',#1037,#2218);
#2218 = DEFINITIONAL_REPRESENTATION('',(#2219),#2223);
#2219 = LINE('',#2220,#2221);
#2220 = CARTESIAN_POINT('',(3.526750159953,0.));
#2221 = VECTOR('',#2222,1.);
#2222 = DIRECTION('',(0.,-1.));
#2223 = ( GEOMETRIC_REPRESENTATION_CONTEXT(2) 
PARAMETRIC_REPRESENTATION_CONTEXT() REPRESENTATION_CONTEXT('2D SPACE',''
  ) );
#2224 = ADVANCED_FACE('',(#2225),#1065,.F.);
#2225 = FACE_BOUND('',#2226,.F.);
#2226 = EDGE_LOOP('',(#2227,#2228,#2249,#2250));
#2227 = ORIENTED_EDGE('',*,*,#1049,.T.);
#2228 = ORIENTED_EDGE('',*,*,#2229,.T.);
#2229 = EDGE_CURVE('',#1017,#1559,#2230,.T.);
#2230 = SURFACE_CURVE('',#2231,(#2235,#2242),.PCURVE_S1.);
#2231 = LINE('',#2232,#2233);
#2232 = CARTESIAN_POINT('',(-25.5,-7.5,135.50264412438));
#2233 = VECTOR('',#2234,1.);
#2234 = DIRECTION('',(1.,-1.110223024625E-16,1.110223024625E-16));
#2235 = PCURVE('',#1065,#2236);
#2236 = DEFINITIONAL_REPRESENTATION('',(#2237),#2241);
#2237 = LINE('',#2238,#2239);
#2238 = CARTESIAN_POINT('',(0.,0.));
#2239 = VECTOR('',#2240,1.);
#2240 = DIRECTION('',(0.,-1.));
#2241 = ( GEOMETRIC_REPRESENTATION_CONTEXT(2) 
PARAMETRIC_REPRESENTATION_CONTEXT() REPRESENTATION_CONTEXT('2D SPACE',''
  ) );
#2242 = PCURVE('',#1037,#2243);
#2243 = DEFINITIONAL_REPRESENTATION('',(#2244),#2248);
#2244 = LINE('',#2245,#2246);
#2245 = CARTESIAN_POINT('',(6.28318530718,0.));
#2246 = VECTOR('',#2247,1.);
#2247 = DIRECTION('',(0.,-1.));
#2248 = ( GEOMETRIC_REPRESENTATION_CONTEXT(2) 
PARAMETRIC_REPRESENTATION_CONTEXT() REPRESENTATION_CONTEXT('2D SPACE',''
  ) );
#2249 = ORIENTED_EDGE('',*,*,#1586,.F.);
#2250 = ORIENTED_EDGE('',*,*,#2175,.F.);
#2251 = ADVANCED_FACE('',(#2252),#1037,.F.);
#2252 = FACE_BOUND('',#2253,.F.);
#2253 = EDGE_LOOP('',(#2254,#2255,#2256,#2257));
#2254 = ORIENTED_EDGE('',*,*,#1016,.F.);
#2255 = ORIENTED_EDGE('',*,*,#2204,.T.);
#2256 = ORIENTED_EDGE('',*,*,#1558,.T.);
#2257 = ORIENTED_EDGE('',*,*,#2229,.F.);
#2258 = ADVANCED_FACE('',(#2259),#1131,.F.);
#2259 = FACE_BOUND('',#2260,.T.);
#2260 = EDGE_LOOP('',(#2261,#2262,#2285,#2312));
#2261 = ORIENTED_EDGE('',*,*,#1110,.T.);
#2262 = ORIENTED_EDGE('',*,*,#2263,.T.);
#2263 = EDGE_CURVE('',#1111,#2264,#2266,.T.);
#2264 = VERTEX_POINT('',#2265);
#2265 = CARTESIAN_POINT('',(-22.3,10.2,162.3));
#2266 = SEAM_CURVE('',#2267,(#2271,#2278),.PCURVE_S1.);
#2267 = LINE('',#2268,#2269);
#2268 = CARTESIAN_POINT('',(-25.5,10.2,162.3));
#2269 = VECTOR('',#2270,1.);
#2270 = DIRECTION('',(1.,-1.110223024625E-16,0.));
#2271 = PCURVE('',#1131,#2272);
#2272 = DEFINITIONAL_REPRESENTATION('',(#2273),#2277);
#2273 = LINE('',#2274,#2275);
#2274 = CARTESIAN_POINT('',(-6.28318530718,0.));
#2275 = VECTOR('',#2276,1.);
#2276 = DIRECTION('',(-0.,-1.));
#2277 = ( GEOMETRIC_REPRESENTATION_CONTEXT(2) 
PARAMETRIC_REPRESENTATION_CONTEXT() REPRESENTATION_CONTEXT('2D SPACE',''
  ) );
#2278 = PCURVE('',#1131,#2279);
#2279 = DEFINITIONAL_REPRESENTATION('',(#2280),#2284);
#2280 = LINE('',#2281,#2282);
#2281 = CARTESIAN_POINT('',(-0.,0.));
#2282 = VECTOR('',#2283,1.);
#2283 = DIRECTION('',(-0.,-1.));
#2284 = ( GEOMETRIC_REPRESENTATION_CONTEXT(2) 
PARAMETRIC_REPRESENTATION_CONTEXT() REPRESENTATION_CONTEXT('2D SPACE',''
  ) );
#2285 = ORIENTED_EDGE('',*,*,#2286,.T.);
#2286 = EDGE_CURVE('',#2264,#2264,#2287,.T.);
#2287 = SURFACE_CURVE('',#2288,(#2293,#2300),.PCURVE_S1.);
#2288 = CIRCLE('',#2289,3.2);
#2289 = AXIS2_PLACEMENT_3D('',#2290,#2291,#2292);
#2290 = CARTESIAN_POINT('',(-22.3,7.,162.3));
#2291 = DIRECTION('',(1.,-1.110223024625E-16,0.));
#2292 = DIRECTION('',(1.110223024625E-16,1.,0.));
#2293 = PCURVE('',#1131,#2294);
#2294 = DEFINITIONAL_REPRESENTATION('',(#2295),#2299);
#2295 = LINE('',#2296,#2297);
#2296 = CARTESIAN_POINT('',(-0.,-3.2));
#2297 = VECTOR('',#2298,1.);
#2298 = DIRECTION('',(-1.,0.));
#2299 = ( GEOMETRIC_REPRESENTATION_CONTEXT(2) 
PARAMETRIC_REPRESENTATION_CONTEXT() REPRESENTATION_CONTEXT('2D SPACE',''
  ) );
#2300 = PCURVE('',#2301,#2306);
#2301 = PLANE('',#2302);
#2302 = AXIS2_PLACEMENT_3D('',#2303,#2304,#2305);
#2303 = CARTESIAN_POINT('',(-22.3,7.,162.3));
#2304 = DIRECTION('',(1.,-1.110223024625E-16,-0.));
#2305 = DIRECTION('',(0.,0.,-1.));
#2306 = DEFINITIONAL_REPRESENTATION('',(#2307),#2311);
#2307 = CIRCLE('',#2308,3.2);
#2308 = AXIS2_PLACEMENT_2D('',#2309,#2310);
#2309 = CARTESIAN_POINT('',(0.,-8.881784197001E-16));
#2310 = DIRECTION('',(0.,1.));
#2311 = ( GEOMETRIC_REPRESENTATION_CONTEXT(2) 
PARAMETRIC_REPRESENTATION_CONTEXT() REPRESENTATION_CONTEXT('2D SPACE',''
  ) );
#2312 = ORIENTED_EDGE('',*,*,#2263,.F.);
#2313 = ADVANCED_FACE('',(#2314),#1166,.F.);
#2314 = FACE_BOUND('',#2315,.T.);
#2315 = EDGE_LOOP('',(#2316,#2317,#2340,#2367));
#2316 = ORIENTED_EDGE('',*,*,#1145,.T.);
#2317 = ORIENTED_EDGE('',*,*,#2318,.T.);
#2318 = EDGE_CURVE('',#1146,#2319,#2321,.T.);
#2319 = VERTEX_POINT('',#2320);
#2320 = CARTESIAN_POINT('',(-8.5,1.3,190.3));
#2321 = SEAM_CURVE('',#2322,(#2326,#2333),.PCURVE_S1.);
#2322 = LINE('',#2323,#2324);
#2323 = CARTESIAN_POINT('',(-25.5,1.3,190.3));
#2324 = VECTOR('',#2325,1.);
#2325 = DIRECTION('',(1.,-1.110223024625E-16,0.));
#2326 = PCURVE('',#1166,#2327);
#2327 = DEFINITIONAL_REPRESENTATION('',(#2328),#2332);
#2328 = LINE('',#2329,#2330);
#2329 = CARTESIAN_POINT('',(-6.28318530718,0.));
#2330 = VECTOR('',#2331,1.);
#2331 = DIRECTION('',(-0.,-1.));
#2332 = ( GEOMETRIC_REPRESENTATION_CONTEXT(2) 
PARAMETRIC_REPRESENTATION_CONTEXT() REPRESENTATION_CONTEXT('2D SPACE',''
  ) );
#2333 = PCURVE('',#1166,#2334);
#2334 = DEFINITIONAL_REPRESENTATION('',(#2335),#2339);
#2335 = LINE('',#2336,#2337);
#2336 = CARTESIAN_POINT('',(-0.,0.));
#2337 = VECTOR('',#2338,1.);
#2338 = DIRECTION('',(-0.,-1.));
#2339 = ( GEOMETRIC_REPRESENTATION_CONTEXT(2) 
PARAMETRIC_REPRESENTATION_CONTEXT() REPRESENTATION_CONTEXT('2D SPACE',''
  ) );
#2340 = ORIENTED_EDGE('',*,*,#2341,.T.);
#2341 = EDGE_CURVE('',#2319,#2319,#2342,.T.);
#2342 = SURFACE_CURVE('',#2343,(#2348,#2355),.PCURVE_S1.);
#2343 = CIRCLE('',#2344,1.3);
#2344 = AXIS2_PLACEMENT_3D('',#2345,#2346,#2347);
#2345 = CARTESIAN_POINT('',(-8.5,9.436895709314E-16,190.3));
#2346 = DIRECTION('',(1.,-1.110223024625E-16,0.));
#2347 = DIRECTION('',(1.110223024625E-16,1.,0.));
#2348 = PCURVE('',#1166,#2349);
#2349 = DEFINITIONAL_REPRESENTATION('',(#2350),#2354);
#2350 = LINE('',#2351,#2352);
#2351 = CARTESIAN_POINT('',(-0.,-17.));
#2352 = VECTOR('',#2353,1.);
#2353 = DIRECTION('',(-1.,0.));
#2354 = ( GEOMETRIC_REPRESENTATION_CONTEXT(2) 
PARAMETRIC_REPRESENTATION_CONTEXT() REPRESENTATION_CONTEXT('2D SPACE',''
  ) );
#2355 = PCURVE('',#2356,#2361);
#2356 = PLANE('',#2357);
#2357 = AXIS2_PLACEMENT_3D('',#2358,#2359,#2360);
#2358 = CARTESIAN_POINT('',(-8.5,2.784474364734E-15,190.3));
#2359 = DIRECTION('',(1.,-1.110223024625E-16,-0.));
#2360 = DIRECTION('',(0.,0.,-1.));
#2361 = DEFINITIONAL_REPRESENTATION('',(#2362),#2366);
#2362 = CIRCLE('',#2363,1.3);
#2363 = AXIS2_PLACEMENT_2D('',#2364,#2365);
#2364 = CARTESIAN_POINT('',(-2.84217094304E-14,-1.840784793803E-15));
#2365 = DIRECTION('',(0.,1.));
#2366 = ( GEOMETRIC_REPRESENTATION_CONTEXT(2) 
PARAMETRIC_REPRESENTATION_CONTEXT() REPRESENTATION_CONTEXT('2D SPACE',''
  ) );
#2367 = ORIENTED_EDGE('',*,*,#2318,.F.);
#2368 = ADVANCED_FACE('',(#2369),#1278,.F.);
#2369 = FACE_BOUND('',#2370,.T.);
#2370 = EDGE_LOOP('',(#2371,#2399,#2420,#2421));
#2371 = ORIENTED_EDGE('',*,*,#2372,.T.);
#2372 = EDGE_CURVE('',#2373,#2373,#2375,.T.);
#2373 = VERTEX_POINT('',#2374);
#2374 = CARTESIAN_POINT('',(-22.3,1.7,95.3));
#2375 = SURFACE_CURVE('',#2376,(#2381,#2388),.PCURVE_S1.);
#2376 = CIRCLE('',#2377,1.7);
#2377 = AXIS2_PLACEMENT_3D('',#2378,#2379,#2380);
#2378 = CARTESIAN_POINT('',(-22.3,2.475797344914E-15,95.3));
#2379 = DIRECTION('',(-1.,1.110223024625E-16,0.));
#2380 = DIRECTION('',(1.110223024625E-16,1.,0.));
#2381 = PCURVE('',#1278,#2382);
#2382 = DEFINITIONAL_REPRESENTATION('',(#2383),#2387);
#2383 = LINE('',#2384,#2385);
#2384 = CARTESIAN_POINT('',(-6.28318530718,-3.2));
#2385 = VECTOR('',#2386,1.);
#2386 = DIRECTION('',(1.,-0.));
#2387 = ( GEOMETRIC_REPRESENTATION_CONTEXT(2) 
PARAMETRIC_REPRESENTATION_CONTEXT() REPRESENTATION_CONTEXT('2D SPACE',''
  ) );
#2388 = PCURVE('',#1867,#2389);
#2389 = DEFINITIONAL_REPRESENTATION('',(#2390),#2398);
#2390 = ( BOUNDED_CURVE() B_SPLINE_CURVE(2,(#2391,#2392,#2393,#2394,
#2395,#2396,#2397),.UNSPECIFIED.,.T.,.F.) B_SPLINE_CURVE_WITH_KNOTS((1,2
    ,2,2,2,1),(-2.094395102393,0.,2.094395102393,4.188790204786,
6.28318530718,8.377580409573),.UNSPECIFIED.) CURVE() 
GEOMETRIC_REPRESENTATION_ITEM() RATIONAL_B_SPLINE_CURVE((1.,0.5,1.,0.5,
1.,0.5,1.)) REPRESENTATION_ITEM('') );
#2391 = CARTESIAN_POINT('',(0.,1.7));
#2392 = CARTESIAN_POINT('',(2.944486372867,1.7));
#2393 = CARTESIAN_POINT('',(1.472243186434,-0.85));
#2394 = CARTESIAN_POINT('',(4.163799117101E-16,-3.4));
#2395 = CARTESIAN_POINT('',(-1.472243186434,-0.85));
#2396 = CARTESIAN_POINT('',(-2.944486372867,1.7));
#2397 = CARTESIAN_POINT('',(0.,1.7));
#2398 = ( GEOMETRIC_REPRESENTATION_CONTEXT(2) 
PARAMETRIC_REPRESENTATION_CONTEXT() REPRESENTATION_CONTEXT('2D SPACE',''
  ) );
#2399 = ORIENTED_EDGE('',*,*,#2400,.T.);
#2400 = EDGE_CURVE('',#2373,#1258,#2401,.T.);
#2401 = SEAM_CURVE('',#2402,(#2406,#2413),.PCURVE_S1.);
#2402 = LINE('',#2403,#2404);
#2403 = CARTESIAN_POINT('',(-25.5,1.7,95.3));
#2404 = VECTOR('',#2405,1.);
#2405 = DIRECTION('',(1.,-1.110223024625E-16,0.));
#2406 = PCURVE('',#1278,#2407);
#2407 = DEFINITIONAL_REPRESENTATION('',(#2408),#2412);
#2408 = LINE('',#2409,#2410);
#2409 = CARTESIAN_POINT('',(-6.28318530718,0.));
#2410 = VECTOR('',#2411,1.);
#2411 = DIRECTION('',(-0.,-1.));
#2412 = ( GEOMETRIC_REPRESENTATION_CONTEXT(2) 
PARAMETRIC_REPRESENTATION_CONTEXT() REPRESENTATION_CONTEXT('2D SPACE',''
  ) );
#2413 = PCURVE('',#1278,#2414);
#2414 = DEFINITIONAL_REPRESENTATION('',(#2415),#2419);
#2415 = LINE('',#2416,#2417);
#2416 = CARTESIAN_POINT('',(-0.,0.));
#2417 = VECTOR('',#2418,1.);
#2418 = DIRECTION('',(-0.,-1.));
#2419 = ( GEOMETRIC_REPRESENTATION_CONTEXT(2) 
PARAMETRIC_REPRESENTATION_CONTEXT() REPRESENTATION_CONTEXT('2D SPACE',''
  ) );
#2420 = ORIENTED_EDGE('',*,*,#1257,.F.);
#2421 = ORIENTED_EDGE('',*,*,#2400,.F.);
#2422 = ADVANCED_FACE('',(#2423),#1468,.F.);
#2423 = FACE_BOUND('',#2424,.T.);
#2424 = EDGE_LOOP('',(#2425,#2453,#2474,#2475));
#2425 = ORIENTED_EDGE('',*,*,#2426,.T.);
#2426 = EDGE_CURVE('',#2427,#2427,#2429,.T.);
#2427 = VERTEX_POINT('',#2428);
#2428 = CARTESIAN_POINT('',(-22.3,-5.3,162.3));
#2429 = SURFACE_CURVE('',#2430,(#2435,#2442),.PCURVE_S1.);
#2430 = CIRCLE('',#2431,1.7);
#2431 = AXIS2_PLACEMENT_3D('',#2432,#2433,#2434);
#2432 = CARTESIAN_POINT('',(-22.3,-7.,162.3));
#2433 = DIRECTION('',(-1.,1.110223024625E-16,0.));
#2434 = DIRECTION('',(1.110223024625E-16,1.,0.));
#2435 = PCURVE('',#1468,#2436);
#2436 = DEFINITIONAL_REPRESENTATION('',(#2437),#2441);
#2437 = LINE('',#2438,#2439);
#2438 = CARTESIAN_POINT('',(-6.28318530718,-3.2));
#2439 = VECTOR('',#2440,1.);
#2440 = DIRECTION('',(1.,-0.));
#2441 = ( GEOMETRIC_REPRESENTATION_CONTEXT(2) 
PARAMETRIC_REPRESENTATION_CONTEXT() REPRESENTATION_CONTEXT('2D SPACE',''
  ) );
#2442 = PCURVE('',#2084,#2443);
#2443 = DEFINITIONAL_REPRESENTATION('',(#2444),#2452);
#2444 = ( BOUNDED_CURVE() B_SPLINE_CURVE(2,(#2445,#2446,#2447,#2448,
#2449,#2450,#2451),.UNSPECIFIED.,.T.,.F.) B_SPLINE_CURVE_WITH_KNOTS((1,2
    ,2,2,2,1),(-2.094395102393,0.,2.094395102393,4.188790204786,
6.28318530718,8.377580409573),.UNSPECIFIED.) CURVE() 
GEOMETRIC_REPRESENTATION_ITEM() RATIONAL_B_SPLINE_CURVE((1.,0.5,1.,0.5,
1.,0.5,1.)) REPRESENTATION_ITEM('') );
#2445 = CARTESIAN_POINT('',(0.,1.7));
#2446 = CARTESIAN_POINT('',(2.944486372867,1.7));
#2447 = CARTESIAN_POINT('',(1.472243186434,-0.85));
#2448 = CARTESIAN_POINT('',(4.163799117101E-16,-3.4));
#2449 = CARTESIAN_POINT('',(-1.472243186434,-0.85));
#2450 = CARTESIAN_POINT('',(-2.944486372867,1.7));
#2451 = CARTESIAN_POINT('',(0.,1.7));
#2452 = ( GEOMETRIC_REPRESENTATION_CONTEXT(2) 
PARAMETRIC_REPRESENTATION_CONTEXT() REPRESENTATION_CONTEXT('2D SPACE',''
  ) );
#2453 = ORIENTED_EDGE('',*,*,#2454,.T.);
#2454 = EDGE_CURVE('',#2427,#1448,#2455,.T.);
#2455 = SEAM_CURVE('',#2456,(#2460,#2467),.PCURVE_S1.);
#2456 = LINE('',#2457,#2458);
#2457 = CARTESIAN_POINT('',(-25.5,-5.3,162.3));
#2458 = VECTOR('',#2459,1.);
#2459 = DIRECTION('',(1.,-1.110223024625E-16,0.));
#2460 = PCURVE('',#1468,#2461);
#2461 = DEFINITIONAL_REPRESENTATION('',(#2462),#2466);
#2462 = LINE('',#2463,#2464);
#2463 = CARTESIAN_POINT('',(-6.28318530718,0.));
#2464 = VECTOR('',#2465,1.);
#2465 = DIRECTION('',(-0.,-1.));
#2466 = ( GEOMETRIC_REPRESENTATION_CONTEXT(2) 
PARAMETRIC_REPRESENTATION_CONTEXT() REPRESENTATION_CONTEXT('2D SPACE',''
  ) );
#2467 = PCURVE('',#1468,#2468);
#2468 = DEFINITIONAL_REPRESENTATION('',(#2469),#2473);
#2469 = LINE('',#2470,#2471);
#2470 = CARTESIAN_POINT('',(-0.,0.));
#2471 = VECTOR('',#2472,1.);
#2472 = DIRECTION('',(-0.,-1.));
#2473 = ( GEOMETRIC_REPRESENTATION_CONTEXT(2) 
PARAMETRIC_REPRESENTATION_CONTEXT() REPRESENTATION_CONTEXT('2D SPACE',''
  ) );
#2474 = ORIENTED_EDGE('',*,*,#1447,.F.);
#2475 = ORIENTED_EDGE('',*,*,#2454,.F.);
#2476 = ADVANCED_FACE('',(#2477),#1658,.F.);
#2477 = FACE_BOUND('',#2478,.T.);
#2478 = EDGE_LOOP('',(#2479,#2507,#2528,#2529));
#2479 = ORIENTED_EDGE('',*,*,#2480,.T.);
#2480 = EDGE_CURVE('',#2481,#2481,#2483,.T.);
#2481 = VERTEX_POINT('',#2482);
#2482 = CARTESIAN_POINT('',(-22.3,8.7,162.3));
#2483 = SURFACE_CURVE('',#2484,(#2489,#2496),.PCURVE_S1.);
#2484 = CIRCLE('',#2485,1.7);
#2485 = AXIS2_PLACEMENT_3D('',#2486,#2487,#2488);
#2486 = CARTESIAN_POINT('',(-22.3,7.,162.3));
#2487 = DIRECTION('',(-1.,1.110223024625E-16,0.));
#2488 = DIRECTION('',(1.110223024625E-16,1.,0.));
#2489 = PCURVE('',#1658,#2490);
#2490 = DEFINITIONAL_REPRESENTATION('',(#2491),#2495);
#2491 = LINE('',#2492,#2493);
#2492 = CARTESIAN_POINT('',(-6.28318530718,-3.2));
#2493 = VECTOR('',#2494,1.);
#2494 = DIRECTION('',(1.,-0.));
#2495 = ( GEOMETRIC_REPRESENTATION_CONTEXT(2) 
PARAMETRIC_REPRESENTATION_CONTEXT() REPRESENTATION_CONTEXT('2D SPACE',''
  ) );
#2496 = PCURVE('',#2301,#2497);
#2497 = DEFINITIONAL_REPRESENTATION('',(#2498),#2506);
#2498 = ( BOUNDED_CURVE() B_SPLINE_CURVE(2,(#2499,#2500,#2501,#2502,
#2503,#2504,#2505),.UNSPECIFIED.,.T.,.F.) B_SPLINE_CURVE_WITH_KNOTS((1,2
    ,2,2,2,1),(-2.094395102393,0.,2.094395102393,4.188790204786,
6.28318530718,8.377580409573),.UNSPECIFIED.) CURVE() 
GEOMETRIC_REPRESENTATION_ITEM() RATIONAL_B_SPLINE_CURVE((1.,0.5,1.,0.5,
1.,0.5,1.)) REPRESENTATION_ITEM('') );
#2499 = CARTESIAN_POINT('',(0.,1.7));
#2500 = CARTESIAN_POINT('',(2.944486372867,1.7));
#2501 = CARTESIAN_POINT('',(1.472243186434,-0.85));
#2502 = CARTESIAN_POINT('',(4.163799117101E-16,-3.4));
#2503 = CARTESIAN_POINT('',(-1.472243186434,-0.85));
#2504 = CARTESIAN_POINT('',(-2.944486372867,1.7));
#2505 = CARTESIAN_POINT('',(0.,1.7));
#2506 = ( GEOMETRIC_REPRESENTATION_CONTEXT(2) 
PARAMETRIC_REPRESENTATION_CONTEXT() REPRESENTATION_CONTEXT('2D SPACE',''
  ) );
#2507 = ORIENTED_EDGE('',*,*,#2508,.T.);
#2508 = EDGE_CURVE('',#2481,#1638,#2509,.T.);
#2509 = SEAM_CURVE('',#2510,(#2514,#2521),.PCURVE_S1.);
#2510 = LINE('',#2511,#2512);
#2511 = CARTESIAN_POINT('',(-25.5,8.7,162.3));
#2512 = VECTOR('',#2513,1.);
#2513 = DIRECTION('',(1.,-1.110223024625E-16,0.));
#2514 = PCURVE('',#1658,#2515);
#2515 = DEFINITIONAL_REPRESENTATION('',(#2516),#2520);
#2516 = LINE('',#2517,#2518);
#2517 = CARTESIAN_POINT('',(-6.28318530718,0.));
#2518 = VECTOR('',#2519,1.);
#2519 = DIRECTION('',(-0.,-1.));
#2520 = ( GEOMETRIC_REPRESENTATION_CONTEXT(2) 
PARAMETRIC_REPRESENTATION_CONTEXT() REPRESENTATION_CONTEXT('2D SPACE',''
  ) );
#2521 = PCURVE('',#1658,#2522);
#2522 = DEFINITIONAL_REPRESENTATION('',(#2523),#2527);
#2523 = LINE('',#2524,#2525);
#2524 = CARTESIAN_POINT('',(-0.,0.));
#2525 = VECTOR('',#2526,1.);
#2526 = DIRECTION('',(-0.,-1.));
#2527 = ( GEOMETRIC_REPRESENTATION_CONTEXT(2) 
PARAMETRIC_REPRESENTATION_CONTEXT() REPRESENTATION_CONTEXT('2D SPACE',''
  ) );
#2528 = ORIENTED_EDGE('',*,*,#1637,.F.);
#2529 = ORIENTED_EDGE('',*,*,#2508,.F.);
#2530 = ADVANCED_FACE('',(#2531),#1690,.F.);
#2531 = FACE_BOUND('',#2532,.F.);
#2532 = EDGE_LOOP('',(#2533,#2556,#2584,#2605));
#2533 = ORIENTED_EDGE('',*,*,#2534,.F.);
#2534 = EDGE_CURVE('',#2535,#1675,#2537,.T.);
#2535 = VERTEX_POINT('',#2536);
#2536 = CARTESIAN_POINT('',(-7.2,-5.,176.9));
#2537 = SURFACE_CURVE('',#2538,(#2542,#2549),.PCURVE_S1.);
#2538 = LINE('',#2539,#2540);
#2539 = CARTESIAN_POINT('',(-7.2,-5.,176.9));
#2540 = VECTOR('',#2541,1.);
#2541 = DIRECTION('',(-1.,1.110223024625E-16,0.));
#2542 = PCURVE('',#1690,#2543);
#2543 = DEFINITIONAL_REPRESENTATION('',(#2544),#2548);
#2544 = LINE('',#2545,#2546);
#2545 = CARTESIAN_POINT('',(0.,0.));
#2546 = VECTOR('',#2547,1.);
#2547 = DIRECTION('',(0.,1.));
#2548 = ( GEOMETRIC_REPRESENTATION_CONTEXT(2) 
PARAMETRIC_REPRESENTATION_CONTEXT() REPRESENTATION_CONTEXT('2D SPACE',''
  ) );
#2549 = PCURVE('',#1718,#2550);
#2550 = DEFINITIONAL_REPRESENTATION('',(#2551),#2555);
#2551 = LINE('',#2552,#2553);
#2552 = CARTESIAN_POINT('',(0.,0.));
#2553 = VECTOR('',#2554,1.);
#2554 = DIRECTION('',(0.,-1.));
#2555 = ( GEOMETRIC_REPRESENTATION_CONTEXT(2) 
PARAMETRIC_REPRESENTATION_CONTEXT() REPRESENTATION_CONTEXT('2D SPACE',''
  ) );
#2556 = ORIENTED_EDGE('',*,*,#2557,.T.);
#2557 = EDGE_CURVE('',#2535,#2558,#2560,.T.);
#2558 = VERTEX_POINT('',#2559);
#2559 = CARTESIAN_POINT('',(-7.2,5.,176.9));
#2560 = SURFACE_CURVE('',#2561,(#2565,#2572),.PCURVE_S1.);
#2561 = LINE('',#2562,#2563);
#2562 = CARTESIAN_POINT('',(-7.2,-5.,176.9));
#2563 = VECTOR('',#2564,1.);
#2564 = DIRECTION('',(1.110223024625E-16,1.,0.));
#2565 = PCURVE('',#1690,#2566);
#2566 = DEFINITIONAL_REPRESENTATION('',(#2567),#2571);
#2567 = LINE('',#2568,#2569);
#2568 = CARTESIAN_POINT('',(0.,0.));
#2569 = VECTOR('',#2570,1.);
#2570 = DIRECTION('',(1.,0.));
#2571 = ( GEOMETRIC_REPRESENTATION_CONTEXT(2) 
PARAMETRIC_REPRESENTATION_CONTEXT() REPRESENTATION_CONTEXT('2D SPACE',''
  ) );
#2572 = PCURVE('',#2573,#2578);
#2573 = PLANE('',#2574);
#2574 = AXIS2_PLACEMENT_3D('',#2575,#2576,#2577);
#2575 = CARTESIAN_POINT('',(-7.2,-5.,176.9));
#2576 = DIRECTION('',(-1.,1.110223024625E-16,0.));
#2577 = DIRECTION('',(0.,0.,1.));
#2578 = DEFINITIONAL_REPRESENTATION('',(#2579),#2583);
#2579 = LINE('',#2580,#2581);
#2580 = CARTESIAN_POINT('',(0.,0.));
#2581 = VECTOR('',#2582,1.);
#2582 = DIRECTION('',(0.,1.));
#2583 = ( GEOMETRIC_REPRESENTATION_CONTEXT(2) 
PARAMETRIC_REPRESENTATION_CONTEXT() REPRESENTATION_CONTEXT('2D SPACE',''
  ) );
#2584 = ORIENTED_EDGE('',*,*,#2585,.T.);
#2585 = EDGE_CURVE('',#2558,#1673,#2586,.T.);
#2586 = SURFACE_CURVE('',#2587,(#2591,#2598),.PCURVE_S1.);
#2587 = LINE('',#2588,#2589);
#2588 = CARTESIAN_POINT('',(-7.2,5.,176.9));
#2589 = VECTOR('',#2590,1.);
#2590 = DIRECTION('',(-1.,1.110223024625E-16,0.));
#2591 = PCURVE('',#1690,#2592);
#2592 = DEFINITIONAL_REPRESENTATION('',(#2593),#2597);
#2593 = LINE('',#2594,#2595);
#2594 = CARTESIAN_POINT('',(10.,-6.661338147751E-16));
#2595 = VECTOR('',#2596,1.);
#2596 = DIRECTION('',(0.,1.));
#2597 = ( GEOMETRIC_REPRESENTATION_CONTEXT(2) 
PARAMETRIC_REPRESENTATION_CONTEXT() REPRESENTATION_CONTEXT('2D SPACE',''
  ) );
#2598 = PCURVE('',#1772,#2599);
#2599 = DEFINITIONAL_REPRESENTATION('',(#2600),#2604);
#2600 = LINE('',#2601,#2602);
#2601 = CARTESIAN_POINT('',(0.,0.));
#2602 = VECTOR('',#2603,1.);
#2603 = DIRECTION('',(0.,-1.));
#2604 = ( GEOMETRIC_REPRESENTATION_CONTEXT(2) 
PARAMETRIC_REPRESENTATION_CONTEXT() REPRESENTATION_CONTEXT('2D SPACE',''
  ) );
#2605 = ORIENTED_EDGE('',*,*,#1672,.T.);
#2606 = ADVANCED_FACE('',(#2607),#1772,.T.);
#2607 = FACE_BOUND('',#2608,.T.);
#2608 = EDGE_LOOP('',(#2609,#2632,#2653,#2654));
#2609 = ORIENTED_EDGE('',*,*,#2610,.F.);
#2610 = EDGE_CURVE('',#2611,#1731,#2613,.T.);
#2611 = VERTEX_POINT('',#2612);
#2612 = CARTESIAN_POINT('',(-7.2,5.,192.9));
#2613 = SURFACE_CURVE('',#2614,(#2618,#2625),.PCURVE_S1.);
#2614 = LINE('',#2615,#2616);
#2615 = CARTESIAN_POINT('',(-7.2,5.,192.9));
#2616 = VECTOR('',#2617,1.);
#2617 = DIRECTION('',(-1.,1.110223024625E-16,0.));
#2618 = PCURVE('',#1772,#2619);
#2619 = DEFINITIONAL_REPRESENTATION('',(#2620),#2624);
#2620 = LINE('',#2621,#2622);
#2621 = CARTESIAN_POINT('',(16.,0.));
#2622 = VECTOR('',#2623,1.);
#2623 = DIRECTION('',(0.,-1.));
#2624 = ( GEOMETRIC_REPRESENTATION_CONTEXT(2) 
PARAMETRIC_REPRESENTATION_CONTEXT() REPRESENTATION_CONTEXT('2D SPACE',''
  ) );
#2625 = PCURVE('',#1746,#2626);
#2626 = DEFINITIONAL_REPRESENTATION('',(#2627),#2631);
#2627 = LINE('',#2628,#2629);
#2628 = CARTESIAN_POINT('',(10.,-6.661338147751E-16));
#2629 = VECTOR('',#2630,1.);
#2630 = DIRECTION('',(0.,1.));
#2631 = ( GEOMETRIC_REPRESENTATION_CONTEXT(2) 
PARAMETRIC_REPRESENTATION_CONTEXT() REPRESENTATION_CONTEXT('2D SPACE',''
  ) );
#2632 = ORIENTED_EDGE('',*,*,#2633,.F.);
#2633 = EDGE_CURVE('',#2558,#2611,#2634,.T.);
#2634 = SURFACE_CURVE('',#2635,(#2639,#2646),.PCURVE_S1.);
#2635 = LINE('',#2636,#2637);
#2636 = CARTESIAN_POINT('',(-7.2,5.,176.9));
#2637 = VECTOR('',#2638,1.);
#2638 = DIRECTION('',(0.,0.,1.));
#2639 = PCURVE('',#1772,#2640);
#2640 = DEFINITIONAL_REPRESENTATION('',(#2641),#2645);
#2641 = LINE('',#2642,#2643);
#2642 = CARTESIAN_POINT('',(0.,0.));
#2643 = VECTOR('',#2644,1.);
#2644 = DIRECTION('',(1.,0.));
#2645 = ( GEOMETRIC_REPRESENTATION_CONTEXT(2) 
PARAMETRIC_REPRESENTATION_CONTEXT() REPRESENTATION_CONTEXT('2D SPACE',''
  ) );
#2646 = PCURVE('',#2573,#2647);
#2647 = DEFINITIONAL_REPRESENTATION('',(#2648),#2652);
#2648 = LINE('',#2649,#2650);
#2649 = CARTESIAN_POINT('',(0.,10.));
#2650 = VECTOR('',#2651,1.);
#2651 = DIRECTION('',(1.,0.));
#2652 = ( GEOMETRIC_REPRESENTATION_CONTEXT(2) 
PARAMETRIC_REPRESENTATION_CONTEXT() REPRESENTATION_CONTEXT('2D SPACE',''
  ) );
#2653 = ORIENTED_EDGE('',*,*,#2585,.T.);
#2654 = ORIENTED_EDGE('',*,*,#1758,.T.);
#2655 = ADVANCED_FACE('',(#2656),#1718,.F.);
#2656 = FACE_BOUND('',#2657,.F.);
#2657 = EDGE_LOOP('',(#2658,#2681,#2702,#2703));
#2658 = ORIENTED_EDGE('',*,*,#2659,.F.);
#2659 = EDGE_CURVE('',#2660,#1703,#2662,.T.);
#2660 = VERTEX_POINT('',#2661);
#2661 = CARTESIAN_POINT('',(-7.2,-5.,192.9));
#2662 = SURFACE_CURVE('',#2663,(#2667,#2674),.PCURVE_S1.);
#2663 = LINE('',#2664,#2665);
#2664 = CARTESIAN_POINT('',(-7.2,-5.,192.9));
#2665 = VECTOR('',#2666,1.);
#2666 = DIRECTION('',(-1.,1.110223024625E-16,0.));
#2667 = PCURVE('',#1718,#2668);
#2668 = DEFINITIONAL_REPRESENTATION('',(#2669),#2673);
#2669 = LINE('',#2670,#2671);
#2670 = CARTESIAN_POINT('',(16.,0.));
#2671 = VECTOR('',#2672,1.);
#2672 = DIRECTION('',(0.,-1.));
#2673 = ( GEOMETRIC_REPRESENTATION_CONTEXT(2) 
PARAMETRIC_REPRESENTATION_CONTEXT() REPRESENTATION_CONTEXT('2D SPACE',''
  ) );
#2674 = PCURVE('',#1746,#2675);
#2675 = DEFINITIONAL_REPRESENTATION('',(#2676),#2680);
#2676 = LINE('',#2677,#2678);
#2677 = CARTESIAN_POINT('',(0.,0.));
#2678 = VECTOR('',#2679,1.);
#2679 = DIRECTION('',(0.,1.));
#2680 = ( GEOMETRIC_REPRESENTATION_CONTEXT(2) 
PARAMETRIC_REPRESENTATION_CONTEXT() REPRESENTATION_CONTEXT('2D SPACE',''
  ) );
#2681 = ORIENTED_EDGE('',*,*,#2682,.F.);
#2682 = EDGE_CURVE('',#2535,#2660,#2683,.T.);
#2683 = SURFACE_CURVE('',#2684,(#2688,#2695),.PCURVE_S1.);
#2684 = LINE('',#2685,#2686);
#2685 = CARTESIAN_POINT('',(-7.2,-5.,176.9));
#2686 = VECTOR('',#2687,1.);
#2687 = DIRECTION('',(0.,0.,1.));
#2688 = PCURVE('',#1718,#2689);
#2689 = DEFINITIONAL_REPRESENTATION('',(#2690),#2694);
#2690 = LINE('',#2691,#2692);
#2691 = CARTESIAN_POINT('',(0.,0.));
#2692 = VECTOR('',#2693,1.);
#2693 = DIRECTION('',(1.,0.));
#2694 = ( GEOMETRIC_REPRESENTATION_CONTEXT(2) 
PARAMETRIC_REPRESENTATION_CONTEXT() REPRESENTATION_CONTEXT('2D SPACE',''
  ) );
#2695 = PCURVE('',#2573,#2696);
#2696 = DEFINITIONAL_REPRESENTATION('',(#2697),#2701);
#2697 = LINE('',#2698,#2699);
#2698 = CARTESIAN_POINT('',(0.,0.));
#2699 = VECTOR('',#2700,1.);
#2700 = DIRECTION('',(1.,0.));
#2701 = ( GEOMETRIC_REPRESENTATION_CONTEXT(2) 
PARAMETRIC_REPRESENTATION_CONTEXT() REPRESENTATION_CONTEXT('2D SPACE',''
  ) );
#2702 = ORIENTED_EDGE('',*,*,#2534,.T.);
#2703 = ORIENTED_EDGE('',*,*,#1702,.T.);
#2704 = ADVANCED_FACE('',(#2705),#1746,.T.);
#2705 = FACE_BOUND('',#2706,.T.);
#2706 = EDGE_LOOP('',(#2707,#2708,#2729,#2730));
#2707 = ORIENTED_EDGE('',*,*,#2659,.F.);
#2708 = ORIENTED_EDGE('',*,*,#2709,.T.);
#2709 = EDGE_CURVE('',#2660,#2611,#2710,.T.);
#2710 = SURFACE_CURVE('',#2711,(#2715,#2722),.PCURVE_S1.);
#2711 = LINE('',#2712,#2713);
#2712 = CARTESIAN_POINT('',(-7.2,-5.,192.9));
#2713 = VECTOR('',#2714,1.);
#2714 = DIRECTION('',(1.110223024625E-16,1.,0.));
#2715 = PCURVE('',#1746,#2716);
#2716 = DEFINITIONAL_REPRESENTATION('',(#2717),#2721);
#2717 = LINE('',#2718,#2719);
#2718 = CARTESIAN_POINT('',(0.,0.));
#2719 = VECTOR('',#2720,1.);
#2720 = DIRECTION('',(1.,0.));
#2721 = ( GEOMETRIC_REPRESENTATION_CONTEXT(2) 
PARAMETRIC_REPRESENTATION_CONTEXT() REPRESENTATION_CONTEXT('2D SPACE',''
  ) );
#2722 = PCURVE('',#2573,#2723);
#2723 = DEFINITIONAL_REPRESENTATION('',(#2724),#2728);
#2724 = LINE('',#2725,#2726);
#2725 = CARTESIAN_POINT('',(16.,0.));
#2726 = VECTOR('',#2727,1.);
#2727 = DIRECTION('',(0.,1.));
#2728 = ( GEOMETRIC_REPRESENTATION_CONTEXT(2) 
PARAMETRIC_REPRESENTATION_CONTEXT() REPRESENTATION_CONTEXT('2D SPACE',''
  ) );
#2729 = ORIENTED_EDGE('',*,*,#2610,.T.);
#2730 = ORIENTED_EDGE('',*,*,#1730,.T.);
#2731 = ADVANCED_FACE('',(#2732,#2735),#1867,.F.);
#2732 = FACE_BOUND('',#2733,.F.);
#2733 = EDGE_LOOP('',(#2734));
#2734 = ORIENTED_EDGE('',*,*,#1852,.T.);
#2735 = FACE_BOUND('',#2736,.F.);
#2736 = EDGE_LOOP('',(#2737));
#2737 = ORIENTED_EDGE('',*,*,#2372,.T.);
#2738 = ADVANCED_FACE('',(#2739,#2742),#2084,.F.);
#2739 = FACE_BOUND('',#2740,.F.);
#2740 = EDGE_LOOP('',(#2741));
#2741 = ORIENTED_EDGE('',*,*,#2069,.T.);
#2742 = FACE_BOUND('',#2743,.F.);
#2743 = EDGE_LOOP('',(#2744));
#2744 = ORIENTED_EDGE('',*,*,#2426,.T.);
#2745 = ADVANCED_FACE('',(#2746,#2749),#2301,.F.);
#2746 = FACE_BOUND('',#2747,.F.);
#2747 = EDGE_LOOP('',(#2748));
#2748 = ORIENTED_EDGE('',*,*,#2286,.T.);
#2749 = FACE_BOUND('',#2750,.F.);
#2750 = EDGE_LOOP('',(#2751));
#2751 = ORIENTED_EDGE('',*,*,#2480,.T.);
#2752 = ADVANCED_FACE('',(#2753),#2356,.F.);
#2753 = FACE_BOUND('',#2754,.F.);
#2754 = EDGE_LOOP('',(#2755));
#2755 = ORIENTED_EDGE('',*,*,#2341,.T.);
#2756 = ADVANCED_FACE('',(#2757),#2573,.F.);
#2757 = FACE_BOUND('',#2758,.F.);
#2758 = EDGE_LOOP('',(#2759,#2760,#2761,#2762));
#2759 = ORIENTED_EDGE('',*,*,#2557,.F.);
#2760 = ORIENTED_EDGE('',*,*,#2682,.T.);
#2761 = ORIENTED_EDGE('',*,*,#2709,.T.);
#2762 = ORIENTED_EDGE('',*,*,#2633,.F.);
#2763 = ( GEOMETRIC_REPRESENTATION_CONTEXT(3) 
GLOBAL_UNCERTAINTY_ASSIGNED_CONTEXT((#2767)) 
GLOBAL_UNIT_ASSIGNED_CONTEXT((#2764,#2765,#2766)) REPRESENTATION_CONTEXT
('Context #1','3D Context with UNIT and UNCERTAINTY') );
#2764 = ( LENGTH_UNIT() NAMED_UNIT(*) SI_UNIT(.MILLI.,.METRE.) );
#2765 = ( NAMED_UNIT(*) PLANE_ANGLE_UNIT() SI_UNIT($,.RADIAN.) );
#2766 = ( NAMED_UNIT(*) SI_UNIT($,.STERADIAN.) SOLID_ANGLE_UNIT() );
#2767 = UNCERTAINTY_MEASURE_WITH_UNIT(LENGTH_MEASURE(1.E-07),#2764,
  'distance_accuracy_value','confusion accuracy');
#2768 = PRODUCT_RELATED_PRODUCT_CATEGORY('part',$,(#7));
ENDSEC;
END-ISO-10303-21;
