ISO-10303-21;
HEADER;
FILE_DESCRIPTION(('Open CASCADE Model'),'2;1');
FILE_NAME('Open CASCADE Shape Model','2026-10-03T06:43:25',('Author'),(
    'Open CASCADE'),'Open CASCADE STEP processor 7.9','Open CASCADE 7.9'
  ,'Unknown');
FILE_SCHEMA(('AUTOMOTIVE_DESIGN { 1 0 10303 214 1 1 1 1 }'));
ENDSEC;
DATA;
#1 = APPLICATION_PROTOCOL_DEFINITION('international standard',
  'automotive_design',2000,#2);
#2 = APPLICATION_CONTEXT(
  'core data for automotive mechanical design processes');
#3 = SHAPE_DEFINITION_REPRESENTATION(#4,#10);
#4 = PRODUCT_DEFINITION_SHAPE('','',#5);
#5 = PRODUCT_DEFINITION('design','',#6,#9);
#6 = PRODUCT_DEFINITION_FORMATION('','',#7);
#7 = PRODUCT('Open CASCADE STEP translator 7.9 6',
  'Open CASCADE STEP translator 7.9 6','',(#8));
#8 = PRODUCT_CONTEXT('',#2,'mechanical');
#9 = PRODUCT_DEFINITION_CONTEXT('part definition',#2,'design');
#10 = ADVANCED_BREP_SHAPE_REPRESENTATION('',(#11,#15),#17474);
#11 = AXIS2_PLACEMENT_3D('',#12,#13,#14);
#12 = CARTESIAN_POINT('',(0.,0.,0.));
#13 = DIRECTION('',(0.,0.,1.));
#14 = DIRECTION('',(1.,0.,-0.));
#15 = MANIFOLD_SOLID_BREP('',#16);
#16 = CLOSED_SHELL('',(#17,#137,#225,#502,#583,#656,#713,#932,#982,#1993
    ,#2070,#2119,#2168,#2217,#2266,#2343,#6392,#6419,#6849,#6876,#7040,
    #7047,#7126,#7198,#7247,#7296,#7345,#7394,#7443,#7492,#7541,#7704,
    #7753,#7802,#7851,#7900,#7949,#7998,#8025,#8074,#8124,#8151,#8198,
    #8225,#8252,#8279,#8306,#8313,#8360,#8387,#8414,#8441,#8468,#8475,
    #12055,#12082,#12109,#12136,#12163,#12190,#12217,#12244,#12271,
    #12298,#12325,#12352,#12379,#12406,#12433,#12460,#12487,#12514,
    #12541,#12568,#12595,#12622,#12649,#12676,#12703,#12730,#12757,
    #12784,#12811,#12838,#12865,#12892,#12919,#12946,#12973,#13000,
    #13027,#13054,#13081,#13108,#13135,#13162,#13189,#13216,#13243,
    #13270,#13297,#13324,#13351,#13378,#13405,#13432,#13459,#13486,
    #13513,#13540,#13567,#13594,#13621,#13648,#13675,#13702,#13729,
    #13756,#13783,#13810,#13837,#13864,#13891,#13918,#13945,#13972,
    #13999,#14026,#14053,#14080,#14107,#14134,#14161,#14188,#14215,
    #14242,#14269,#14296,#14323,#14350,#14377,#14404,#14431,#14458,
    #14485,#14512,#14539,#14566,#14593,#14620,#14647,#14674,#14701,
    #14728,#14755,#14782,#14809,#14836,#14863,#14890,#14917,#14944,
    #14971,#14998,#15025,#15052,#15079,#15106,#15133,#15160,#15187,
    #15214,#15241,#15268,#15295,#15322,#15349,#15376,#15403,#15430,
    #15457,#15484,#15511,#15538,#15565,#15592,#15619,#15646,#15673,
    #15700,#15727,#15754,#15781,#15808,#15835,#15862,#15889,#15917,
    #15972,#16031,#16058,#16085,#16112,#16119,#16219,#16290,#16339,
    #16388,#16415,#16470,#16525,#16601,#16762,#16903,#16936,#16970,
    #17005,#17060,#17115,#17142,#17146,#17150,#17177,#17301,#17375,
    #17402,#17409,#17461,#17465,#17469));
#17 = ADVANCED_FACE('',(#18),#32,.F.);
#18 = FACE_BOUND('',#19,.F.);
#19 = EDGE_LOOP('',(#20,#55,#83,#111));
#20 = ORIENTED_EDGE('',*,*,#21,.T.);
#21 = EDGE_CURVE('',#22,#24,#26,.T.);
#22 = VERTEX_POINT('',#23);
#23 = CARTESIAN_POINT('',(19.1,15.999113548851,95.468421052632));
#24 = VERTEX_POINT('',#25);
#25 = CARTESIAN_POINT('',(22.5,15.999113548851,95.468421052632));
#26 = SURFACE_CURVE('',#27,(#31,#43),.PCURVE_S1.);
#27 = LINE('',#28,#29);
#28 = CARTESIAN_POINT('',(18.3,15.999113548851,95.468421052632));
#29 = VECTOR('',#30,1.);
#30 = DIRECTION('',(1.,-1.110223024625E-16,1.110223024625E-16));
#31 = PCURVE('',#32,#37);
#32 = PLANE('',#33);
#33 = AXIS2_PLACEMENT_3D('',#34,#35,#36);
#34 = CARTESIAN_POINT('',(18.3,15.999113548851,95.468421052632));
#35 = DIRECTION('',(-1.098474956566E-16,-0.999944596803,
    -1.052631578947E-02));
#36 = DIRECTION('',(-1.121848072874E-16,-1.052631578947E-02,
    0.999944596803));
#37 = DEFINITIONAL_REPRESENTATION('',(#38),#42);
#38 = LINE('',#39,#40);
#39 = CARTESIAN_POINT('',(-1.421006738842E-14,1.577721810442E-30));
#40 = VECTOR('',#41,1.);
#41 = DIRECTION('',(0.,-1.));
#42 = ( GEOMETRIC_REPRESENTATION_CONTEXT(2) 
PARAMETRIC_REPRESENTATION_CONTEXT() REPRESENTATION_CONTEXT('2D SPACE',''
  ) );
#43 = PCURVE('',#44,#49);
#44 = CYLINDRICAL_SURFACE('',#45,16.);
#45 = AXIS2_PLACEMENT_3D('',#46,#47,#48);
#46 = CARTESIAN_POINT('',(18.3,-2.031708135064E-15,95.3));
#47 = DIRECTION('',(-1.,1.110223024625E-16,-1.110223024625E-16));
#48 = DIRECTION('',(1.110223024625E-16,1.,0.));
#49 = DEFINITIONAL_REPRESENTATION('',(#50),#54);
#50 = LINE('',#51,#52);
#51 = CARTESIAN_POINT('',(-6.293711817371,0.));
#52 = VECTOR('',#53,1.);
#53 = DIRECTION('',(-0.,-1.));
#54 = ( GEOMETRIC_REPRESENTATION_CONTEXT(2) 
PARAMETRIC_REPRESENTATION_CONTEXT() REPRESENTATION_CONTEXT('2D SPACE',''
  ) );
#55 = ORIENTED_EDGE('',*,*,#56,.T.);
#56 = EDGE_CURVE('',#24,#57,#59,.T.);
#57 = VERTEX_POINT('',#58);
#58 = CARTESIAN_POINT('',(22.5,14.999168952048,190.45789473684));
#59 = SURFACE_CURVE('',#60,(#64,#71),.PCURVE_S1.);
#60 = LINE('',#61,#62);
#61 = CARTESIAN_POINT('',(22.5,15.999113548851,95.468421052632));
#62 = VECTOR('',#63,1.);
#63 = DIRECTION('',(-1.121848072874E-16,-1.052631578947E-02,
    0.999944596803));
#64 = PCURVE('',#32,#65);
#65 = DEFINITIONAL_REPRESENTATION('',(#66),#70);
#66 = LINE('',#67,#68);
#67 = CARTESIAN_POINT('',(-4.711761906072E-16,-4.2));
#68 = VECTOR('',#69,1.);
#69 = DIRECTION('',(1.,0.));
#70 = ( GEOMETRIC_REPRESENTATION_CONTEXT(2) 
PARAMETRIC_REPRESENTATION_CONTEXT() REPRESENTATION_CONTEXT('2D SPACE',''
  ) );
#71 = PCURVE('',#72,#77);
#72 = PLANE('',#73);
#73 = AXIS2_PLACEMENT_3D('',#74,#75,#76);
#74 = CARTESIAN_POINT('',(22.9,15.59913571013,95.464210526316));
#75 = DIRECTION('',(-0.707106781187,-0.70706760521,-7.443229275648E-03)
  );
#76 = DIRECTION('',(8.009242298187E-17,1.052631578947E-02,
    -0.999944596803));
#77 = DEFINITIONAL_REPRESENTATION('',(#78),#82);
#78 = LINE('',#79,#80);
#79 = CARTESIAN_POINT('',(1.538699723191E-15,-0.565685424949));
#80 = VECTOR('',#81,1.);
#81 = DIRECTION('',(-1.,-8.673617379884E-19));
#82 = ( GEOMETRIC_REPRESENTATION_CONTEXT(2) 
PARAMETRIC_REPRESENTATION_CONTEXT() REPRESENTATION_CONTEXT('2D SPACE',''
  ) );
#83 = ORIENTED_EDGE('',*,*,#84,.F.);
#84 = EDGE_CURVE('',#85,#57,#87,.T.);
#85 = VERTEX_POINT('',#86);
#86 = CARTESIAN_POINT('',(19.1,14.999168952048,190.45789473684));
#87 = SURFACE_CURVE('',#88,(#92,#99),.PCURVE_S1.);
#88 = LINE('',#89,#90);
#89 = CARTESIAN_POINT('',(18.3,14.999168952048,190.45789473684));
#90 = VECTOR('',#91,1.);
#91 = DIRECTION('',(1.,-1.110223024625E-16,1.110223024625E-16));
#92 = PCURVE('',#32,#93);
#93 = DEFINITIONAL_REPRESENTATION('',(#94),#98);
#94 = LINE('',#95,#96);
#95 = CARTESIAN_POINT('',(94.994736696303,1.174806805869E-18));
#96 = VECTOR('',#97,1.);
#97 = DIRECTION('',(0.,-1.));
#98 = ( GEOMETRIC_REPRESENTATION_CONTEXT(2) 
PARAMETRIC_REPRESENTATION_CONTEXT() REPRESENTATION_CONTEXT('2D SPACE',''
  ) );
#99 = PCURVE('',#100,#105);
#100 = CYLINDRICAL_SURFACE('',#101,15.);
#101 = AXIS2_PLACEMENT_3D('',#102,#103,#104);
#102 = CARTESIAN_POINT('',(18.3,-2.031708135064E-15,190.3));
#103 = DIRECTION('',(-1.,1.110223024625E-16,-1.110223024625E-16));
#104 = DIRECTION('',(1.110223024625E-16,1.,0.));
#105 = DEFINITIONAL_REPRESENTATION('',(#106),#110);
#106 = LINE('',#107,#108);
#107 = CARTESIAN_POINT('',(-1.052651019097E-02,0.));
#108 = VECTOR('',#109,1.);
#109 = DIRECTION('',(-0.,-1.));
#110 = ( GEOMETRIC_REPRESENTATION_CONTEXT(2) 
PARAMETRIC_REPRESENTATION_CONTEXT() REPRESENTATION_CONTEXT('2D SPACE',''
  ) );
#111 = ORIENTED_EDGE('',*,*,#112,.F.);
#112 = EDGE_CURVE('',#22,#85,#113,.T.);
#113 = SURFACE_CURVE('',#114,(#118,#125),.PCURVE_S1.);
#114 = LINE('',#115,#116);
#115 = CARTESIAN_POINT('',(19.1,15.999113548851,95.468421052632));
#116 = VECTOR('',#117,1.);
#117 = DIRECTION('',(-1.121848072874E-16,-1.052631578947E-02,
    0.999944596803));
#118 = PCURVE('',#32,#119);
#119 = DEFINITIONAL_REPRESENTATION('',(#120),#124);
#120 = LINE('',#121,#122);
#121 = CARTESIAN_POINT('',(-8.974784582995E-17,-0.8));
#122 = VECTOR('',#123,1.);
#123 = DIRECTION('',(1.,0.));
#124 = ( GEOMETRIC_REPRESENTATION_CONTEXT(2) 
PARAMETRIC_REPRESENTATION_CONTEXT() REPRESENTATION_CONTEXT('2D SPACE',''
  ) );
#125 = PCURVE('',#126,#131);
#126 = PLANE('',#127);
#127 = AXIS2_PLACEMENT_3D('',#128,#129,#130);
#128 = CARTESIAN_POINT('',(18.7,15.59913571013,95.464210526316));
#129 = DIRECTION('',(-0.707106781187,0.70706760521,7.443229275648E-03));
#130 = DIRECTION('',(1.44277191593E-16,1.052631578947E-02,
    -0.999944596803));
#131 = DEFINITIONAL_REPRESENTATION('',(#132),#136);
#132 = LINE('',#133,#134);
#133 = CARTESIAN_POINT('',(1.610690747444E-15,-0.565685424949));
#134 = VECTOR('',#135,1.);
#135 = DIRECTION('',(-1.,-2.602085213965E-18));
#136 = ( GEOMETRIC_REPRESENTATION_CONTEXT(2) 
PARAMETRIC_REPRESENTATION_CONTEXT() REPRESENTATION_CONTEXT('2D SPACE',''
  ) );
#137 = ADVANCED_FACE('',(#138),#44,.T.);
#138 = FACE_BOUND('',#139,.F.);
#139 = EDGE_LOOP('',(#140,#170,#197,#198));
#140 = ORIENTED_EDGE('',*,*,#141,.T.);
#141 = EDGE_CURVE('',#142,#144,#146,.T.);
#142 = VERTEX_POINT('',#143);
#143 = CARTESIAN_POINT('',(19.1,-15.99911354885,95.468421052632));
#144 = VERTEX_POINT('',#145);
#145 = CARTESIAN_POINT('',(22.5,-15.99911354885,95.468421052632));
#146 = SURFACE_CURVE('',#147,(#151,#158),.PCURVE_S1.);
#147 = LINE('',#148,#149);
#148 = CARTESIAN_POINT('',(18.3,-15.99911354885,95.468421052632));
#149 = VECTOR('',#150,1.);
#150 = DIRECTION('',(1.,-1.110223024625E-16,1.110223024625E-16));
#151 = PCURVE('',#44,#152);
#152 = DEFINITIONAL_REPRESENTATION('',(#153),#157);
#153 = LINE('',#154,#155);
#154 = CARTESIAN_POINT('',(-3.131066143399,0.));
#155 = VECTOR('',#156,1.);
#156 = DIRECTION('',(-0.,-1.));
#157 = ( GEOMETRIC_REPRESENTATION_CONTEXT(2) 
PARAMETRIC_REPRESENTATION_CONTEXT() REPRESENTATION_CONTEXT('2D SPACE',''
  ) );
#158 = PCURVE('',#159,#164);
#159 = PLANE('',#160);
#160 = AXIS2_PLACEMENT_3D('',#161,#162,#163);
#161 = CARTESIAN_POINT('',(18.3,-14.99916895204,190.45789473684));
#162 = DIRECTION('',(1.121848072874E-16,0.999944596803,
    -1.052631578947E-02));
#163 = DIRECTION('',(1.098474956566E-16,-1.052631578947E-02,
    -0.999944596803));
#164 = DEFINITIONAL_REPRESENTATION('',(#165),#169);
#165 = LINE('',#166,#167);
#166 = CARTESIAN_POINT('',(94.994736696303,-2.2320710975E-16));
#167 = VECTOR('',#168,1.);
#168 = DIRECTION('',(0.,-1.));
#169 = ( GEOMETRIC_REPRESENTATION_CONTEXT(2) 
PARAMETRIC_REPRESENTATION_CONTEXT() REPRESENTATION_CONTEXT('2D SPACE',''
  ) );
#170 = ORIENTED_EDGE('',*,*,#171,.T.);
#171 = EDGE_CURVE('',#144,#24,#172,.T.);
#172 = SURFACE_CURVE('',#173,(#178,#185),.PCURVE_S1.);
#173 = CIRCLE('',#174,16.);
#174 = AXIS2_PLACEMENT_3D('',#175,#176,#177);
#175 = CARTESIAN_POINT('',(22.5,-2.498001805407E-15,95.3));
#176 = DIRECTION('',(1.,-1.110223024625E-16,1.110223024625E-16));
#177 = DIRECTION('',(-1.121848072874E-16,-0.999944596803,
    1.052631578948E-02));
#178 = PCURVE('',#44,#179);
#179 = DEFINITIONAL_REPRESENTATION('',(#180),#184);
#180 = LINE('',#181,#182);
#181 = CARTESIAN_POINT('',(-3.131066143399,-4.2));
#182 = VECTOR('',#183,1.);
#183 = DIRECTION('',(-1.,0.));
#184 = ( GEOMETRIC_REPRESENTATION_CONTEXT(2) 
PARAMETRIC_REPRESENTATION_CONTEXT() REPRESENTATION_CONTEXT('2D SPACE',''
  ) );
#185 = PCURVE('',#186,#191);
#186 = CONICAL_SURFACE('',#187,16.,0.785398163397);
#187 = AXIS2_PLACEMENT_3D('',#188,#189,#190);
#188 = CARTESIAN_POINT('',(22.5,-2.498001805407E-15,95.3));
#189 = DIRECTION('',(-1.,1.110223024625E-16,-1.110223024625E-16));
#190 = DIRECTION('',(-1.121848072874E-16,-0.999944596803,
    1.052631578948E-02));
#191 = DEFINITIONAL_REPRESENTATION('',(#192),#196);
#192 = LINE('',#193,#194);
#193 = CARTESIAN_POINT('',(-0.,-0.));
#194 = VECTOR('',#195,1.);
#195 = DIRECTION('',(-1.,-0.));
#196 = ( GEOMETRIC_REPRESENTATION_CONTEXT(2) 
PARAMETRIC_REPRESENTATION_CONTEXT() REPRESENTATION_CONTEXT('2D SPACE',''
  ) );
#197 = ORIENTED_EDGE('',*,*,#21,.F.);
#198 = ORIENTED_EDGE('',*,*,#199,.F.);
#199 = EDGE_CURVE('',#142,#22,#200,.T.);
#200 = SURFACE_CURVE('',#201,(#206,#213),.PCURVE_S1.);
#201 = CIRCLE('',#202,16.);
#202 = AXIS2_PLACEMENT_3D('',#203,#204,#205);
#203 = CARTESIAN_POINT('',(19.1,-2.120525977034E-15,95.3));
#204 = DIRECTION('',(1.,-1.110223024625E-16,1.110223024625E-16));
#205 = DIRECTION('',(-1.121848072874E-16,-0.999944596803,
    1.052631578948E-02));
#206 = PCURVE('',#44,#207);
#207 = DEFINITIONAL_REPRESENTATION('',(#208),#212);
#208 = LINE('',#209,#210);
#209 = CARTESIAN_POINT('',(-3.131066143399,-0.8));
#210 = VECTOR('',#211,1.);
#211 = DIRECTION('',(-1.,0.));
#212 = ( GEOMETRIC_REPRESENTATION_CONTEXT(2) 
PARAMETRIC_REPRESENTATION_CONTEXT() REPRESENTATION_CONTEXT('2D SPACE',''
  ) );
#213 = PCURVE('',#214,#219);
#214 = CONICAL_SURFACE('',#215,16.,0.785398163397);
#215 = AXIS2_PLACEMENT_3D('',#216,#217,#218);
#216 = CARTESIAN_POINT('',(19.1,-2.120525977034E-15,95.3));
#217 = DIRECTION('',(1.,-1.110223024625E-16,1.110223024625E-16));
#218 = DIRECTION('',(-1.121848072874E-16,-0.999944596803,
    1.052631578948E-02));
#219 = DEFINITIONAL_REPRESENTATION('',(#220),#224);
#220 = LINE('',#221,#222);
#221 = CARTESIAN_POINT('',(0.,-0.));
#222 = VECTOR('',#223,1.);
#223 = DIRECTION('',(1.,-0.));
#224 = ( GEOMETRIC_REPRESENTATION_CONTEXT(2) 
PARAMETRIC_REPRESENTATION_CONTEXT() REPRESENTATION_CONTEXT('2D SPACE',''
  ) );
#225 = ADVANCED_FACE('',(#226),#126,.T.);
#226 = FACE_BOUND('',#227,.F.);
#227 = EDGE_LOOP('',(#228,#251,#252,#280,#308,#336,#364,#392,#420,#448,
    #476));
#228 = ORIENTED_EDGE('',*,*,#229,.F.);
#229 = EDGE_CURVE('',#22,#230,#232,.T.);
#230 = VERTEX_POINT('',#231);
#231 = CARTESIAN_POINT('',(18.3,15.199157871409,95.46));
#232 = SURFACE_CURVE('',#233,(#237,#244),.PCURVE_S1.);
#233 = LINE('',#234,#235);
#234 = CARTESIAN_POINT('',(18.7,15.59913571013,95.464210526316));
#235 = VECTOR('',#236,1.);
#236 = DIRECTION('',(-0.707106781187,-0.70706760521,-7.443229275648E-03)
  );
#237 = PCURVE('',#126,#238);
#238 = DEFINITIONAL_REPRESENTATION('',(#239),#243);
#239 = LINE('',#240,#241);
#240 = CARTESIAN_POINT('',(2.842013477684E-14,2.115492996963E-16));
#241 = VECTOR('',#242,1.);
#242 = DIRECTION('',(1.734723475977E-18,1.));
#243 = ( GEOMETRIC_REPRESENTATION_CONTEXT(2) 
PARAMETRIC_REPRESENTATION_CONTEXT() REPRESENTATION_CONTEXT('2D SPACE',''
  ) );
#244 = PCURVE('',#214,#245);
#245 = DEFINITIONAL_REPRESENTATION('',(#246),#250);
#246 = LINE('',#247,#248);
#247 = CARTESIAN_POINT('',(3.162645673972,-0.4));
#248 = VECTOR('',#249,1.);
#249 = DIRECTION('',(0.,-1.));
#250 = ( GEOMETRIC_REPRESENTATION_CONTEXT(2) 
PARAMETRIC_REPRESENTATION_CONTEXT() REPRESENTATION_CONTEXT('2D SPACE',''
  ) );
#251 = ORIENTED_EDGE('',*,*,#112,.T.);
#252 = ORIENTED_EDGE('',*,*,#253,.T.);
#253 = EDGE_CURVE('',#85,#254,#256,.T.);
#254 = VERTEX_POINT('',#255);
#255 = CARTESIAN_POINT('',(18.8,14.699185573007,190.4547368421));
#256 = SURFACE_CURVE('',#257,(#261,#268),.PCURVE_S1.);
#257 = LINE('',#258,#259);
#258 = CARTESIAN_POINT('',(18.7,14.599191113327,190.45368421052));
#259 = VECTOR('',#260,1.);
#260 = DIRECTION('',(-0.707106781187,-0.70706760521,-7.443229275648E-03)
  );
#261 = PCURVE('',#126,#262);
#262 = DEFINITIONAL_REPRESENTATION('',(#263),#267);
#263 = LINE('',#264,#265);
#264 = CARTESIAN_POINT('',(-94.9947366963,0.));
#265 = VECTOR('',#266,1.);
#266 = DIRECTION('',(1.734723475977E-18,1.));
#267 = ( GEOMETRIC_REPRESENTATION_CONTEXT(2) 
PARAMETRIC_REPRESENTATION_CONTEXT() REPRESENTATION_CONTEXT('2D SPACE',''
  ) );
#268 = PCURVE('',#269,#274);
#269 = CONICAL_SURFACE('',#270,15.,0.785398163397);
#270 = AXIS2_PLACEMENT_3D('',#271,#272,#273);
#271 = CARTESIAN_POINT('',(19.1,-2.120525977034E-15,190.3));
#272 = DIRECTION('',(1.,-1.110223024625E-16,1.110223024625E-16));
#273 = DIRECTION('',(1.098474956566E-16,0.999944596803,
    1.052631578948E-02));
#274 = DEFINITIONAL_REPRESENTATION('',(#275),#279);
#275 = LINE('',#276,#277);
#276 = CARTESIAN_POINT('',(0.,-0.4));
#277 = VECTOR('',#278,1.);
#278 = DIRECTION('',(0.,-1.));
#279 = ( GEOMETRIC_REPRESENTATION_CONTEXT(2) 
PARAMETRIC_REPRESENTATION_CONTEXT() REPRESENTATION_CONTEXT('2D SPACE',''
  ) );
#280 = ORIENTED_EDGE('',*,*,#281,.T.);
#281 = EDGE_CURVE('',#254,#282,#284,.T.);
#282 = VERTEX_POINT('',#283);
#283 = CARTESIAN_POINT('',(18.8,14.730013816301,187.52621598758));
#284 = SURFACE_CURVE('',#285,(#289,#296),.PCURVE_S1.);
#285 = LINE('',#286,#287);
#286 = CARTESIAN_POINT('',(18.8,15.257375860879,137.42959741931));
#287 = VECTOR('',#288,1.);
#288 = DIRECTION('',(1.121848072874E-16,1.052631578947E-02,
    -0.999944596803));
#289 = PCURVE('',#126,#290);
#290 = DEFINITIONAL_REPRESENTATION('',(#291),#295);
#291 = LINE('',#292,#293);
#292 = CARTESIAN_POINT('',(-41.9666593485,-0.141421356237));
#293 = VECTOR('',#294,1.);
#294 = DIRECTION('',(1.,4.770489558936E-17));
#295 = ( GEOMETRIC_REPRESENTATION_CONTEXT(2) 
PARAMETRIC_REPRESENTATION_CONTEXT() REPRESENTATION_CONTEXT('2D SPACE',''
  ) );
#296 = PCURVE('',#297,#302);
#297 = PLANE('',#298);
#298 = AXIS2_PLACEMENT_3D('',#299,#300,#301);
#299 = CARTESIAN_POINT('',(18.8,-8.803268735269E-16,179.23796912882));
#300 = DIRECTION('',(-1.,1.110223024625E-16,-1.110223024625E-16));
#301 = DIRECTION('',(-1.110223024625E-16,-1.,0.));
#302 = DEFINITIONAL_REPRESENTATION('',(#303),#307);
#303 = LINE('',#304,#305);
#304 = CARTESIAN_POINT('',(-15.25737586087,-41.80837170951));
#305 = VECTOR('',#306,1.);
#306 = DIRECTION('',(-1.052631578947E-02,-0.999944596803));
#307 = ( GEOMETRIC_REPRESENTATION_CONTEXT(2) 
PARAMETRIC_REPRESENTATION_CONTEXT() REPRESENTATION_CONTEXT('2D SPACE',''
  ) );
#308 = ORIENTED_EDGE('',*,*,#309,.F.);
#309 = EDGE_CURVE('',#310,#282,#312,.T.);
#310 = VERTEX_POINT('',#311);
#311 = CARTESIAN_POINT('',(18.770372880819,14.701970614676,
    187.37559621988));
#312 = SURFACE_CURVE('',#313,(#317,#324),.PCURVE_S1.);
#313 = LINE('',#314,#315);
#314 = CARTESIAN_POINT('',(9.707172091764,6.123304375017,141.29966190158
    ));
#315 = VECTOR('',#316,1.);
#316 = DIRECTION('',(0.189860870234,0.179710576387,0.965223786844));
#317 = PCURVE('',#126,#318);
#318 = DEFINITIONAL_REPRESENTATION('',(#319),#323);
#319 = LINE('',#320,#321);
#320 = CARTESIAN_POINT('',(-45.93265753774,12.717779191914));
#321 = VECTOR('',#322,1.);
#322 = DIRECTION('',(-0.963278620082,-0.268503817649));
#323 = ( GEOMETRIC_REPRESENTATION_CONTEXT(2) 
PARAMETRIC_REPRESENTATION_CONTEXT() REPRESENTATION_CONTEXT('2D SPACE',''
  ) );
#324 = PCURVE('',#325,#330);
#325 = PLANE('',#326);
#326 = AXIS2_PLACEMENT_3D('',#327,#328,#329);
#327 = CARTESIAN_POINT('',(-19.5,14.769311117458,187.73728141622));
#328 = DIRECTION('',(1.294681445814E-16,0.983105487431,-0.183039887955)
  );
#329 = DIRECTION('',(8.882512497489E-17,-0.183039887955,-0.983105487431)
  );
#330 = DEFINITIONAL_REPRESENTATION('',(#331),#335);
#331 = LINE('',#332,#333);
#332 = CARTESIAN_POINT('',(47.235642673477,-29.20717209176));
#333 = VECTOR('',#334,1.);
#334 = DIRECTION('',(-0.981811005211,-0.189860870234));
#335 = ( GEOMETRIC_REPRESENTATION_CONTEXT(2) 
PARAMETRIC_REPRESENTATION_CONTEXT() REPRESENTATION_CONTEXT('2D SPACE',''
  ) );
#336 = ORIENTED_EDGE('',*,*,#337,.F.);
#337 = EDGE_CURVE('',#338,#310,#340,.T.);
#338 = VERTEX_POINT('',#339);
#339 = CARTESIAN_POINT('',(18.690392012259,14.625774194536,
    187.01567257504));
#340 = SURFACE_CURVE('',#341,(#345,#352),.PCURVE_S1.);
#341 = LINE('',#342,#343);
#342 = CARTESIAN_POINT('',(8.591561792135,5.004789523778,141.56970722114
    ));
#343 = VECTOR('',#344,1.);
#344 = DIRECTION('',(0.212435872439,0.202384061095,0.955987286482));
#345 = PCURVE('',#126,#346);
#346 = DEFINITIONAL_REPRESENTATION('',(#347),#351);
#347 = LINE('',#348,#349);
#348 = CARTESIAN_POINT('',(-46.21446173645,14.295490407973));
#349 = VECTOR('',#350,1.);
#350 = DIRECTION('',(-0.953803963193,-0.300429691938));
#351 = ( GEOMETRIC_REPRESENTATION_CONTEXT(2) 
PARAMETRIC_REPRESENTATION_CONTEXT() REPRESENTATION_CONTEXT('2D SPACE',''
  ) );
#352 = PCURVE('',#353,#358);
#353 = PLANE('',#354);
#354 = AXIS2_PLACEMENT_3D('',#355,#356,#357);
#355 = CARTESIAN_POINT('',(-19.5,14.701970614676,187.37559621988));
#356 = DIRECTION('',(1.316090288874E-16,0.97831737072,-0.207111376192));
#357 = DIRECTION('',(8.562106518533E-17,-0.207111376192,-0.97831737072)
  );
#358 = DEFINITIONAL_REPRESENTATION('',(#359),#363);
#359 = LINE('',#360,#361);
#360 = CARTESIAN_POINT('',(46.821093409652,-28.09156179213));
#361 = VECTOR('',#362,1.);
#362 = DIRECTION('',(-0.977175009966,-0.212435872439));
#363 = ( GEOMETRIC_REPRESENTATION_CONTEXT(2) 
PARAMETRIC_REPRESENTATION_CONTEXT() REPRESENTATION_CONTEXT('2D SPACE',''
  ) );
#364 = ORIENTED_EDGE('',*,*,#365,.F.);
#365 = EDGE_CURVE('',#366,#338,#368,.T.);
#366 = VERTEX_POINT('',#367);
#367 = CARTESIAN_POINT('',(18.601622437121,14.540767754916,
    186.65772728622));
#368 = SURFACE_CURVE('',#369,(#373,#380),.PCURVE_S1.);
#369 = LINE('',#370,#371);
#370 = CARTESIAN_POINT('',(7.510767279511,3.920078089164,141.93610564447
    ));
#371 = VECTOR('',#372,1.);
#372 = DIRECTION('',(0.234555535551,0.224612215836,0.945797575192));
#373 = PCURVE('',#126,#374);
#374 = DEFINITIONAL_REPRESENTATION('',(#375),#379);
#375 = LINE('',#376,#377);
#376 = CARTESIAN_POINT('',(-46.59225787524,15.823964665865));
#377 = VECTOR('',#378,1.);
#378 = DIRECTION('',(-0.943380835869,-0.331711619506));
#379 = ( GEOMETRIC_REPRESENTATION_CONTEXT(2) 
PARAMETRIC_REPRESENTATION_CONTEXT() REPRESENTATION_CONTEXT('2D SPACE',''
  ) );
#380 = PCURVE('',#381,#386);
#381 = PLANE('',#382);
#382 = AXIS2_PLACEMENT_3D('',#383,#384,#385);
#383 = CARTESIAN_POINT('',(-19.5,14.625774194536,187.01567257504));
#384 = DIRECTION('',(1.336706368356E-16,0.972939952206,-0.231058108281)
  );
#385 = DIRECTION('',(8.236543046768E-17,-0.231058108281,-0.972939952206)
  );
#386 = DEFINITIONAL_REPRESENTATION('',(#387),#391);
#387 = LINE('',#388,#389);
#388 = CARTESIAN_POINT('',(46.333349584809,-27.01076727951));
#389 = VECTOR('',#390,1.);
#390 = DIRECTION('',(-0.972102721292,-0.234555535551));
#391 = ( GEOMETRIC_REPRESENTATION_CONTEXT(2) 
PARAMETRIC_REPRESENTATION_CONTEXT() REPRESENTATION_CONTEXT('2D SPACE',''
  ) );
#392 = ORIENTED_EDGE('',*,*,#393,.F.);
#393 = EDGE_CURVE('',#394,#366,#396,.T.);
#394 = VERTEX_POINT('',#395);
#395 = CARTESIAN_POINT('',(18.504117626878,14.447002500513,
    186.30197596629));
#396 = SURFACE_CURVE('',#397,(#401,#408),.PCURVE_S1.);
#397 = LINE('',#398,#399);
#398 = CARTESIAN_POINT('',(6.469406811343,2.873853253228,142.39271398341
    ));
#399 = VECTOR('',#400,1.);
#400 = DIRECTION('',(0.256185550196,0.246360187034,0.934706168865));
#401 = PCURVE('',#126,#402);
#402 = DEFINITIONAL_REPRESENTATION('',(#403),#407);
#403 = LINE('',#404,#405);
#404 = CARTESIAN_POINT('',(-47.05985380963,17.296670763266));
#405 = VECTOR('',#406,1.);
#406 = DIRECTION('',(-0.932061118029,-0.362301079571));
#407 = ( GEOMETRIC_REPRESENTATION_CONTEXT(2) 
PARAMETRIC_REPRESENTATION_CONTEXT() REPRESENTATION_CONTEXT('2D SPACE',''
  ) );
#408 = PCURVE('',#409,#414);
#409 = PLANE('',#410);
#410 = AXIS2_PLACEMENT_3D('',#411,#412,#413);
#411 = CARTESIAN_POINT('',(-19.5,14.540767754916,186.65772728622));
#412 = DIRECTION('',(1.356517265904E-16,0.966976471045,-0.254865659605)
  );
#413 = DIRECTION('',(7.906018189456E-17,-0.254865659605,-0.966976471045)
  );
#414 = DEFINITIONAL_REPRESENTATION('',(#415),#419);
#415 = LINE('',#416,#417);
#416 = CARTESIAN_POINT('',(45.776722214327,-25.96940681134));
#417 = VECTOR('',#418,1.);
#418 = DIRECTION('',(-0.966627624202,-0.256185550196));
#419 = ( GEOMETRIC_REPRESENTATION_CONTEXT(2) 
PARAMETRIC_REPRESENTATION_CONTEXT() REPRESENTATION_CONTEXT('2D SPACE',''
  ) );
#420 = ORIENTED_EDGE('',*,*,#421,.F.);
#421 = EDGE_CURVE('',#422,#394,#424,.T.);
#422 = VERTEX_POINT('',#423);
#423 = CARTESIAN_POINT('',(18.397936314781,14.344534912013,
    185.94863290655));
#424 = SURFACE_CURVE('',#425,(#429,#436),.PCURVE_S1.);
#425 = LINE('',#426,#427);
#426 = CARTESIAN_POINT('',(5.471508982307,1.870213296265,142.93293367457
    ));
#427 = VECTOR('',#428,1.);
#428 = DIRECTION('',(0.277295926141,0.267597417016,0.922766813313));
#429 = PCURVE('',#126,#430);
#430 = DEFINITIONAL_REPRESENTATION('',(#431),#435);
#431 = LINE('',#432,#433);
#432 = CARTESIAN_POINT('',(-47.61060820202,18.707911406952));
#433 = VECTOR('',#434,1.);
#434 = DIRECTION('',(-0.919898874166,-0.392155659539));
#435 = ( GEOMETRIC_REPRESENTATION_CONTEXT(2) 
PARAMETRIC_REPRESENTATION_CONTEXT() REPRESENTATION_CONTEXT('2D SPACE',''
  ) );
#436 = PCURVE('',#437,#442);
#437 = PLANE('',#438);
#438 = AXIS2_PLACEMENT_3D('',#439,#440,#441);
#439 = CARTESIAN_POINT('',(-19.5,14.447002500513,186.30197596629));
#440 = DIRECTION('',(1.375511048175E-16,0.960430519416,-0.278519689385)
  );
#441 = DIRECTION('',(7.570731042411E-17,-0.278519689385,-0.960430519416)
  );
#442 = DEFINITIONAL_REPRESENTATION('',(#443),#447);
#443 = LINE('',#444,#445);
#444 = CARTESIAN_POINT('',(45.155835237422,-24.9715089823));
#445 = VECTOR('',#446,1.);
#446 = DIRECTION('',(-0.960784559277,-0.277295926141));
#447 = ( GEOMETRIC_REPRESENTATION_CONTEXT(2) 
PARAMETRIC_REPRESENTATION_CONTEXT() REPRESENTATION_CONTEXT('2D SPACE',''
  ) );
#448 = ORIENTED_EDGE('',*,*,#449,.F.);
#449 = EDGE_CURVE('',#450,#422,#452,.T.);
#450 = VERTEX_POINT('',#451);
#451 = CARTESIAN_POINT('',(18.3,14.249743011245,185.64941465677));
#452 = SURFACE_CURVE('',#453,(#457,#464),.PCURVE_S1.);
#453 = LINE('',#454,#455);
#454 = CARTESIAN_POINT('',(4.520499972529,0.912657557706,143.54983300204
    ));
#455 = VECTOR('',#456,1.);
#456 = DIRECTION('',(0.297861012944,0.288297672266,0.910034762596));
#457 = PCURVE('',#126,#458);
#458 = DEFINITIONAL_REPRESENTATION('',(#459),#463);
#459 = LINE('',#460,#461);
#460 = CARTESIAN_POINT('',(-48.23755288538,20.052841246519));
#461 = VECTOR('',#462,1.);
#462 = DIRECTION('',(-0.906949631422,-0.421239084208));
#463 = ( GEOMETRIC_REPRESENTATION_CONTEXT(2) 
PARAMETRIC_REPRESENTATION_CONTEXT() REPRESENTATION_CONTEXT('2D SPACE',''
  ) );
#464 = PCURVE('',#465,#470);
#465 = PLANE('',#466);
#466 = AXIS2_PLACEMENT_3D('',#467,#468,#469);
#467 = CARTESIAN_POINT('',(-19.5,14.344534912013,185.94863290655));
#468 = DIRECTION('',(1.393676274023E-16,0.953306040354,-0.302005949319)
  );
#469 = DIRECTION('',(7.230883570075E-17,-0.302005949319,-0.953306040354)
  );
#470 = DEFINITIONAL_REPRESENTATION('',(#471),#475);
#471 = LINE('',#472,#473);
#472 = CARTESIAN_POINT('',(44.475538924263,-24.02049997252));
#473 = VECTOR('',#474,1.);
#474 = DIRECTION('',(-0.954609248315,-0.297861012944));
#475 = ( GEOMETRIC_REPRESENTATION_CONTEXT(2) 
PARAMETRIC_REPRESENTATION_CONTEXT() REPRESENTATION_CONTEXT('2D SPACE',''
  ) );
#476 = ORIENTED_EDGE('',*,*,#477,.F.);
#477 = EDGE_CURVE('',#230,#450,#478,.T.);
#478 = SURFACE_CURVE('',#479,(#483,#490),.PCURVE_S1.);
#479 = LINE('',#480,#481);
#480 = CARTESIAN_POINT('',(18.3,15.199157871409,95.46));
#481 = VECTOR('',#482,1.);
#482 = DIRECTION('',(-1.121848072874E-16,-1.052631578947E-02,
    0.999944596803));
#483 = PCURVE('',#126,#484);
#484 = DEFINITIONAL_REPRESENTATION('',(#485),#489);
#485 = LINE('',#486,#487);
#486 = CARTESIAN_POINT('',(-1.628905343942E-15,0.565685424949));
#487 = VECTOR('',#488,1.);
#488 = DIRECTION('',(-1.,-2.602085213965E-18));
#489 = ( GEOMETRIC_REPRESENTATION_CONTEXT(2) 
PARAMETRIC_REPRESENTATION_CONTEXT() REPRESENTATION_CONTEXT('2D SPACE',''
  ) );
#490 = PCURVE('',#491,#496);
#491 = PLANE('',#492);
#492 = AXIS2_PLACEMENT_3D('',#493,#494,#495);
#493 = CARTESIAN_POINT('',(18.3,-4.542396567089E-15,142.12739969301));
#494 = DIRECTION('',(1.,-1.110223024625E-16,1.110223024625E-16));
#495 = DIRECTION('',(1.110223024625E-16,1.,0.));
#496 = DEFINITIONAL_REPRESENTATION('',(#497),#501);
#497 = LINE('',#498,#499);
#498 = CARTESIAN_POINT('',(15.199157871409,-46.66739969301));
#499 = VECTOR('',#500,1.);
#500 = DIRECTION('',(-1.052631578947E-02,0.999944596803));
#501 = ( GEOMETRIC_REPRESENTATION_CONTEXT(2) 
PARAMETRIC_REPRESENTATION_CONTEXT() REPRESENTATION_CONTEXT('2D SPACE',''
  ) );
#502 = ADVANCED_FACE('',(#503),#72,.F.);
#503 = FACE_BOUND('',#504,.T.);
#504 = EDGE_LOOP('',(#505,#528,#529,#557));
#505 = ORIENTED_EDGE('',*,*,#506,.F.);
#506 = EDGE_CURVE('',#24,#507,#509,.T.);
#507 = VERTEX_POINT('',#508);
#508 = CARTESIAN_POINT('',(23.3,15.199157871409,95.46));
#509 = SURFACE_CURVE('',#510,(#514,#521),.PCURVE_S1.);
#510 = LINE('',#511,#512);
#511 = CARTESIAN_POINT('',(22.9,15.59913571013,95.464210526316));
#512 = VECTOR('',#513,1.);
#513 = DIRECTION('',(0.707106781187,-0.70706760521,-7.443229275648E-03)
  );
#514 = PCURVE('',#72,#515);
#515 = DEFINITIONAL_REPRESENTATION('',(#516),#520);
#516 = LINE('',#517,#518);
#517 = CARTESIAN_POINT('',(2.842013477684E-14,2.115492996963E-16));
#518 = VECTOR('',#519,1.);
#519 = DIRECTION('',(8.673617379884E-19,1.));
#520 = ( GEOMETRIC_REPRESENTATION_CONTEXT(2) 
PARAMETRIC_REPRESENTATION_CONTEXT() REPRESENTATION_CONTEXT('2D SPACE',''
  ) );
#521 = PCURVE('',#186,#522);
#522 = DEFINITIONAL_REPRESENTATION('',(#523),#527);
#523 = LINE('',#524,#525);
#524 = CARTESIAN_POINT('',(-3.162645673972,-0.4));
#525 = VECTOR('',#526,1.);
#526 = DIRECTION('',(-0.,-1.));
#527 = ( GEOMETRIC_REPRESENTATION_CONTEXT(2) 
PARAMETRIC_REPRESENTATION_CONTEXT() REPRESENTATION_CONTEXT('2D SPACE',''
  ) );
#528 = ORIENTED_EDGE('',*,*,#56,.T.);
#529 = ORIENTED_EDGE('',*,*,#530,.T.);
#530 = EDGE_CURVE('',#57,#531,#533,.T.);
#531 = VERTEX_POINT('',#532);
#532 = CARTESIAN_POINT('',(23.3,14.199213274605,190.44947368421));
#533 = SURFACE_CURVE('',#534,(#538,#545),.PCURVE_S1.);
#534 = LINE('',#535,#536);
#535 = CARTESIAN_POINT('',(22.9,14.599191113327,190.45368421052));
#536 = VECTOR('',#537,1.);
#537 = DIRECTION('',(0.707106781187,-0.70706760521,-7.443229275648E-03)
  );
#538 = PCURVE('',#72,#539);
#539 = DEFINITIONAL_REPRESENTATION('',(#540),#544);
#540 = LINE('',#541,#542);
#541 = CARTESIAN_POINT('',(-94.9947366963,1.110223024625E-16));
#542 = VECTOR('',#543,1.);
#543 = DIRECTION('',(8.673617379884E-19,1.));
#544 = ( GEOMETRIC_REPRESENTATION_CONTEXT(2) 
PARAMETRIC_REPRESENTATION_CONTEXT() REPRESENTATION_CONTEXT('2D SPACE',''
  ) );
#545 = PCURVE('',#546,#551);
#546 = CONICAL_SURFACE('',#547,15.,0.785398163397);
#547 = AXIS2_PLACEMENT_3D('',#548,#549,#550);
#548 = CARTESIAN_POINT('',(22.5,-2.498001805407E-15,190.3));
#549 = DIRECTION('',(-1.,1.110223024625E-16,-1.110223024625E-16));
#550 = DIRECTION('',(1.098474956566E-16,0.999944596803,
    1.052631578948E-02));
#551 = DEFINITIONAL_REPRESENTATION('',(#552),#556);
#552 = LINE('',#553,#554);
#553 = CARTESIAN_POINT('',(-0.,-0.4));
#554 = VECTOR('',#555,1.);
#555 = DIRECTION('',(-0.,-1.));
#556 = ( GEOMETRIC_REPRESENTATION_CONTEXT(2) 
PARAMETRIC_REPRESENTATION_CONTEXT() REPRESENTATION_CONTEXT('2D SPACE',''
  ) );
#557 = ORIENTED_EDGE('',*,*,#558,.F.);
#558 = EDGE_CURVE('',#507,#531,#559,.T.);
#559 = SURFACE_CURVE('',#560,(#564,#571),.PCURVE_S1.);
#560 = LINE('',#561,#562);
#561 = CARTESIAN_POINT('',(23.3,15.199157871409,95.46));
#562 = VECTOR('',#563,1.);
#563 = DIRECTION('',(-1.121848072874E-16,-1.052631578947E-02,
    0.999944596803));
#564 = PCURVE('',#72,#565);
#565 = DEFINITIONAL_REPRESENTATION('',(#566),#570);
#566 = LINE('',#567,#568);
#567 = CARTESIAN_POINT('',(-1.557781681427E-15,0.565685424949));
#568 = VECTOR('',#569,1.);
#569 = DIRECTION('',(-1.,-8.673617379884E-19));
#570 = ( GEOMETRIC_REPRESENTATION_CONTEXT(2) 
PARAMETRIC_REPRESENTATION_CONTEXT() REPRESENTATION_CONTEXT('2D SPACE',''
  ) );
#571 = PCURVE('',#572,#577);
#572 = PLANE('',#573);
#573 = AXIS2_PLACEMENT_3D('',#574,#575,#576);
#574 = CARTESIAN_POINT('',(23.3,-5.097508079402E-15,142.12739969301));
#575 = DIRECTION('',(1.,-1.110223024625E-16,1.110223024625E-16));
#576 = DIRECTION('',(1.110223024625E-16,1.,0.));
#577 = DEFINITIONAL_REPRESENTATION('',(#578),#582);
#578 = LINE('',#579,#580);
#579 = CARTESIAN_POINT('',(15.199157871409,-46.66739969301));
#580 = VECTOR('',#581,1.);
#581 = DIRECTION('',(-1.052631578947E-02,0.999944596803));
#582 = ( GEOMETRIC_REPRESENTATION_CONTEXT(2) 
PARAMETRIC_REPRESENTATION_CONTEXT() REPRESENTATION_CONTEXT('2D SPACE',''
  ) );
#583 = ADVANCED_FACE('',(#584),#100,.T.);
#584 = FACE_BOUND('',#585,.F.);
#585 = EDGE_LOOP('',(#586,#587,#611,#634));
#586 = ORIENTED_EDGE('',*,*,#84,.T.);
#587 = ORIENTED_EDGE('',*,*,#588,.T.);
#588 = EDGE_CURVE('',#57,#589,#591,.T.);
#589 = VERTEX_POINT('',#590);
#590 = CARTESIAN_POINT('',(22.5,-14.99916895204,190.45789473684));
#591 = SURFACE_CURVE('',#592,(#597,#604),.PCURVE_S1.);
#592 = CIRCLE('',#593,15.);
#593 = AXIS2_PLACEMENT_3D('',#594,#595,#596);
#594 = CARTESIAN_POINT('',(22.5,-2.498001805407E-15,190.3));
#595 = DIRECTION('',(1.,-1.110223024625E-16,1.110223024625E-16));
#596 = DIRECTION('',(1.098474956566E-16,0.999944596803,
    1.052631578948E-02));
#597 = PCURVE('',#100,#598);
#598 = DEFINITIONAL_REPRESENTATION('',(#599),#603);
#599 = LINE('',#600,#601);
#600 = CARTESIAN_POINT('',(-1.052651019097E-02,-4.2));
#601 = VECTOR('',#602,1.);
#602 = DIRECTION('',(-1.,0.));
#603 = ( GEOMETRIC_REPRESENTATION_CONTEXT(2) 
PARAMETRIC_REPRESENTATION_CONTEXT() REPRESENTATION_CONTEXT('2D SPACE',''
  ) );
#604 = PCURVE('',#546,#605);
#605 = DEFINITIONAL_REPRESENTATION('',(#606),#610);
#606 = LINE('',#607,#608);
#607 = CARTESIAN_POINT('',(-0.,-0.));
#608 = VECTOR('',#609,1.);
#609 = DIRECTION('',(-1.,-0.));
#610 = ( GEOMETRIC_REPRESENTATION_CONTEXT(2) 
PARAMETRIC_REPRESENTATION_CONTEXT() REPRESENTATION_CONTEXT('2D SPACE',''
  ) );
#611 = ORIENTED_EDGE('',*,*,#612,.F.);
#612 = EDGE_CURVE('',#613,#589,#615,.T.);
#613 = VERTEX_POINT('',#614);
#614 = CARTESIAN_POINT('',(19.1,-14.99916895204,190.45789473684));
#615 = SURFACE_CURVE('',#616,(#620,#627),.PCURVE_S1.);
#616 = LINE('',#617,#618);
#617 = CARTESIAN_POINT('',(18.3,-14.99916895204,190.45789473684));
#618 = VECTOR('',#619,1.);
#619 = DIRECTION('',(1.,-1.110223024625E-16,1.110223024625E-16));
#620 = PCURVE('',#100,#621);
#621 = DEFINITIONAL_REPRESENTATION('',(#622),#626);
#622 = LINE('',#623,#624);
#623 = CARTESIAN_POINT('',(-3.131066143399,0.));
#624 = VECTOR('',#625,1.);
#625 = DIRECTION('',(-0.,-1.));
#626 = ( GEOMETRIC_REPRESENTATION_CONTEXT(2) 
PARAMETRIC_REPRESENTATION_CONTEXT() REPRESENTATION_CONTEXT('2D SPACE',''
  ) );
#627 = PCURVE('',#159,#628);
#628 = DEFINITIONAL_REPRESENTATION('',(#629),#633);
#629 = LINE('',#630,#631);
#630 = CARTESIAN_POINT('',(0.,0.));
#631 = VECTOR('',#632,1.);
#632 = DIRECTION('',(0.,-1.));
#633 = ( GEOMETRIC_REPRESENTATION_CONTEXT(2) 
PARAMETRIC_REPRESENTATION_CONTEXT() REPRESENTATION_CONTEXT('2D SPACE',''
  ) );
#634 = ORIENTED_EDGE('',*,*,#635,.F.);
#635 = EDGE_CURVE('',#85,#613,#636,.T.);
#636 = SURFACE_CURVE('',#637,(#642,#649),.PCURVE_S1.);
#637 = CIRCLE('',#638,15.);
#638 = AXIS2_PLACEMENT_3D('',#639,#640,#641);
#639 = CARTESIAN_POINT('',(19.1,-2.120525977034E-15,190.3));
#640 = DIRECTION('',(1.,-1.110223024625E-16,1.110223024625E-16));
#641 = DIRECTION('',(1.098474956566E-16,0.999944596803,
    1.052631578948E-02));
#642 = PCURVE('',#100,#643);
#643 = DEFINITIONAL_REPRESENTATION('',(#644),#648);
#644 = LINE('',#645,#646);
#645 = CARTESIAN_POINT('',(-1.052651019097E-02,-0.8));
#646 = VECTOR('',#647,1.);
#647 = DIRECTION('',(-1.,0.));
#648 = ( GEOMETRIC_REPRESENTATION_CONTEXT(2) 
PARAMETRIC_REPRESENTATION_CONTEXT() REPRESENTATION_CONTEXT('2D SPACE',''
  ) );
#649 = PCURVE('',#269,#650);
#650 = DEFINITIONAL_REPRESENTATION('',(#651),#655);
#651 = LINE('',#652,#653);
#652 = CARTESIAN_POINT('',(0.,-0.));
#653 = VECTOR('',#654,1.);
#654 = DIRECTION('',(1.,-0.));
#655 = ( GEOMETRIC_REPRESENTATION_CONTEXT(2) 
PARAMETRIC_REPRESENTATION_CONTEXT() REPRESENTATION_CONTEXT('2D SPACE',''
  ) );
#656 = ADVANCED_FACE('',(#657),#159,.F.);
#657 = FACE_BOUND('',#658,.F.);
#658 = EDGE_LOOP('',(#659,#660,#686,#687));
#659 = ORIENTED_EDGE('',*,*,#612,.T.);
#660 = ORIENTED_EDGE('',*,*,#661,.T.);
#661 = EDGE_CURVE('',#589,#144,#662,.T.);
#662 = SURFACE_CURVE('',#663,(#667,#674),.PCURVE_S1.);
#663 = LINE('',#664,#665);
#664 = CARTESIAN_POINT('',(22.5,-14.99916895204,190.45789473684));
#665 = VECTOR('',#666,1.);
#666 = DIRECTION('',(1.098474956566E-16,-1.052631578947E-02,
    -0.999944596803));
#667 = PCURVE('',#159,#668);
#668 = DEFINITIONAL_REPRESENTATION('',(#669),#673);
#669 = LINE('',#670,#671);
#670 = CARTESIAN_POINT('',(4.613594817579E-16,-4.2));
#671 = VECTOR('',#672,1.);
#672 = DIRECTION('',(1.,0.));
#673 = ( GEOMETRIC_REPRESENTATION_CONTEXT(2) 
PARAMETRIC_REPRESENTATION_CONTEXT() REPRESENTATION_CONTEXT('2D SPACE',''
  ) );
#674 = PCURVE('',#675,#680);
#675 = PLANE('',#676);
#676 = AXIS2_PLACEMENT_3D('',#677,#678,#679);
#677 = CARTESIAN_POINT('',(22.9,-14.59919111332,190.45368421052));
#678 = DIRECTION('',(-0.707106781187,0.70706760521,-7.443229275648E-03)
  );
#679 = DIRECTION('',(-8.989817568291E-17,1.052631578947E-02,
    0.999944596803));
#680 = DEFINITIONAL_REPRESENTATION('',(#681),#685);
#681 = LINE('',#682,#683);
#682 = CARTESIAN_POINT('',(-1.575042180013E-14,-0.565685424949));
#683 = VECTOR('',#684,1.);
#684 = DIRECTION('',(-1.,1.734723475977E-18));
#685 = ( GEOMETRIC_REPRESENTATION_CONTEXT(2) 
PARAMETRIC_REPRESENTATION_CONTEXT() REPRESENTATION_CONTEXT('2D SPACE',''
  ) );
#686 = ORIENTED_EDGE('',*,*,#141,.F.);
#687 = ORIENTED_EDGE('',*,*,#688,.F.);
#688 = EDGE_CURVE('',#613,#142,#689,.T.);
#689 = SURFACE_CURVE('',#690,(#694,#701),.PCURVE_S1.);
#690 = LINE('',#691,#692);
#691 = CARTESIAN_POINT('',(19.1,-14.99916895204,190.45789473684));
#692 = VECTOR('',#693,1.);
#693 = DIRECTION('',(1.098474956566E-16,-1.052631578947E-02,
    -0.999944596803));
#694 = PCURVE('',#159,#695);
#695 = DEFINITIONAL_REPRESENTATION('',(#696),#700);
#696 = LINE('',#697,#698);
#697 = CARTESIAN_POINT('',(8.787799652532E-17,-0.8));
#698 = VECTOR('',#699,1.);
#699 = DIRECTION('',(1.,0.));
#700 = ( GEOMETRIC_REPRESENTATION_CONTEXT(2) 
PARAMETRIC_REPRESENTATION_CONTEXT() REPRESENTATION_CONTEXT('2D SPACE',''
  ) );
#701 = PCURVE('',#702,#707);
#702 = PLANE('',#703);
#703 = AXIS2_PLACEMENT_3D('',#704,#705,#706);
#704 = CARTESIAN_POINT('',(18.7,-14.59919111332,190.45368421052));
#705 = DIRECTION('',(-0.707106781187,-0.70706760521,7.443229275648E-03)
  );
#706 = DIRECTION('',(-1.297968156304E-16,1.052631578947E-02,
    0.999944596803));
#707 = DEFINITIONAL_REPRESENTATION('',(#708),#712);
#708 = LINE('',#709,#710);
#709 = CARTESIAN_POINT('',(-1.583802533567E-14,-0.565685424949));
#710 = VECTOR('',#711,1.);
#711 = DIRECTION('',(-1.,0.));
#712 = ( GEOMETRIC_REPRESENTATION_CONTEXT(2) 
PARAMETRIC_REPRESENTATION_CONTEXT() REPRESENTATION_CONTEXT('2D SPACE',''
  ) );
#713 = ADVANCED_FACE('',(#714),#214,.T.);
#714 = FACE_BOUND('',#715,.F.);
#715 = EDGE_LOOP('',(#716,#739,#740,#741,#765,#910));
#716 = ORIENTED_EDGE('',*,*,#717,.F.);
#717 = EDGE_CURVE('',#142,#718,#720,.T.);
#718 = VERTEX_POINT('',#719);
#719 = CARTESIAN_POINT('',(18.3,-15.1991578714,95.46));
#720 = SURFACE_CURVE('',#721,(#725,#732),.PCURVE_S1.);
#721 = LINE('',#722,#723);
#722 = CARTESIAN_POINT('',(18.7,-15.59913571013,95.464210526316));
#723 = VECTOR('',#724,1.);
#724 = DIRECTION('',(-0.707106781187,0.70706760521,-7.443229275648E-03)
  );
#725 = PCURVE('',#214,#726);
#726 = DEFINITIONAL_REPRESENTATION('',(#727),#731);
#727 = LINE('',#728,#729);
#728 = CARTESIAN_POINT('',(0.,-0.4));
#729 = VECTOR('',#730,1.);
#730 = DIRECTION('',(0.,-1.));
#731 = ( GEOMETRIC_REPRESENTATION_CONTEXT(2) 
PARAMETRIC_REPRESENTATION_CONTEXT() REPRESENTATION_CONTEXT('2D SPACE',''
  ) );
#732 = PCURVE('',#702,#733);
#733 = DEFINITIONAL_REPRESENTATION('',(#734),#738);
#734 = LINE('',#735,#736);
#735 = CARTESIAN_POINT('',(-94.9947366963,-2.6645352591E-15));
#736 = VECTOR('',#737,1.);
#737 = DIRECTION('',(-0.,1.));
#738 = ( GEOMETRIC_REPRESENTATION_CONTEXT(2) 
PARAMETRIC_REPRESENTATION_CONTEXT() REPRESENTATION_CONTEXT('2D SPACE',''
  ) );
#739 = ORIENTED_EDGE('',*,*,#199,.T.);
#740 = ORIENTED_EDGE('',*,*,#229,.T.);
#741 = ORIENTED_EDGE('',*,*,#742,.F.);
#742 = EDGE_CURVE('',#743,#230,#745,.T.);
#743 = VERTEX_POINT('',#744);
#744 = CARTESIAN_POINT('',(18.3,2.130140840414,80.25));
#745 = SURFACE_CURVE('',#746,(#751,#758),.PCURVE_S1.);
#746 = CIRCLE('',#747,15.2);
#747 = AXIS2_PLACEMENT_3D('',#748,#749,#750);
#748 = CARTESIAN_POINT('',(18.3,-2.031708135064E-15,95.3));
#749 = DIRECTION('',(1.,-1.110223024625E-16,1.110223024625E-16));
#750 = DIRECTION('',(-1.121848072874E-16,-0.999944596803,
    1.052631578948E-02));
#751 = PCURVE('',#214,#752);
#752 = DEFINITIONAL_REPRESENTATION('',(#753),#757);
#753 = LINE('',#754,#755);
#754 = CARTESIAN_POINT('',(0.,-0.8));
#755 = VECTOR('',#756,1.);
#756 = DIRECTION('',(1.,-0.));
#757 = ( GEOMETRIC_REPRESENTATION_CONTEXT(2) 
PARAMETRIC_REPRESENTATION_CONTEXT() REPRESENTATION_CONTEXT('2D SPACE',''
  ) );
#758 = PCURVE('',#491,#759);
#759 = DEFINITIONAL_REPRESENTATION('',(#760),#764);
#760 = CIRCLE('',#761,15.2);
#761 = AXIS2_PLACEMENT_2D('',#762,#763);
#762 = CARTESIAN_POINT('',(2.510688432025E-15,-46.82739969301));
#763 = DIRECTION('',(-0.999944596803,1.052631578948E-02));
#764 = ( GEOMETRIC_REPRESENTATION_CONTEXT(2) 
PARAMETRIC_REPRESENTATION_CONTEXT() REPRESENTATION_CONTEXT('2D SPACE',''
  ) );
#765 = ORIENTED_EDGE('',*,*,#766,.T.);
#766 = EDGE_CURVE('',#743,#767,#769,.T.);
#767 = VERTEX_POINT('',#768);
#768 = CARTESIAN_POINT('',(18.3,-2.130140840414,80.25));
#769 = SURFACE_CURVE('',#770,(#813,#859),.PCURVE_S1.);
#770 = B_SPLINE_CURVE_WITH_KNOTS('',6,(#771,#772,#773,#774,#775,#776,
    #777,#778,#779,#780,#781,#782,#783,#784,#785,#786,#787,#788,#789,
    #790,#791,#792,#793,#794,#795,#796,#797,#798,#799,#800,#801,#802,
    #803,#804,#805,#806,#807,#808,#809,#810,#811,#812),.UNSPECIFIED.,.F.
  ,.F.,(7,5,5,5,5,5,5,5,7),(0.,0.255300730236,0.347008430697,
    0.39790921694,0.499998543417,0.60208779024,0.652988484609,
    0.744695960452,1.),.UNSPECIFIED.);
#771 = CARTESIAN_POINT('',(18.3,2.130140840414,80.25));
#772 = CARTESIAN_POINT('',(18.382050814884,2.005016340055,
    80.149421581755));
#773 = CARTESIAN_POINT('',(18.460815350351,1.869574278864,
    80.052219932588));
#774 = CARTESIAN_POINT('',(18.535736616473,1.722775553587,
    79.959176054315));
#775 = CARTESIAN_POINT('',(18.605786946532,1.56372127567,79.871669169926
    ));
#776 = CARTESIAN_POINT('',(18.669538783444,1.391818659647,
    79.791635659837));
#777 = CARTESIAN_POINT('',(18.745244623917,1.140595269894,
    79.696238748475));
#778 = CARTESIAN_POINT('',(18.764205264838,1.0725592579,79.672307717671)
  );
#779 = CARTESIAN_POINT('',(18.782033662578,1.002898514457,
    79.649772260462));
#780 = CARTESIAN_POINT('',(18.798636478963,0.931656073414,
    79.628758104347));
#781 = CARTESIAN_POINT('',(18.813917723746,0.858907058802,79.60939443748
    ));
#782 = CARTESIAN_POINT('',(18.83548049426,0.743614465341,79.582044872913
    ));
#783 = CARTESIAN_POINT('',(18.842741042301,0.702034743405,
    79.572830074527));
#784 = CARTESIAN_POINT('',(18.849549558749,0.660046194814,79.56418411832
    ));
#785 = CARTESIAN_POINT('',(18.855890627747,0.617672608718,
    79.556127725905));
#786 = CARTESIAN_POINT('',(18.861749667226,0.574941680896,
    79.548680491624));
#787 = CARTESIAN_POINT('',(18.87786977202,0.445528270105,79.528183111566
    ));
#788 = CARTESIAN_POINT('',(18.886633994266,0.357850038275,
    79.517027825151));
#789 = CARTESIAN_POINT('',(18.893293690885,0.269126959239,
    79.508545174873));
#790 = CARTESIAN_POINT('',(18.89776457681,0.179671671947,79.502848341575
    ));
#791 = CARTESIAN_POINT('',(18.899999840867,8.983492268572E-02,
    79.500000202766));
#792 = CARTESIAN_POINT('',(18.900000159119,-8.981950372293E-02,
    79.499999797252));
#793 = CARTESIAN_POINT('',(18.897765216837,-0.179656225018,
    79.502847526056));
#794 = CARTESIAN_POINT('',(18.893294652285,-0.269111526953,
    79.508543950123));
#795 = CARTESIAN_POINT('',(18.886635272816,-0.357834661456,
    79.517026197072));
#796 = CARTESIAN_POINT('',(18.877871360269,-0.445512985852,
    79.528181090403));
#797 = CARTESIAN_POINT('',(18.861751710674,-0.57492653887,
    79.548677894111));
#798 = CARTESIAN_POINT('',(18.855892824941,-0.617657493184,
    79.556124933952));
#799 = CARTESIAN_POINT('',(18.849551908009,-0.660031113855,
    79.564181134322));
#800 = CARTESIAN_POINT('',(18.842743541693,-0.702019704549,
    79.572826901221));
#801 = CARTESIAN_POINT('',(18.835483141651,-0.743599475529,
    79.582041513309));
#802 = CARTESIAN_POINT('',(18.813920788323,-0.858892176372,
    79.609390553587));
#803 = CARTESIAN_POINT('',(18.798639809407,-0.931641265435,
    79.628753887406));
#804 = CARTESIAN_POINT('',(18.782037252272,-1.002883799981,
    79.649767720005));
#805 = CARTESIAN_POINT('',(18.764209106618,-1.072544652878,
    79.672302863975));
#806 = CARTESIAN_POINT('',(18.745248710452,-1.140580787472,
    79.696233592054));
#807 = CARTESIAN_POINT('',(18.669542910401,-1.391807529955,
    79.791630478882));
#808 = CARTESIAN_POINT('',(18.605790574105,-1.563713040393,
    79.871664638356));
#809 = CARTESIAN_POINT('',(18.535739524748,-1.722769855412,
    79.959172442598));
#810 = CARTESIAN_POINT('',(18.460817388386,-1.869570773885,
    80.052217417466));
#811 = CARTESIAN_POINT('',(18.382051877608,-2.00501471944,
    80.149420279061));
#812 = CARTESIAN_POINT('',(18.3,-2.130140840414,80.25));
#813 = PCURVE('',#214,#814);
#814 = DEFINITIONAL_REPRESENTATION('',(#815),#858);
#815 = B_SPLINE_CURVE_WITH_KNOTS('',6,(#816,#817,#818,#819,#820,#821,
    #822,#823,#824,#825,#826,#827,#828,#829,#830,#831,#832,#833,#834,
    #835,#836,#837,#838,#839,#840,#841,#842,#843,#844,#845,#846,#847,
    #848,#849,#850,#851,#852,#853,#854,#855,#856,#857),.UNSPECIFIED.,.F.
  ,.F.,(7,5,5,5,5,5,5,5,7),(0.,0.255300730236,0.347008430697,
    0.39790921694,0.499998543417,0.60208779024,0.652988484609,
    0.744695960452,1.),.UNSPECIFIED.);
#816 = CARTESIAN_POINT('',(1.721926498797,-0.8));
#817 = CARTESIAN_POINT('',(1.712848547244,-0.717949185116));
#818 = CARTESIAN_POINT('',(1.703247252369,-0.639184649649));
#819 = CARTESIAN_POINT('',(1.69306463862,-0.564263383527));
#820 = CARTESIAN_POINT('',(1.682254785325,-0.494213053468));
#821 = CARTESIAN_POINT('',(1.670786537149,-0.430461216556));
#822 = CARTESIAN_POINT('',(1.654284912989,-0.354755376083));
#823 = CARTESIAN_POINT('',(1.64983877799,-0.335794735162));
#824 = CARTESIAN_POINT('',(1.645308304593,-0.317966337422));
#825 = CARTESIAN_POINT('',(1.640695560698,-0.301363521037));
#826 = CARTESIAN_POINT('',(1.636004302131,-0.286082276254));
#827 = CARTESIAN_POINT('',(1.628596161464,-0.264519505739));
#828 = CARTESIAN_POINT('',(1.625929614822,-0.257258957699));
#829 = CARTESIAN_POINT('',(1.623241702195,-0.250450441251));
#830 = CARTESIAN_POINT('',(1.620533648832,-0.244109372253));
#831 = CARTESIAN_POINT('',(1.617806888274,-0.238250332774));
#832 = CARTESIAN_POINT('',(1.609559899045,-0.222130227979));
#833 = CARTESIAN_POINT('',(1.603987374094,-0.213366005734));
#834 = CARTESIAN_POINT('',(1.598360146275,-0.206706309115));
#835 = CARTESIAN_POINT('',(1.592694458187,-0.20223542319));
#836 = CARTESIAN_POINT('',(1.587008591586,-0.200000159133));
#837 = CARTESIAN_POINT('',(1.575638058269,-0.199999840881));
#838 = CARTESIAN_POINT('',(1.569952193888,-0.202234783163));
#839 = CARTESIAN_POINT('',(1.564286505783,-0.206705347715));
#840 = CARTESIAN_POINT('',(1.558659275807,-0.213364727184));
#841 = CARTESIAN_POINT('',(1.553086746756,-0.22212863973));
#842 = CARTESIAN_POINT('',(1.54483975172,-0.238248289326));
#843 = CARTESIAN_POINT('',(1.542112990659,-0.244107175059));
#844 = CARTESIAN_POINT('',(1.539404936372,-0.250448091991));
#845 = CARTESIAN_POINT('',(1.536717022432,-0.257256458307));
#846 = CARTESIAN_POINT('',(1.534050474118,-0.264516858349));
#847 = CARTESIAN_POINT('',(1.526642330927,-0.286079211677));
#848 = CARTESIAN_POINT('',(1.521951070676,-0.301360190593));
#849 = CARTESIAN_POINT('',(1.517338324127,-0.317962747728));
#850 = CARTESIAN_POINT('',(1.512807847269,-0.335790893381));
#851 = CARTESIAN_POINT('',(1.508361708152,-0.354751289547));
#852 = CARTESIAN_POINT('',(1.491859879316,-0.430457089599));
#853 = CARTESIAN_POINT('',(1.480391448351,-0.494209425895));
#854 = CARTESIAN_POINT('',(1.469581430608,-0.564260475252));
#855 = CARTESIAN_POINT('',(1.459398670059,-0.639182611613));
#856 = CARTESIAN_POINT('',(1.449797244306,-0.717948122392));
#857 = CARTESIAN_POINT('',(1.440719175175,-0.8));
#858 = ( GEOMETRIC_REPRESENTATION_CONTEXT(2) 
PARAMETRIC_REPRESENTATION_CONTEXT() REPRESENTATION_CONTEXT('2D SPACE',''
  ) );
#859 = PCURVE('',#860,#865);
#860 = CYLINDRICAL_SURFACE('',#861,3.4);
#861 = AXIS2_PLACEMENT_3D('',#862,#863,#864);
#862 = CARTESIAN_POINT('',(17.3,-3.297362383137E-15,82.9));
#863 = DIRECTION('',(-1.,1.110223024625E-16,0.));
#864 = DIRECTION('',(1.110223024625E-16,1.,-1.110223024625E-16));
#865 = DEFINITIONAL_REPRESENTATION('',(#866),#909);
#866 = B_SPLINE_CURVE_WITH_KNOTS('',6,(#867,#868,#869,#870,#871,#872,
    #873,#874,#875,#876,#877,#878,#879,#880,#881,#882,#883,#884,#885,
    #886,#887,#888,#889,#890,#891,#892,#893,#894,#895,#896,#897,#898,
    #899,#900,#901,#902,#903,#904,#905,#906,#907,#908),.UNSPECIFIED.,.F.
  ,.F.,(7,5,5,5,5,5,5,5,7),(0.,0.255300730236,0.347008430697,
    0.39790921694,0.499998543417,0.60208779024,0.652988484609,
    0.744695960452,1.),.UNSPECIFIED.);
#867 = CARTESIAN_POINT('',(0.89372636306,-1.));
#868 = CARTESIAN_POINT('',(0.940943155648,-1.082050814884));
#869 = CARTESIAN_POINT('',(0.989902886559,-1.160815350351));
#870 = CARTESIAN_POINT('',(1.040889423457,-1.235736616473));
#871 = CARTESIAN_POINT('',(1.094113790255,-1.305786946532));
#872 = CARTESIAN_POINT('',(1.149736665202,-1.369538783444));
#873 = CARTESIAN_POINT('',(1.228773778301,-1.445244623917));
#874 = CARTESIAN_POINT('',(1.249979705259,-1.464205264838));
#875 = CARTESIAN_POINT('',(1.271503002501,-1.482033662578));
#876 = CARTESIAN_POINT('',(1.293337749624,-1.498636478963));
#877 = CARTESIAN_POINT('',(1.315471276811,-1.513917723746));
#878 = CARTESIAN_POINT('',(1.350321898214,-1.53548049426));
#879 = CARTESIAN_POINT('',(1.362846561485,-1.542741042301));
#880 = CARTESIAN_POINT('',(1.375453086293,-1.549549558749));
#881 = CARTESIAN_POINT('',(1.388136947398,-1.555890627747));
#882 = CARTESIAN_POINT('',(1.400892776388,-1.561749667226));
#883 = CARTESIAN_POINT('',(1.439430015694,-1.57786977202));
#884 = CARTESIAN_POINT('',(1.465413527735,-1.586633994266));
#885 = CARTESIAN_POINT('',(1.491608084319,-1.593293690885));
#886 = CARTESIAN_POINT('',(1.517951745165,-1.59776457681));
#887 = CARTESIAN_POINT('',(1.544374290711,-1.599999840867));
#888 = CARTESIAN_POINT('',(1.59721382789,-1.600000159119));
#889 = CARTESIAN_POINT('',(1.62363636143,-1.597765216837));
#890 = CARTESIAN_POINT('',(1.649980018938,-1.593294652285));
#891 = CARTESIAN_POINT('',(1.676174580452,-1.586635272816));
#892 = CARTESIAN_POINT('',(1.702158104879,-1.577871360269));
#893 = CARTESIAN_POINT('',(1.740695358983,-1.561751710674));
#894 = CARTESIAN_POINT('',(1.753451185832,-1.555892824941));
#895 = CARTESIAN_POINT('',(1.766135046377,-1.549551908009));
#896 = CARTESIAN_POINT('',(1.778741572085,-1.542743541693));
#897 = CARTESIAN_POINT('',(1.791266237582,-1.535483141651));
#898 = CARTESIAN_POINT('',(1.826116854124,-1.513920788323));
#899 = CARTESIAN_POINT('',(1.848250377286,-1.498639809407));
#900 = CARTESIAN_POINT('',(1.870085123868,-1.482037252272));
#901 = CARTESIAN_POINT('',(1.891608423376,-1.464209106618));
#902 = CARTESIAN_POINT('',(1.9128143548,-1.445248710452));
#903 = CARTESIAN_POINT('',(1.991852387209,-1.369542910401));
#904 = CARTESIAN_POINT('',(2.047476107488,-1.305790574105));
#905 = CARTESIAN_POINT('',(2.100701250981,-1.235739524748));
#906 = CARTESIAN_POINT('',(2.151688500103,-1.160817388386));
#907 = CARTESIAN_POINT('',(2.200648886389,-1.082051877608));
#908 = CARTESIAN_POINT('',(2.24786629053,-1.));
#909 = ( GEOMETRIC_REPRESENTATION_CONTEXT(2) 
PARAMETRIC_REPRESENTATION_CONTEXT() REPRESENTATION_CONTEXT('2D SPACE',''
  ) );
#910 = ORIENTED_EDGE('',*,*,#911,.F.);
#911 = EDGE_CURVE('',#718,#767,#912,.T.);
#912 = SURFACE_CURVE('',#913,(#918,#925),.PCURVE_S1.);
#913 = CIRCLE('',#914,15.2);
#914 = AXIS2_PLACEMENT_3D('',#915,#916,#917);
#915 = CARTESIAN_POINT('',(18.3,-2.031708135064E-15,95.3));
#916 = DIRECTION('',(1.,-1.110223024625E-16,1.110223024625E-16));
#917 = DIRECTION('',(-1.121848072874E-16,-0.999944596803,
    1.052631578948E-02));
#918 = PCURVE('',#214,#919);
#919 = DEFINITIONAL_REPRESENTATION('',(#920),#924);
#920 = LINE('',#921,#922);
#921 = CARTESIAN_POINT('',(0.,-0.8));
#922 = VECTOR('',#923,1.);
#923 = DIRECTION('',(1.,-0.));
#924 = ( GEOMETRIC_REPRESENTATION_CONTEXT(2) 
PARAMETRIC_REPRESENTATION_CONTEXT() REPRESENTATION_CONTEXT('2D SPACE',''
  ) );
#925 = PCURVE('',#491,#926);
#926 = DEFINITIONAL_REPRESENTATION('',(#927),#931);
#927 = CIRCLE('',#928,15.2);
#928 = AXIS2_PLACEMENT_2D('',#929,#930);
#929 = CARTESIAN_POINT('',(2.510688432025E-15,-46.82739969301));
#930 = DIRECTION('',(-0.999944596803,1.052631578948E-02));
#931 = ( GEOMETRIC_REPRESENTATION_CONTEXT(2) 
PARAMETRIC_REPRESENTATION_CONTEXT() REPRESENTATION_CONTEXT('2D SPACE',''
  ) );
#932 = ADVANCED_FACE('',(#933),#186,.T.);
#933 = FACE_BOUND('',#934,.T.);
#934 = EDGE_LOOP('',(#935,#958,#959,#960));
#935 = ORIENTED_EDGE('',*,*,#936,.F.);
#936 = EDGE_CURVE('',#144,#937,#939,.T.);
#937 = VERTEX_POINT('',#938);
#938 = CARTESIAN_POINT('',(23.3,-15.1991578714,95.46));
#939 = SURFACE_CURVE('',#940,(#944,#951),.PCURVE_S1.);
#940 = LINE('',#941,#942);
#941 = CARTESIAN_POINT('',(22.9,-15.59913571013,95.464210526316));
#942 = VECTOR('',#943,1.);
#943 = DIRECTION('',(0.707106781187,0.70706760521,-7.443229275648E-03));
#944 = PCURVE('',#186,#945);
#945 = DEFINITIONAL_REPRESENTATION('',(#946),#950);
#946 = LINE('',#947,#948);
#947 = CARTESIAN_POINT('',(-0.,-0.4));
#948 = VECTOR('',#949,1.);
#949 = DIRECTION('',(-0.,-1.));
#950 = ( GEOMETRIC_REPRESENTATION_CONTEXT(2) 
PARAMETRIC_REPRESENTATION_CONTEXT() REPRESENTATION_CONTEXT('2D SPACE',''
  ) );
#951 = PCURVE('',#675,#952);
#952 = DEFINITIONAL_REPRESENTATION('',(#953),#957);
#953 = LINE('',#954,#955);
#954 = CARTESIAN_POINT('',(-94.9947366963,-9.992007221626E-16));
#955 = VECTOR('',#956,1.);
#956 = DIRECTION('',(-0.,1.));
#957 = ( GEOMETRIC_REPRESENTATION_CONTEXT(2) 
PARAMETRIC_REPRESENTATION_CONTEXT() REPRESENTATION_CONTEXT('2D SPACE',''
  ) );
#958 = ORIENTED_EDGE('',*,*,#171,.T.);
#959 = ORIENTED_EDGE('',*,*,#506,.T.);
#960 = ORIENTED_EDGE('',*,*,#961,.F.);
#961 = EDGE_CURVE('',#937,#507,#962,.T.);
#962 = SURFACE_CURVE('',#963,(#968,#975),.PCURVE_S1.);
#963 = CIRCLE('',#964,15.2);
#964 = AXIS2_PLACEMENT_3D('',#965,#966,#967);
#965 = CARTESIAN_POINT('',(23.3,-2.586819647377E-15,95.3));
#966 = DIRECTION('',(1.,-1.110223024625E-16,1.110223024625E-16));
#967 = DIRECTION('',(-1.121848072874E-16,-0.999944596803,
    1.052631578948E-02));
#968 = PCURVE('',#186,#969);
#969 = DEFINITIONAL_REPRESENTATION('',(#970),#974);
#970 = LINE('',#971,#972);
#971 = CARTESIAN_POINT('',(-0.,-0.8));
#972 = VECTOR('',#973,1.);
#973 = DIRECTION('',(-1.,-0.));
#974 = ( GEOMETRIC_REPRESENTATION_CONTEXT(2) 
PARAMETRIC_REPRESENTATION_CONTEXT() REPRESENTATION_CONTEXT('2D SPACE',''
  ) );
#975 = PCURVE('',#572,#976);
#976 = DEFINITIONAL_REPRESENTATION('',(#977),#981);
#977 = CIRCLE('',#978,15.2);
#978 = AXIS2_PLACEMENT_2D('',#979,#980);
#979 = CARTESIAN_POINT('',(2.510688432025E-15,-46.82739969301));
#980 = DIRECTION('',(-0.999944596803,1.052631578948E-02));
#981 = ( GEOMETRIC_REPRESENTATION_CONTEXT(2) 
PARAMETRIC_REPRESENTATION_CONTEXT() REPRESENTATION_CONTEXT('2D SPACE',''
  ) );
#982 = ADVANCED_FACE('',(#983,#1623,#1808),#491,.F.);
#983 = FACE_BOUND('',#984,.F.);
#984 = EDGE_LOOP('',(#985,#1008,#1009,#1037,#1065,#1098,#1126,#1152,
    #1153,#1154,#1177,#1205,#1233,#1261,#1289,#1317,#1345,#1373,#1401,
    #1429,#1457,#1485,#1513,#1541,#1569,#1597));
#985 = ORIENTED_EDGE('',*,*,#986,.T.);
#986 = EDGE_CURVE('',#987,#718,#989,.T.);
#987 = VERTEX_POINT('',#988);
#988 = CARTESIAN_POINT('',(18.3,-14.24974301124,185.64941465677));
#989 = SURFACE_CURVE('',#990,(#994,#1001),.PCURVE_S1.);
#990 = LINE('',#991,#992);
#991 = CARTESIAN_POINT('',(18.3,-14.1992132746,190.44947368421));
#992 = VECTOR('',#993,1.);
#993 = DIRECTION('',(1.098474956566E-16,-1.052631578947E-02,
    -0.999944596803));
#994 = PCURVE('',#491,#995);
#995 = DEFINITIONAL_REPRESENTATION('',(#996),#1000);
#996 = LINE('',#997,#998);
#997 = CARTESIAN_POINT('',(-14.1992132746,48.322073991191));
#998 = VECTOR('',#999,1.);
#999 = DIRECTION('',(-1.052631578947E-02,-0.999944596803));
#1000 = ( GEOMETRIC_REPRESENTATION_CONTEXT(2) 
PARAMETRIC_REPRESENTATION_CONTEXT() REPRESENTATION_CONTEXT('2D SPACE',''
  ) );
#1001 = PCURVE('',#702,#1002);
#1002 = DEFINITIONAL_REPRESENTATION('',(#1003),#1007);
#1003 = LINE('',#1004,#1005);
#1004 = CARTESIAN_POINT('',(-1.256286741302E-14,0.565685424949));
#1005 = VECTOR('',#1006,1.);
#1006 = DIRECTION('',(-1.,0.));
#1007 = ( GEOMETRIC_REPRESENTATION_CONTEXT(2) 
PARAMETRIC_REPRESENTATION_CONTEXT() REPRESENTATION_CONTEXT('2D SPACE',''
  ) );
#1008 = ORIENTED_EDGE('',*,*,#911,.T.);
#1009 = ORIENTED_EDGE('',*,*,#1010,.T.);
#1010 = EDGE_CURVE('',#767,#1011,#1013,.T.);
#1011 = VERTEX_POINT('',#1012);
#1012 = CARTESIAN_POINT('',(18.3,-3.4,82.9));
#1013 = SURFACE_CURVE('',#1014,(#1019,#1030),.PCURVE_S1.);
#1014 = CIRCLE('',#1015,3.4);
#1015 = AXIS2_PLACEMENT_3D('',#1016,#1017,#1018);
#1016 = CARTESIAN_POINT('',(18.3,-3.408384685599E-15,82.9));
#1017 = DIRECTION('',(-1.,1.110223024625E-16,0.));
#1018 = DIRECTION('',(1.110223024625E-16,1.,-1.110223024625E-16));
#1019 = PCURVE('',#491,#1020);
#1020 = DEFINITIONAL_REPRESENTATION('',(#1021),#1029);
#1021 = ( BOUNDED_CURVE() B_SPLINE_CURVE(2,(#1022,#1023,#1024,#1025,
#1026,#1027,#1028),.UNSPECIFIED.,.T.,.F.) B_SPLINE_CURVE_WITH_KNOTS((1,2
    ,2,2,2,1),(-2.094395102393,0.,2.094395102393,4.188790204786,
6.28318530718,8.377580409573),.UNSPECIFIED.) CURVE() 
GEOMETRIC_REPRESENTATION_ITEM() RATIONAL_B_SPLINE_CURVE((1.,0.5,1.,0.5,
1.,0.5,1.)) REPRESENTATION_ITEM('') );
#1022 = CARTESIAN_POINT('',(3.4,-59.22739969301));
#1023 = CARTESIAN_POINT('',(3.4,-65.11637243875));
#1024 = CARTESIAN_POINT('',(-1.7,-62.17188606588));
#1025 = CARTESIAN_POINT('',(-6.8,-59.22739969301));
#1026 = CARTESIAN_POINT('',(-1.7,-56.28291332015));
#1027 = CARTESIAN_POINT('',(3.4,-53.33842694728));
#1028 = CARTESIAN_POINT('',(3.4,-59.22739969301));
#1029 = ( GEOMETRIC_REPRESENTATION_CONTEXT(2) 
PARAMETRIC_REPRESENTATION_CONTEXT() REPRESENTATION_CONTEXT('2D SPACE',''
  ) );
#1030 = PCURVE('',#860,#1031);
#1031 = DEFINITIONAL_REPRESENTATION('',(#1032),#1036);
#1032 = LINE('',#1033,#1034);
#1033 = CARTESIAN_POINT('',(0.,-1.));
#1034 = VECTOR('',#1035,1.);
#1035 = DIRECTION('',(1.,0.));
#1036 = ( GEOMETRIC_REPRESENTATION_CONTEXT(2) 
PARAMETRIC_REPRESENTATION_CONTEXT() REPRESENTATION_CONTEXT('2D SPACE',''
  ) );
#1037 = ORIENTED_EDGE('',*,*,#1038,.F.);
#1038 = EDGE_CURVE('',#1039,#1011,#1041,.T.);
#1039 = VERTEX_POINT('',#1040);
#1040 = CARTESIAN_POINT('',(18.3,-3.4,107.7));
#1041 = SURFACE_CURVE('',#1042,(#1046,#1053),.PCURVE_S1.);
#1042 = LINE('',#1043,#1044);
#1043 = CARTESIAN_POINT('',(18.3,-3.4,112.51369984651));
#1044 = VECTOR('',#1045,1.);
#1045 = DIRECTION('',(1.110223024625E-16,-1.110223024625E-16,-1.));
#1046 = PCURVE('',#491,#1047);
#1047 = DEFINITIONAL_REPRESENTATION('',(#1048),#1052);
#1048 = LINE('',#1049,#1050);
#1049 = CARTESIAN_POINT('',(-3.4,-29.61369984651));
#1050 = VECTOR('',#1051,1.);
#1051 = DIRECTION('',(-1.110223024625E-16,-1.));
#1052 = ( GEOMETRIC_REPRESENTATION_CONTEXT(2) 
PARAMETRIC_REPRESENTATION_CONTEXT() REPRESENTATION_CONTEXT('2D SPACE',''
  ) );
#1053 = PCURVE('',#1054,#1059);
#1054 = PLANE('',#1055);
#1055 = AXIS2_PLACEMENT_3D('',#1056,#1057,#1058);
#1056 = CARTESIAN_POINT('',(17.3,-3.4,82.9));
#1057 = DIRECTION('',(-1.110223024625E-16,-1.,1.110223024625E-16));
#1058 = DIRECTION('',(1.232595164408E-32,1.110223024625E-16,1.));
#1059 = DEFINITIONAL_REPRESENTATION('',(#1060),#1064);
#1060 = LINE('',#1061,#1062);
#1061 = CARTESIAN_POINT('',(29.61369984651,-1.));
#1062 = VECTOR('',#1063,1.);
#1063 = DIRECTION('',(-1.,-1.110223024625E-16));
#1064 = ( GEOMETRIC_REPRESENTATION_CONTEXT(2) 
PARAMETRIC_REPRESENTATION_CONTEXT() REPRESENTATION_CONTEXT('2D SPACE',''
  ) );
#1065 = ORIENTED_EDGE('',*,*,#1066,.T.);
#1066 = EDGE_CURVE('',#1039,#1067,#1069,.T.);
#1067 = VERTEX_POINT('',#1068);
#1068 = CARTESIAN_POINT('',(18.3,3.4,107.7));
#1069 = SURFACE_CURVE('',#1070,(#1075,#1086),.PCURVE_S1.);
#1070 = CIRCLE('',#1071,3.4);
#1071 = AXIS2_PLACEMENT_3D('',#1072,#1073,#1074);
#1072 = CARTESIAN_POINT('',(18.3,-6.550315845288E-16,107.7));
#1073 = DIRECTION('',(-1.,1.110223024625E-16,0.));
#1074 = DIRECTION('',(-1.110223024625E-16,-1.,1.110223024625E-16));
#1075 = PCURVE('',#491,#1076);
#1076 = DEFINITIONAL_REPRESENTATION('',(#1077),#1085);
#1077 = ( BOUNDED_CURVE() B_SPLINE_CURVE(2,(#1078,#1079,#1080,#1081,
#1082,#1083,#1084),.UNSPECIFIED.,.T.,.F.) B_SPLINE_CURVE_WITH_KNOTS((1,2
    ,2,2,2,1),(-2.094395102393,0.,2.094395102393,4.188790204786,
6.28318530718,8.377580409573),.UNSPECIFIED.) CURVE() 
GEOMETRIC_REPRESENTATION_ITEM() RATIONAL_B_SPLINE_CURVE((1.,0.5,1.,0.5,
1.,0.5,1.)) REPRESENTATION_ITEM('') );
#1078 = CARTESIAN_POINT('',(-3.4,-34.42739969301));
#1079 = CARTESIAN_POINT('',(-3.4,-28.53842694728));
#1080 = CARTESIAN_POINT('',(1.7,-31.48291332015));
#1081 = CARTESIAN_POINT('',(6.8,-34.42739969301));
#1082 = CARTESIAN_POINT('',(1.7,-37.37188606588));
#1083 = CARTESIAN_POINT('',(-3.4,-40.31637243875));
#1084 = CARTESIAN_POINT('',(-3.4,-34.42739969301));
#1085 = ( GEOMETRIC_REPRESENTATION_CONTEXT(2) 
PARAMETRIC_REPRESENTATION_CONTEXT() REPRESENTATION_CONTEXT('2D SPACE',''
  ) );
#1086 = PCURVE('',#1087,#1092);
#1087 = CYLINDRICAL_SURFACE('',#1088,3.4);
#1088 = AXIS2_PLACEMENT_3D('',#1089,#1090,#1091);
#1089 = CARTESIAN_POINT('',(17.3,-5.440092820663E-16,107.7));
#1090 = DIRECTION('',(-1.,1.110223024625E-16,0.));
#1091 = DIRECTION('',(-1.110223024625E-16,-1.,1.110223024625E-16));
#1092 = DEFINITIONAL_REPRESENTATION('',(#1093),#1097);
#1093 = LINE('',#1094,#1095);
#1094 = CARTESIAN_POINT('',(0.,-1.));
#1095 = VECTOR('',#1096,1.);
#1096 = DIRECTION('',(1.,0.));
#1097 = ( GEOMETRIC_REPRESENTATION_CONTEXT(2) 
PARAMETRIC_REPRESENTATION_CONTEXT() REPRESENTATION_CONTEXT('2D SPACE',''
  ) );
#1098 = ORIENTED_EDGE('',*,*,#1099,.F.);
#1099 = EDGE_CURVE('',#1100,#1067,#1102,.T.);
#1100 = VERTEX_POINT('',#1101);
#1101 = CARTESIAN_POINT('',(18.3,3.4,82.9));
#1102 = SURFACE_CURVE('',#1103,(#1107,#1114),.PCURVE_S1.);
#1103 = LINE('',#1104,#1105);
#1104 = CARTESIAN_POINT('',(18.3,3.4,124.91369984651));
#1105 = VECTOR('',#1106,1.);
#1106 = DIRECTION('',(-1.110223024625E-16,1.110223024625E-16,1.));
#1107 = PCURVE('',#491,#1108);
#1108 = DEFINITIONAL_REPRESENTATION('',(#1109),#1113);
#1109 = LINE('',#1110,#1111);
#1110 = CARTESIAN_POINT('',(3.4,-17.21369984651));
#1111 = VECTOR('',#1112,1.);
#1112 = DIRECTION('',(1.110223024625E-16,1.));
#1113 = ( GEOMETRIC_REPRESENTATION_CONTEXT(2) 
PARAMETRIC_REPRESENTATION_CONTEXT() REPRESENTATION_CONTEXT('2D SPACE',''
  ) );
#1114 = PCURVE('',#1115,#1120);
#1115 = PLANE('',#1116);
#1116 = AXIS2_PLACEMENT_3D('',#1117,#1118,#1119);
#1117 = CARTESIAN_POINT('',(17.3,3.4,107.7));
#1118 = DIRECTION('',(1.110223024625E-16,1.,-1.110223024625E-16));
#1119 = DIRECTION('',(-1.232595164408E-32,-1.110223024625E-16,-1.));
#1120 = DEFINITIONAL_REPRESENTATION('',(#1121),#1125);
#1121 = LINE('',#1122,#1123);
#1122 = CARTESIAN_POINT('',(-17.21369984651,-1.));
#1123 = VECTOR('',#1124,1.);
#1124 = DIRECTION('',(-1.,1.110223024625E-16));
#1125 = ( GEOMETRIC_REPRESENTATION_CONTEXT(2) 
PARAMETRIC_REPRESENTATION_CONTEXT() REPRESENTATION_CONTEXT('2D SPACE',''
  ) );
#1126 = ORIENTED_EDGE('',*,*,#1127,.T.);
#1127 = EDGE_CURVE('',#1100,#743,#1128,.T.);
#1128 = SURFACE_CURVE('',#1129,(#1134,#1145),.PCURVE_S1.);
#1129 = CIRCLE('',#1130,3.4);
#1130 = AXIS2_PLACEMENT_3D('',#1131,#1132,#1133);
#1131 = CARTESIAN_POINT('',(18.3,-3.408384685599E-15,82.9));
#1132 = DIRECTION('',(-1.,1.110223024625E-16,0.));
#1133 = DIRECTION('',(1.110223024625E-16,1.,-1.110223024625E-16));
#1134 = PCURVE('',#491,#1135);
#1135 = DEFINITIONAL_REPRESENTATION('',(#1136),#1144);
#1136 = ( BOUNDED_CURVE() B_SPLINE_CURVE(2,(#1137,#1138,#1139,#1140,
#1141,#1142,#1143),.UNSPECIFIED.,.T.,.F.) B_SPLINE_CURVE_WITH_KNOTS((1,2
    ,2,2,2,1),(-2.094395102393,0.,2.094395102393,4.188790204786,
6.28318530718,8.377580409573),.UNSPECIFIED.) CURVE() 
GEOMETRIC_REPRESENTATION_ITEM() RATIONAL_B_SPLINE_CURVE((1.,0.5,1.,0.5,
1.,0.5,1.)) REPRESENTATION_ITEM('') );
#1137 = CARTESIAN_POINT('',(3.4,-59.22739969301));
#1138 = CARTESIAN_POINT('',(3.4,-65.11637243875));
#1139 = CARTESIAN_POINT('',(-1.7,-62.17188606588));
#1140 = CARTESIAN_POINT('',(-6.8,-59.22739969301));
#1141 = CARTESIAN_POINT('',(-1.7,-56.28291332015));
#1142 = CARTESIAN_POINT('',(3.4,-53.33842694728));
#1143 = CARTESIAN_POINT('',(3.4,-59.22739969301));
#1144 = ( GEOMETRIC_REPRESENTATION_CONTEXT(2) 
PARAMETRIC_REPRESENTATION_CONTEXT() REPRESENTATION_CONTEXT('2D SPACE',''
  ) );
#1145 = PCURVE('',#860,#1146);
#1146 = DEFINITIONAL_REPRESENTATION('',(#1147),#1151);
#1147 = LINE('',#1148,#1149);
#1148 = CARTESIAN_POINT('',(0.,-1.));
#1149 = VECTOR('',#1150,1.);
#1150 = DIRECTION('',(1.,0.));
#1151 = ( GEOMETRIC_REPRESENTATION_CONTEXT(2) 
PARAMETRIC_REPRESENTATION_CONTEXT() REPRESENTATION_CONTEXT('2D SPACE',''
  ) );
#1152 = ORIENTED_EDGE('',*,*,#742,.T.);
#1153 = ORIENTED_EDGE('',*,*,#477,.T.);
#1154 = ORIENTED_EDGE('',*,*,#1155,.F.);
#1155 = EDGE_CURVE('',#1156,#450,#1158,.T.);
#1156 = VERTEX_POINT('',#1157);
#1157 = CARTESIAN_POINT('',(18.3,14.233426712059,185.59791094763));
#1158 = SURFACE_CURVE('',#1159,(#1163,#1170),.PCURVE_S1.);
#1159 = LINE('',#1160,#1161);
#1160 = CARTESIAN_POINT('',(18.3,7.38221339736,163.97150573482));
#1161 = VECTOR('',#1162,1.);
#1162 = DIRECTION('',(-7.230883570075E-17,0.302005949319,0.953306040354)
  );
#1163 = PCURVE('',#491,#1164);
#1164 = DEFINITIONAL_REPRESENTATION('',(#1165),#1169);
#1165 = LINE('',#1166,#1167);
#1166 = CARTESIAN_POINT('',(7.38221339736,21.844106041805));
#1167 = VECTOR('',#1168,1.);
#1168 = DIRECTION('',(0.302005949319,0.953306040354));
#1169 = ( GEOMETRIC_REPRESENTATION_CONTEXT(2) 
PARAMETRIC_REPRESENTATION_CONTEXT() REPRESENTATION_CONTEXT('2D SPACE',''
  ) );
#1170 = PCURVE('',#465,#1171);
#1171 = DEFINITIONAL_REPRESENTATION('',(#1172),#1176);
#1172 = LINE('',#1173,#1174);
#1173 = CARTESIAN_POINT('',(23.053590600937,-37.8));
#1174 = VECTOR('',#1175,1.);
#1175 = DIRECTION('',(-1.,0.));
#1176 = ( GEOMETRIC_REPRESENTATION_CONTEXT(2) 
PARAMETRIC_REPRESENTATION_CONTEXT() REPRESENTATION_CONTEXT('2D SPACE',''
  ) );
#1177 = ORIENTED_EDGE('',*,*,#1178,.F.);
#1178 = EDGE_CURVE('',#1179,#1156,#1181,.T.);
#1179 = VERTEX_POINT('',#1180);
#1180 = CARTESIAN_POINT('',(18.3,14.113744828075,185.25002135134));
#1181 = SURFACE_CURVE('',#1182,(#1186,#1193),.PCURVE_S1.);
#1182 = LINE('',#1183,#1184);
#1183 = CARTESIAN_POINT('',(18.3,6.794179863745,163.97361413144));
#1184 = VECTOR('',#1185,1.);
#1185 = DIRECTION('',(-6.886680483856E-17,0.325310292162,0.945607325381)
  );
#1186 = PCURVE('',#491,#1187);
#1187 = DEFINITIONAL_REPRESENTATION('',(#1188),#1192);
#1188 = LINE('',#1189,#1190);
#1189 = CARTESIAN_POINT('',(6.794179863745,21.846214438424));
#1190 = VECTOR('',#1191,1.);
#1191 = DIRECTION('',(0.325310292162,0.945607325381));
#1192 = ( GEOMETRIC_REPRESENTATION_CONTEXT(2) 
PARAMETRIC_REPRESENTATION_CONTEXT() REPRESENTATION_CONTEXT('2D SPACE',''
  ) );
#1193 = PCURVE('',#1194,#1199);
#1194 = PLANE('',#1195);
#1195 = AXIS2_PLACEMENT_3D('',#1196,#1197,#1198);
#1196 = CARTESIAN_POINT('',(-19.5,14.233426712059,185.59791094763));
#1197 = DIRECTION('',(1.411002001398E-16,0.945607325381,-0.325310292162)
  );
#1198 = DIRECTION('',(6.886680483856E-17,-0.325310292162,-0.945607325381
    ));
#1199 = DEFINITIONAL_REPRESENTATION('',(#1200),#1204);
#1200 = LINE('',#1201,#1202);
#1201 = CARTESIAN_POINT('',(22.868157041285,-37.8));
#1202 = VECTOR('',#1203,1.);
#1203 = DIRECTION('',(-1.,1.232595164408E-32));
#1204 = ( GEOMETRIC_REPRESENTATION_CONTEXT(2) 
PARAMETRIC_REPRESENTATION_CONTEXT() REPRESENTATION_CONTEXT('2D SPACE',''
  ) );
#1205 = ORIENTED_EDGE('',*,*,#1206,.F.);
#1206 = EDGE_CURVE('',#1207,#1179,#1209,.T.);
#1207 = VERTEX_POINT('',#1208);
#1208 = CARTESIAN_POINT('',(18.3,13.990626609881,184.91880056574));
#1209 = SURFACE_CURVE('',#1210,(#1214,#1221),.PCURVE_S1.);
#1210 = LINE('',#1211,#1212);
#1211 = CARTESIAN_POINT('',(18.3,6.215440385298,164.00147957718));
#1212 = VECTOR('',#1213,1.);
#1213 = DIRECTION('',(-6.538329118823E-17,0.348418680249,0.937339011913)
  );
#1214 = PCURVE('',#491,#1215);
#1215 = DEFINITIONAL_REPRESENTATION('',(#1216),#1220);
#1216 = LINE('',#1217,#1218);
#1217 = CARTESIAN_POINT('',(6.215440385298,21.874079884164));
#1218 = VECTOR('',#1219,1.);
#1219 = DIRECTION('',(0.348418680249,0.937339011913));
#1220 = ( GEOMETRIC_REPRESENTATION_CONTEXT(2) 
PARAMETRIC_REPRESENTATION_CONTEXT() REPRESENTATION_CONTEXT('2D SPACE',''
  ) );
#1221 = PCURVE('',#1222,#1227);
#1222 = PLANE('',#1223);
#1223 = AXIS2_PLACEMENT_3D('',#1224,#1225,#1226);
#1224 = CARTESIAN_POINT('',(-19.5,14.113744828075,185.25002135134));
#1225 = DIRECTION('',(1.427477793927E-16,0.937339011913,-0.348418680249)
  );
#1226 = DIRECTION('',(6.538329118823E-17,-0.348418680249,-0.937339011913
    ));
#1227 = DEFINITIONAL_REPRESENTATION('',(#1228),#1232);
#1228 = LINE('',#1229,#1230);
#1229 = CARTESIAN_POINT('',(22.669003961333,-37.8));
#1230 = VECTOR('',#1231,1.);
#1231 = DIRECTION('',(-1.,0.));
#1232 = ( GEOMETRIC_REPRESENTATION_CONTEXT(2) 
PARAMETRIC_REPRESENTATION_CONTEXT() REPRESENTATION_CONTEXT('2D SPACE',''
  ) );
#1233 = ORIENTED_EDGE('',*,*,#1234,.F.);
#1234 = EDGE_CURVE('',#1235,#1207,#1237,.T.);
#1235 = VERTEX_POINT('',#1236);
#1236 = CARTESIAN_POINT('',(18.3,13.990354102067,184.91795392572));
#1237 = SURFACE_CURVE('',#1238,(#1242,#1249),.PCURVE_S1.);
#1238 = LINE('',#1239,#1240);
#1239 = CARTESIAN_POINT('',(18.3,7.093795025014,163.49140184223));
#1240 = VECTOR('',#1241,1.);
#1241 = DIRECTION('',(-7.166671050389E-17,0.306389795368,0.951906136809)
  );
#1242 = PCURVE('',#491,#1243);
#1243 = DEFINITIONAL_REPRESENTATION('',(#1244),#1248);
#1244 = LINE('',#1245,#1246);
#1245 = CARTESIAN_POINT('',(7.093795025014,21.364002149214));
#1246 = VECTOR('',#1247,1.);
#1247 = DIRECTION('',(0.306389795368,0.951906136809));
#1248 = ( GEOMETRIC_REPRESENTATION_CONTEXT(2) 
PARAMETRIC_REPRESENTATION_CONTEXT() REPRESENTATION_CONTEXT('2D SPACE',''
  ) );
#1249 = PCURVE('',#1250,#1255);
#1250 = PLANE('',#1251);
#1251 = AXIS2_PLACEMENT_3D('',#1252,#1253,#1254);
#1252 = CARTESIAN_POINT('',(-19.5,13.990626609881,184.91880056574));
#1253 = DIRECTION('',(1.396989115695E-16,0.951906136809,-0.306389795368)
  );
#1254 = DIRECTION('',(7.166671050389E-17,-0.306389795368,-0.951906136809
    ));
#1255 = DEFINITIONAL_REPRESENTATION('',(#1256),#1260);
#1256 = LINE('',#1257,#1258);
#1257 = CARTESIAN_POINT('',(22.509991158731,-37.8));
#1258 = VECTOR('',#1259,1.);
#1259 = DIRECTION('',(-1.,1.232595164408E-32));
#1260 = ( GEOMETRIC_REPRESENTATION_CONTEXT(2) 
PARAMETRIC_REPRESENTATION_CONTEXT() REPRESENTATION_CONTEXT('2D SPACE',''
  ) );
#1261 = ORIENTED_EDGE('',*,*,#1262,.F.);
#1262 = EDGE_CURVE('',#1263,#1235,#1265,.T.);
#1263 = VERTEX_POINT('',#1264);
#1264 = CARTESIAN_POINT('',(18.3,13.990157899076,184.91708642114));
#1265 = SURFACE_CURVE('',#1266,(#1270,#1277),.PCURVE_S1.);
#1266 = LINE('',#1267,#1268);
#1267 = CARTESIAN_POINT('',(18.3,9.046468257261,163.05873750958));
#1268 = VECTOR('',#1269,1.);
#1269 = DIRECTION('',(-8.379599181259E-17,0.220597690111,0.975364885116)
  );
#1270 = PCURVE('',#491,#1271);
#1271 = DEFINITIONAL_REPRESENTATION('',(#1272),#1276);
#1272 = LINE('',#1273,#1274);
#1273 = CARTESIAN_POINT('',(9.046468257261,20.931337816565));
#1274 = VECTOR('',#1275,1.);
#1275 = DIRECTION('',(0.220597690111,0.975364885116));
#1276 = ( GEOMETRIC_REPRESENTATION_CONTEXT(2) 
PARAMETRIC_REPRESENTATION_CONTEXT() REPRESENTATION_CONTEXT('2D SPACE',''
  ) );
#1277 = PCURVE('',#1278,#1283);
#1278 = PLANE('',#1279);
#1279 = AXIS2_PLACEMENT_3D('',#1280,#1281,#1282);
#1280 = CARTESIAN_POINT('',(-19.5,13.990354102067,184.91795392572));
#1281 = DIRECTION('',(1.327785187608E-16,0.975364885116,-0.220597690111)
  );
#1282 = DIRECTION('',(8.379599181259E-17,-0.220597690111,-0.975364885116
    ));
#1283 = DEFINITIONAL_REPRESENTATION('',(#1284),#1288);
#1284 = LINE('',#1285,#1286);
#1285 = CARTESIAN_POINT('',(22.411321905998,-37.8));
#1286 = VECTOR('',#1287,1.);
#1287 = DIRECTION('',(-1.,0.));
#1288 = ( GEOMETRIC_REPRESENTATION_CONTEXT(2) 
PARAMETRIC_REPRESENTATION_CONTEXT() REPRESENTATION_CONTEXT('2D SPACE',''
  ) );
#1289 = ORIENTED_EDGE('',*,*,#1290,.F.);
#1290 = EDGE_CURVE('',#1291,#1263,#1293,.T.);
#1291 = VERTEX_POINT('',#1292);
#1292 = CARTESIAN_POINT('',(18.3,13.990039552991,184.91620491446));
#1293 = SURFACE_CURVE('',#1294,(#1298,#1305),.PCURVE_S1.);
#1294 = LINE('',#1295,#1296);
#1295 = CARTESIAN_POINT('',(18.3,11.044814281697,162.97854856873));
#1296 = VECTOR('',#1297,1.);
#1297 = DIRECTION('',(-9.526239670057E-17,0.133060525157,0.991107913723)
  );
#1298 = PCURVE('',#491,#1299);
#1299 = DEFINITIONAL_REPRESENTATION('',(#1300),#1304);
#1300 = LINE('',#1301,#1302);
#1301 = CARTESIAN_POINT('',(11.044814281697,20.851148875719));
#1302 = VECTOR('',#1303,1.);
#1303 = DIRECTION('',(0.133060525157,0.991107913723));
#1304 = ( GEOMETRIC_REPRESENTATION_CONTEXT(2) 
PARAMETRIC_REPRESENTATION_CONTEXT() REPRESENTATION_CONTEXT('2D SPACE',''
  ) );
#1305 = PCURVE('',#1306,#1311);
#1306 = PLANE('',#1307);
#1307 = AXIS2_PLACEMENT_3D('',#1308,#1309,#1310);
#1308 = CARTESIAN_POINT('',(-19.5,13.990157899076,184.91708642114));
#1309 = DIRECTION('',(1.248077684402E-16,0.991107913723,-0.133060525157)
  );
#1310 = DIRECTION('',(9.526239670057E-17,-0.133060525157,-0.991107913723
    ));
#1311 = DEFINITIONAL_REPRESENTATION('',(#1312),#1316);
#1312 = LINE('',#1313,#1314);
#1313 = CARTESIAN_POINT('',(22.135367449532,-37.8));
#1314 = VECTOR('',#1315,1.);
#1315 = DIRECTION('',(-1.,0.));
#1316 = ( GEOMETRIC_REPRESENTATION_CONTEXT(2) 
PARAMETRIC_REPRESENTATION_CONTEXT() REPRESENTATION_CONTEXT('2D SPACE',''
  ) );
#1317 = ORIENTED_EDGE('',*,*,#1318,.F.);
#1318 = EDGE_CURVE('',#1319,#1291,#1321,.T.);
#1319 = VERTEX_POINT('',#1320);
#1320 = CARTESIAN_POINT('',(18.3,13.99,184.91531637893));
#1321 = SURFACE_CURVE('',#1322,(#1326,#1333),.PCURVE_S1.);
#1322 = LINE('',#1323,#1324);
#1323 = CARTESIAN_POINT('',(18.3,13.02572151662,163.25334675566));
#1324 = VECTOR('',#1325,1.);
#1325 = DIRECTION('',(-1.059752190446E-16,4.447077185448E-02,
    0.999010685854));
#1326 = PCURVE('',#491,#1327);
#1327 = DEFINITIONAL_REPRESENTATION('',(#1328),#1332);
#1328 = LINE('',#1329,#1330);
#1329 = CARTESIAN_POINT('',(13.025721516621,21.125947062644));
#1330 = VECTOR('',#1331,1.);
#1331 = DIRECTION('',(4.447077185448E-02,0.999010685854));
#1332 = ( GEOMETRIC_REPRESENTATION_CONTEXT(2) 
PARAMETRIC_REPRESENTATION_CONTEXT() REPRESENTATION_CONTEXT('2D SPACE',''
  ) );
#1333 = PCURVE('',#1334,#1339);
#1334 = PLANE('',#1335);
#1335 = AXIS2_PLACEMENT_3D('',#1336,#1337,#1338);
#1336 = CARTESIAN_POINT('',(-19.5,13.990039552991,184.91620491446));
#1337 = DIRECTION('',(1.158497140117E-16,0.999010685854,
    -4.447077185448E-02));
#1338 = DIRECTION('',(1.059752190446E-16,-4.447077185448E-02,
    -0.999010685854));
#1339 = DEFINITIONAL_REPRESENTATION('',(#1340),#1344);
#1340 = LINE('',#1341,#1342);
#1341 = CARTESIAN_POINT('',(21.684310754174,-37.8));
#1342 = VECTOR('',#1343,1.);
#1343 = DIRECTION('',(-1.,0.));
#1344 = ( GEOMETRIC_REPRESENTATION_CONTEXT(2) 
PARAMETRIC_REPRESENTATION_CONTEXT() REPRESENTATION_CONTEXT('2D SPACE',''
  ) );
#1345 = ORIENTED_EDGE('',*,*,#1346,.F.);
#1346 = EDGE_CURVE('',#1347,#1319,#1349,.T.);
#1347 = VERTEX_POINT('',#1348);
#1348 = CARTESIAN_POINT('',(18.3,13.99,157.31));
#1349 = SURFACE_CURVE('',#1350,(#1354,#1361),.PCURVE_S1.);
#1350 = LINE('',#1351,#1352);
#1351 = CARTESIAN_POINT('',(18.3,13.99,163.52135803597));
#1352 = VECTOR('',#1353,1.);
#1353 = DIRECTION('',(-1.110223024625E-16,1.232595164408E-32,1.));
#1354 = PCURVE('',#491,#1355);
#1355 = DEFINITIONAL_REPRESENTATION('',(#1356),#1360);
#1356 = LINE('',#1357,#1358);
#1357 = CARTESIAN_POINT('',(13.99,21.393958342959));
#1358 = VECTOR('',#1359,1.);
#1359 = DIRECTION('',(0.,1.));
#1360 = ( GEOMETRIC_REPRESENTATION_CONTEXT(2) 
PARAMETRIC_REPRESENTATION_CONTEXT() REPRESENTATION_CONTEXT('2D SPACE',''
  ) );
#1361 = PCURVE('',#1362,#1367);
#1362 = PLANE('',#1363);
#1363 = AXIS2_PLACEMENT_3D('',#1364,#1365,#1366);
#1364 = CARTESIAN_POINT('',(-19.5,13.99,184.91531637893));
#1365 = DIRECTION('',(1.110223024625E-16,1.,0.));
#1366 = DIRECTION('',(1.110223024625E-16,-1.232595164408E-32,-1.));
#1367 = DEFINITIONAL_REPRESENTATION('',(#1368),#1372);
#1368 = LINE('',#1369,#1370);
#1369 = CARTESIAN_POINT('',(21.393958342959,-37.8));
#1370 = VECTOR('',#1371,1.);
#1371 = DIRECTION('',(-1.,0.));
#1372 = ( GEOMETRIC_REPRESENTATION_CONTEXT(2) 
PARAMETRIC_REPRESENTATION_CONTEXT() REPRESENTATION_CONTEXT('2D SPACE',''
  ) );
#1373 = ORIENTED_EDGE('',*,*,#1374,.F.);
#1374 = EDGE_CURVE('',#1375,#1347,#1377,.T.);
#1375 = VERTEX_POINT('',#1376);
#1376 = CARTESIAN_POINT('',(18.3,-13.99,157.31));
#1377 = SURFACE_CURVE('',#1378,(#1382,#1389),.PCURVE_S1.);
#1378 = LINE('',#1379,#1380);
#1379 = CARTESIAN_POINT('',(18.3,6.995,157.31));
#1380 = VECTOR('',#1381,1.);
#1381 = DIRECTION('',(1.110223024625E-16,1.,0.));
#1382 = PCURVE('',#491,#1383);
#1383 = DEFINITIONAL_REPRESENTATION('',(#1384),#1388);
#1384 = LINE('',#1385,#1386);
#1385 = CARTESIAN_POINT('',(6.995,15.182600306981));
#1386 = VECTOR('',#1387,1.);
#1387 = DIRECTION('',(1.,0.));
#1388 = ( GEOMETRIC_REPRESENTATION_CONTEXT(2) 
PARAMETRIC_REPRESENTATION_CONTEXT() REPRESENTATION_CONTEXT('2D SPACE',''
  ) );
#1389 = PCURVE('',#1390,#1395);
#1390 = PLANE('',#1391);
#1391 = AXIS2_PLACEMENT_3D('',#1392,#1393,#1394);
#1392 = CARTESIAN_POINT('',(-19.5,13.99,157.31));
#1393 = DIRECTION('',(1.110223024625E-16,-1.232595164408E-32,-1.));
#1394 = DIRECTION('',(-1.110223024625E-16,-1.,0.));
#1395 = DEFINITIONAL_REPRESENTATION('',(#1396),#1400);
#1396 = LINE('',#1397,#1398);
#1397 = CARTESIAN_POINT('',(6.995,-37.8));
#1398 = VECTOR('',#1399,1.);
#1399 = DIRECTION('',(-1.,0.));
#1400 = ( GEOMETRIC_REPRESENTATION_CONTEXT(2) 
PARAMETRIC_REPRESENTATION_CONTEXT() REPRESENTATION_CONTEXT('2D SPACE',''
  ) );
#1401 = ORIENTED_EDGE('',*,*,#1402,.F.);
#1402 = EDGE_CURVE('',#1403,#1375,#1405,.T.);
#1403 = VERTEX_POINT('',#1404);
#1404 = CARTESIAN_POINT('',(18.3,-13.99,184.91531637893));
#1405 = SURFACE_CURVE('',#1406,(#1410,#1417),.PCURVE_S1.);
#1406 = LINE('',#1407,#1408);
#1407 = CARTESIAN_POINT('',(18.3,-13.99,149.71869984651));
#1408 = VECTOR('',#1409,1.);
#1409 = DIRECTION('',(1.110223024625E-16,-1.232595164408E-32,-1.));
#1410 = PCURVE('',#491,#1411);
#1411 = DEFINITIONAL_REPRESENTATION('',(#1412),#1416);
#1412 = LINE('',#1413,#1414);
#1413 = CARTESIAN_POINT('',(-13.99,7.59130015349));
#1414 = VECTOR('',#1415,1.);
#1415 = DIRECTION('',(0.,-1.));
#1416 = ( GEOMETRIC_REPRESENTATION_CONTEXT(2) 
PARAMETRIC_REPRESENTATION_CONTEXT() REPRESENTATION_CONTEXT('2D SPACE',''
  ) );
#1417 = PCURVE('',#1418,#1423);
#1418 = PLANE('',#1419);
#1419 = AXIS2_PLACEMENT_3D('',#1420,#1421,#1422);
#1420 = CARTESIAN_POINT('',(-19.5,-13.99,157.31));
#1421 = DIRECTION('',(-1.110223024625E-16,-1.,0.));
#1422 = DIRECTION('',(-1.110223024625E-16,1.232595164408E-32,1.));
#1423 = DEFINITIONAL_REPRESENTATION('',(#1424),#1428);
#1424 = LINE('',#1425,#1426);
#1425 = CARTESIAN_POINT('',(-7.59130015349,-37.8));
#1426 = VECTOR('',#1427,1.);
#1427 = DIRECTION('',(-1.,0.));
#1428 = ( GEOMETRIC_REPRESENTATION_CONTEXT(2) 
PARAMETRIC_REPRESENTATION_CONTEXT() REPRESENTATION_CONTEXT('2D SPACE',''
  ) );
#1429 = ORIENTED_EDGE('',*,*,#1430,.F.);
#1430 = EDGE_CURVE('',#1431,#1403,#1433,.T.);
#1431 = VERTEX_POINT('',#1432);
#1432 = CARTESIAN_POINT('',(18.3,-13.99003955299,184.91620491446));
#1433 = SURFACE_CURVE('',#1434,(#1438,#1445),.PCURVE_S1.);
#1434 = LINE('',#1435,#1436);
#1435 = CARTESIAN_POINT('',(18.3,-13.02570174012,163.2529024879));
#1436 = VECTOR('',#1437,1.);
#1437 = DIRECTION('',(1.158497140117E-16,4.447077185448E-02,
    -0.999010685854));
#1438 = PCURVE('',#491,#1439);
#1439 = DEFINITIONAL_REPRESENTATION('',(#1440),#1444);
#1440 = LINE('',#1441,#1442);
#1441 = CARTESIAN_POINT('',(-13.02570174012,21.125502794881));
#1442 = VECTOR('',#1443,1.);
#1443 = DIRECTION('',(4.447077185448E-02,-0.999010685854));
#1444 = ( GEOMETRIC_REPRESENTATION_CONTEXT(2) 
PARAMETRIC_REPRESENTATION_CONTEXT() REPRESENTATION_CONTEXT('2D SPACE',''
  ) );
#1445 = PCURVE('',#1446,#1451);
#1446 = PLANE('',#1447);
#1447 = AXIS2_PLACEMENT_3D('',#1448,#1449,#1450);
#1448 = CARTESIAN_POINT('',(-19.5,-13.99,184.91531637893));
#1449 = DIRECTION('',(-1.059752190446E-16,-0.999010685854,
    -4.447077185448E-02));
#1450 = DIRECTION('',(-1.158497140117E-16,-4.447077185448E-02,
    0.999010685854));
#1451 = DEFINITIONAL_REPRESENTATION('',(#1452),#1456);
#1452 = LINE('',#1453,#1454);
#1453 = CARTESIAN_POINT('',(-21.68386604645,-37.8));
#1454 = VECTOR('',#1455,1.);
#1455 = DIRECTION('',(-1.,0.));
#1456 = ( GEOMETRIC_REPRESENTATION_CONTEXT(2) 
PARAMETRIC_REPRESENTATION_CONTEXT() REPRESENTATION_CONTEXT('2D SPACE',''
  ) );
#1457 = ORIENTED_EDGE('',*,*,#1458,.F.);
#1458 = EDGE_CURVE('',#1459,#1431,#1461,.T.);
#1459 = VERTEX_POINT('',#1460);
#1460 = CARTESIAN_POINT('',(18.3,-13.99015789907,184.91708642114));
#1461 = SURFACE_CURVE('',#1462,(#1466,#1473),.PCURVE_S1.);
#1462 = LINE('',#1463,#1464);
#1463 = CARTESIAN_POINT('',(18.3,-11.04475510865,162.97810781539));
#1464 = VECTOR('',#1465,1.);
#1465 = DIRECTION('',(1.248077684402E-16,0.133060525157,-0.991107913723)
  );
#1466 = PCURVE('',#491,#1467);
#1467 = DEFINITIONAL_REPRESENTATION('',(#1468),#1472);
#1468 = LINE('',#1469,#1470);
#1469 = CARTESIAN_POINT('',(-11.04475510865,20.85070812238));
#1470 = VECTOR('',#1471,1.);
#1471 = DIRECTION('',(0.133060525157,-0.991107913723));
#1472 = ( GEOMETRIC_REPRESENTATION_CONTEXT(2) 
PARAMETRIC_REPRESENTATION_CONTEXT() REPRESENTATION_CONTEXT('2D SPACE',''
  ) );
#1473 = PCURVE('',#1474,#1479);
#1474 = PLANE('',#1475);
#1475 = AXIS2_PLACEMENT_3D('',#1476,#1477,#1478);
#1476 = CARTESIAN_POINT('',(-19.5,-13.99003955299,184.91620491446));
#1477 = DIRECTION('',(-9.526239670057E-17,-0.991107913723,
    -0.133060525157));
#1478 = DIRECTION('',(-1.248077684402E-16,-0.133060525157,0.991107913723
    ));
#1479 = DEFINITIONAL_REPRESENTATION('',(#1480),#1484);
#1480 = LINE('',#1481,#1482);
#1481 = CARTESIAN_POINT('',(-22.13492274181,-37.8));
#1482 = VECTOR('',#1483,1.);
#1483 = DIRECTION('',(-1.,0.));
#1484 = ( GEOMETRIC_REPRESENTATION_CONTEXT(2) 
PARAMETRIC_REPRESENTATION_CONTEXT() REPRESENTATION_CONTEXT('2D SPACE',''
  ) );
#1485 = ORIENTED_EDGE('',*,*,#1486,.F.);
#1486 = EDGE_CURVE('',#1487,#1459,#1489,.T.);
#1487 = VERTEX_POINT('',#1488);
#1488 = CARTESIAN_POINT('',(18.3,-13.99035410206,184.91795392572));
#1489 = SURFACE_CURVE('',#1490,(#1494,#1501),.PCURVE_S1.);
#1490 = LINE('',#1491,#1492);
#1491 = CARTESIAN_POINT('',(18.3,-9.046370155765,163.05830375729));
#1492 = VECTOR('',#1493,1.);
#1493 = DIRECTION('',(1.327785187608E-16,0.220597690111,-0.975364885116)
  );
#1494 = PCURVE('',#491,#1495);
#1495 = DEFINITIONAL_REPRESENTATION('',(#1496),#1500);
#1496 = LINE('',#1497,#1498);
#1497 = CARTESIAN_POINT('',(-9.046370155765,20.930904064272));
#1498 = VECTOR('',#1499,1.);
#1499 = DIRECTION('',(0.220597690111,-0.975364885116));
#1500 = ( GEOMETRIC_REPRESENTATION_CONTEXT(2) 
PARAMETRIC_REPRESENTATION_CONTEXT() REPRESENTATION_CONTEXT('2D SPACE',''
  ) );
#1501 = PCURVE('',#1502,#1507);
#1502 = PLANE('',#1503);
#1503 = AXIS2_PLACEMENT_3D('',#1504,#1505,#1506);
#1504 = CARTESIAN_POINT('',(-19.5,-13.99015789907,184.91708642114));
#1505 = DIRECTION('',(-8.379599181259E-17,-0.975364885116,
    -0.220597690111));
#1506 = DIRECTION('',(-1.327785187608E-16,-0.220597690111,0.975364885116
    ));
#1507 = DEFINITIONAL_REPRESENTATION('',(#1508),#1512);
#1508 = LINE('',#1509,#1510);
#1509 = CARTESIAN_POINT('',(-22.41087719827,-37.8));
#1510 = VECTOR('',#1511,1.);
#1511 = DIRECTION('',(-1.,-1.232595164408E-32));
#1512 = ( GEOMETRIC_REPRESENTATION_CONTEXT(2) 
PARAMETRIC_REPRESENTATION_CONTEXT() REPRESENTATION_CONTEXT('2D SPACE',''
  ) );
#1513 = ORIENTED_EDGE('',*,*,#1514,.F.);
#1514 = EDGE_CURVE('',#1515,#1487,#1517,.T.);
#1515 = VERTEX_POINT('',#1516);
#1516 = CARTESIAN_POINT('',(18.3,-13.99062660988,184.91880056574));
#1517 = SURFACE_CURVE('',#1518,(#1522,#1529),.PCURVE_S1.);
#1518 = LINE('',#1519,#1520);
#1519 = CARTESIAN_POINT('',(18.3,-7.093658771107,163.49097852222));
#1520 = VECTOR('',#1521,1.);
#1521 = DIRECTION('',(1.396989115695E-16,0.306389795368,-0.951906136809)
  );
#1522 = PCURVE('',#491,#1523);
#1523 = DEFINITIONAL_REPRESENTATION('',(#1524),#1528);
#1524 = LINE('',#1525,#1526);
#1525 = CARTESIAN_POINT('',(-7.093658771107,21.363578829208));
#1526 = VECTOR('',#1527,1.);
#1527 = DIRECTION('',(0.306389795368,-0.951906136809));
#1528 = ( GEOMETRIC_REPRESENTATION_CONTEXT(2) 
PARAMETRIC_REPRESENTATION_CONTEXT() REPRESENTATION_CONTEXT('2D SPACE',''
  ) );
#1529 = PCURVE('',#1530,#1535);
#1530 = PLANE('',#1531);
#1531 = AXIS2_PLACEMENT_3D('',#1532,#1533,#1534);
#1532 = CARTESIAN_POINT('',(-19.5,-13.99035410206,184.91795392572));
#1533 = DIRECTION('',(-7.166671050389E-17,-0.951906136809,
    -0.306389795368));
#1534 = DIRECTION('',(-1.396989115695E-16,-0.306389795368,0.951906136809
    ));
#1535 = DEFINITIONAL_REPRESENTATION('',(#1536),#1540);
#1536 = LINE('',#1537,#1538);
#1537 = CARTESIAN_POINT('',(-22.50954645101,-37.8));
#1538 = VECTOR('',#1539,1.);
#1539 = DIRECTION('',(-1.,1.232595164408E-32));
#1540 = ( GEOMETRIC_REPRESENTATION_CONTEXT(2) 
PARAMETRIC_REPRESENTATION_CONTEXT() REPRESENTATION_CONTEXT('2D SPACE',''
  ) );
#1541 = ORIENTED_EDGE('',*,*,#1542,.F.);
#1542 = EDGE_CURVE('',#1543,#1515,#1545,.T.);
#1543 = VERTEX_POINT('',#1544);
#1544 = CARTESIAN_POINT('',(18.3,-14.11374482807,185.25002135134));
#1545 = SURFACE_CURVE('',#1546,(#1550,#1557),.PCURVE_S1.);
#1546 = LINE('',#1547,#1548);
#1547 = CARTESIAN_POINT('',(18.3,-6.153881276201,163.83586918438));
#1548 = VECTOR('',#1549,1.);
#1549 = DIRECTION('',(1.427477793927E-16,0.348418680249,-0.937339011913)
  );
#1550 = PCURVE('',#491,#1551);
#1551 = DEFINITIONAL_REPRESENTATION('',(#1552),#1556);
#1552 = LINE('',#1553,#1554);
#1553 = CARTESIAN_POINT('',(-6.153881276201,21.708469491363));
#1554 = VECTOR('',#1555,1.);
#1555 = DIRECTION('',(0.348418680249,-0.937339011913));
#1556 = ( GEOMETRIC_REPRESENTATION_CONTEXT(2) 
PARAMETRIC_REPRESENTATION_CONTEXT() REPRESENTATION_CONTEXT('2D SPACE',''
  ) );
#1557 = PCURVE('',#1558,#1563);
#1558 = PLANE('',#1559);
#1559 = AXIS2_PLACEMENT_3D('',#1560,#1561,#1562);
#1560 = CARTESIAN_POINT('',(-19.5,-13.99062660988,184.91880056574));
#1561 = DIRECTION('',(-6.538329118823E-17,-0.937339011913,
    -0.348418680249));
#1562 = DIRECTION('',(-1.427477793927E-16,-0.348418680249,0.937339011913
    ));
#1563 = DEFINITIONAL_REPRESENTATION('',(#1564),#1568);
#1564 = LINE('',#1565,#1566);
#1565 = CARTESIAN_POINT('',(-22.49232253583,-37.8));
#1566 = VECTOR('',#1567,1.);
#1567 = DIRECTION('',(-1.,-1.232595164408E-32));
#1568 = ( GEOMETRIC_REPRESENTATION_CONTEXT(2) 
PARAMETRIC_REPRESENTATION_CONTEXT() REPRESENTATION_CONTEXT('2D SPACE',''
  ) );
#1569 = ORIENTED_EDGE('',*,*,#1570,.F.);
#1570 = EDGE_CURVE('',#1571,#1543,#1573,.T.);
#1571 = VERTEX_POINT('',#1572);
#1572 = CARTESIAN_POINT('',(18.3,-14.23342671205,185.59791094763));
#1573 = SURFACE_CURVE('',#1574,(#1578,#1585),.PCURVE_S1.);
#1574 = LINE('',#1575,#1576);
#1575 = CARTESIAN_POINT('',(18.3,-6.734338921753,163.79966933329));
#1576 = VECTOR('',#1577,1.);
#1577 = DIRECTION('',(1.411002001398E-16,0.325310292162,-0.945607325381)
  );
#1578 = PCURVE('',#491,#1579);
#1579 = DEFINITIONAL_REPRESENTATION('',(#1580),#1584);
#1580 = LINE('',#1581,#1582);
#1581 = CARTESIAN_POINT('',(-6.734338921753,21.672269640277));
#1582 = VECTOR('',#1583,1.);
#1583 = DIRECTION('',(0.325310292162,-0.945607325381));
#1584 = ( GEOMETRIC_REPRESENTATION_CONTEXT(2) 
PARAMETRIC_REPRESENTATION_CONTEXT() REPRESENTATION_CONTEXT('2D SPACE',''
  ) );
#1585 = PCURVE('',#1586,#1591);
#1586 = PLANE('',#1587);
#1587 = AXIS2_PLACEMENT_3D('',#1588,#1589,#1590);
#1588 = CARTESIAN_POINT('',(-19.5,-14.11374482807,185.25002135134));
#1589 = DIRECTION('',(-6.886680483856E-17,-0.945607325381,
    -0.325310292162));
#1590 = DIRECTION('',(-1.411002001398E-16,-0.325310292162,0.945607325381
    ));
#1591 = DEFINITIONAL_REPRESENTATION('',(#1592),#1596);
#1592 = LINE('',#1593,#1594);
#1593 = CARTESIAN_POINT('',(-22.68420669162,-37.8));
#1594 = VECTOR('',#1595,1.);
#1595 = DIRECTION('',(-1.,0.));
#1596 = ( GEOMETRIC_REPRESENTATION_CONTEXT(2) 
PARAMETRIC_REPRESENTATION_CONTEXT() REPRESENTATION_CONTEXT('2D SPACE',''
  ) );
#1597 = ORIENTED_EDGE('',*,*,#1598,.F.);
#1598 = EDGE_CURVE('',#987,#1571,#1599,.T.);
#1599 = SURFACE_CURVE('',#1600,(#1604,#1611),.PCURVE_S1.);
#1600 = LINE('',#1601,#1602);
#1601 = CARTESIAN_POINT('',(18.3,-7.326659297383,163.79614475536));
#1602 = VECTOR('',#1603,1.);
#1603 = DIRECTION('',(1.393676274023E-16,0.302005949319,-0.953306040354)
  );
#1604 = PCURVE('',#491,#1605);
#1605 = DEFINITIONAL_REPRESENTATION('',(#1606),#1610);
#1606 = LINE('',#1607,#1608);
#1607 = CARTESIAN_POINT('',(-7.326659297383,21.668745062347));
#1608 = VECTOR('',#1609,1.);
#1609 = DIRECTION('',(0.302005949319,-0.953306040354));
#1610 = ( GEOMETRIC_REPRESENTATION_CONTEXT(2) 
PARAMETRIC_REPRESENTATION_CONTEXT() REPRESENTATION_CONTEXT('2D SPACE',''
  ) );
#1611 = PCURVE('',#1612,#1617);
#1612 = PLANE('',#1613);
#1613 = AXIS2_PLACEMENT_3D('',#1614,#1615,#1616);
#1614 = CARTESIAN_POINT('',(-19.5,-14.23342671205,185.59791094763));
#1615 = DIRECTION('',(-7.230883570075E-17,-0.953306040354,
    -0.302005949319));
#1616 = DIRECTION('',(-1.393676274023E-16,-0.302005949319,0.953306040354
    ));
#1617 = DEFINITIONAL_REPRESENTATION('',(#1618),#1622);
#1618 = LINE('',#1619,#1620);
#1619 = CARTESIAN_POINT('',(-22.86964025127,-37.8));
#1620 = VECTOR('',#1621,1.);
#1621 = DIRECTION('',(-1.,0.));
#1622 = ( GEOMETRIC_REPRESENTATION_CONTEXT(2) 
PARAMETRIC_REPRESENTATION_CONTEXT() REPRESENTATION_CONTEXT('2D SPACE',''
  ) );
#1623 = FACE_BOUND('',#1624,.F.);
#1624 = EDGE_LOOP('',(#1625,#1655,#1688,#1716,#1749,#1777));
#1625 = ORIENTED_EDGE('',*,*,#1626,.F.);
#1626 = EDGE_CURVE('',#1627,#1629,#1631,.T.);
#1627 = VERTEX_POINT('',#1628);
#1628 = CARTESIAN_POINT('',(18.3,-1.428657787414,117.3));
#1629 = VERTEX_POINT('',#1630);
#1630 = CARTESIAN_POINT('',(18.3,5.3,117.3));
#1631 = SURFACE_CURVE('',#1632,(#1636,#1643),.PCURVE_S1.);
#1632 = LINE('',#1633,#1634);
#1633 = CARTESIAN_POINT('',(18.3,2.65,117.3));
#1634 = VECTOR('',#1635,1.);
#1635 = DIRECTION('',(1.110223024625E-16,1.,0.));
#1636 = PCURVE('',#491,#1637);
#1637 = DEFINITIONAL_REPRESENTATION('',(#1638),#1642);
#1638 = LINE('',#1639,#1640);
#1639 = CARTESIAN_POINT('',(2.65,-24.82739969301));
#1640 = VECTOR('',#1641,1.);
#1641 = DIRECTION('',(1.,0.));
#1642 = ( GEOMETRIC_REPRESENTATION_CONTEXT(2) 
PARAMETRIC_REPRESENTATION_CONTEXT() REPRESENTATION_CONTEXT('2D SPACE',''
  ) );
#1643 = PCURVE('',#1644,#1649);
#1644 = PLANE('',#1645);
#1645 = AXIS2_PLACEMENT_3D('',#1646,#1647,#1648);
#1646 = CARTESIAN_POINT('',(17.3,5.3,117.3));
#1647 = DIRECTION('',(1.110223024625E-16,-1.232595164408E-32,-1.));
#1648 = DIRECTION('',(-1.110223024625E-16,-1.,0.));
#1649 = DEFINITIONAL_REPRESENTATION('',(#1650),#1654);
#1650 = LINE('',#1651,#1652);
#1651 = CARTESIAN_POINT('',(2.65,-1.));
#1652 = VECTOR('',#1653,1.);
#1653 = DIRECTION('',(-1.,0.));
#1654 = ( GEOMETRIC_REPRESENTATION_CONTEXT(2) 
PARAMETRIC_REPRESENTATION_CONTEXT() REPRESENTATION_CONTEXT('2D SPACE',''
  ) );
#1655 = ORIENTED_EDGE('',*,*,#1656,.T.);
#1656 = EDGE_CURVE('',#1627,#1657,#1659,.T.);
#1657 = VERTEX_POINT('',#1658);
#1658 = CARTESIAN_POINT('',(18.3,-3.467484177505,120.32655123922));
#1659 = SURFACE_CURVE('',#1660,(#1665,#1676),.PCURVE_S1.);
#1660 = CIRCLE('',#1661,2.2);
#1661 = AXIS2_PLACEMENT_3D('',#1662,#1663,#1664);
#1662 = CARTESIAN_POINT('',(18.3,-1.428657787414,119.5));
#1663 = DIRECTION('',(-1.,1.110223024625E-16,-1.110223024625E-16));
#1664 = DIRECTION('',(-1.110223024625E-16,-1.,0.));
#1665 = PCURVE('',#491,#1666);
#1666 = DEFINITIONAL_REPRESENTATION('',(#1667),#1675);
#1667 = ( BOUNDED_CURVE() B_SPLINE_CURVE(2,(#1668,#1669,#1670,#1671,
#1672,#1673,#1674),.UNSPECIFIED.,.T.,.F.) B_SPLINE_CURVE_WITH_KNOTS((1,2
    ,2,2,2,1),(-2.094395102393,0.,2.094395102393,4.188790204786,
6.28318530718,8.377580409573),.UNSPECIFIED.) CURVE() 
GEOMETRIC_REPRESENTATION_ITEM() RATIONAL_B_SPLINE_CURVE((1.,0.5,1.,0.5,
1.,0.5,1.)) REPRESENTATION_ITEM('') );
#1668 = CARTESIAN_POINT('',(-3.628657787413,-22.62739969301));
#1669 = CARTESIAN_POINT('',(-3.628657787413,-18.81688791636));
#1670 = CARTESIAN_POINT('',(-0.328657787413,-20.72214380469));
#1671 = CARTESIAN_POINT('',(2.971342212587,-22.62739969301));
#1672 = CARTESIAN_POINT('',(-0.328657787413,-24.53265558134));
#1673 = CARTESIAN_POINT('',(-3.628657787413,-26.43791146967));
#1674 = CARTESIAN_POINT('',(-3.628657787413,-22.62739969301));
#1675 = ( GEOMETRIC_REPRESENTATION_CONTEXT(2) 
PARAMETRIC_REPRESENTATION_CONTEXT() REPRESENTATION_CONTEXT('2D SPACE',''
  ) );
#1676 = PCURVE('',#1677,#1682);
#1677 = CYLINDRICAL_SURFACE('',#1678,2.2);
#1678 = AXIS2_PLACEMENT_3D('',#1679,#1680,#1681);
#1679 = CARTESIAN_POINT('',(17.3,-1.428657787414,119.5));
#1680 = DIRECTION('',(-1.,1.110223024625E-16,-1.110223024625E-16));
#1681 = DIRECTION('',(-1.110223024625E-16,-1.,0.));
#1682 = DEFINITIONAL_REPRESENTATION('',(#1683),#1687);
#1683 = LINE('',#1684,#1685);
#1684 = CARTESIAN_POINT('',(0.,-1.));
#1685 = VECTOR('',#1686,1.);
#1686 = DIRECTION('',(1.,0.));
#1687 = ( GEOMETRIC_REPRESENTATION_CONTEXT(2) 
PARAMETRIC_REPRESENTATION_CONTEXT() REPRESENTATION_CONTEXT('2D SPACE',''
  ) );
#1688 = ORIENTED_EDGE('',*,*,#1689,.F.);
#1689 = EDGE_CURVE('',#1690,#1657,#1692,.T.);
#1690 = VERTEX_POINT('',#1691);
#1691 = CARTESIAN_POINT('',(18.3,3.261173609909,136.92390711484));
#1692 = SURFACE_CURVE('',#1693,(#1697,#1704),.PCURVE_S1.);
#1693 = LINE('',#1694,#1695);
#1694 = CARTESIAN_POINT('',(18.3,0.572558116031,130.29198889661));
#1695 = VECTOR('',#1696,1.);
#1696 = DIRECTION('',(6.117708112143E-17,-0.375705108739,-0.926739268223
    ));
#1697 = PCURVE('',#491,#1698);
#1698 = DEFINITIONAL_REPRESENTATION('',(#1699),#1703);
#1699 = LINE('',#1700,#1701);
#1700 = CARTESIAN_POINT('',(0.572558116031,-11.8354107964));
#1701 = VECTOR('',#1702,1.);
#1702 = DIRECTION('',(-0.375705108739,-0.926739268223));
#1703 = ( GEOMETRIC_REPRESENTATION_CONTEXT(2) 
PARAMETRIC_REPRESENTATION_CONTEXT() REPRESENTATION_CONTEXT('2D SPACE',''
  ) );
#1704 = PCURVE('',#1705,#1710);
#1705 = PLANE('',#1706);
#1706 = AXIS2_PLACEMENT_3D('',#1707,#1708,#1709);
#1707 = CARTESIAN_POINT('',(17.3,-3.467484177505,120.32655123922));
#1708 = DIRECTION('',(-1.446003735597E-16,-0.926739268223,0.375705108739
    ));
#1709 = DIRECTION('',(-6.117708112143E-17,0.375705108739,0.926739268223)
  );
#1710 = DEFINITIONAL_REPRESENTATION('',(#1711),#1715);
#1711 = LINE('',#1712,#1713);
#1712 = CARTESIAN_POINT('',(10.753226931339,-1.));
#1713 = VECTOR('',#1714,1.);
#1714 = DIRECTION('',(-1.,0.));
#1715 = ( GEOMETRIC_REPRESENTATION_CONTEXT(2) 
PARAMETRIC_REPRESENTATION_CONTEXT() REPRESENTATION_CONTEXT('2D SPACE',''
  ) );
#1716 = ORIENTED_EDGE('',*,*,#1717,.T.);
#1717 = EDGE_CURVE('',#1690,#1718,#1720,.T.);
#1718 = VERTEX_POINT('',#1719);
#1719 = CARTESIAN_POINT('',(18.3,7.5,136.09735587562));
#1720 = SURFACE_CURVE('',#1721,(#1726,#1737),.PCURVE_S1.);
#1721 = CIRCLE('',#1722,2.2);
#1722 = AXIS2_PLACEMENT_3D('',#1723,#1724,#1725);
#1723 = CARTESIAN_POINT('',(18.3,5.3,136.09735587562));
#1724 = DIRECTION('',(-1.,1.110223024625E-16,-1.110223024625E-16));
#1725 = DIRECTION('',(-1.110223024625E-16,-1.,0.));
#1726 = PCURVE('',#491,#1727);
#1727 = DEFINITIONAL_REPRESENTATION('',(#1728),#1736);
#1728 = ( BOUNDED_CURVE() B_SPLINE_CURVE(2,(#1729,#1730,#1731,#1732,
#1733,#1734,#1735),.UNSPECIFIED.,.T.,.F.) B_SPLINE_CURVE_WITH_KNOTS((1,2
    ,2,2,2,1),(-2.094395102393,0.,2.094395102393,4.188790204786,
6.28318530718,8.377580409573),.UNSPECIFIED.) CURVE() 
GEOMETRIC_REPRESENTATION_ITEM() RATIONAL_B_SPLINE_CURVE((1.,0.5,1.,0.5,
1.,0.5,1.)) REPRESENTATION_ITEM('') );
#1729 = CARTESIAN_POINT('',(3.1,-6.030043817399));
#1730 = CARTESIAN_POINT('',(3.1,-2.219532040748));
#1731 = CARTESIAN_POINT('',(6.4,-4.124787929074));
#1732 = CARTESIAN_POINT('',(9.7,-6.030043817399));
#1733 = CARTESIAN_POINT('',(6.4,-7.935299705725));
#1734 = CARTESIAN_POINT('',(3.1,-9.840555594051));
#1735 = CARTESIAN_POINT('',(3.1,-6.030043817399));
#1736 = ( GEOMETRIC_REPRESENTATION_CONTEXT(2) 
PARAMETRIC_REPRESENTATION_CONTEXT() REPRESENTATION_CONTEXT('2D SPACE',''
  ) );
#1737 = PCURVE('',#1738,#1743);
#1738 = CYLINDRICAL_SURFACE('',#1739,2.2);
#1739 = AXIS2_PLACEMENT_3D('',#1740,#1741,#1742);
#1740 = CARTESIAN_POINT('',(17.3,5.3,136.09735587562));
#1741 = DIRECTION('',(-1.,1.110223024625E-16,-1.110223024625E-16));
#1742 = DIRECTION('',(-1.110223024625E-16,-1.,0.));
#1743 = DEFINITIONAL_REPRESENTATION('',(#1744),#1748);
#1744 = LINE('',#1745,#1746);
#1745 = CARTESIAN_POINT('',(0.,-1.));
#1746 = VECTOR('',#1747,1.);
#1747 = DIRECTION('',(1.,0.));
#1748 = ( GEOMETRIC_REPRESENTATION_CONTEXT(2) 
PARAMETRIC_REPRESENTATION_CONTEXT() REPRESENTATION_CONTEXT('2D SPACE',''
  ) );
#1749 = ORIENTED_EDGE('',*,*,#1750,.F.);
#1750 = EDGE_CURVE('',#1751,#1718,#1753,.T.);
#1751 = VERTEX_POINT('',#1752);
#1752 = CARTESIAN_POINT('',(18.3,7.5,119.5));
#1753 = SURFACE_CURVE('',#1754,(#1758,#1765),.PCURVE_S1.);
#1754 = LINE('',#1755,#1756);
#1755 = CARTESIAN_POINT('',(18.3,7.5,139.11237778432));
#1756 = VECTOR('',#1757,1.);
#1757 = DIRECTION('',(-1.110223024625E-16,1.232595164408E-32,1.));
#1758 = PCURVE('',#491,#1759);
#1759 = DEFINITIONAL_REPRESENTATION('',(#1760),#1764);
#1760 = LINE('',#1761,#1762);
#1761 = CARTESIAN_POINT('',(7.5,-3.0150219087));
#1762 = VECTOR('',#1763,1.);
#1763 = DIRECTION('',(0.,1.));
#1764 = ( GEOMETRIC_REPRESENTATION_CONTEXT(2) 
PARAMETRIC_REPRESENTATION_CONTEXT() REPRESENTATION_CONTEXT('2D SPACE',''
  ) );
#1765 = PCURVE('',#1766,#1771);
#1766 = PLANE('',#1767);
#1767 = AXIS2_PLACEMENT_3D('',#1768,#1769,#1770);
#1768 = CARTESIAN_POINT('',(17.3,7.5,136.09735587562));
#1769 = DIRECTION('',(1.110223024625E-16,1.,0.));
#1770 = DIRECTION('',(1.110223024625E-16,-1.232595164408E-32,-1.));
#1771 = DEFINITIONAL_REPRESENTATION('',(#1772),#1776);
#1772 = LINE('',#1773,#1774);
#1773 = CARTESIAN_POINT('',(-3.0150219087,-1.));
#1774 = VECTOR('',#1775,1.);
#1775 = DIRECTION('',(-1.,0.));
#1776 = ( GEOMETRIC_REPRESENTATION_CONTEXT(2) 
PARAMETRIC_REPRESENTATION_CONTEXT() REPRESENTATION_CONTEXT('2D SPACE',''
  ) );
#1777 = ORIENTED_EDGE('',*,*,#1778,.T.);
#1778 = EDGE_CURVE('',#1751,#1629,#1779,.T.);
#1779 = SURFACE_CURVE('',#1780,(#1785,#1796),.PCURVE_S1.);
#1780 = CIRCLE('',#1781,2.2);
#1781 = AXIS2_PLACEMENT_3D('',#1782,#1783,#1784);
#1782 = CARTESIAN_POINT('',(18.3,5.3,119.5));
#1783 = DIRECTION('',(-1.,1.110223024625E-16,-1.110223024625E-16));
#1784 = DIRECTION('',(-1.110223024625E-16,-1.,0.));
#1785 = PCURVE('',#491,#1786);
#1786 = DEFINITIONAL_REPRESENTATION('',(#1787),#1795);
#1787 = ( BOUNDED_CURVE() B_SPLINE_CURVE(2,(#1788,#1789,#1790,#1791,
#1792,#1793,#1794),.UNSPECIFIED.,.T.,.F.) B_SPLINE_CURVE_WITH_KNOTS((1,2
    ,2,2,2,1),(-2.094395102393,0.,2.094395102393,4.188790204786,
6.28318530718,8.377580409573),.UNSPECIFIED.) CURVE() 
GEOMETRIC_REPRESENTATION_ITEM() RATIONAL_B_SPLINE_CURVE((1.,0.5,1.,0.5,
1.,0.5,1.)) REPRESENTATION_ITEM('') );
#1788 = CARTESIAN_POINT('',(3.1,-22.62739969301));
#1789 = CARTESIAN_POINT('',(3.1,-18.81688791636));
#1790 = CARTESIAN_POINT('',(6.4,-20.72214380469));
#1791 = CARTESIAN_POINT('',(9.7,-22.62739969301));
#1792 = CARTESIAN_POINT('',(6.4,-24.53265558134));
#1793 = CARTESIAN_POINT('',(3.1,-26.43791146967));
#1794 = CARTESIAN_POINT('',(3.1,-22.62739969301));
#1795 = ( GEOMETRIC_REPRESENTATION_CONTEXT(2) 
PARAMETRIC_REPRESENTATION_CONTEXT() REPRESENTATION_CONTEXT('2D SPACE',''
  ) );
#1796 = PCURVE('',#1797,#1802);
#1797 = CYLINDRICAL_SURFACE('',#1798,2.2);
#1798 = AXIS2_PLACEMENT_3D('',#1799,#1800,#1801);
#1799 = CARTESIAN_POINT('',(17.3,5.3,119.5));
#1800 = DIRECTION('',(-1.,1.110223024625E-16,-1.110223024625E-16));
#1801 = DIRECTION('',(-1.110223024625E-16,-1.,0.));
#1802 = DEFINITIONAL_REPRESENTATION('',(#1803),#1807);
#1803 = LINE('',#1804,#1805);
#1804 = CARTESIAN_POINT('',(0.,-1.));
#1805 = VECTOR('',#1806,1.);
#1806 = DIRECTION('',(1.,0.));
#1807 = ( GEOMETRIC_REPRESENTATION_CONTEXT(2) 
PARAMETRIC_REPRESENTATION_CONTEXT() REPRESENTATION_CONTEXT('2D SPACE',''
  ) );
#1808 = FACE_BOUND('',#1809,.F.);
#1809 = EDGE_LOOP('',(#1810,#1840,#1873,#1901,#1934,#1962));
#1810 = ORIENTED_EDGE('',*,*,#1811,.F.);
#1811 = EDGE_CURVE('',#1812,#1814,#1816,.T.);
#1812 = VERTEX_POINT('',#1813);
#1813 = CARTESIAN_POINT('',(18.3,1.428657787413,154.3));
#1814 = VERTEX_POINT('',#1815);
#1815 = CARTESIAN_POINT('',(18.3,-5.3,154.3));
#1816 = SURFACE_CURVE('',#1817,(#1821,#1828),.PCURVE_S1.);
#1817 = LINE('',#1818,#1819);
#1818 = CARTESIAN_POINT('',(18.3,-2.65,154.3));
#1819 = VECTOR('',#1820,1.);
#1820 = DIRECTION('',(-1.110223024625E-16,-1.,0.));
#1821 = PCURVE('',#491,#1822);
#1822 = DEFINITIONAL_REPRESENTATION('',(#1823),#1827);
#1823 = LINE('',#1824,#1825);
#1824 = CARTESIAN_POINT('',(-2.65,12.172600306981));
#1825 = VECTOR('',#1826,1.);
#1826 = DIRECTION('',(-1.,0.));
#1827 = ( GEOMETRIC_REPRESENTATION_CONTEXT(2) 
PARAMETRIC_REPRESENTATION_CONTEXT() REPRESENTATION_CONTEXT('2D SPACE',''
  ) );
#1828 = PCURVE('',#1829,#1834);
#1829 = PLANE('',#1830);
#1830 = AXIS2_PLACEMENT_3D('',#1831,#1832,#1833);
#1831 = CARTESIAN_POINT('',(17.3,-5.3,154.3));
#1832 = DIRECTION('',(-1.110223024625E-16,1.232595164408E-32,1.));
#1833 = DIRECTION('',(1.110223024625E-16,1.,0.));
#1834 = DEFINITIONAL_REPRESENTATION('',(#1835),#1839);
#1835 = LINE('',#1836,#1837);
#1836 = CARTESIAN_POINT('',(2.65,-1.));
#1837 = VECTOR('',#1838,1.);
#1838 = DIRECTION('',(-1.,0.));
#1839 = ( GEOMETRIC_REPRESENTATION_CONTEXT(2) 
PARAMETRIC_REPRESENTATION_CONTEXT() REPRESENTATION_CONTEXT('2D SPACE',''
  ) );
#1840 = ORIENTED_EDGE('',*,*,#1841,.T.);
#1841 = EDGE_CURVE('',#1812,#1842,#1844,.T.);
#1842 = VERTEX_POINT('',#1843);
#1843 = CARTESIAN_POINT('',(18.3,3.467484177505,151.27344876077));
#1844 = SURFACE_CURVE('',#1845,(#1850,#1861),.PCURVE_S1.);
#1845 = CIRCLE('',#1846,2.2);
#1846 = AXIS2_PLACEMENT_3D('',#1847,#1848,#1849);
#1847 = CARTESIAN_POINT('',(18.3,1.428657787413,152.1));
#1848 = DIRECTION('',(-1.,1.110223024625E-16,-1.110223024625E-16));
#1849 = DIRECTION('',(-1.110223024625E-16,-1.,0.));
#1850 = PCURVE('',#491,#1851);
#1851 = DEFINITIONAL_REPRESENTATION('',(#1852),#1860);
#1852 = ( BOUNDED_CURVE() B_SPLINE_CURVE(2,(#1853,#1854,#1855,#1856,
#1857,#1858,#1859),.UNSPECIFIED.,.T.,.F.) B_SPLINE_CURVE_WITH_KNOTS((1,2
    ,2,2,2,1),(-2.094395102393,0.,2.094395102393,4.188790204786,
6.28318530718,8.377580409573),.UNSPECIFIED.) CURVE() 
GEOMETRIC_REPRESENTATION_ITEM() RATIONAL_B_SPLINE_CURVE((1.,0.5,1.,0.5,
1.,0.5,1.)) REPRESENTATION_ITEM('') );
#1853 = CARTESIAN_POINT('',(-0.771342212586,9.972600306981));
#1854 = CARTESIAN_POINT('',(-0.771342212586,13.783112083632));
#1855 = CARTESIAN_POINT('',(2.528657787414,11.877856195306));
#1856 = CARTESIAN_POINT('',(5.828657787414,9.972600306981));
#1857 = CARTESIAN_POINT('',(2.528657787414,8.067344418655));
#1858 = CARTESIAN_POINT('',(-0.771342212586,6.162088530329));
#1859 = CARTESIAN_POINT('',(-0.771342212586,9.972600306981));
#1860 = ( GEOMETRIC_REPRESENTATION_CONTEXT(2) 
PARAMETRIC_REPRESENTATION_CONTEXT() REPRESENTATION_CONTEXT('2D SPACE',''
  ) );
#1861 = PCURVE('',#1862,#1867);
#1862 = CYLINDRICAL_SURFACE('',#1863,2.2);
#1863 = AXIS2_PLACEMENT_3D('',#1864,#1865,#1866);
#1864 = CARTESIAN_POINT('',(17.3,1.428657787413,152.1));
#1865 = DIRECTION('',(-1.,1.110223024625E-16,-1.110223024625E-16));
#1866 = DIRECTION('',(-1.110223024625E-16,-1.,0.));
#1867 = DEFINITIONAL_REPRESENTATION('',(#1868),#1872);
#1868 = LINE('',#1869,#1870);
#1869 = CARTESIAN_POINT('',(0.,-1.));
#1870 = VECTOR('',#1871,1.);
#1871 = DIRECTION('',(1.,0.));
#1872 = ( GEOMETRIC_REPRESENTATION_CONTEXT(2) 
PARAMETRIC_REPRESENTATION_CONTEXT() REPRESENTATION_CONTEXT('2D SPACE',''
  ) );
#1873 = ORIENTED_EDGE('',*,*,#1874,.F.);
#1874 = EDGE_CURVE('',#1875,#1842,#1877,.T.);
#1875 = VERTEX_POINT('',#1876);
#1876 = CARTESIAN_POINT('',(18.3,-3.261173609909,134.67609288515));
#1877 = SURFACE_CURVE('',#1878,(#1882,#1889),.PCURVE_S1.);
#1878 = LINE('',#1879,#1880);
#1879 = CARTESIAN_POINT('',(18.3,1.630520196155,146.74227094011));
#1880 = VECTOR('',#1881,1.);
#1881 = DIRECTION('',(-6.117708112143E-17,0.375705108739,0.926739268223)
  );
#1882 = PCURVE('',#491,#1883);
#1883 = DEFINITIONAL_REPRESENTATION('',(#1884),#1888);
#1884 = LINE('',#1885,#1886);
#1885 = CARTESIAN_POINT('',(1.630520196155,4.614871247092));
#1886 = VECTOR('',#1887,1.);
#1887 = DIRECTION('',(0.375705108739,0.926739268223));
#1888 = ( GEOMETRIC_REPRESENTATION_CONTEXT(2) 
PARAMETRIC_REPRESENTATION_CONTEXT() REPRESENTATION_CONTEXT('2D SPACE',''
  ) );
#1889 = PCURVE('',#1890,#1895);
#1890 = PLANE('',#1891);
#1891 = AXIS2_PLACEMENT_3D('',#1892,#1893,#1894);
#1892 = CARTESIAN_POINT('',(17.3,3.467484177505,151.27344876077));
#1893 = DIRECTION('',(1.446003735597E-16,0.926739268223,-0.375705108739)
  );
#1894 = DIRECTION('',(6.117708112143E-17,-0.375705108739,-0.926739268223
    ));
#1895 = DEFINITIONAL_REPRESENTATION('',(#1896),#1900);
#1896 = LINE('',#1897,#1898);
#1897 = CARTESIAN_POINT('',(4.889377170073,-1.));
#1898 = VECTOR('',#1899,1.);
#1899 = DIRECTION('',(-1.,0.));
#1900 = ( GEOMETRIC_REPRESENTATION_CONTEXT(2) 
PARAMETRIC_REPRESENTATION_CONTEXT() REPRESENTATION_CONTEXT('2D SPACE',''
  ) );
#1901 = ORIENTED_EDGE('',*,*,#1902,.T.);
#1902 = EDGE_CURVE('',#1875,#1903,#1905,.T.);
#1903 = VERTEX_POINT('',#1904);
#1904 = CARTESIAN_POINT('',(18.3,-7.5,135.50264412438));
#1905 = SURFACE_CURVE('',#1906,(#1911,#1922),.PCURVE_S1.);
#1906 = CIRCLE('',#1907,2.2);
#1907 = AXIS2_PLACEMENT_3D('',#1908,#1909,#1910);
#1908 = CARTESIAN_POINT('',(18.3,-5.3,135.50264412438));
#1909 = DIRECTION('',(-1.,1.110223024625E-16,-1.110223024625E-16));
#1910 = DIRECTION('',(-1.110223024625E-16,-1.,0.));
#1911 = PCURVE('',#491,#1912);
#1912 = DEFINITIONAL_REPRESENTATION('',(#1913),#1921);
#1913 = ( BOUNDED_CURVE() B_SPLINE_CURVE(2,(#1914,#1915,#1916,#1917,
#1918,#1919,#1920),.UNSPECIFIED.,.T.,.F.) B_SPLINE_CURVE_WITH_KNOTS((1,2
    ,2,2,2,1),(-2.094395102393,0.,2.094395102393,4.188790204786,
6.28318530718,8.377580409573),.UNSPECIFIED.) CURVE() 
GEOMETRIC_REPRESENTATION_ITEM() RATIONAL_B_SPLINE_CURVE((1.,0.5,1.,0.5,
1.,0.5,1.)) REPRESENTATION_ITEM('') );
#1914 = CARTESIAN_POINT('',(-7.5,-6.624755568639));
#1915 = CARTESIAN_POINT('',(-7.5,-2.814243791988));
#1916 = CARTESIAN_POINT('',(-4.2,-4.719499680314));
#1917 = CARTESIAN_POINT('',(-0.9,-6.624755568639));
#1918 = CARTESIAN_POINT('',(-4.2,-8.530011456965));
#1919 = CARTESIAN_POINT('',(-7.5,-10.43526734529));
#1920 = CARTESIAN_POINT('',(-7.5,-6.624755568639));
#1921 = ( GEOMETRIC_REPRESENTATION_CONTEXT(2) 
PARAMETRIC_REPRESENTATION_CONTEXT() REPRESENTATION_CONTEXT('2D SPACE',''
  ) );
#1922 = PCURVE('',#1923,#1928);
#1923 = CYLINDRICAL_SURFACE('',#1924,2.2);
#1924 = AXIS2_PLACEMENT_3D('',#1925,#1926,#1927);
#1925 = CARTESIAN_POINT('',(17.3,-5.3,135.50264412438));
#1926 = DIRECTION('',(-1.,1.110223024625E-16,-1.110223024625E-16));
#1927 = DIRECTION('',(-1.110223024625E-16,-1.,0.));
#1928 = DEFINITIONAL_REPRESENTATION('',(#1929),#1933);
#1929 = LINE('',#1930,#1931);
#1930 = CARTESIAN_POINT('',(0.,-1.));
#1931 = VECTOR('',#1932,1.);
#1932 = DIRECTION('',(1.,0.));
#1933 = ( GEOMETRIC_REPRESENTATION_CONTEXT(2) 
PARAMETRIC_REPRESENTATION_CONTEXT() REPRESENTATION_CONTEXT('2D SPACE',''
  ) );
#1934 = ORIENTED_EDGE('',*,*,#1935,.F.);
#1935 = EDGE_CURVE('',#1936,#1903,#1938,.T.);
#1936 = VERTEX_POINT('',#1937);
#1937 = CARTESIAN_POINT('',(18.3,-7.5,152.1));
#1938 = SURFACE_CURVE('',#1939,(#1943,#1950),.PCURVE_S1.);
#1939 = LINE('',#1940,#1941);
#1940 = CARTESIAN_POINT('',(18.3,-7.5,138.8150219087));
#1941 = VECTOR('',#1942,1.);
#1942 = DIRECTION('',(1.110223024625E-16,-1.232595164408E-32,-1.));
#1943 = PCURVE('',#491,#1944);
#1944 = DEFINITIONAL_REPRESENTATION('',(#1945),#1949);
#1945 = LINE('',#1946,#1947);
#1946 = CARTESIAN_POINT('',(-7.5,-3.31237778432));
#1947 = VECTOR('',#1948,1.);
#1948 = DIRECTION('',(0.,-1.));
#1949 = ( GEOMETRIC_REPRESENTATION_CONTEXT(2) 
PARAMETRIC_REPRESENTATION_CONTEXT() REPRESENTATION_CONTEXT('2D SPACE',''
  ) );
#1950 = PCURVE('',#1951,#1956);
#1951 = PLANE('',#1952);
#1952 = AXIS2_PLACEMENT_3D('',#1953,#1954,#1955);
#1953 = CARTESIAN_POINT('',(17.3,-7.5,135.50264412438));
#1954 = DIRECTION('',(-1.110223024625E-16,-1.,0.));
#1955 = DIRECTION('',(-1.110223024625E-16,1.232595164408E-32,1.));
#1956 = DEFINITIONAL_REPRESENTATION('',(#1957),#1961);
#1957 = LINE('',#1958,#1959);
#1958 = CARTESIAN_POINT('',(3.31237778432,-1.));
#1959 = VECTOR('',#1960,1.);
#1960 = DIRECTION('',(-1.,0.));
#1961 = ( GEOMETRIC_REPRESENTATION_CONTEXT(2) 
PARAMETRIC_REPRESENTATION_CONTEXT() REPRESENTATION_CONTEXT('2D SPACE',''
  ) );
#1962 = ORIENTED_EDGE('',*,*,#1963,.T.);
#1963 = EDGE_CURVE('',#1936,#1814,#1964,.T.);
#1964 = SURFACE_CURVE('',#1965,(#1970,#1981),.PCURVE_S1.);
#1965 = CIRCLE('',#1966,2.2);
#1966 = AXIS2_PLACEMENT_3D('',#1967,#1968,#1969);
#1967 = CARTESIAN_POINT('',(18.3,-5.3,152.1));
#1968 = DIRECTION('',(-1.,1.110223024625E-16,-1.110223024625E-16));
#1969 = DIRECTION('',(-1.110223024625E-16,-1.,0.));
#1970 = PCURVE('',#491,#1971);
#1971 = DEFINITIONAL_REPRESENTATION('',(#1972),#1980);
#1972 = ( BOUNDED_CURVE() B_SPLINE_CURVE(2,(#1973,#1974,#1975,#1976,
#1977,#1978,#1979),.UNSPECIFIED.,.T.,.F.) B_SPLINE_CURVE_WITH_KNOTS((1,2
    ,2,2,2,1),(-2.094395102393,0.,2.094395102393,4.188790204786,
6.28318530718,8.377580409573),.UNSPECIFIED.) CURVE() 
GEOMETRIC_REPRESENTATION_ITEM() RATIONAL_B_SPLINE_CURVE((1.,0.5,1.,0.5,
1.,0.5,1.)) REPRESENTATION_ITEM('') );
#1973 = CARTESIAN_POINT('',(-7.5,9.972600306981));
#1974 = CARTESIAN_POINT('',(-7.5,13.783112083632));
#1975 = CARTESIAN_POINT('',(-4.2,11.877856195306));
#1976 = CARTESIAN_POINT('',(-0.9,9.972600306981));
#1977 = CARTESIAN_POINT('',(-4.2,8.067344418655));
#1978 = CARTESIAN_POINT('',(-7.5,6.162088530329));
#1979 = CARTESIAN_POINT('',(-7.5,9.972600306981));
#1980 = ( GEOMETRIC_REPRESENTATION_CONTEXT(2) 
PARAMETRIC_REPRESENTATION_CONTEXT() REPRESENTATION_CONTEXT('2D SPACE',''
  ) );
#1981 = PCURVE('',#1982,#1987);
#1982 = CYLINDRICAL_SURFACE('',#1983,2.2);
#1983 = AXIS2_PLACEMENT_3D('',#1984,#1985,#1986);
#1984 = CARTESIAN_POINT('',(17.3,-5.3,152.1));
#1985 = DIRECTION('',(-1.,1.110223024625E-16,-1.110223024625E-16));
#1986 = DIRECTION('',(-1.110223024625E-16,-1.,0.));
#1987 = DEFINITIONAL_REPRESENTATION('',(#1988),#1992);
#1988 = LINE('',#1989,#1990);
#1989 = CARTESIAN_POINT('',(0.,-1.));
#1990 = VECTOR('',#1991,1.);
#1991 = DIRECTION('',(1.,0.));
#1992 = ( GEOMETRIC_REPRESENTATION_CONTEXT(2) 
PARAMETRIC_REPRESENTATION_CONTEXT() REPRESENTATION_CONTEXT('2D SPACE',''
  ) );
#1993 = ADVANCED_FACE('',(#1994),#465,.T.);
#1994 = FACE_BOUND('',#1995,.T.);
#1995 = EDGE_LOOP('',(#1996,#2026,#2047,#2048,#2049));
#1996 = ORIENTED_EDGE('',*,*,#1997,.F.);
#1997 = EDGE_CURVE('',#1998,#2000,#2002,.T.);
#1998 = VERTEX_POINT('',#1999);
#1999 = CARTESIAN_POINT('',(-19.5,14.344534912013,185.94863290655));
#2000 = VERTEX_POINT('',#2001);
#2001 = CARTESIAN_POINT('',(-19.5,14.233426712059,185.59791094763));
#2002 = SURFACE_CURVE('',#2003,(#2007,#2014),.PCURVE_S1.);
#2003 = LINE('',#2004,#2005);
#2004 = CARTESIAN_POINT('',(-19.5,14.344534912013,185.94863290655));
#2005 = VECTOR('',#2006,1.);
#2006 = DIRECTION('',(7.230883570075E-17,-0.302005949319,-0.953306040354
    ));
#2007 = PCURVE('',#465,#2008);
#2008 = DEFINITIONAL_REPRESENTATION('',(#2009),#2013);
#2009 = LINE('',#2010,#2011);
#2010 = CARTESIAN_POINT('',(0.,0.));
#2011 = VECTOR('',#2012,1.);
#2012 = DIRECTION('',(1.,0.));
#2013 = ( GEOMETRIC_REPRESENTATION_CONTEXT(2) 
PARAMETRIC_REPRESENTATION_CONTEXT() REPRESENTATION_CONTEXT('2D SPACE',''
  ) );
#2014 = PCURVE('',#2015,#2020);
#2015 = PLANE('',#2016);
#2016 = AXIS2_PLACEMENT_3D('',#2017,#2018,#2019);
#2017 = CARTESIAN_POINT('',(-19.5,3.371827310787E-15,179.23796912882));
#2018 = DIRECTION('',(-1.,1.110223024625E-16,-1.110223024625E-16));
#2019 = DIRECTION('',(-1.110223024625E-16,-1.,0.));
#2020 = DEFINITIONAL_REPRESENTATION('',(#2021),#2025);
#2021 = LINE('',#2022,#2023);
#2022 = CARTESIAN_POINT('',(-14.34453491201,6.710663777723));
#2023 = VECTOR('',#2024,1.);
#2024 = DIRECTION('',(0.302005949319,-0.953306040354));
#2025 = ( GEOMETRIC_REPRESENTATION_CONTEXT(2) 
PARAMETRIC_REPRESENTATION_CONTEXT() REPRESENTATION_CONTEXT('2D SPACE',''
  ) );
#2026 = ORIENTED_EDGE('',*,*,#2027,.T.);
#2027 = EDGE_CURVE('',#1998,#422,#2028,.T.);
#2028 = SURFACE_CURVE('',#2029,(#2033,#2040),.PCURVE_S1.);
#2029 = LINE('',#2030,#2031);
#2030 = CARTESIAN_POINT('',(-19.5,14.344534912013,185.94863290655));
#2031 = VECTOR('',#2032,1.);
#2032 = DIRECTION('',(1.,-1.110223024625E-16,1.110223024625E-16));
#2033 = PCURVE('',#465,#2034);
#2034 = DEFINITIONAL_REPRESENTATION('',(#2035),#2039);
#2035 = LINE('',#2036,#2037);
#2036 = CARTESIAN_POINT('',(0.,0.));
#2037 = VECTOR('',#2038,1.);
#2038 = DIRECTION('',(0.,-1.));
#2039 = ( GEOMETRIC_REPRESENTATION_CONTEXT(2) 
PARAMETRIC_REPRESENTATION_CONTEXT() REPRESENTATION_CONTEXT('2D SPACE',''
  ) );
#2040 = PCURVE('',#437,#2041);
#2041 = DEFINITIONAL_REPRESENTATION('',(#2042),#2046);
#2042 = LINE('',#2043,#2044);
#2043 = CARTESIAN_POINT('',(0.367900699324,2.785277244898E-17));
#2044 = VECTOR('',#2045,1.);
#2045 = DIRECTION('',(0.,-1.));
#2046 = ( GEOMETRIC_REPRESENTATION_CONTEXT(2) 
PARAMETRIC_REPRESENTATION_CONTEXT() REPRESENTATION_CONTEXT('2D SPACE',''
  ) );
#2047 = ORIENTED_EDGE('',*,*,#449,.F.);
#2048 = ORIENTED_EDGE('',*,*,#1155,.F.);
#2049 = ORIENTED_EDGE('',*,*,#2050,.F.);
#2050 = EDGE_CURVE('',#2000,#1156,#2051,.T.);
#2051 = SURFACE_CURVE('',#2052,(#2056,#2063),.PCURVE_S1.);
#2052 = LINE('',#2053,#2054);
#2053 = CARTESIAN_POINT('',(-19.5,14.233426712059,185.59791094763));
#2054 = VECTOR('',#2055,1.);
#2055 = DIRECTION('',(1.,-1.110223024625E-16,1.110223024625E-16));
#2056 = PCURVE('',#465,#2057);
#2057 = DEFINITIONAL_REPRESENTATION('',(#2058),#2062);
#2058 = LINE('',#2059,#2060);
#2059 = CARTESIAN_POINT('',(0.367900699324,2.66024712216E-17));
#2060 = VECTOR('',#2061,1.);
#2061 = DIRECTION('',(0.,-1.));
#2062 = ( GEOMETRIC_REPRESENTATION_CONTEXT(2) 
PARAMETRIC_REPRESENTATION_CONTEXT() REPRESENTATION_CONTEXT('2D SPACE',''
  ) );
#2063 = PCURVE('',#1194,#2064);
#2064 = DEFINITIONAL_REPRESENTATION('',(#2065),#2069);
#2065 = LINE('',#2066,#2067);
#2066 = CARTESIAN_POINT('',(0.,0.));
#2067 = VECTOR('',#2068,1.);
#2068 = DIRECTION('',(1.232595164408E-32,-1.));
#2069 = ( GEOMETRIC_REPRESENTATION_CONTEXT(2) 
PARAMETRIC_REPRESENTATION_CONTEXT() REPRESENTATION_CONTEXT('2D SPACE',''
  ) );
#2070 = ADVANCED_FACE('',(#2071),#437,.T.);
#2071 = FACE_BOUND('',#2072,.T.);
#2072 = EDGE_LOOP('',(#2073,#2096,#2117,#2118));
#2073 = ORIENTED_EDGE('',*,*,#2074,.F.);
#2074 = EDGE_CURVE('',#2075,#1998,#2077,.T.);
#2075 = VERTEX_POINT('',#2076);
#2076 = CARTESIAN_POINT('',(-19.5,14.447002500513,186.30197596629));
#2077 = SURFACE_CURVE('',#2078,(#2082,#2089),.PCURVE_S1.);
#2078 = LINE('',#2079,#2080);
#2079 = CARTESIAN_POINT('',(-19.5,14.447002500513,186.30197596629));
#2080 = VECTOR('',#2081,1.);
#2081 = DIRECTION('',(7.570731042411E-17,-0.278519689385,-0.960430519416
    ));
#2082 = PCURVE('',#437,#2083);
#2083 = DEFINITIONAL_REPRESENTATION('',(#2084),#2088);
#2084 = LINE('',#2085,#2086);
#2085 = CARTESIAN_POINT('',(0.,0.));
#2086 = VECTOR('',#2087,1.);
#2087 = DIRECTION('',(1.,0.));
#2088 = ( GEOMETRIC_REPRESENTATION_CONTEXT(2) 
PARAMETRIC_REPRESENTATION_CONTEXT() REPRESENTATION_CONTEXT('2D SPACE',''
  ) );
#2089 = PCURVE('',#2015,#2090);
#2090 = DEFINITIONAL_REPRESENTATION('',(#2091),#2095);
#2091 = LINE('',#2092,#2093);
#2092 = CARTESIAN_POINT('',(-14.44700250051,7.064006837468));
#2093 = VECTOR('',#2094,1.);
#2094 = DIRECTION('',(0.278519689385,-0.960430519416));
#2095 = ( GEOMETRIC_REPRESENTATION_CONTEXT(2) 
PARAMETRIC_REPRESENTATION_CONTEXT() REPRESENTATION_CONTEXT('2D SPACE',''
  ) );
#2096 = ORIENTED_EDGE('',*,*,#2097,.T.);
#2097 = EDGE_CURVE('',#2075,#394,#2098,.T.);
#2098 = SURFACE_CURVE('',#2099,(#2103,#2110),.PCURVE_S1.);
#2099 = LINE('',#2100,#2101);
#2100 = CARTESIAN_POINT('',(-19.5,14.447002500513,186.30197596629));
#2101 = VECTOR('',#2102,1.);
#2102 = DIRECTION('',(1.,-1.110223024625E-16,1.110223024625E-16));
#2103 = PCURVE('',#437,#2104);
#2104 = DEFINITIONAL_REPRESENTATION('',(#2105),#2109);
#2105 = LINE('',#2106,#2107);
#2106 = CARTESIAN_POINT('',(0.,0.));
#2107 = VECTOR('',#2108,1.);
#2108 = DIRECTION('',(0.,-1.));
#2109 = ( GEOMETRIC_REPRESENTATION_CONTEXT(2) 
PARAMETRIC_REPRESENTATION_CONTEXT() REPRESENTATION_CONTEXT('2D SPACE',''
  ) );
#2110 = PCURVE('',#409,#2111);
#2111 = DEFINITIONAL_REPRESENTATION('',(#2112),#2116);
#2112 = LINE('',#2113,#2114);
#2113 = CARTESIAN_POINT('',(0.367900699324,2.908629620769E-17));
#2114 = VECTOR('',#2115,1.);
#2115 = DIRECTION('',(0.,-1.));
#2116 = ( GEOMETRIC_REPRESENTATION_CONTEXT(2) 
PARAMETRIC_REPRESENTATION_CONTEXT() REPRESENTATION_CONTEXT('2D SPACE',''
  ) );
#2117 = ORIENTED_EDGE('',*,*,#421,.F.);
#2118 = ORIENTED_EDGE('',*,*,#2027,.F.);
#2119 = ADVANCED_FACE('',(#2120),#409,.T.);
#2120 = FACE_BOUND('',#2121,.T.);
#2121 = EDGE_LOOP('',(#2122,#2145,#2166,#2167));
#2122 = ORIENTED_EDGE('',*,*,#2123,.F.);
#2123 = EDGE_CURVE('',#2124,#2075,#2126,.T.);
#2124 = VERTEX_POINT('',#2125);
#2125 = CARTESIAN_POINT('',(-19.5,14.540767754916,186.65772728622));
#2126 = SURFACE_CURVE('',#2127,(#2131,#2138),.PCURVE_S1.);
#2127 = LINE('',#2128,#2129);
#2128 = CARTESIAN_POINT('',(-19.5,14.540767754916,186.65772728622));
#2129 = VECTOR('',#2130,1.);
#2130 = DIRECTION('',(7.906018189456E-17,-0.254865659605,-0.966976471045
    ));
#2131 = PCURVE('',#409,#2132);
#2132 = DEFINITIONAL_REPRESENTATION('',(#2133),#2137);
#2133 = LINE('',#2134,#2135);
#2134 = CARTESIAN_POINT('',(0.,0.));
#2135 = VECTOR('',#2136,1.);
#2136 = DIRECTION('',(1.,0.));
#2137 = ( GEOMETRIC_REPRESENTATION_CONTEXT(2) 
PARAMETRIC_REPRESENTATION_CONTEXT() REPRESENTATION_CONTEXT('2D SPACE',''
  ) );
#2138 = PCURVE('',#2015,#2139);
#2139 = DEFINITIONAL_REPRESENTATION('',(#2140),#2144);
#2140 = LINE('',#2141,#2142);
#2141 = CARTESIAN_POINT('',(-14.54076775491,7.419758157396));
#2142 = VECTOR('',#2143,1.);
#2143 = DIRECTION('',(0.254865659605,-0.966976471045));
#2144 = ( GEOMETRIC_REPRESENTATION_CONTEXT(2) 
PARAMETRIC_REPRESENTATION_CONTEXT() REPRESENTATION_CONTEXT('2D SPACE',''
  ) );
#2145 = ORIENTED_EDGE('',*,*,#2146,.T.);
#2146 = EDGE_CURVE('',#2124,#366,#2147,.T.);
#2147 = SURFACE_CURVE('',#2148,(#2152,#2159),.PCURVE_S1.);
#2148 = LINE('',#2149,#2150);
#2149 = CARTESIAN_POINT('',(-19.5,14.540767754916,186.65772728622));
#2150 = VECTOR('',#2151,1.);
#2151 = DIRECTION('',(1.,-1.110223024625E-16,1.110223024625E-16));
#2152 = PCURVE('',#409,#2153);
#2153 = DEFINITIONAL_REPRESENTATION('',(#2154),#2158);
#2154 = LINE('',#2155,#2156);
#2155 = CARTESIAN_POINT('',(0.,0.));
#2156 = VECTOR('',#2157,1.);
#2157 = DIRECTION('',(0.,-1.));
#2158 = ( GEOMETRIC_REPRESENTATION_CONTEXT(2) 
PARAMETRIC_REPRESENTATION_CONTEXT() REPRESENTATION_CONTEXT('2D SPACE',''
  ) );
#2159 = PCURVE('',#381,#2160);
#2160 = DEFINITIONAL_REPRESENTATION('',(#2161),#2165);
#2161 = LINE('',#2162,#2163);
#2162 = CARTESIAN_POINT('',(0.367900699324,3.030229946918E-17));
#2163 = VECTOR('',#2164,1.);
#2164 = DIRECTION('',(0.,-1.));
#2165 = ( GEOMETRIC_REPRESENTATION_CONTEXT(2) 
PARAMETRIC_REPRESENTATION_CONTEXT() REPRESENTATION_CONTEXT('2D SPACE',''
  ) );
#2166 = ORIENTED_EDGE('',*,*,#393,.F.);
#2167 = ORIENTED_EDGE('',*,*,#2097,.F.);
#2168 = ADVANCED_FACE('',(#2169),#381,.T.);
#2169 = FACE_BOUND('',#2170,.T.);
#2170 = EDGE_LOOP('',(#2171,#2194,#2215,#2216));
#2171 = ORIENTED_EDGE('',*,*,#2172,.F.);
#2172 = EDGE_CURVE('',#2173,#2124,#2175,.T.);
#2173 = VERTEX_POINT('',#2174);
#2174 = CARTESIAN_POINT('',(-19.5,14.625774194536,187.01567257504));
#2175 = SURFACE_CURVE('',#2176,(#2180,#2187),.PCURVE_S1.);
#2176 = LINE('',#2177,#2178);
#2177 = CARTESIAN_POINT('',(-19.5,14.625774194536,187.01567257504));
#2178 = VECTOR('',#2179,1.);
#2179 = DIRECTION('',(8.236543046768E-17,-0.231058108281,-0.972939952206
    ));
#2180 = PCURVE('',#381,#2181);
#2181 = DEFINITIONAL_REPRESENTATION('',(#2182),#2186);
#2182 = LINE('',#2183,#2184);
#2183 = CARTESIAN_POINT('',(0.,0.));
#2184 = VECTOR('',#2185,1.);
#2185 = DIRECTION('',(1.,0.));
#2186 = ( GEOMETRIC_REPRESENTATION_CONTEXT(2) 
PARAMETRIC_REPRESENTATION_CONTEXT() REPRESENTATION_CONTEXT('2D SPACE',''
  ) );
#2187 = PCURVE('',#2015,#2188);
#2188 = DEFINITIONAL_REPRESENTATION('',(#2189),#2193);
#2189 = LINE('',#2190,#2191);
#2190 = CARTESIAN_POINT('',(-14.62577419453,7.777703446212));
#2191 = VECTOR('',#2192,1.);
#2192 = DIRECTION('',(0.231058108281,-0.972939952206));
#2193 = ( GEOMETRIC_REPRESENTATION_CONTEXT(2) 
PARAMETRIC_REPRESENTATION_CONTEXT() REPRESENTATION_CONTEXT('2D SPACE',''
  ) );
#2194 = ORIENTED_EDGE('',*,*,#2195,.T.);
#2195 = EDGE_CURVE('',#2173,#338,#2196,.T.);
#2196 = SURFACE_CURVE('',#2197,(#2201,#2208),.PCURVE_S1.);
#2197 = LINE('',#2198,#2199);
#2198 = CARTESIAN_POINT('',(-19.5,14.625774194536,187.01567257504));
#2199 = VECTOR('',#2200,1.);
#2200 = DIRECTION('',(1.,-1.110223024625E-16,1.110223024625E-16));
#2201 = PCURVE('',#381,#2202);
#2202 = DEFINITIONAL_REPRESENTATION('',(#2203),#2207);
#2203 = LINE('',#2204,#2205);
#2204 = CARTESIAN_POINT('',(0.,0.));
#2205 = VECTOR('',#2206,1.);
#2206 = DIRECTION('',(0.,-1.));
#2207 = ( GEOMETRIC_REPRESENTATION_CONTEXT(2) 
PARAMETRIC_REPRESENTATION_CONTEXT() REPRESENTATION_CONTEXT('2D SPACE',''
  ) );
#2208 = PCURVE('',#353,#2209);
#2209 = DEFINITIONAL_REPRESENTATION('',(#2210),#2214);
#2210 = LINE('',#2211,#2212);
#2211 = CARTESIAN_POINT('',(0.367900699324,3.150004975856E-17));
#2212 = VECTOR('',#2213,1.);
#2213 = DIRECTION('',(0.,-1.));
#2214 = ( GEOMETRIC_REPRESENTATION_CONTEXT(2) 
PARAMETRIC_REPRESENTATION_CONTEXT() REPRESENTATION_CONTEXT('2D SPACE',''
  ) );
#2215 = ORIENTED_EDGE('',*,*,#365,.F.);
#2216 = ORIENTED_EDGE('',*,*,#2146,.F.);
#2217 = ADVANCED_FACE('',(#2218),#353,.T.);
#2218 = FACE_BOUND('',#2219,.T.);
#2219 = EDGE_LOOP('',(#2220,#2243,#2264,#2265));
#2220 = ORIENTED_EDGE('',*,*,#2221,.F.);
#2221 = EDGE_CURVE('',#2222,#2173,#2224,.T.);
#2222 = VERTEX_POINT('',#2223);
#2223 = CARTESIAN_POINT('',(-19.5,14.701970614676,187.37559621988));
#2224 = SURFACE_CURVE('',#2225,(#2229,#2236),.PCURVE_S1.);
#2225 = LINE('',#2226,#2227);
#2226 = CARTESIAN_POINT('',(-19.5,14.701970614676,187.37559621988));
#2227 = VECTOR('',#2228,1.);
#2228 = DIRECTION('',(8.562106518533E-17,-0.207111376192,-0.97831737072)
  );
#2229 = PCURVE('',#353,#2230);
#2230 = DEFINITIONAL_REPRESENTATION('',(#2231),#2235);
#2231 = LINE('',#2232,#2233);
#2232 = CARTESIAN_POINT('',(0.,0.));
#2233 = VECTOR('',#2234,1.);
#2234 = DIRECTION('',(1.,0.));
#2235 = ( GEOMETRIC_REPRESENTATION_CONTEXT(2) 
PARAMETRIC_REPRESENTATION_CONTEXT() REPRESENTATION_CONTEXT('2D SPACE',''
  ) );
#2236 = PCURVE('',#2015,#2237);
#2237 = DEFINITIONAL_REPRESENTATION('',(#2238),#2242);
#2238 = LINE('',#2239,#2240);
#2239 = CARTESIAN_POINT('',(-14.70197061467,8.137627091061));
#2240 = VECTOR('',#2241,1.);
#2241 = DIRECTION('',(0.207111376192,-0.97831737072));
#2242 = ( GEOMETRIC_REPRESENTATION_CONTEXT(2) 
PARAMETRIC_REPRESENTATION_CONTEXT() REPRESENTATION_CONTEXT('2D SPACE',''
  ) );
#2243 = ORIENTED_EDGE('',*,*,#2244,.T.);
#2244 = EDGE_CURVE('',#2222,#310,#2245,.T.);
#2245 = SURFACE_CURVE('',#2246,(#2250,#2257),.PCURVE_S1.);
#2246 = LINE('',#2247,#2248);
#2247 = CARTESIAN_POINT('',(-19.5,14.701970614676,187.37559621988));
#2248 = VECTOR('',#2249,1.);
#2249 = DIRECTION('',(1.,-1.110223024625E-16,1.110223024625E-16));
#2250 = PCURVE('',#353,#2251);
#2251 = DEFINITIONAL_REPRESENTATION('',(#2252),#2256);
#2252 = LINE('',#2253,#2254);
#2253 = CARTESIAN_POINT('',(0.,0.));
#2254 = VECTOR('',#2255,1.);
#2255 = DIRECTION('',(0.,-1.));
#2256 = ( GEOMETRIC_REPRESENTATION_CONTEXT(2) 
PARAMETRIC_REPRESENTATION_CONTEXT() REPRESENTATION_CONTEXT('2D SPACE',''
  ) );
#2257 = PCURVE('',#325,#2258);
#2258 = DEFINITIONAL_REPRESENTATION('',(#2259),#2263);
#2259 = LINE('',#2260,#2261);
#2260 = CARTESIAN_POINT('',(0.367900699324,3.267882559579E-17));
#2261 = VECTOR('',#2262,1.);
#2262 = DIRECTION('',(0.,-1.));
#2263 = ( GEOMETRIC_REPRESENTATION_CONTEXT(2) 
PARAMETRIC_REPRESENTATION_CONTEXT() REPRESENTATION_CONTEXT('2D SPACE',''
  ) );
#2264 = ORIENTED_EDGE('',*,*,#337,.F.);
#2265 = ORIENTED_EDGE('',*,*,#2195,.F.);
#2266 = ADVANCED_FACE('',(#2267),#325,.T.);
#2267 = FACE_BOUND('',#2268,.T.);
#2268 = EDGE_LOOP('',(#2269,#2292,#2320,#2341,#2342));
#2269 = ORIENTED_EDGE('',*,*,#2270,.F.);
#2270 = EDGE_CURVE('',#2271,#2222,#2273,.T.);
#2271 = VERTEX_POINT('',#2272);
#2272 = CARTESIAN_POINT('',(-19.5,14.769311117458,187.73728141622));
#2273 = SURFACE_CURVE('',#2274,(#2278,#2285),.PCURVE_S1.);
#2274 = LINE('',#2275,#2276);
#2275 = CARTESIAN_POINT('',(-19.5,14.769311117458,187.73728141622));
#2276 = VECTOR('',#2277,1.);
#2277 = DIRECTION('',(8.882512497489E-17,-0.183039887955,-0.983105487431
    ));
#2278 = PCURVE('',#325,#2279);
#2279 = DEFINITIONAL_REPRESENTATION('',(#2280),#2284);
#2280 = LINE('',#2281,#2282);
#2281 = CARTESIAN_POINT('',(0.,0.));
#2282 = VECTOR('',#2283,1.);
#2283 = DIRECTION('',(1.,0.));
#2284 = ( GEOMETRIC_REPRESENTATION_CONTEXT(2) 
PARAMETRIC_REPRESENTATION_CONTEXT() REPRESENTATION_CONTEXT('2D SPACE',''
  ) );
#2285 = PCURVE('',#2015,#2286);
#2286 = DEFINITIONAL_REPRESENTATION('',(#2287),#2291);
#2287 = LINE('',#2288,#2289);
#2288 = CARTESIAN_POINT('',(-14.76931111745,8.499312287396));
#2289 = VECTOR('',#2290,1.);
#2290 = DIRECTION('',(0.183039887955,-0.983105487431));
#2291 = ( GEOMETRIC_REPRESENTATION_CONTEXT(2) 
PARAMETRIC_REPRESENTATION_CONTEXT() REPRESENTATION_CONTEXT('2D SPACE',''
  ) );
#2292 = ORIENTED_EDGE('',*,*,#2293,.T.);
#2293 = EDGE_CURVE('',#2271,#2294,#2296,.T.);
#2294 = VERTEX_POINT('',#2295);
#2295 = CARTESIAN_POINT('',(18.8,14.769311117458,187.73728141622));
#2296 = SURFACE_CURVE('',#2297,(#2301,#2308),.PCURVE_S1.);
#2297 = LINE('',#2298,#2299);
#2298 = CARTESIAN_POINT('',(-19.5,14.769311117458,187.73728141622));
#2299 = VECTOR('',#2300,1.);
#2300 = DIRECTION('',(1.,-1.110223024625E-16,1.110223024625E-16));
#2301 = PCURVE('',#325,#2302);
#2302 = DEFINITIONAL_REPRESENTATION('',(#2303),#2307);
#2303 = LINE('',#2304,#2305);
#2304 = CARTESIAN_POINT('',(0.,0.));
#2305 = VECTOR('',#2306,1.);
#2306 = DIRECTION('',(0.,-1.));
#2307 = ( GEOMETRIC_REPRESENTATION_CONTEXT(2) 
PARAMETRIC_REPRESENTATION_CONTEXT() REPRESENTATION_CONTEXT('2D SPACE',''
  ) );
#2308 = PCURVE('',#2309,#2314);
#2309 = PLANE('',#2310);
#2310 = AXIS2_PLACEMENT_3D('',#2311,#2312,#2313);
#2311 = CARTESIAN_POINT('',(-19.5,14.827755139484,188.1005102984));
#2312 = DIRECTION('',(1.272492735062E-16,0.987301418158,-0.158858143334)
  );
#2313 = DIRECTION('',(9.197567983055E-17,-0.158858143334,-0.987301418158
    ));
#2314 = DEFINITIONAL_REPRESENTATION('',(#2315),#2319);
#2315 = LINE('',#2316,#2317);
#2316 = CARTESIAN_POINT('',(0.367900699324,3.383791693047E-17));
#2317 = VECTOR('',#2318,1.);
#2318 = DIRECTION('',(0.,-1.));
#2319 = ( GEOMETRIC_REPRESENTATION_CONTEXT(2) 
PARAMETRIC_REPRESENTATION_CONTEXT() REPRESENTATION_CONTEXT('2D SPACE',''
  ) );
#2320 = ORIENTED_EDGE('',*,*,#2321,.T.);
#2321 = EDGE_CURVE('',#2294,#282,#2322,.T.);
#2322 = SURFACE_CURVE('',#2323,(#2327,#2334),.PCURVE_S1.);
#2323 = LINE('',#2324,#2325);
#2324 = CARTESIAN_POINT('',(18.8,14.769311117458,187.73728141622));
#2325 = VECTOR('',#2326,1.);
#2326 = DIRECTION('',(8.882512497489E-17,-0.183039887955,-0.983105487431
    ));
#2327 = PCURVE('',#325,#2328);
#2328 = DEFINITIONAL_REPRESENTATION('',(#2329),#2333);
#2329 = LINE('',#2330,#2331);
#2330 = CARTESIAN_POINT('',(4.377434757095E-15,-38.3));
#2331 = VECTOR('',#2332,1.);
#2332 = DIRECTION('',(1.,0.));
#2333 = ( GEOMETRIC_REPRESENTATION_CONTEXT(2) 
PARAMETRIC_REPRESENTATION_CONTEXT() REPRESENTATION_CONTEXT('2D SPACE',''
  ) );
#2334 = PCURVE('',#297,#2335);
#2335 = DEFINITIONAL_REPRESENTATION('',(#2336),#2340);
#2336 = LINE('',#2337,#2338);
#2337 = CARTESIAN_POINT('',(-14.76931111745,8.499312287396));
#2338 = VECTOR('',#2339,1.);
#2339 = DIRECTION('',(0.183039887955,-0.983105487431));
#2340 = ( GEOMETRIC_REPRESENTATION_CONTEXT(2) 
PARAMETRIC_REPRESENTATION_CONTEXT() REPRESENTATION_CONTEXT('2D SPACE',''
  ) );
#2341 = ORIENTED_EDGE('',*,*,#309,.F.);
#2342 = ORIENTED_EDGE('',*,*,#2244,.F.);
#2343 = ADVANCED_FACE('',(#2344),#297,.F.);
#2344 = FACE_BOUND('',#2345,.F.);
#2345 = EDGE_LOOP('',(#2346,#2347,#2348,#2372,#2395,#2423,#2451,#2479,
    #2507,#2535,#2563,#2591,#2619,#2647,#2675,#2703,#2731,#2759,#2787,
    #2815,#2843,#2871,#2899,#2927,#2955,#2983,#3011,#3039,#3067,#3095,
    #3123,#3151,#3179,#3207,#3235,#3263,#3291,#3319,#3347,#3375,#3403,
    #3431,#3459,#3487,#3515,#3543,#3571,#3599,#3627,#3655,#3683,#3711,
    #3739,#3767,#3795,#3823,#3851,#3879,#3907,#3935,#3963,#3991,#4019,
    #4047,#4075,#4103,#4131,#4159,#4187,#4215,#4243,#4271,#4299,#4327,
    #4355,#4383,#4411,#4439,#4467,#4495,#4523,#4551,#4579,#4607,#4635,
    #4663,#4691,#4719,#4747,#4775,#4803,#4831,#4859,#4887,#4915,#4943,
    #4971,#4999,#5027,#5055,#5083,#5111,#5139,#5167,#5195,#5223,#5251,
    #5279,#5307,#5335,#5363,#5391,#5419,#5447,#5475,#5503,#5531,#5559,
    #5587,#5615,#5643,#5671,#5699,#5727,#5755,#5783,#5811,#5839,#5867,
    #5895,#5923,#5951,#5979,#6007,#6035,#6063,#6091,#6119,#6147,#6175,
    #6203,#6231,#6259,#6287,#6315,#6343,#6371));
#2346 = ORIENTED_EDGE('',*,*,#2321,.T.);
#2347 = ORIENTED_EDGE('',*,*,#281,.F.);
#2348 = ORIENTED_EDGE('',*,*,#2349,.F.);
#2349 = EDGE_CURVE('',#2350,#254,#2352,.T.);
#2350 = VERTEX_POINT('',#2351);
#2351 = CARTESIAN_POINT('',(18.8,-14.699185573,190.4547368421));
#2352 = SURFACE_CURVE('',#2353,(#2358,#2365),.PCURVE_S1.);
#2353 = CIRCLE('',#2354,14.7);
#2354 = AXIS2_PLACEMENT_3D('',#2355,#2356,#2357);
#2355 = CARTESIAN_POINT('',(18.8,-2.087219286295E-15,190.3));
#2356 = DIRECTION('',(-1.,1.110223024625E-16,-1.110223024625E-16));
#2357 = DIRECTION('',(1.098474956566E-16,0.999944596803,
    1.052631578948E-02));
#2358 = PCURVE('',#297,#2359);
#2359 = DEFINITIONAL_REPRESENTATION('',(#2360),#2364);
#2360 = CIRCLE('',#2361,14.7);
#2361 = AXIS2_PLACEMENT_2D('',#2362,#2363);
#2362 = CARTESIAN_POINT('',(1.206892412768E-15,11.062030871172));
#2363 = DIRECTION('',(-0.999944596803,1.052631578948E-02));
#2364 = ( GEOMETRIC_REPRESENTATION_CONTEXT(2) 
PARAMETRIC_REPRESENTATION_CONTEXT() REPRESENTATION_CONTEXT('2D SPACE',''
  ) );
#2365 = PCURVE('',#269,#2366);
#2366 = DEFINITIONAL_REPRESENTATION('',(#2367),#2371);
#2367 = LINE('',#2368,#2369);
#2368 = CARTESIAN_POINT('',(6.28318530718,-0.3));
#2369 = VECTOR('',#2370,1.);
#2370 = DIRECTION('',(-1.,-0.));
#2371 = ( GEOMETRIC_REPRESENTATION_CONTEXT(2) 
PARAMETRIC_REPRESENTATION_CONTEXT() REPRESENTATION_CONTEXT('2D SPACE',''
  ) );
#2372 = ORIENTED_EDGE('',*,*,#2373,.F.);
#2373 = EDGE_CURVE('',#2374,#2350,#2376,.T.);
#2374 = VERTEX_POINT('',#2375);
#2375 = CARTESIAN_POINT('',(18.8,-14.7300138163,187.52621598758));
#2376 = SURFACE_CURVE('',#2377,(#2381,#2388),.PCURVE_S1.);
#2377 = LINE('',#2378,#2379);
#2378 = CARTESIAN_POINT('',(18.8,-14.75740356247,184.92433426141));
#2379 = VECTOR('',#2380,1.);
#2380 = DIRECTION('',(-1.098474956566E-16,1.052631578947E-02,
    0.999944596803));
#2381 = PCURVE('',#297,#2382);
#2382 = DEFINITIONAL_REPRESENTATION('',(#2383),#2387);
#2383 = LINE('',#2384,#2385);
#2384 = CARTESIAN_POINT('',(14.757403562477,5.686365132587));
#2385 = VECTOR('',#2386,1.);
#2386 = DIRECTION('',(-1.052631578947E-02,0.999944596803));
#2387 = ( GEOMETRIC_REPRESENTATION_CONTEXT(2) 
PARAMETRIC_REPRESENTATION_CONTEXT() REPRESENTATION_CONTEXT('2D SPACE',''
  ) );
#2388 = PCURVE('',#702,#2389);
#2389 = DEFINITIONAL_REPRESENTATION('',(#2390),#2394);
#2390 = LINE('',#2391,#2392);
#2391 = CARTESIAN_POINT('',(-5.530708999649,-0.141421356237));
#2392 = VECTOR('',#2393,1.);
#2393 = DIRECTION('',(1.,-2.949029909161E-17));
#2394 = ( GEOMETRIC_REPRESENTATION_CONTEXT(2) 
PARAMETRIC_REPRESENTATION_CONTEXT() REPRESENTATION_CONTEXT('2D SPACE',''
  ) );
#2395 = ORIENTED_EDGE('',*,*,#2396,.T.);
#2396 = EDGE_CURVE('',#2374,#2397,#2399,.T.);
#2397 = VERTEX_POINT('',#2398);
#2398 = CARTESIAN_POINT('',(18.8,-14.76931111745,187.73728141622));
#2399 = SURFACE_CURVE('',#2400,(#2404,#2411),.PCURVE_S1.);
#2400 = LINE('',#2401,#2402);
#2401 = CARTESIAN_POINT('',(18.8,-14.70197061467,187.37559621988));
#2402 = VECTOR('',#2403,1.);
#2403 = DIRECTION('',(-1.294681445814E-16,-0.183039887955,0.983105487431
    ));
#2404 = PCURVE('',#297,#2405);
#2405 = DEFINITIONAL_REPRESENTATION('',(#2406),#2410);
#2406 = LINE('',#2407,#2408);
#2407 = CARTESIAN_POINT('',(14.701970614676,8.137627091061));
#2408 = VECTOR('',#2409,1.);
#2409 = DIRECTION('',(0.183039887955,0.983105487431));
#2410 = ( GEOMETRIC_REPRESENTATION_CONTEXT(2) 
PARAMETRIC_REPRESENTATION_CONTEXT() REPRESENTATION_CONTEXT('2D SPACE',''
  ) );
#2411 = PCURVE('',#2412,#2417);
#2412 = PLANE('',#2413);
#2413 = AXIS2_PLACEMENT_3D('',#2414,#2415,#2416);
#2414 = CARTESIAN_POINT('',(-19.5,-14.70197061467,187.37559621988));
#2415 = DIRECTION('',(-8.882512497489E-17,-0.983105487431,
    -0.183039887955));
#2416 = DIRECTION('',(-1.294681445814E-16,-0.183039887955,0.983105487431
    ));
#2417 = DEFINITIONAL_REPRESENTATION('',(#2418),#2422);
#2418 = LINE('',#2419,#2420);
#2419 = CARTESIAN_POINT('',(-4.308341623764E-15,-38.3));
#2420 = VECTOR('',#2421,1.);
#2421 = DIRECTION('',(1.,0.));
#2422 = ( GEOMETRIC_REPRESENTATION_CONTEXT(2) 
PARAMETRIC_REPRESENTATION_CONTEXT() REPRESENTATION_CONTEXT('2D SPACE',''
  ) );
#2423 = ORIENTED_EDGE('',*,*,#2424,.T.);
#2424 = EDGE_CURVE('',#2397,#2425,#2427,.T.);
#2425 = VERTEX_POINT('',#2426);
#2426 = CARTESIAN_POINT('',(18.8,-14.82775513948,188.1005102984));
#2427 = SURFACE_CURVE('',#2428,(#2432,#2439),.PCURVE_S1.);
#2428 = LINE('',#2429,#2430);
#2429 = CARTESIAN_POINT('',(18.8,-14.76931111745,187.73728141622));
#2430 = VECTOR('',#2431,1.);
#2431 = DIRECTION('',(-1.272492735062E-16,-0.158858143334,0.987301418158
    ));
#2432 = PCURVE('',#297,#2433);
#2433 = DEFINITIONAL_REPRESENTATION('',(#2434),#2438);
#2434 = LINE('',#2435,#2436);
#2435 = CARTESIAN_POINT('',(14.769311117458,8.499312287396));
#2436 = VECTOR('',#2437,1.);
#2437 = DIRECTION('',(0.158858143334,0.987301418158));
#2438 = ( GEOMETRIC_REPRESENTATION_CONTEXT(2) 
PARAMETRIC_REPRESENTATION_CONTEXT() REPRESENTATION_CONTEXT('2D SPACE',''
  ) );
#2439 = PCURVE('',#2440,#2445);
#2440 = PLANE('',#2441);
#2441 = AXIS2_PLACEMENT_3D('',#2442,#2443,#2444);
#2442 = CARTESIAN_POINT('',(-19.5,-14.76931111745,187.73728141622));
#2443 = DIRECTION('',(-9.197567983055E-17,-0.987301418158,
    -0.158858143334));
#2444 = DIRECTION('',(-1.272492735062E-16,-0.158858143334,0.987301418158
    ));
#2445 = DEFINITIONAL_REPRESENTATION('',(#2446),#2450);
#2446 = LINE('',#2447,#2448);
#2447 = CARTESIAN_POINT('',(-4.309269676478E-15,-38.3));
#2448 = VECTOR('',#2449,1.);
#2449 = DIRECTION('',(1.,-1.232595164408E-32));
#2450 = ( GEOMETRIC_REPRESENTATION_CONTEXT(2) 
PARAMETRIC_REPRESENTATION_CONTEXT() REPRESENTATION_CONTEXT('2D SPACE',''
  ) );
#2451 = ORIENTED_EDGE('',*,*,#2452,.T.);
#2452 = EDGE_CURVE('',#2425,#2453,#2455,.T.);
#2453 = VERTEX_POINT('',#2454);
#2454 = CARTESIAN_POINT('',(18.8,-14.87726747626,188.46506407094));
#2455 = SURFACE_CURVE('',#2456,(#2460,#2467),.PCURVE_S1.);
#2456 = LINE('',#2457,#2458);
#2457 = CARTESIAN_POINT('',(18.8,-14.82775513948,188.1005102984));
#2458 = VECTOR('',#2459,1.);
#2459 = DIRECTION('',(-1.249537522269E-16,-0.134580708507,0.990902635428
    ));
#2460 = PCURVE('',#297,#2461);
#2461 = DEFINITIONAL_REPRESENTATION('',(#2462),#2466);
#2462 = LINE('',#2463,#2464);
#2463 = CARTESIAN_POINT('',(14.827755139484,8.86254116958));
#2464 = VECTOR('',#2465,1.);
#2465 = DIRECTION('',(0.134580708507,0.990902635428));
#2466 = ( GEOMETRIC_REPRESENTATION_CONTEXT(2) 
PARAMETRIC_REPRESENTATION_CONTEXT() REPRESENTATION_CONTEXT('2D SPACE',''
  ) );
#2467 = PCURVE('',#2468,#2473);
#2468 = PLANE('',#2469);
#2469 = AXIS2_PLACEMENT_3D('',#2470,#2471,#2472);
#2470 = CARTESIAN_POINT('',(-19.5,-14.82775513948,188.1005102984));
#2471 = DIRECTION('',(-9.507083197587E-17,-0.990902635428,
    -0.134580708507));
#2472 = DIRECTION('',(-1.249537522269E-16,-0.134580708507,0.990902635428
    ));
#2473 = DEFINITIONAL_REPRESENTATION('',(#2474),#2478);
#2474 = LINE('',#2475,#2476);
#2475 = CARTESIAN_POINT('',(-4.307601986273E-15,-38.3));
#2476 = VECTOR('',#2477,1.);
#2477 = DIRECTION('',(1.,-1.232595164408E-32));
#2478 = ( GEOMETRIC_REPRESENTATION_CONTEXT(2) 
PARAMETRIC_REPRESENTATION_CONTEXT() REPRESENTATION_CONTEXT('2D SPACE',''
  ) );
#2479 = ORIENTED_EDGE('',*,*,#2480,.T.);
#2480 = EDGE_CURVE('',#2453,#2481,#2483,.T.);
#2481 = VERTEX_POINT('',#2482);
#2482 = CARTESIAN_POINT('',(18.8,-14.9178183034,188.83072314027));
#2483 = SURFACE_CURVE('',#2484,(#2488,#2495),.PCURVE_S1.);
#2484 = LINE('',#2485,#2486);
#2485 = CARTESIAN_POINT('',(18.8,-14.87726747626,188.46506407094));
#2486 = VECTOR('',#2487,1.);
#2487 = DIRECTION('',(-1.225829634795E-16,-0.110222207294,0.993906970002
    ));
#2488 = PCURVE('',#297,#2489);
#2489 = DEFINITIONAL_REPRESENTATION('',(#2490),#2494);
#2490 = LINE('',#2491,#2492);
#2491 = CARTESIAN_POINT('',(14.87726747626,9.227094942116));
#2492 = VECTOR('',#2493,1.);
#2493 = DIRECTION('',(0.110222207294,0.993906970002));
#2494 = ( GEOMETRIC_REPRESENTATION_CONTEXT(2) 
PARAMETRIC_REPRESENTATION_CONTEXT() REPRESENTATION_CONTEXT('2D SPACE',''
  ) );
#2495 = PCURVE('',#2496,#2501);
#2496 = PLANE('',#2497);
#2497 = AXIS2_PLACEMENT_3D('',#2498,#2499,#2500);
#2498 = CARTESIAN_POINT('',(-19.5,-14.87726747626,188.46506407094));
#2499 = DIRECTION('',(-9.810871700694E-17,-0.993906970002,
    -0.110222207294));
#2500 = DIRECTION('',(-1.225829634795E-16,-0.110222207294,0.993906970002
    ));
#2501 = DEFINITIONAL_REPRESENTATION('',(#2502),#2506);
#2502 = LINE('',#2503,#2504);
#2503 = CARTESIAN_POINT('',(-4.303339557703E-15,-38.3));
#2504 = VECTOR('',#2505,1.);
#2505 = DIRECTION('',(1.,-1.232595164408E-32));
#2506 = ( GEOMETRIC_REPRESENTATION_CONTEXT(2) 
PARAMETRIC_REPRESENTATION_CONTEXT() REPRESENTATION_CONTEXT('2D SPACE',''
  ) );
#2507 = ORIENTED_EDGE('',*,*,#2508,.T.);
#2508 = EDGE_CURVE('',#2481,#2509,#2511,.T.);
#2509 = VERTEX_POINT('',#2510);
#2510 = CARTESIAN_POINT('',(18.8,-14.94938319461,189.19726724703));
#2511 = SURFACE_CURVE('',#2512,(#2516,#2523),.PCURVE_S1.);
#2512 = LINE('',#2513,#2514);
#2513 = CARTESIAN_POINT('',(18.8,-14.9178183034,188.83072314027));
#2514 = VECTOR('',#2515,1.);
#2515 = DIRECTION('',(-1.201383353386E-16,-8.579731234444E-02,
    0.996312612183));
#2516 = PCURVE('',#297,#2517);
#2517 = DEFINITIONAL_REPRESENTATION('',(#2518),#2522);
#2518 = LINE('',#2519,#2520);
#2519 = CARTESIAN_POINT('',(14.917818303404,9.592754011443));
#2520 = VECTOR('',#2521,1.);
#2521 = DIRECTION('',(8.579731234444E-02,0.996312612183));
#2522 = ( GEOMETRIC_REPRESENTATION_CONTEXT(2) 
PARAMETRIC_REPRESENTATION_CONTEXT() REPRESENTATION_CONTEXT('2D SPACE',''
  ) );
#2523 = PCURVE('',#2524,#2529);
#2524 = PLANE('',#2525);
#2525 = AXIS2_PLACEMENT_3D('',#2526,#2527,#2528);
#2526 = CARTESIAN_POINT('',(-19.5,-14.9178183034,188.83072314027));
#2527 = DIRECTION('',(-1.010875050154E-16,-0.996312612183,
    -8.579731234444E-02));
#2528 = DIRECTION('',(-1.201383353386E-16,-8.579731234444E-02,
    0.996312612183));
#2529 = DEFINITIONAL_REPRESENTATION('',(#2530),#2534);
#2530 = LINE('',#2531,#2532);
#2531 = CARTESIAN_POINT('',(-4.296484958296E-15,-38.3));
#2532 = VECTOR('',#2533,1.);
#2533 = DIRECTION('',(1.,0.));
#2534 = ( GEOMETRIC_REPRESENTATION_CONTEXT(2) 
PARAMETRIC_REPRESENTATION_CONTEXT() REPRESENTATION_CONTEXT('2D SPACE',''
  ) );
#2535 = ORIENTED_EDGE('',*,*,#2536,.T.);
#2536 = EDGE_CURVE('',#2509,#2537,#2539,.T.);
#2537 = VERTEX_POINT('',#2538);
#2538 = CARTESIAN_POINT('',(18.8,-14.97194313638,189.56447559878));
#2539 = SURFACE_CURVE('',#2540,(#2544,#2551),.PCURVE_S1.);
#2540 = LINE('',#2541,#2542);
#2541 = CARTESIAN_POINT('',(18.8,-14.94938319461,189.19726724703));
#2542 = VECTOR('',#2543,1.);
#2543 = DIRECTION('',(-1.176213403567E-16,-6.132073630221E-02,
    0.9981181129));
#2544 = PCURVE('',#297,#2545);
#2545 = DEFINITIONAL_REPRESENTATION('',(#2546),#2550);
#2546 = LINE('',#2547,#2548);
#2547 = CARTESIAN_POINT('',(14.949383194616,9.95929811821));
#2548 = VECTOR('',#2549,1.);
#2549 = DIRECTION('',(6.132073630221E-02,0.9981181129));
#2550 = ( GEOMETRIC_REPRESENTATION_CONTEXT(2) 
PARAMETRIC_REPRESENTATION_CONTEXT() REPRESENTATION_CONTEXT('2D SPACE',''
  ) );
#2551 = PCURVE('',#2552,#2557);
#2552 = PLANE('',#2553);
#2553 = AXIS2_PLACEMENT_3D('',#2554,#2555,#2556);
#2554 = CARTESIAN_POINT('',(-19.5,-14.94938319461,189.19726724703));
#2555 = DIRECTION('',(-1.040054016907E-16,-0.9981181129,
    -6.132073630221E-02));
#2556 = DIRECTION('',(-1.176213403567E-16,-6.132073630221E-02,
    0.9981181129));
#2557 = DEFINITIONAL_REPRESENTATION('',(#2558),#2562);
#2558 = LINE('',#2559,#2560);
#2559 = CARTESIAN_POINT('',(-4.287042317006E-15,-38.3));
#2560 = VECTOR('',#2561,1.);
#2561 = DIRECTION('',(1.,0.));
#2562 = ( GEOMETRIC_REPRESENTATION_CONTEXT(2) 
PARAMETRIC_REPRESENTATION_CONTEXT() REPRESENTATION_CONTEXT('2D SPACE',''
  ) );
#2563 = ORIENTED_EDGE('',*,*,#2564,.T.);
#2564 = EDGE_CURVE('',#2537,#2565,#2567,.T.);
#2565 = VERTEX_POINT('',#2566);
#2566 = CARTESIAN_POINT('',(18.8,-14.98548453944,189.93212700292));
#2567 = SURFACE_CURVE('',#2568,(#2572,#2579),.PCURVE_S1.);
#2568 = LINE('',#2569,#2570);
#2569 = CARTESIAN_POINT('',(18.8,-14.97194313638,189.56447559878));
#2570 = VECTOR('',#2571,1.);
#2571 = DIRECTION('',(-1.150334946775E-16,-3.680722294136E-02,
    0.999322384588));
#2572 = PCURVE('',#297,#2573);
#2573 = DEFINITIONAL_REPRESENTATION('',(#2574),#2578);
#2574 = LINE('',#2575,#2576);
#2575 = CARTESIAN_POINT('',(14.971943136384,10.326506469954));
#2576 = VECTOR('',#2577,1.);
#2577 = DIRECTION('',(3.680722294136E-02,0.999322384588));
#2578 = ( GEOMETRIC_REPRESENTATION_CONTEXT(2) 
PARAMETRIC_REPRESENTATION_CONTEXT() REPRESENTATION_CONTEXT('2D SPACE',''
  ) );
#2579 = PCURVE('',#2580,#2585);
#2580 = PLANE('',#2581);
#2581 = AXIS2_PLACEMENT_3D('',#2582,#2583,#2584);
#2582 = CARTESIAN_POINT('',(-19.5,-14.97194313638,189.56447559878));
#2583 = DIRECTION('',(-1.068606494011E-16,-0.999322384588,
    -3.680722294136E-02));
#2584 = DIRECTION('',(-1.150334946775E-16,-3.680722294136E-02,
    0.999322384588));
#2585 = DEFINITIONAL_REPRESENTATION('',(#2586),#2590);
#2586 = LINE('',#2587,#2588);
#2587 = CARTESIAN_POINT('',(-4.275017321727E-15,-38.3));
#2588 = VECTOR('',#2589,1.);
#2589 = DIRECTION('',(1.,-1.232595164408E-32));
#2590 = ( GEOMETRIC_REPRESENTATION_CONTEXT(2) 
PARAMETRIC_REPRESENTATION_CONTEXT() REPRESENTATION_CONTEXT('2D SPACE',''
  ) );
#2591 = ORIENTED_EDGE('',*,*,#2592,.T.);
#2592 = EDGE_CURVE('',#2565,#2593,#2595,.T.);
#2593 = VERTEX_POINT('',#2594);
#2594 = CARTESIAN_POINT('',(18.8,-14.98999924696,190.3));
#2595 = SURFACE_CURVE('',#2596,(#2600,#2607),.PCURVE_S1.);
#2596 = LINE('',#2597,#2598);
#2597 = CARTESIAN_POINT('',(18.8,-14.98548453944,189.93212700292));
#2598 = VECTOR('',#2599,1.);
#2599 = DIRECTION('',(-1.123763571226E-16,-1.227153828572E-02,
    0.999924701839));
#2600 = PCURVE('',#297,#2601);
#2601 = DEFINITIONAL_REPRESENTATION('',(#2602),#2606);
#2602 = LINE('',#2603,#2604);
#2603 = CARTESIAN_POINT('',(14.985484539445,10.694157874094));
#2604 = VECTOR('',#2605,1.);
#2605 = DIRECTION('',(1.227153828572E-02,0.999924701839));
#2606 = ( GEOMETRIC_REPRESENTATION_CONTEXT(2) 
PARAMETRIC_REPRESENTATION_CONTEXT() REPRESENTATION_CONTEXT('2D SPACE',''
  ) );
#2607 = PCURVE('',#2608,#2613);
#2608 = PLANE('',#2609);
#2609 = AXIS2_PLACEMENT_3D('',#2610,#2611,#2612);
#2610 = CARTESIAN_POINT('',(-19.5,-14.98548453944,189.93212700292));
#2611 = DIRECTION('',(-1.096515282521E-16,-0.999924701839,
    -1.227153828572E-02));
#2612 = DIRECTION('',(-1.123763571226E-16,-1.227153828572E-02,
    0.999924701839));
#2613 = DEFINITIONAL_REPRESENTATION('',(#2614),#2618);
#2614 = LINE('',#2615,#2616);
#2615 = CARTESIAN_POINT('',(-4.260417215867E-15,-38.3));
#2616 = VECTOR('',#2617,1.);
#2617 = DIRECTION('',(1.,1.232595164408E-32));
#2618 = ( GEOMETRIC_REPRESENTATION_CONTEXT(2) 
PARAMETRIC_REPRESENTATION_CONTEXT() REPRESENTATION_CONTEXT('2D SPACE',''
  ) );
#2619 = ORIENTED_EDGE('',*,*,#2620,.T.);
#2620 = EDGE_CURVE('',#2593,#2621,#2623,.T.);
#2621 = VERTEX_POINT('',#2622);
#2622 = CARTESIAN_POINT('',(18.8,-14.98548453944,190.66787299707));
#2623 = SURFACE_CURVE('',#2624,(#2628,#2635),.PCURVE_S1.);
#2624 = LINE('',#2625,#2626);
#2625 = CARTESIAN_POINT('',(18.8,-14.98999924696,190.3));
#2626 = VECTOR('',#2627,1.);
#2627 = DIRECTION('',(-1.096515282521E-16,1.227153828572E-02,
    0.999924701839));
#2628 = PCURVE('',#297,#2629);
#2629 = DEFINITIONAL_REPRESENTATION('',(#2630),#2634);
#2630 = LINE('',#2631,#2632);
#2631 = CARTESIAN_POINT('',(14.989999246962,11.062030871172));
#2632 = VECTOR('',#2633,1.);
#2633 = DIRECTION('',(-1.227153828572E-02,0.999924701839));
#2634 = ( GEOMETRIC_REPRESENTATION_CONTEXT(2) 
PARAMETRIC_REPRESENTATION_CONTEXT() REPRESENTATION_CONTEXT('2D SPACE',''
  ) );
#2635 = PCURVE('',#2636,#2641);
#2636 = PLANE('',#2637);
#2637 = AXIS2_PLACEMENT_3D('',#2638,#2639,#2640);
#2638 = CARTESIAN_POINT('',(-19.5,-14.98999924696,190.3));
#2639 = DIRECTION('',(-1.123763571226E-16,-0.999924701839,
    1.227153828572E-02));
#2640 = DIRECTION('',(-1.096515282521E-16,1.227153828572E-02,
    0.999924701839));
#2641 = DEFINITIONAL_REPRESENTATION('',(#2642),#2646);
#2642 = LINE('',#2643,#2644);
#2643 = CARTESIAN_POINT('',(-4.243250793983E-15,-38.3));
#2644 = VECTOR('',#2645,1.);
#2645 = DIRECTION('',(1.,0.));
#2646 = ( GEOMETRIC_REPRESENTATION_CONTEXT(2) 
PARAMETRIC_REPRESENTATION_CONTEXT() REPRESENTATION_CONTEXT('2D SPACE',''
  ) );
#2647 = ORIENTED_EDGE('',*,*,#2648,.T.);
#2648 = EDGE_CURVE('',#2621,#2649,#2651,.T.);
#2649 = VERTEX_POINT('',#2650);
#2650 = CARTESIAN_POINT('',(18.8,-14.97194313638,191.03552440121));
#2651 = SURFACE_CURVE('',#2652,(#2656,#2663),.PCURVE_S1.);
#2652 = LINE('',#2653,#2654);
#2653 = CARTESIAN_POINT('',(18.8,-14.98548453944,190.66787299707));
#2654 = VECTOR('',#2655,1.);
#2655 = DIRECTION('',(-1.068606494011E-16,3.680722294136E-02,
    0.999322384588));
#2656 = PCURVE('',#297,#2657);
#2657 = DEFINITIONAL_REPRESENTATION('',(#2658),#2662);
#2658 = LINE('',#2659,#2660);
#2659 = CARTESIAN_POINT('',(14.985484539445,11.42990386825));
#2660 = VECTOR('',#2661,1.);
#2661 = DIRECTION('',(-3.680722294136E-02,0.999322384588));
#2662 = ( GEOMETRIC_REPRESENTATION_CONTEXT(2) 
PARAMETRIC_REPRESENTATION_CONTEXT() REPRESENTATION_CONTEXT('2D SPACE',''
  ) );
#2663 = PCURVE('',#2664,#2669);
#2664 = PLANE('',#2665);
#2665 = AXIS2_PLACEMENT_3D('',#2666,#2667,#2668);
#2666 = CARTESIAN_POINT('',(-19.5,-14.98548453944,190.66787299707));
#2667 = DIRECTION('',(-1.150334946775E-16,-0.999322384588,
    3.680722294136E-02));
#2668 = DIRECTION('',(-1.068606494011E-16,3.680722294136E-02,
    0.999322384588));
#2669 = DEFINITIONAL_REPRESENTATION('',(#2670),#2674);
#2670 = LINE('',#2671,#2672);
#2671 = CARTESIAN_POINT('',(-4.223528396486E-15,-38.3));
#2672 = VECTOR('',#2673,1.);
#2673 = DIRECTION('',(1.,0.));
#2674 = ( GEOMETRIC_REPRESENTATION_CONTEXT(2) 
PARAMETRIC_REPRESENTATION_CONTEXT() REPRESENTATION_CONTEXT('2D SPACE',''
  ) );
#2675 = ORIENTED_EDGE('',*,*,#2676,.T.);
#2676 = EDGE_CURVE('',#2649,#2677,#2679,.T.);
#2677 = VERTEX_POINT('',#2678);
#2678 = CARTESIAN_POINT('',(18.8,-14.94938319461,191.40273275296));
#2679 = SURFACE_CURVE('',#2680,(#2684,#2691),.PCURVE_S1.);
#2680 = LINE('',#2681,#2682);
#2681 = CARTESIAN_POINT('',(18.8,-14.97194313638,191.03552440121));
#2682 = VECTOR('',#2683,1.);
#2683 = DIRECTION('',(-1.040054016907E-16,6.132073630221E-02,
    0.9981181129));
#2684 = PCURVE('',#297,#2685);
#2685 = DEFINITIONAL_REPRESENTATION('',(#2686),#2690);
#2686 = LINE('',#2687,#2688);
#2687 = CARTESIAN_POINT('',(14.971943136384,11.79755527239));
#2688 = VECTOR('',#2689,1.);
#2689 = DIRECTION('',(-6.132073630221E-02,0.9981181129));
#2690 = ( GEOMETRIC_REPRESENTATION_CONTEXT(2) 
PARAMETRIC_REPRESENTATION_CONTEXT() REPRESENTATION_CONTEXT('2D SPACE',''
  ) );
#2691 = PCURVE('',#2692,#2697);
#2692 = PLANE('',#2693);
#2693 = AXIS2_PLACEMENT_3D('',#2694,#2695,#2696);
#2694 = CARTESIAN_POINT('',(-19.5,-14.97194313638,191.03552440121));
#2695 = DIRECTION('',(-1.176213403567E-16,-0.9981181129,
    6.132073630221E-02));
#2696 = DIRECTION('',(-1.040054016907E-16,6.132073630221E-02,
    0.9981181129));
#2697 = DEFINITIONAL_REPRESENTATION('',(#2698),#2702);
#2698 = LINE('',#2699,#2700);
#2699 = CARTESIAN_POINT('',(-4.310189412738E-15,-38.3));
#2700 = VECTOR('',#2701,1.);
#2701 = DIRECTION('',(1.,0.));
#2702 = ( GEOMETRIC_REPRESENTATION_CONTEXT(2) 
PARAMETRIC_REPRESENTATION_CONTEXT() REPRESENTATION_CONTEXT('2D SPACE',''
  ) );
#2703 = ORIENTED_EDGE('',*,*,#2704,.T.);
#2704 = EDGE_CURVE('',#2677,#2705,#2707,.T.);
#2705 = VERTEX_POINT('',#2706);
#2706 = CARTESIAN_POINT('',(18.8,-14.9178183034,191.76927685972));
#2707 = SURFACE_CURVE('',#2708,(#2712,#2719),.PCURVE_S1.);
#2708 = LINE('',#2709,#2710);
#2709 = CARTESIAN_POINT('',(18.8,-14.94938319461,191.40273275296));
#2710 = VECTOR('',#2711,1.);
#2711 = DIRECTION('',(-1.010875050154E-16,8.579731234444E-02,
    0.996312612183));
#2712 = PCURVE('',#297,#2713);
#2713 = DEFINITIONAL_REPRESENTATION('',(#2714),#2718);
#2714 = LINE('',#2715,#2716);
#2715 = CARTESIAN_POINT('',(14.949383194616,12.164763624134));
#2716 = VECTOR('',#2717,1.);
#2717 = DIRECTION('',(-8.579731234444E-02,0.996312612183));
#2718 = ( GEOMETRIC_REPRESENTATION_CONTEXT(2) 
PARAMETRIC_REPRESENTATION_CONTEXT() REPRESENTATION_CONTEXT('2D SPACE',''
  ) );
#2719 = PCURVE('',#2720,#2725);
#2720 = PLANE('',#2721);
#2721 = AXIS2_PLACEMENT_3D('',#2722,#2723,#2724);
#2722 = CARTESIAN_POINT('',(-19.5,-14.94938319461,191.40273275296));
#2723 = DIRECTION('',(-1.201383353386E-16,-0.996312612183,
    8.579731234444E-02));
#2724 = DIRECTION('',(-1.010875050154E-16,8.579731234444E-02,
    0.996312612183));
#2725 = DEFINITIONAL_REPRESENTATION('',(#2726),#2730);
#2726 = LINE('',#2727,#2728);
#2727 = CARTESIAN_POINT('',(-4.328871369845E-15,-38.3));
#2728 = VECTOR('',#2729,1.);
#2729 = DIRECTION('',(1.,0.));
#2730 = ( GEOMETRIC_REPRESENTATION_CONTEXT(2) 
PARAMETRIC_REPRESENTATION_CONTEXT() REPRESENTATION_CONTEXT('2D SPACE',''
  ) );
#2731 = ORIENTED_EDGE('',*,*,#2732,.T.);
#2732 = EDGE_CURVE('',#2705,#2733,#2735,.T.);
#2733 = VERTEX_POINT('',#2734);
#2734 = CARTESIAN_POINT('',(18.8,-14.87726747626,192.13493592905));
#2735 = SURFACE_CURVE('',#2736,(#2740,#2747),.PCURVE_S1.);
#2736 = LINE('',#2737,#2738);
#2737 = CARTESIAN_POINT('',(18.8,-14.9178183034,191.76927685972));
#2738 = VECTOR('',#2739,1.);
#2739 = DIRECTION('',(-9.810871700694E-17,0.110222207294,0.993906970002)
  );
#2740 = PCURVE('',#297,#2741);
#2741 = DEFINITIONAL_REPRESENTATION('',(#2742),#2746);
#2742 = LINE('',#2743,#2744);
#2743 = CARTESIAN_POINT('',(14.917818303404,12.531307730902));
#2744 = VECTOR('',#2745,1.);
#2745 = DIRECTION('',(-0.110222207294,0.993906970002));
#2746 = ( GEOMETRIC_REPRESENTATION_CONTEXT(2) 
PARAMETRIC_REPRESENTATION_CONTEXT() REPRESENTATION_CONTEXT('2D SPACE',''
  ) );
#2747 = PCURVE('',#2748,#2753);
#2748 = PLANE('',#2749);
#2749 = AXIS2_PLACEMENT_3D('',#2750,#2751,#2752);
#2750 = CARTESIAN_POINT('',(-19.5,-14.9178183034,191.76927685972));
#2751 = DIRECTION('',(-1.225829634795E-16,-0.993906970002,0.110222207294
    ));
#2752 = DIRECTION('',(-9.810871700694E-17,0.110222207294,0.993906970002)
  );
#2753 = DEFINITIONAL_REPRESENTATION('',(#2754),#2758);
#2754 = LINE('',#2755,#2756);
#2755 = CARTESIAN_POINT('',(-4.344945776707E-15,-38.3));
#2756 = VECTOR('',#2757,1.);
#2757 = DIRECTION('',(1.,0.));
#2758 = ( GEOMETRIC_REPRESENTATION_CONTEXT(2) 
PARAMETRIC_REPRESENTATION_CONTEXT() REPRESENTATION_CONTEXT('2D SPACE',''
  ) );
#2759 = ORIENTED_EDGE('',*,*,#2760,.T.);
#2760 = EDGE_CURVE('',#2733,#2761,#2763,.T.);
#2761 = VERTEX_POINT('',#2762);
#2762 = CARTESIAN_POINT('',(18.8,-14.82775513948,192.49948970159));
#2763 = SURFACE_CURVE('',#2764,(#2768,#2775),.PCURVE_S1.);
#2764 = LINE('',#2765,#2766);
#2765 = CARTESIAN_POINT('',(18.8,-14.87726747626,192.13493592905));
#2766 = VECTOR('',#2767,1.);
#2767 = DIRECTION('',(-9.507083197587E-17,0.134580708507,0.990902635428)
  );
#2768 = PCURVE('',#297,#2769);
#2769 = DEFINITIONAL_REPRESENTATION('',(#2770),#2774);
#2770 = LINE('',#2771,#2772);
#2771 = CARTESIAN_POINT('',(14.87726747626,12.896966800228));
#2772 = VECTOR('',#2773,1.);
#2773 = DIRECTION('',(-0.134580708507,0.990902635428));
#2774 = ( GEOMETRIC_REPRESENTATION_CONTEXT(2) 
PARAMETRIC_REPRESENTATION_CONTEXT() REPRESENTATION_CONTEXT('2D SPACE',''
  ) );
#2775 = PCURVE('',#2776,#2781);
#2776 = PLANE('',#2777);
#2777 = AXIS2_PLACEMENT_3D('',#2778,#2779,#2780);
#2778 = CARTESIAN_POINT('',(-19.5,-14.87726747626,192.13493592905));
#2779 = DIRECTION('',(-1.249537522269E-16,-0.990902635428,0.134580708507
    ));
#2780 = DIRECTION('',(-9.507083197587E-17,0.134580708507,0.990902635428)
  );
#2781 = DEFINITIONAL_REPRESENTATION('',(#2782),#2786);
#2782 = LINE('',#2783,#2784);
#2783 = CARTESIAN_POINT('',(-4.3584029507E-15,-38.3));
#2784 = VECTOR('',#2785,1.);
#2785 = DIRECTION('',(1.,0.));
#2786 = ( GEOMETRIC_REPRESENTATION_CONTEXT(2) 
PARAMETRIC_REPRESENTATION_CONTEXT() REPRESENTATION_CONTEXT('2D SPACE',''
  ) );
#2787 = ORIENTED_EDGE('',*,*,#2788,.T.);
#2788 = EDGE_CURVE('',#2761,#2789,#2791,.T.);
#2789 = VERTEX_POINT('',#2790);
#2790 = CARTESIAN_POINT('',(18.8,-14.76931111745,192.86271858377));
#2791 = SURFACE_CURVE('',#2792,(#2796,#2803),.PCURVE_S1.);
#2792 = LINE('',#2793,#2794);
#2793 = CARTESIAN_POINT('',(18.8,-14.82775513948,192.49948970159));
#2794 = VECTOR('',#2795,1.);
#2795 = DIRECTION('',(-9.197567983055E-17,0.158858143334,0.987301418158)
  );
#2796 = PCURVE('',#297,#2797);
#2797 = DEFINITIONAL_REPRESENTATION('',(#2798),#2802);
#2798 = LINE('',#2799,#2800);
#2799 = CARTESIAN_POINT('',(14.827755139484,13.261520572764));
#2800 = VECTOR('',#2801,1.);
#2801 = DIRECTION('',(-0.158858143334,0.987301418158));
#2802 = ( GEOMETRIC_REPRESENTATION_CONTEXT(2) 
PARAMETRIC_REPRESENTATION_CONTEXT() REPRESENTATION_CONTEXT('2D SPACE',''
  ) );
#2803 = PCURVE('',#2804,#2809);
#2804 = PLANE('',#2805);
#2805 = AXIS2_PLACEMENT_3D('',#2806,#2807,#2808);
#2806 = CARTESIAN_POINT('',(-19.5,-14.82775513948,192.49948970159));
#2807 = DIRECTION('',(-1.272492735062E-16,-0.987301418158,0.158858143334
    ));
#2808 = DIRECTION('',(-9.197567983055E-17,0.158858143334,0.987301418158)
  );
#2809 = DEFINITIONAL_REPRESENTATION('',(#2810),#2814);
#2810 = LINE('',#2811,#2812);
#2811 = CARTESIAN_POINT('',(-4.369234785727E-15,-38.3));
#2812 = VECTOR('',#2813,1.);
#2813 = DIRECTION('',(1.,0.));
#2814 = ( GEOMETRIC_REPRESENTATION_CONTEXT(2) 
PARAMETRIC_REPRESENTATION_CONTEXT() REPRESENTATION_CONTEXT('2D SPACE',''
  ) );
#2815 = ORIENTED_EDGE('',*,*,#2816,.T.);
#2816 = EDGE_CURVE('',#2789,#2817,#2819,.T.);
#2817 = VERTEX_POINT('',#2818);
#2818 = CARTESIAN_POINT('',(18.8,-14.70197061467,193.22440378011));
#2819 = SURFACE_CURVE('',#2820,(#2824,#2831),.PCURVE_S1.);
#2820 = LINE('',#2821,#2822);
#2821 = CARTESIAN_POINT('',(18.8,-14.76931111745,192.86271858377));
#2822 = VECTOR('',#2823,1.);
#2823 = DIRECTION('',(-8.882512497489E-17,0.183039887955,0.983105487431)
  );
#2824 = PCURVE('',#297,#2825);
#2825 = DEFINITIONAL_REPRESENTATION('',(#2826),#2830);
#2826 = LINE('',#2827,#2828);
#2827 = CARTESIAN_POINT('',(14.769311117458,13.624749454948));
#2828 = VECTOR('',#2829,1.);
#2829 = DIRECTION('',(-0.183039887955,0.983105487431));
#2830 = ( GEOMETRIC_REPRESENTATION_CONTEXT(2) 
PARAMETRIC_REPRESENTATION_CONTEXT() REPRESENTATION_CONTEXT('2D SPACE',''
  ) );
#2831 = PCURVE('',#2832,#2837);
#2832 = PLANE('',#2833);
#2833 = AXIS2_PLACEMENT_3D('',#2834,#2835,#2836);
#2834 = CARTESIAN_POINT('',(-19.5,-14.76931111745,192.86271858377));
#2835 = DIRECTION('',(-1.294681445814E-16,-0.983105487431,0.183039887955
    ));
#2836 = DIRECTION('',(-8.882512497489E-17,0.183039887955,0.983105487431)
  );
#2837 = DEFINITIONAL_REPRESENTATION('',(#2838),#2842);
#2838 = LINE('',#2839,#2840);
#2839 = CARTESIAN_POINT('',(-4.377434757095E-15,-38.3));
#2840 = VECTOR('',#2841,1.);
#2841 = DIRECTION('',(1.,0.));
#2842 = ( GEOMETRIC_REPRESENTATION_CONTEXT(2) 
PARAMETRIC_REPRESENTATION_CONTEXT() REPRESENTATION_CONTEXT('2D SPACE',''
  ) );
#2843 = ORIENTED_EDGE('',*,*,#2844,.T.);
#2844 = EDGE_CURVE('',#2817,#2845,#2847,.T.);
#2845 = VERTEX_POINT('',#2846);
#2846 = CARTESIAN_POINT('',(18.8,-14.62577419453,193.58432742496));
#2847 = SURFACE_CURVE('',#2848,(#2852,#2859),.PCURVE_S1.);
#2848 = LINE('',#2849,#2850);
#2849 = CARTESIAN_POINT('',(18.8,-14.70197061467,193.22440378011));
#2850 = VECTOR('',#2851,1.);
#2851 = DIRECTION('',(-8.562106518533E-17,0.207111376192,0.97831737072)
  );
#2852 = PCURVE('',#297,#2853);
#2853 = DEFINITIONAL_REPRESENTATION('',(#2854),#2858);
#2854 = LINE('',#2855,#2856);
#2855 = CARTESIAN_POINT('',(14.701970614676,13.986434651283));
#2856 = VECTOR('',#2857,1.);
#2857 = DIRECTION('',(-0.207111376192,0.97831737072));
#2858 = ( GEOMETRIC_REPRESENTATION_CONTEXT(2) 
PARAMETRIC_REPRESENTATION_CONTEXT() REPRESENTATION_CONTEXT('2D SPACE',''
  ) );
#2859 = PCURVE('',#2860,#2865);
#2860 = PLANE('',#2861);
#2861 = AXIS2_PLACEMENT_3D('',#2862,#2863,#2864);
#2862 = CARTESIAN_POINT('',(-19.5,-14.70197061467,193.22440378011));
#2863 = DIRECTION('',(-1.316090288874E-16,-0.97831737072,0.207111376192)
  );
#2864 = DIRECTION('',(-8.562106518533E-17,0.207111376192,0.97831737072)
  );
#2865 = DEFINITIONAL_REPRESENTATION('',(#2866),#2870);
#2866 = LINE('',#2867,#2868);
#2867 = CARTESIAN_POINT('',(-4.382997925448E-15,-38.3));
#2868 = VECTOR('',#2869,1.);
#2869 = DIRECTION('',(1.,0.));
#2870 = ( GEOMETRIC_REPRESENTATION_CONTEXT(2) 
PARAMETRIC_REPRESENTATION_CONTEXT() REPRESENTATION_CONTEXT('2D SPACE',''
  ) );
#2871 = ORIENTED_EDGE('',*,*,#2872,.T.);
#2872 = EDGE_CURVE('',#2845,#2873,#2875,.T.);
#2873 = VERTEX_POINT('',#2874);
#2874 = CARTESIAN_POINT('',(18.8,-14.54076775491,193.94227271377));
#2875 = SURFACE_CURVE('',#2876,(#2880,#2887),.PCURVE_S1.);
#2876 = LINE('',#2877,#2878);
#2877 = CARTESIAN_POINT('',(18.8,-14.62577419453,193.58432742496));
#2878 = VECTOR('',#2879,1.);
#2879 = DIRECTION('',(-8.236543046768E-17,0.231058108281,0.972939952206)
  );
#2880 = PCURVE('',#297,#2881);
#2881 = DEFINITIONAL_REPRESENTATION('',(#2882),#2886);
#2882 = LINE('',#2883,#2884);
#2883 = CARTESIAN_POINT('',(14.625774194536,14.346358296132));
#2884 = VECTOR('',#2885,1.);
#2885 = DIRECTION('',(-0.231058108281,0.972939952206));
#2886 = ( GEOMETRIC_REPRESENTATION_CONTEXT(2) 
PARAMETRIC_REPRESENTATION_CONTEXT() REPRESENTATION_CONTEXT('2D SPACE',''
  ) );
#2887 = PCURVE('',#2888,#2893);
#2888 = PLANE('',#2889);
#2889 = AXIS2_PLACEMENT_3D('',#2890,#2891,#2892);
#2890 = CARTESIAN_POINT('',(-19.5,-14.62577419453,193.58432742496));
#2891 = DIRECTION('',(-1.336706368356E-16,-0.972939952206,0.231058108281
    ));
#2892 = DIRECTION('',(-8.236543046768E-17,0.231058108281,0.972939952206)
  );
#2893 = DEFINITIONAL_REPRESENTATION('',(#2894),#2898);
#2894 = LINE('',#2895,#2896);
#2895 = CARTESIAN_POINT('',(-4.385920939742E-15,-38.3));
#2896 = VECTOR('',#2897,1.);
#2897 = DIRECTION('',(1.,0.));
#2898 = ( GEOMETRIC_REPRESENTATION_CONTEXT(2) 
PARAMETRIC_REPRESENTATION_CONTEXT() REPRESENTATION_CONTEXT('2D SPACE',''
  ) );
#2899 = ORIENTED_EDGE('',*,*,#2900,.T.);
#2900 = EDGE_CURVE('',#2873,#2901,#2903,.T.);
#2901 = VERTEX_POINT('',#2902);
#2902 = CARTESIAN_POINT('',(18.8,-14.44700250051,194.2980240337));
#2903 = SURFACE_CURVE('',#2904,(#2908,#2915),.PCURVE_S1.);
#2904 = LINE('',#2905,#2906);
#2905 = CARTESIAN_POINT('',(18.8,-14.54076775491,193.94227271377));
#2906 = VECTOR('',#2907,1.);
#2907 = DIRECTION('',(-7.906018189456E-17,0.254865659605,0.966976471045)
  );
#2908 = PCURVE('',#297,#2909);
#2909 = DEFINITIONAL_REPRESENTATION('',(#2910),#2914);
#2910 = LINE('',#2911,#2912);
#2911 = CARTESIAN_POINT('',(14.540767754916,14.704303584949));
#2912 = VECTOR('',#2913,1.);
#2913 = DIRECTION('',(-0.254865659605,0.966976471045));
#2914 = ( GEOMETRIC_REPRESENTATION_CONTEXT(2) 
PARAMETRIC_REPRESENTATION_CONTEXT() REPRESENTATION_CONTEXT('2D SPACE',''
  ) );
#2915 = PCURVE('',#2916,#2921);
#2916 = PLANE('',#2917);
#2917 = AXIS2_PLACEMENT_3D('',#2918,#2919,#2920);
#2918 = CARTESIAN_POINT('',(-19.5,-14.54076775491,193.94227271377));
#2919 = DIRECTION('',(-1.356517265904E-16,-0.966976471045,0.254865659605
    ));
#2920 = DIRECTION('',(-7.906018189456E-17,0.254865659605,0.966976471045)
  );
#2921 = DEFINITIONAL_REPRESENTATION('',(#2922),#2926);
#2922 = LINE('',#2923,#2924);
#2923 = CARTESIAN_POINT('',(-4.386202039262E-15,-38.3));
#2924 = VECTOR('',#2925,1.);
#2925 = DIRECTION('',(1.,0.));
#2926 = ( GEOMETRIC_REPRESENTATION_CONTEXT(2) 
PARAMETRIC_REPRESENTATION_CONTEXT() REPRESENTATION_CONTEXT('2D SPACE',''
  ) );
#2927 = ORIENTED_EDGE('',*,*,#2928,.T.);
#2928 = EDGE_CURVE('',#2901,#2929,#2931,.T.);
#2929 = VERTEX_POINT('',#2930);
#2930 = CARTESIAN_POINT('',(18.8,-14.34453491201,194.65136709344));
#2931 = SURFACE_CURVE('',#2932,(#2936,#2943),.PCURVE_S1.);
#2932 = LINE('',#2933,#2934);
#2933 = CARTESIAN_POINT('',(18.8,-14.44700250051,194.2980240337));
#2934 = VECTOR('',#2935,1.);
#2935 = DIRECTION('',(-7.570731042411E-17,0.278519689385,0.960430519416)
  );
#2936 = PCURVE('',#297,#2937);
#2937 = DEFINITIONAL_REPRESENTATION('',(#2938),#2942);
#2938 = LINE('',#2939,#2940);
#2939 = CARTESIAN_POINT('',(14.447002500513,15.060054904876));
#2940 = VECTOR('',#2941,1.);
#2941 = DIRECTION('',(-0.278519689385,0.960430519416));
#2942 = ( GEOMETRIC_REPRESENTATION_CONTEXT(2) 
PARAMETRIC_REPRESENTATION_CONTEXT() REPRESENTATION_CONTEXT('2D SPACE',''
  ) );
#2943 = PCURVE('',#2944,#2949);
#2944 = PLANE('',#2945);
#2945 = AXIS2_PLACEMENT_3D('',#2946,#2947,#2948);
#2946 = CARTESIAN_POINT('',(-19.5,-14.44700250051,194.2980240337));
#2947 = DIRECTION('',(-1.375511048175E-16,-0.960430519416,0.278519689385
    ));
#2948 = DIRECTION('',(-7.570731042411E-17,0.278519689385,0.960430519416)
  );
#2949 = DEFINITIONAL_REPRESENTATION('',(#2950),#2954);
#2950 = LINE('',#2951,#2952);
#2951 = CARTESIAN_POINT('',(-4.383841054684E-15,-38.3));
#2952 = VECTOR('',#2953,1.);
#2953 = DIRECTION('',(1.,0.));
#2954 = ( GEOMETRIC_REPRESENTATION_CONTEXT(2) 
PARAMETRIC_REPRESENTATION_CONTEXT() REPRESENTATION_CONTEXT('2D SPACE',''
  ) );
#2955 = ORIENTED_EDGE('',*,*,#2956,.T.);
#2956 = EDGE_CURVE('',#2929,#2957,#2959,.T.);
#2957 = VERTEX_POINT('',#2958);
#2958 = CARTESIAN_POINT('',(18.8,-14.23342671205,195.00208905236));
#2959 = SURFACE_CURVE('',#2960,(#2964,#2971),.PCURVE_S1.);
#2960 = LINE('',#2961,#2962);
#2961 = CARTESIAN_POINT('',(18.8,-14.34453491201,194.65136709344));
#2962 = VECTOR('',#2963,1.);
#2963 = DIRECTION('',(-7.230883570075E-17,0.302005949319,0.953306040354)
  );
#2964 = PCURVE('',#297,#2965);
#2965 = DEFINITIONAL_REPRESENTATION('',(#2966),#2970);
#2966 = LINE('',#2967,#2968);
#2967 = CARTESIAN_POINT('',(14.344534912013,15.413397964621));
#2968 = VECTOR('',#2969,1.);
#2969 = DIRECTION('',(-0.302005949319,0.953306040354));
#2970 = ( GEOMETRIC_REPRESENTATION_CONTEXT(2) 
PARAMETRIC_REPRESENTATION_CONTEXT() REPRESENTATION_CONTEXT('2D SPACE',''
  ) );
#2971 = PCURVE('',#2972,#2977);
#2972 = PLANE('',#2973);
#2973 = AXIS2_PLACEMENT_3D('',#2974,#2975,#2976);
#2974 = CARTESIAN_POINT('',(-19.5,-14.34453491201,194.65136709344));
#2975 = DIRECTION('',(-1.393676274023E-16,-0.953306040354,0.302005949319
    ));
#2976 = DIRECTION('',(-7.230883570075E-17,0.302005949319,0.953306040354)
  );
#2977 = DEFINITIONAL_REPRESENTATION('',(#2978),#2982);
#2978 = LINE('',#2979,#2980);
#2979 = CARTESIAN_POINT('',(-4.378839408177E-15,-38.3));
#2980 = VECTOR('',#2981,1.);
#2981 = DIRECTION('',(1.,0.));
#2982 = ( GEOMETRIC_REPRESENTATION_CONTEXT(2) 
PARAMETRIC_REPRESENTATION_CONTEXT() REPRESENTATION_CONTEXT('2D SPACE',''
  ) );
#2983 = ORIENTED_EDGE('',*,*,#2984,.T.);
#2984 = EDGE_CURVE('',#2957,#2985,#2987,.T.);
#2985 = VERTEX_POINT('',#2986);
#2986 = CARTESIAN_POINT('',(18.8,-14.11374482807,195.34997864865));
#2987 = SURFACE_CURVE('',#2988,(#2992,#2999),.PCURVE_S1.);
#2988 = LINE('',#2989,#2990);
#2989 = CARTESIAN_POINT('',(18.8,-14.23342671205,195.00208905236));
#2990 = VECTOR('',#2991,1.);
#2991 = DIRECTION('',(-6.886680483856E-17,0.325310292162,0.945607325381)
  );
#2992 = PCURVE('',#297,#2993);
#2993 = DEFINITIONAL_REPRESENTATION('',(#2994),#2998);
#2994 = LINE('',#2995,#2996);
#2995 = CARTESIAN_POINT('',(14.233426712059,15.764119923537));
#2996 = VECTOR('',#2997,1.);
#2997 = DIRECTION('',(-0.325310292162,0.945607325381));
#2998 = ( GEOMETRIC_REPRESENTATION_CONTEXT(2) 
PARAMETRIC_REPRESENTATION_CONTEXT() REPRESENTATION_CONTEXT('2D SPACE',''
  ) );
#2999 = PCURVE('',#3000,#3005);
#3000 = PLANE('',#3001);
#3001 = AXIS2_PLACEMENT_3D('',#3002,#3003,#3004);
#3002 = CARTESIAN_POINT('',(-19.5,-14.23342671205,195.00208905236));
#3003 = DIRECTION('',(-1.411002001398E-16,-0.945607325381,0.325310292162
    ));
#3004 = DIRECTION('',(-6.886680483856E-17,0.325310292162,0.945607325381)
  );
#3005 = DEFINITIONAL_REPRESENTATION('',(#3006),#3010);
#3006 = LINE('',#3007,#3008);
#3007 = CARTESIAN_POINT('',(-4.371200112546E-15,-38.3));
#3008 = VECTOR('',#3009,1.);
#3009 = DIRECTION('',(1.,0.));
#3010 = ( GEOMETRIC_REPRESENTATION_CONTEXT(2) 
PARAMETRIC_REPRESENTATION_CONTEXT() REPRESENTATION_CONTEXT('2D SPACE',''
  ) );
#3011 = ORIENTED_EDGE('',*,*,#3012,.T.);
#3012 = EDGE_CURVE('',#2985,#3013,#3015,.T.);
#3013 = VERTEX_POINT('',#3014);
#3014 = CARTESIAN_POINT('',(18.8,-13.98556135195,195.69482632664));
#3015 = SURFACE_CURVE('',#3016,(#3020,#3027),.PCURVE_S1.);
#3016 = LINE('',#3017,#3018);
#3017 = CARTESIAN_POINT('',(18.8,-14.11374482807,195.34997864865));
#3018 = VECTOR('',#3019,1.);
#3019 = DIRECTION('',(-6.538329118823E-17,0.348418680249,0.937339011913)
  );
#3020 = PCURVE('',#297,#3021);
#3021 = DEFINITIONAL_REPRESENTATION('',(#3022),#3026);
#3022 = LINE('',#3023,#3024);
#3023 = CARTESIAN_POINT('',(14.113744828075,16.112009519831));
#3024 = VECTOR('',#3025,1.);
#3025 = DIRECTION('',(-0.348418680249,0.937339011913));
#3026 = ( GEOMETRIC_REPRESENTATION_CONTEXT(2) 
PARAMETRIC_REPRESENTATION_CONTEXT() REPRESENTATION_CONTEXT('2D SPACE',''
  ) );
#3027 = PCURVE('',#3028,#3033);
#3028 = PLANE('',#3029);
#3029 = AXIS2_PLACEMENT_3D('',#3030,#3031,#3032);
#3030 = CARTESIAN_POINT('',(-19.5,-14.11374482807,195.34997864865));
#3031 = DIRECTION('',(-1.427477793927E-16,-0.937339011913,0.348418680249
    ));
#3032 = DIRECTION('',(-6.538329118823E-17,0.348418680249,0.937339011913)
  );
#3033 = DEFINITIONAL_REPRESENTATION('',(#3034),#3038);
#3034 = LINE('',#3035,#3036);
#3035 = CARTESIAN_POINT('',(-4.360927769417E-15,-38.3));
#3036 = VECTOR('',#3037,1.);
#3037 = DIRECTION('',(1.,0.));
#3038 = ( GEOMETRIC_REPRESENTATION_CONTEXT(2) 
PARAMETRIC_REPRESENTATION_CONTEXT() REPRESENTATION_CONTEXT('2D SPACE',''
  ) );
#3039 = ORIENTED_EDGE('',*,*,#3040,.T.);
#3040 = EDGE_CURVE('',#3013,#3041,#3043,.T.);
#3041 = VERTEX_POINT('',#3042);
#3042 = CARTESIAN_POINT('',(18.8,-13.84895349662,196.03642436297));
#3043 = SURFACE_CURVE('',#3044,(#3048,#3055),.PCURVE_S1.);
#3044 = LINE('',#3045,#3046);
#3045 = CARTESIAN_POINT('',(18.8,-13.98556135195,195.69482632664));
#3046 = VECTOR('',#3047,1.);
#3047 = DIRECTION('',(-6.186039308813E-17,0.371317193952,0.928506080473)
  );
#3048 = PCURVE('',#297,#3049);
#3049 = DEFINITIONAL_REPRESENTATION('',(#3050),#3054);
#3050 = LINE('',#3051,#3052);
#3051 = CARTESIAN_POINT('',(13.985561351953,16.456857197817));
#3052 = VECTOR('',#3053,1.);
#3053 = DIRECTION('',(-0.371317193952,0.928506080473));
#3054 = ( GEOMETRIC_REPRESENTATION_CONTEXT(2) 
PARAMETRIC_REPRESENTATION_CONTEXT() REPRESENTATION_CONTEXT('2D SPACE',''
  ) );
#3055 = PCURVE('',#3056,#3061);
#3056 = PLANE('',#3057);
#3057 = AXIS2_PLACEMENT_3D('',#3058,#3059,#3060);
#3058 = CARTESIAN_POINT('',(-19.5,-13.98556135195,195.69482632664));
#3059 = DIRECTION('',(-1.44309372721E-16,-0.928506080473,0.371317193952)
  );
#3060 = DIRECTION('',(-6.186039308813E-17,0.371317193952,0.928506080473)
  );
#3061 = DEFINITIONAL_REPRESENTATION('',(#3062),#3066);
#3062 = LINE('',#3063,#3064);
#3063 = CARTESIAN_POINT('',(-4.348028566465E-15,-38.3));
#3064 = VECTOR('',#3065,1.);
#3065 = DIRECTION('',(1.,0.));
#3066 = ( GEOMETRIC_REPRESENTATION_CONTEXT(2) 
PARAMETRIC_REPRESENTATION_CONTEXT() REPRESENTATION_CONTEXT('2D SPACE',''
  ) );
#3067 = ORIENTED_EDGE('',*,*,#3068,.T.);
#3068 = EDGE_CURVE('',#3041,#3069,#3071,.T.);
#3069 = VERTEX_POINT('',#3070);
#3070 = CARTESIAN_POINT('',(18.8,-13.70400354956,196.37456699177));
#3071 = SURFACE_CURVE('',#3072,(#3076,#3083),.PCURVE_S1.);
#3072 = LINE('',#3073,#3074);
#3073 = CARTESIAN_POINT('',(18.8,-13.84895349662,196.03642436297));
#3074 = VECTOR('',#3075,1.);
#3075 = DIRECTION('',(-5.830023260034E-17,0.393992040061,0.91911385169)
  );
#3076 = PCURVE('',#297,#3077);
#3077 = DEFINITIONAL_REPRESENTATION('',(#3078),#3082);
#3078 = LINE('',#3079,#3080);
#3079 = CARTESIAN_POINT('',(13.848953496627,16.79845523415));
#3080 = VECTOR('',#3081,1.);
#3081 = DIRECTION('',(-0.393992040061,0.91911385169));
#3082 = ( GEOMETRIC_REPRESENTATION_CONTEXT(2) 
PARAMETRIC_REPRESENTATION_CONTEXT() REPRESENTATION_CONTEXT('2D SPACE',''
  ) );
#3083 = PCURVE('',#3084,#3089);
#3084 = PLANE('',#3085);
#3085 = AXIS2_PLACEMENT_3D('',#3086,#3087,#3088);
#3086 = CARTESIAN_POINT('',(-19.5,-13.84895349662,196.03642436297));
#3087 = DIRECTION('',(-1.457840394793E-16,-0.91911385169,0.393992040061)
  );
#3088 = DIRECTION('',(-5.830023260034E-17,0.393992040061,0.91911385169)
  );
#3089 = DEFINITIONAL_REPRESENTATION('',(#3090),#3094);
#3090 = LINE('',#3091,#3092);
#3091 = CARTESIAN_POINT('',(-4.332510273688E-15,-38.3));
#3092 = VECTOR('',#3093,1.);
#3093 = DIRECTION('',(1.,0.));
#3094 = ( GEOMETRIC_REPRESENTATION_CONTEXT(2) 
PARAMETRIC_REPRESENTATION_CONTEXT() REPRESENTATION_CONTEXT('2D SPACE',''
  ) );
#3095 = ORIENTED_EDGE('',*,*,#3096,.T.);
#3096 = EDGE_CURVE('',#3069,#3097,#3099,.T.);
#3097 = VERTEX_POINT('',#3098);
#3098 = CARTESIAN_POINT('',(18.8,-13.55079882318,196.70905052855));
#3099 = SURFACE_CURVE('',#3100,(#3104,#3111),.PCURVE_S1.);
#3100 = LINE('',#3101,#3102);
#3101 = CARTESIAN_POINT('',(18.8,-13.70400354956,196.37456699177));
#3102 = VECTOR('',#3103,1.);
#3103 = DIRECTION('',(-5.470495423242E-17,0.416429560098,0.909167983091)
  );
#3104 = PCURVE('',#297,#3105);
#3105 = DEFINITIONAL_REPRESENTATION('',(#3106),#3110);
#3106 = LINE('',#3107,#3108);
#3107 = CARTESIAN_POINT('',(13.704003549561,17.136597862944));
#3108 = VECTOR('',#3109,1.);
#3109 = DIRECTION('',(-0.416429560098,0.909167983091));
#3110 = ( GEOMETRIC_REPRESENTATION_CONTEXT(2) 
PARAMETRIC_REPRESENTATION_CONTEXT() REPRESENTATION_CONTEXT('2D SPACE',''
  ) );
#3111 = PCURVE('',#3112,#3117);
#3112 = PLANE('',#3113);
#3113 = AXIS2_PLACEMENT_3D('',#3114,#3115,#3116);
#3114 = CARTESIAN_POINT('',(-19.5,-13.70400354956,196.37456699177));
#3115 = DIRECTION('',(-1.471708913834E-16,-0.909167983091,0.416429560098
    ));
#3116 = DIRECTION('',(-5.470495423242E-17,0.416429560098,0.909167983091)
  );
#3117 = DEFINITIONAL_REPRESENTATION('',(#3118),#3122);
#3118 = LINE('',#3119,#3120);
#3119 = CARTESIAN_POINT('',(-4.314382238725E-15,-38.3));
#3120 = VECTOR('',#3121,1.);
#3121 = DIRECTION('',(1.,0.));
#3122 = ( GEOMETRIC_REPRESENTATION_CONTEXT(2) 
PARAMETRIC_REPRESENTATION_CONTEXT() REPRESENTATION_CONTEXT('2D SPACE',''
  ) );
#3123 = ORIENTED_EDGE('',*,*,#3124,.T.);
#3124 = EDGE_CURVE('',#3097,#3125,#3127,.T.);
#3125 = VERTEX_POINT('',#3126);
#3126 = CARTESIAN_POINT('',(18.8,-13.38943160228,197.03967349294));
#3127 = SURFACE_CURVE('',#3128,(#3132,#3139),.PCURVE_S1.);
#3128 = LINE('',#3129,#3130);
#3129 = CARTESIAN_POINT('',(18.8,-13.55079882318,196.70905052855));
#3130 = VECTOR('',#3131,1.);
#3131 = DIRECTION('',(-5.107672364562E-17,0.438616238539,0.898674465694)
  );
#3132 = PCURVE('',#297,#3133);
#3133 = DEFINITIONAL_REPRESENTATION('',(#3134),#3138);
#3134 = LINE('',#3135,#3136);
#3135 = CARTESIAN_POINT('',(13.550798823182,17.471081399727));
#3136 = VECTOR('',#3137,1.);
#3137 = DIRECTION('',(-0.438616238539,0.898674465694));
#3138 = ( GEOMETRIC_REPRESENTATION_CONTEXT(2) 
PARAMETRIC_REPRESENTATION_CONTEXT() REPRESENTATION_CONTEXT('2D SPACE',''
  ) );
#3139 = PCURVE('',#3140,#3145);
#3140 = PLANE('',#3141);
#3141 = AXIS2_PLACEMENT_3D('',#3142,#3143,#3144);
#3142 = CARTESIAN_POINT('',(-19.5,-13.55079882318,196.70905052855));
#3143 = DIRECTION('',(-1.484690930456E-16,-0.898674465694,0.438616238539
    ));
#3144 = DIRECTION('',(-5.107672364562E-17,0.438616238539,0.898674465694)
  );
#3145 = DEFINITIONAL_REPRESENTATION('',(#3146),#3150);
#3146 = LINE('',#3147,#3148);
#3147 = CARTESIAN_POINT('',(-4.293655381227E-15,-38.3));
#3148 = VECTOR('',#3149,1.);
#3149 = DIRECTION('',(1.,0.));
#3150 = ( GEOMETRIC_REPRESENTATION_CONTEXT(2) 
PARAMETRIC_REPRESENTATION_CONTEXT() REPRESENTATION_CONTEXT('2D SPACE',''
  ) );
#3151 = ORIENTED_EDGE('',*,*,#3152,.T.);
#3152 = EDGE_CURVE('',#3125,#3153,#3155,.T.);
#3153 = VERTEX_POINT('',#3154);
#3154 = CARTESIAN_POINT('',(18.8,-13.21999908846,197.36623673004));
#3155 = SURFACE_CURVE('',#3156,(#3160,#3167),.PCURVE_S1.);
#3156 = LINE('',#3157,#3158);
#3157 = CARTESIAN_POINT('',(18.8,-13.38943160228,197.03967349294));
#3158 = VECTOR('',#3159,1.);
#3159 = DIRECTION('',(-4.741772635038E-17,0.460538710958,0.887639620403)
  );
#3160 = PCURVE('',#297,#3161);
#3161 = DEFINITIONAL_REPRESENTATION('',(#3162),#3166);
#3162 = LINE('',#3163,#3164);
#3163 = CARTESIAN_POINT('',(13.389431602289,17.80170436412));
#3164 = VECTOR('',#3165,1.);
#3165 = DIRECTION('',(-0.460538710958,0.887639620403));
#3166 = ( GEOMETRIC_REPRESENTATION_CONTEXT(2) 
PARAMETRIC_REPRESENTATION_CONTEXT() REPRESENTATION_CONTEXT('2D SPACE',''
  ) );
#3167 = PCURVE('',#3168,#3173);
#3168 = PLANE('',#3169);
#3169 = AXIS2_PLACEMENT_3D('',#3170,#3171,#3172);
#3170 = CARTESIAN_POINT('',(-19.5,-13.38943160228,197.03967349294));
#3171 = DIRECTION('',(-1.496778624778E-16,-0.887639620403,0.460538710958
    ));
#3172 = DIRECTION('',(-4.741772635038E-17,0.460538710958,0.887639620403)
  );
#3173 = DEFINITIONAL_REPRESENTATION('',(#3174),#3178);
#3174 = LINE('',#3175,#3176);
#3175 = CARTESIAN_POINT('',(-4.270342186277E-15,-38.3));
#3176 = VECTOR('',#3177,1.);
#3177 = DIRECTION('',(1.,0.));
#3178 = ( GEOMETRIC_REPRESENTATION_CONTEXT(2) 
PARAMETRIC_REPRESENTATION_CONTEXT() REPRESENTATION_CONTEXT('2D SPACE',''
  ) );
#3179 = ORIENTED_EDGE('',*,*,#3180,.T.);
#3180 = EDGE_CURVE('',#3153,#3181,#3183,.T.);
#3181 = VERTEX_POINT('',#3182);
#3182 = CARTESIAN_POINT('',(18.8,-13.04260334151,197.68854353035));
#3183 = SURFACE_CURVE('',#3184,(#3188,#3195),.PCURVE_S1.);
#3184 = LINE('',#3185,#3186);
#3185 = CARTESIAN_POINT('',(18.8,-13.21999908846,197.36623673004));
#3186 = VECTOR('',#3187,1.);
#3187 = DIRECTION('',(-4.373016638983E-17,0.482183772079,0.876070094195)
  );
#3188 = PCURVE('',#297,#3189);
#3189 = DEFINITIONAL_REPRESENTATION('',(#3190),#3194);
#3190 = LINE('',#3191,#3192);
#3191 = CARTESIAN_POINT('',(13.219999088461,18.128267601214));
#3192 = VECTOR('',#3193,1.);
#3193 = DIRECTION('',(-0.482183772079,0.876070094195));
#3194 = ( GEOMETRIC_REPRESENTATION_CONTEXT(2) 
PARAMETRIC_REPRESENTATION_CONTEXT() REPRESENTATION_CONTEXT('2D SPACE',''
  ) );
#3195 = PCURVE('',#3196,#3201);
#3196 = PLANE('',#3197);
#3197 = AXIS2_PLACEMENT_3D('',#3198,#3199,#3200);
#3198 = CARTESIAN_POINT('',(-19.5,-13.21999908846,197.36623673004));
#3199 = DIRECTION('',(-1.507964715624E-16,-0.876070094195,0.482183772079
    ));
#3200 = DIRECTION('',(-4.373016638983E-17,0.482183772079,0.876070094195)
  );
#3201 = DEFINITIONAL_REPRESENTATION('',(#3202),#3206);
#3202 = LINE('',#3203,#3204);
#3203 = CARTESIAN_POINT('',(-4.244456696873E-15,-38.3));
#3204 = VECTOR('',#3205,1.);
#3205 = DIRECTION('',(1.,0.));
#3206 = ( GEOMETRIC_REPRESENTATION_CONTEXT(2) 
PARAMETRIC_REPRESENTATION_CONTEXT() REPRESENTATION_CONTEXT('2D SPACE',''
  ) );
#3207 = ORIENTED_EDGE('',*,*,#3208,.T.);
#3208 = EDGE_CURVE('',#3181,#3209,#3211,.T.);
#3209 = VERTEX_POINT('',#3210);
#3210 = CARTESIAN_POINT('',(18.8,-12.857351218,198.00639974831));
#3211 = SURFACE_CURVE('',#3212,(#3216,#3223),.PCURVE_S1.);
#3212 = LINE('',#3213,#3214);
#3213 = CARTESIAN_POINT('',(18.8,-13.04260334151,197.68854353035));
#3214 = VECTOR('',#3215,1.);
#3215 = DIRECTION('',(-4.001626501226E-17,0.503538383726,0.863972856122)
  );
#3216 = PCURVE('',#297,#3217);
#3217 = DEFINITIONAL_REPRESENTATION('',(#3218),#3222);
#3218 = LINE('',#3219,#3220);
#3219 = CARTESIAN_POINT('',(13.042603341511,18.450574401525));
#3220 = VECTOR('',#3221,1.);
#3221 = DIRECTION('',(-0.503538383726,0.863972856122));
#3222 = ( GEOMETRIC_REPRESENTATION_CONTEXT(2) 
PARAMETRIC_REPRESENTATION_CONTEXT() REPRESENTATION_CONTEXT('2D SPACE',''
  ) );
#3223 = PCURVE('',#3224,#3229);
#3224 = PLANE('',#3225);
#3225 = AXIS2_PLACEMENT_3D('',#3226,#3227,#3228);
#3226 = CARTESIAN_POINT('',(-19.5,-13.04260334151,197.68854353035));
#3227 = DIRECTION('',(-1.518242464912E-16,-0.863972856122,0.503538383726
    ));
#3228 = DIRECTION('',(-4.001626501226E-17,0.503538383726,0.863972856122)
  );
#3229 = DEFINITIONAL_REPRESENTATION('',(#3230),#3234);
#3230 = LINE('',#3231,#3232);
#3231 = CARTESIAN_POINT('',(-4.216014505464E-15,-38.3));
#3232 = VECTOR('',#3233,1.);
#3233 = DIRECTION('',(1.,0.));
#3234 = ( GEOMETRIC_REPRESENTATION_CONTEXT(2) 
PARAMETRIC_REPRESENTATION_CONTEXT() REPRESENTATION_CONTEXT('2D SPACE',''
  ) );
#3235 = ORIENTED_EDGE('',*,*,#3236,.T.);
#3236 = EDGE_CURVE('',#3209,#3237,#3239,.T.);
#3237 = VERTEX_POINT('',#3238);
#3238 = CARTESIAN_POINT('',(18.8,-12.66435430688,198.31961391923));
#3239 = SURFACE_CURVE('',#3240,(#3244,#3251),.PCURVE_S1.);
#3240 = LINE('',#3241,#3242);
#3241 = CARTESIAN_POINT('',(18.8,-12.857351218,198.00639974831));
#3242 = VECTOR('',#3243,1.);
#3243 = DIRECTION('',(-3.627825933292E-17,0.524589682678,0.851355193105)
  );
#3244 = PCURVE('',#297,#3245);
#3245 = DEFINITIONAL_REPRESENTATION('',(#3246),#3250);
#3246 = LINE('',#3247,#3248);
#3247 = CARTESIAN_POINT('',(12.857351218002,18.768430619489));
#3248 = VECTOR('',#3249,1.);
#3249 = DIRECTION('',(-0.524589682678,0.851355193105));
#3250 = ( GEOMETRIC_REPRESENTATION_CONTEXT(2) 
PARAMETRIC_REPRESENTATION_CONTEXT() REPRESENTATION_CONTEXT('2D SPACE',''
  ) );
#3251 = PCURVE('',#3252,#3257);
#3252 = PLANE('',#3253);
#3253 = AXIS2_PLACEMENT_3D('',#3254,#3255,#3256);
#3254 = CARTESIAN_POINT('',(-19.5,-12.857351218,198.00639974831));
#3255 = DIRECTION('',(-1.52760568171E-16,-0.851355193105,0.524589682678)
  );
#3256 = DIRECTION('',(-3.627825933292E-17,0.524589682678,0.851355193105)
  );
#3257 = DEFINITIONAL_REPRESENTATION('',(#3258),#3262);
#3258 = LINE('',#3259,#3260);
#3259 = CARTESIAN_POINT('',(-4.185032744565E-15,-38.3));
#3260 = VECTOR('',#3261,1.);
#3261 = DIRECTION('',(1.,0.));
#3262 = ( GEOMETRIC_REPRESENTATION_CONTEXT(2) 
PARAMETRIC_REPRESENTATION_CONTEXT() REPRESENTATION_CONTEXT('2D SPACE',''
  ) );
#3263 = ORIENTED_EDGE('',*,*,#3264,.T.);
#3264 = EDGE_CURVE('',#3237,#3265,#3267,.T.);
#3265 = VERTEX_POINT('',#3266);
#3266 = CARTESIAN_POINT('',(18.8,-12.46372886228,198.62799737459));
#3267 = SURFACE_CURVE('',#3268,(#3272,#3279),.PCURVE_S1.);
#3268 = LINE('',#3269,#3270);
#3269 = CARTESIAN_POINT('',(18.8,-12.66435430688,198.31961391923));
#3270 = VECTOR('',#3271,1.);
#3271 = DIRECTION('',(-3.251840098671E-17,0.545324988422,0.838224705555)
  );
#3272 = PCURVE('',#297,#3273);
#3273 = DEFINITIONAL_REPRESENTATION('',(#3274),#3278);
#3274 = LINE('',#3275,#3276);
#3275 = CARTESIAN_POINT('',(12.664354306886,19.081644790406));
#3276 = VECTOR('',#3277,1.);
#3277 = DIRECTION('',(-0.545324988422,0.838224705555));
#3278 = ( GEOMETRIC_REPRESENTATION_CONTEXT(2) 
PARAMETRIC_REPRESENTATION_CONTEXT() REPRESENTATION_CONTEXT('2D SPACE',''
  ) );
#3279 = PCURVE('',#3280,#3285);
#3280 = PLANE('',#3281);
#3281 = AXIS2_PLACEMENT_3D('',#3282,#3283,#3284);
#3282 = CARTESIAN_POINT('',(-19.5,-12.66435430688,198.31961391923));
#3283 = DIRECTION('',(-1.536048725966E-16,-0.838224705555,0.545324988422
    ));
#3284 = DIRECTION('',(-3.251840098671E-17,0.545324988422,0.838224705555)
  );
#3285 = DEFINITIONAL_REPRESENTATION('',(#3286),#3290);
#3286 = LINE('',#3287,#3288);
#3287 = CARTESIAN_POINT('',(-4.151530076429E-15,-38.3));
#3288 = VECTOR('',#3289,1.);
#3289 = DIRECTION('',(1.,0.));
#3290 = ( GEOMETRIC_REPRESENTATION_CONTEXT(2) 
PARAMETRIC_REPRESENTATION_CONTEXT() REPRESENTATION_CONTEXT('2D SPACE',''
  ) );
#3291 = ORIENTED_EDGE('',*,*,#3292,.T.);
#3292 = EDGE_CURVE('',#3265,#3293,#3295,.T.);
#3293 = VERTEX_POINT('',#3294);
#3294 = CARTESIAN_POINT('',(18.8,-12.25559573347,198.93136435574));
#3295 = SURFACE_CURVE('',#3296,(#3300,#3307),.PCURVE_S1.);
#3296 = LINE('',#3297,#3298);
#3297 = CARTESIAN_POINT('',(18.8,-12.46372886228,198.62799737459));
#3298 = VECTOR('',#3299,1.);
#3299 = DIRECTION('',(-2.873895477166E-17,0.565731810784,0.824589302785)
  );
#3300 = PCURVE('',#297,#3301);
#3301 = DEFINITIONAL_REPRESENTATION('',(#3302),#3306);
#3302 = LINE('',#3303,#3304);
#3303 = CARTESIAN_POINT('',(12.463728862287,19.39002824577));
#3304 = VECTOR('',#3305,1.);
#3305 = DIRECTION('',(-0.565731810784,0.824589302785));
#3306 = ( GEOMETRIC_REPRESENTATION_CONTEXT(2) 
PARAMETRIC_REPRESENTATION_CONTEXT() REPRESENTATION_CONTEXT('2D SPACE',''
  ) );
#3307 = PCURVE('',#3308,#3313);
#3308 = PLANE('',#3309);
#3309 = AXIS2_PLACEMENT_3D('',#3310,#3311,#3312);
#3310 = CARTESIAN_POINT('',(-19.5,-12.46372886228,198.62799737459));
#3311 = DIRECTION('',(-1.543566511906E-16,-0.824589302785,0.565731810784
    ));
#3312 = DIRECTION('',(-2.873895477166E-17,0.565731810784,0.824589302785)
  );
#3313 = DEFINITIONAL_REPRESENTATION('',(#3314),#3318);
#3314 = LINE('',#3315,#3316);
#3315 = CARTESIAN_POINT('',(-4.11552668181E-15,-38.3));
#3316 = VECTOR('',#3317,1.);
#3317 = DIRECTION('',(1.,0.));
#3318 = ( GEOMETRIC_REPRESENTATION_CONTEXT(2) 
PARAMETRIC_REPRESENTATION_CONTEXT() REPRESENTATION_CONTEXT('2D SPACE',''
  ) );
#3319 = ORIENTED_EDGE('',*,*,#3320,.T.);
#3320 = EDGE_CURVE('',#3293,#3321,#3323,.T.);
#3321 = VERTEX_POINT('',#3322);
#3322 = CARTESIAN_POINT('',(18.8,-12.04008029204,199.22953212575));
#3323 = SURFACE_CURVE('',#3324,(#3328,#3335),.PCURVE_S1.);
#3324 = LINE('',#3325,#3326);
#3325 = CARTESIAN_POINT('',(18.8,-12.25559573347,198.93136435574));
#3326 = VECTOR('',#3327,1.);
#3327 = DIRECTION('',(-2.49421972849E-17,0.585797857456,0.810457198253)
  );
#3328 = PCURVE('',#297,#3329);
#3329 = DEFINITIONAL_REPRESENTATION('',(#3330),#3334);
#3330 = LINE('',#3331,#3332);
#3331 = CARTESIAN_POINT('',(12.25559573347,19.69339522692));
#3332 = VECTOR('',#3333,1.);
#3333 = DIRECTION('',(-0.585797857456,0.810457198253));
#3334 = ( GEOMETRIC_REPRESENTATION_CONTEXT(2) 
PARAMETRIC_REPRESENTATION_CONTEXT() REPRESENTATION_CONTEXT('2D SPACE',''
  ) );
#3335 = PCURVE('',#3336,#3341);
#3336 = PLANE('',#3337);
#3337 = AXIS2_PLACEMENT_3D('',#3338,#3339,#3340);
#3338 = CARTESIAN_POINT('',(-19.5,-12.25559573347,198.93136435574));
#3339 = DIRECTION('',(-1.550154511097E-16,-0.810457198253,0.585797857456
    ));
#3340 = DIRECTION('',(-2.49421972849E-17,0.585797857456,0.810457198253)
  );
#3341 = DEFINITIONAL_REPRESENTATION('',(#3342),#3346);
#3342 = LINE('',#3343,#3344);
#3343 = CARTESIAN_POINT('',(-4.077044247808E-15,-38.3));
#3344 = VECTOR('',#3345,1.);
#3345 = DIRECTION('',(1.,0.));
#3346 = ( GEOMETRIC_REPRESENTATION_CONTEXT(2) 
PARAMETRIC_REPRESENTATION_CONTEXT() REPRESENTATION_CONTEXT('2D SPACE',''
  ) );
#3347 = ORIENTED_EDGE('',*,*,#3348,.T.);
#3348 = EDGE_CURVE('',#3321,#3349,#3351,.T.);
#3349 = VERTEX_POINT('',#3350);
#3350 = CARTESIAN_POINT('',(18.8,-11.81731235646,199.52232107951));
#3351 = SURFACE_CURVE('',#3352,(#3356,#3363),.PCURVE_S1.);
#3352 = LINE('',#3353,#3354);
#3353 = CARTESIAN_POINT('',(18.8,-12.04008029204,199.22953212575));
#3354 = VECTOR('',#3355,1.);
#3355 = DIRECTION('',(-2.113041555114E-17,0.605511041404,0.795836904609)
  );
#3356 = PCURVE('',#297,#3357);
#3357 = DEFINITIONAL_REPRESENTATION('',(#3358),#3362);
#3358 = LINE('',#3359,#3360);
#3359 = CARTESIAN_POINT('',(12.040080292049,19.991562996929));
#3360 = VECTOR('',#3361,1.);
#3361 = DIRECTION('',(-0.605511041404,0.795836904609));
#3362 = ( GEOMETRIC_REPRESENTATION_CONTEXT(2) 
PARAMETRIC_REPRESENTATION_CONTEXT() REPRESENTATION_CONTEXT('2D SPACE',''
  ) );
#3363 = PCURVE('',#3364,#3369);
#3364 = PLANE('',#3365);
#3365 = AXIS2_PLACEMENT_3D('',#3366,#3367,#3368);
#3366 = CARTESIAN_POINT('',(-19.5,-12.04008029204,199.22953212575));
#3367 = DIRECTION('',(-1.555808755175E-16,-0.795836904609,0.605511041404
    ));
#3368 = DIRECTION('',(-2.113041555114E-17,0.605511041404,0.795836904609)
  );
#3369 = DEFINITIONAL_REPRESENTATION('',(#3370),#3374);
#3370 = LINE('',#3371,#3372);
#3371 = CARTESIAN_POINT('',(-4.036105954801E-15,-38.3));
#3372 = VECTOR('',#3373,1.);
#3373 = DIRECTION('',(1.,0.));
#3374 = ( GEOMETRIC_REPRESENTATION_CONTEXT(2) 
PARAMETRIC_REPRESENTATION_CONTEXT() REPRESENTATION_CONTEXT('2D SPACE',''
  ) );
#3375 = ORIENTED_EDGE('',*,*,#3376,.T.);
#3376 = EDGE_CURVE('',#3349,#3377,#3379,.T.);
#3377 = VERTEX_POINT('',#3378);
#3378 = CARTESIAN_POINT('',(18.8,-11.5874261138,199.80955485189));
#3379 = SURFACE_CURVE('',#3380,(#3384,#3391),.PCURVE_S1.);
#3380 = LINE('',#3381,#3382);
#3381 = CARTESIAN_POINT('',(18.8,-11.81731235646,199.52232107951));
#3382 = VECTOR('',#3383,1.);
#3383 = DIRECTION('',(-1.730590564515E-17,0.624859488142,0.780737228572)
  );
#3384 = PCURVE('',#297,#3385);
#3385 = DEFINITIONAL_REPRESENTATION('',(#3386),#3390);
#3386 = LINE('',#3387,#3388);
#3387 = CARTESIAN_POINT('',(11.817312356467,20.284351950683));
#3388 = VECTOR('',#3389,1.);
#3389 = DIRECTION('',(-0.624859488142,0.780737228572));
#3390 = ( GEOMETRIC_REPRESENTATION_CONTEXT(2) 
PARAMETRIC_REPRESENTATION_CONTEXT() REPRESENTATION_CONTEXT('2D SPACE',''
  ) );
#3391 = PCURVE('',#3392,#3397);
#3392 = PLANE('',#3393);
#3393 = AXIS2_PLACEMENT_3D('',#3394,#3395,#3396);
#3394 = CARTESIAN_POINT('',(-19.5,-11.81731235646,199.52232107951));
#3395 = DIRECTION('',(-1.560525838234E-16,-0.780737228572,0.624859488142
    ));
#3396 = DIRECTION('',(-1.730590564515E-17,0.624859488142,0.780737228572)
  );
#3397 = DEFINITIONAL_REPRESENTATION('',(#3398),#3402);
#3398 = LINE('',#3399,#3400);
#3399 = CARTESIAN_POINT('',(-3.992736462487E-15,-38.3));
#3400 = VECTOR('',#3401,1.);
#3401 = DIRECTION('',(1.,0.));
#3402 = ( GEOMETRIC_REPRESENTATION_CONTEXT(2) 
PARAMETRIC_REPRESENTATION_CONTEXT() REPRESENTATION_CONTEXT('2D SPACE',''
  ) );
#3403 = ORIENTED_EDGE('',*,*,#3404,.T.);
#3404 = EDGE_CURVE('',#3377,#3405,#3407,.T.);
#3405 = VERTEX_POINT('',#3406);
#3406 = CARTESIAN_POINT('',(18.8,-11.35056003892,200.09106042401));
#3407 = SURFACE_CURVE('',#3408,(#3412,#3419),.PCURVE_S1.);
#3408 = LINE('',#3409,#3410);
#3409 = CARTESIAN_POINT('',(18.8,-11.5874261138,199.80955485189));
#3410 = VECTOR('',#3411,1.);
#3411 = DIRECTION('',(-1.347097130874E-17,0.64383154289,0.765167265622)
  );
#3412 = PCURVE('',#297,#3413);
#3413 = DEFINITIONAL_REPRESENTATION('',(#3414),#3418);
#3414 = LINE('',#3415,#3416);
#3415 = CARTESIAN_POINT('',(11.587426113801,20.571585723062));
#3416 = VECTOR('',#3417,1.);
#3417 = DIRECTION('',(-0.64383154289,0.765167265622));
#3418 = ( GEOMETRIC_REPRESENTATION_CONTEXT(2) 
PARAMETRIC_REPRESENTATION_CONTEXT() REPRESENTATION_CONTEXT('2D SPACE',''
  ) );
#3419 = PCURVE('',#3420,#3425);
#3420 = PLANE('',#3421);
#3421 = AXIS2_PLACEMENT_3D('',#3422,#3423,#3424);
#3422 = CARTESIAN_POINT('',(-19.5,-11.5874261138,199.80955485189));
#3423 = DIRECTION('',(-1.56430291888E-16,-0.765167265622,0.64383154289)
  );
#3424 = DIRECTION('',(-1.347097130874E-17,0.64383154289,0.765167265622)
  );
#3425 = DEFINITIONAL_REPRESENTATION('',(#3426),#3430);
#3426 = LINE('',#3427,#3428);
#3427 = CARTESIAN_POINT('',(-3.946961895026E-15,-38.3));
#3428 = VECTOR('',#3429,1.);
#3429 = DIRECTION('',(1.,0.));
#3430 = ( GEOMETRIC_REPRESENTATION_CONTEXT(2) 
PARAMETRIC_REPRESENTATION_CONTEXT() REPRESENTATION_CONTEXT('2D SPACE',''
  ) );
#3431 = ORIENTED_EDGE('',*,*,#3432,.T.);
#3432 = EDGE_CURVE('',#3405,#3433,#3435,.T.);
#3433 = VERTEX_POINT('',#3434);
#3434 = CARTESIAN_POINT('',(18.8,-11.1068568111,200.36666822744));
#3435 = SURFACE_CURVE('',#3436,(#3440,#3447),.PCURVE_S1.);
#3436 = LINE('',#3437,#3438);
#3437 = CARTESIAN_POINT('',(18.8,-11.35056003892,200.09106042401));
#3438 = VECTOR('',#3439,1.);
#3439 = DIRECTION('',(-9.627922562894E-18,0.66241577759,0.749136394523)
  );
#3440 = PCURVE('',#297,#3441);
#3441 = DEFINITIONAL_REPRESENTATION('',(#3442),#3446);
#3442 = LINE('',#3443,#3444);
#3443 = CARTESIAN_POINT('',(11.350560038925,20.853091295186));
#3444 = VECTOR('',#3445,1.);
#3445 = DIRECTION('',(-0.66241577759,0.749136394523));
#3446 = ( GEOMETRIC_REPRESENTATION_CONTEXT(2) 
PARAMETRIC_REPRESENTATION_CONTEXT() REPRESENTATION_CONTEXT('2D SPACE',''
  ) );
#3447 = PCURVE('',#3448,#3453);
#3448 = PLANE('',#3449);
#3449 = AXIS2_PLACEMENT_3D('',#3450,#3451,#3452);
#3450 = CARTESIAN_POINT('',(-19.5,-11.35056003892,200.09106042401));
#3451 = DIRECTION('',(-1.56713772194E-16,-0.749136394523,0.66241577759)
  );
#3452 = DIRECTION('',(-9.627922562894E-18,0.66241577759,0.749136394523)
  );
#3453 = DEFINITIONAL_REPRESENTATION('',(#3454),#3458);
#3454 = LINE('',#3455,#3456);
#3455 = CARTESIAN_POINT('',(-3.898809825306E-15,-38.3));
#3456 = VECTOR('',#3457,1.);
#3457 = DIRECTION('',(1.,0.));
#3458 = ( GEOMETRIC_REPRESENTATION_CONTEXT(2) 
PARAMETRIC_REPRESENTATION_CONTEXT() REPRESENTATION_CONTEXT('2D SPACE',''
  ) );
#3459 = ORIENTED_EDGE('',*,*,#3460,.T.);
#3460 = EDGE_CURVE('',#3433,#3461,#3463,.T.);
#3461 = VERTEX_POINT('',#3462);
#3462 = CARTESIAN_POINT('',(18.8,-10.85646322805,200.63621224635));
#3463 = SURFACE_CURVE('',#3464,(#3468,#3475),.PCURVE_S1.);
#3464 = LINE('',#3465,#3466);
#3465 = CARTESIAN_POINT('',(18.8,-11.1068568111,200.36666822744));
#3466 = VECTOR('',#3467,1.);
#3467 = DIRECTION('',(-5.779074316537E-18,0.680600997795,0.732654271672)
  );
#3468 = PCURVE('',#297,#3469);
#3469 = DEFINITIONAL_REPRESENTATION('',(#3470),#3474);
#3470 = LINE('',#3471,#3472);
#3471 = CARTESIAN_POINT('',(11.106856811107,21.128699098619));
#3472 = VECTOR('',#3473,1.);
#3473 = DIRECTION('',(-0.680600997795,0.732654271672));
#3474 = ( GEOMETRIC_REPRESENTATION_CONTEXT(2) 
PARAMETRIC_REPRESENTATION_CONTEXT() REPRESENTATION_CONTEXT('2D SPACE',''
  ) );
#3475 = PCURVE('',#3476,#3481);
#3476 = PLANE('',#3477);
#3477 = AXIS2_PLACEMENT_3D('',#3478,#3479,#3480);
#3478 = CARTESIAN_POINT('',(-19.5,-11.1068568111,200.36666822744));
#3479 = DIRECTION('',(-1.569028539836E-16,-0.732654271672,0.680600997795
    ));
#3480 = DIRECTION('',(-5.779074316537E-18,0.680600997795,0.732654271672)
  );
#3481 = DEFINITIONAL_REPRESENTATION('',(#3482),#3486);
#3482 = LINE('',#3483,#3484);
#3483 = CARTESIAN_POINT('',(-3.848309258333E-15,-38.3));
#3484 = VECTOR('',#3485,1.);
#3485 = DIRECTION('',(1.,0.));
#3486 = ( GEOMETRIC_REPRESENTATION_CONTEXT(2) 
PARAMETRIC_REPRESENTATION_CONTEXT() REPRESENTATION_CONTEXT('2D SPACE',''
  ) );
#3487 = ORIENTED_EDGE('',*,*,#3488,.T.);
#3488 = EDGE_CURVE('',#3461,#3489,#3491,.T.);
#3489 = VERTEX_POINT('',#3490);
#3490 = CARTESIAN_POINT('',(18.8,-10.5995301175,200.8995301175));
#3491 = SURFACE_CURVE('',#3492,(#3496,#3503),.PCURVE_S1.);
#3492 = LINE('',#3493,#3494);
#3493 = CARTESIAN_POINT('',(18.8,-10.85646322805,200.63621224635));
#3494 = VECTOR('',#3495,1.);
#3495 = DIRECTION('',(-1.92674497189E-18,0.698376249409,0.715730825284)
  );
#3496 = PCURVE('',#297,#3497);
#3497 = DEFINITIONAL_REPRESENTATION('',(#3498),#3502);
#3498 = LINE('',#3499,#3500);
#3499 = CARTESIAN_POINT('',(10.856463228056,21.398243117531));
#3500 = VECTOR('',#3501,1.);
#3501 = DIRECTION('',(-0.698376249409,0.715730825284));
#3502 = ( GEOMETRIC_REPRESENTATION_CONTEXT(2) 
PARAMETRIC_REPRESENTATION_CONTEXT() REPRESENTATION_CONTEXT('2D SPACE',''
  ) );
#3503 = PCURVE('',#3504,#3509);
#3504 = PLANE('',#3505);
#3505 = AXIS2_PLACEMENT_3D('',#3506,#3507,#3508);
#3506 = CARTESIAN_POINT('',(-19.5,-10.85646322805,200.63621224635));
#3507 = DIRECTION('',(-1.569974233609E-16,-0.715730825284,0.698376249409
    ));
#3508 = DIRECTION('',(-1.92674497189E-18,0.698376249409,0.715730825284)
  );
#3509 = DEFINITIONAL_REPRESENTATION('',(#3510),#3514);
#3510 = LINE('',#3511,#3512);
#3511 = CARTESIAN_POINT('',(-3.79549061376E-15,-38.3));
#3512 = VECTOR('',#3513,1.);
#3513 = DIRECTION('',(1.,0.));
#3514 = ( GEOMETRIC_REPRESENTATION_CONTEXT(2) 
PARAMETRIC_REPRESENTATION_CONTEXT() REPRESENTATION_CONTEXT('2D SPACE',''
  ) );
#3515 = ORIENTED_EDGE('',*,*,#3516,.T.);
#3516 = EDGE_CURVE('',#3489,#3517,#3519,.T.);
#3517 = VERTEX_POINT('',#3518);
#3518 = CARTESIAN_POINT('',(18.8,-10.33621224635,201.15646322805));
#3519 = SURFACE_CURVE('',#3520,(#3524,#3531),.PCURVE_S1.);
#3520 = LINE('',#3521,#3522);
#3521 = CARTESIAN_POINT('',(18.8,-10.5995301175,200.8995301175));
#3522 = VECTOR('',#3523,1.);
#3523 = DIRECTION('',(1.926744971891E-18,0.715730825284,0.698376249409)
  );
#3524 = PCURVE('',#297,#3525);
#3525 = DEFINITIONAL_REPRESENTATION('',(#3526),#3530);
#3526 = LINE('',#3527,#3528);
#3527 = CARTESIAN_POINT('',(10.599530117508,21.66156098868));
#3528 = VECTOR('',#3529,1.);
#3529 = DIRECTION('',(-0.715730825284,0.698376249409));
#3530 = ( GEOMETRIC_REPRESENTATION_CONTEXT(2) 
PARAMETRIC_REPRESENTATION_CONTEXT() REPRESENTATION_CONTEXT('2D SPACE',''
  ) );
#3531 = PCURVE('',#3532,#3537);
#3532 = PLANE('',#3533);
#3533 = AXIS2_PLACEMENT_3D('',#3534,#3535,#3536);
#3534 = CARTESIAN_POINT('',(-19.5,-10.5995301175,200.8995301175));
#3535 = DIRECTION('',(-1.569974233609E-16,-0.698376249409,0.715730825284
    ));
#3536 = DIRECTION('',(1.926744971891E-18,0.715730825284,0.698376249409)
  );
#3537 = DEFINITIONAL_REPRESENTATION('',(#3538),#3542);
#3538 = LINE('',#3539,#3540);
#3539 = CARTESIAN_POINT('',(-3.740385707564E-15,-38.3));
#3540 = VECTOR('',#3541,1.);
#3541 = DIRECTION('',(1.,0.));
#3542 = ( GEOMETRIC_REPRESENTATION_CONTEXT(2) 
PARAMETRIC_REPRESENTATION_CONTEXT() REPRESENTATION_CONTEXT('2D SPACE',''
  ) );
#3543 = ORIENTED_EDGE('',*,*,#3544,.T.);
#3544 = EDGE_CURVE('',#3517,#3545,#3547,.T.);
#3545 = VERTEX_POINT('',#3546);
#3546 = CARTESIAN_POINT('',(18.8,-10.06666822744,201.4068568111));
#3547 = SURFACE_CURVE('',#3548,(#3552,#3559),.PCURVE_S1.);
#3548 = LINE('',#3549,#3550);
#3549 = CARTESIAN_POINT('',(18.8,-10.33621224635,201.15646322805));
#3550 = VECTOR('',#3551,1.);
#3551 = DIRECTION('',(5.779074316531E-18,0.732654271672,0.680600997795)
  );
#3552 = PCURVE('',#297,#3553);
#3553 = DEFINITIONAL_REPRESENTATION('',(#3554),#3558);
#3554 = LINE('',#3555,#3556);
#3555 = CARTESIAN_POINT('',(10.336212246358,21.918494099229));
#3556 = VECTOR('',#3557,1.);
#3557 = DIRECTION('',(-0.732654271672,0.680600997795));
#3558 = ( GEOMETRIC_REPRESENTATION_CONTEXT(2) 
PARAMETRIC_REPRESENTATION_CONTEXT() REPRESENTATION_CONTEXT('2D SPACE',''
  ) );
#3559 = PCURVE('',#3560,#3565);
#3560 = PLANE('',#3561);
#3561 = AXIS2_PLACEMENT_3D('',#3562,#3563,#3564);
#3562 = CARTESIAN_POINT('',(-19.5,-10.33621224635,201.15646322805));
#3563 = DIRECTION('',(-1.569028539836E-16,-0.680600997795,0.732654271672
    ));
#3564 = DIRECTION('',(5.779074316531E-18,0.732654271672,0.680600997795)
  );
#3565 = DEFINITIONAL_REPRESENTATION('',(#3566),#3570);
#3566 = LINE('',#3567,#3568);
#3567 = CARTESIAN_POINT('',(-3.68302773288E-15,-38.3));
#3568 = VECTOR('',#3569,1.);
#3569 = DIRECTION('',(1.,0.));
#3570 = ( GEOMETRIC_REPRESENTATION_CONTEXT(2) 
PARAMETRIC_REPRESENTATION_CONTEXT() REPRESENTATION_CONTEXT('2D SPACE',''
  ) );
#3571 = ORIENTED_EDGE('',*,*,#3572,.T.);
#3572 = EDGE_CURVE('',#3545,#3573,#3575,.T.);
#3573 = VERTEX_POINT('',#3574);
#3574 = CARTESIAN_POINT('',(18.8,-9.791060424013,201.65056003892));
#3575 = SURFACE_CURVE('',#3576,(#3580,#3587),.PCURVE_S1.);
#3576 = LINE('',#3577,#3578);
#3577 = CARTESIAN_POINT('',(18.8,-10.06666822744,201.4068568111));
#3578 = VECTOR('',#3579,1.);
#3579 = DIRECTION('',(9.627922562906E-18,0.749136394523,0.66241577759));
#3580 = PCURVE('',#297,#3581);
#3581 = DEFINITIONAL_REPRESENTATION('',(#3582),#3586);
#3582 = LINE('',#3583,#3584);
#3583 = CARTESIAN_POINT('',(10.066668227447,22.168887682278));
#3584 = VECTOR('',#3585,1.);
#3585 = DIRECTION('',(-0.749136394523,0.66241577759));
#3586 = ( GEOMETRIC_REPRESENTATION_CONTEXT(2) 
PARAMETRIC_REPRESENTATION_CONTEXT() REPRESENTATION_CONTEXT('2D SPACE',''
  ) );
#3587 = PCURVE('',#3588,#3593);
#3588 = PLANE('',#3589);
#3589 = AXIS2_PLACEMENT_3D('',#3590,#3591,#3592);
#3590 = CARTESIAN_POINT('',(-19.5,-10.06666822744,201.4068568111));
#3591 = DIRECTION('',(-1.56713772194E-16,-0.66241577759,0.749136394523)
  );
#3592 = DIRECTION('',(9.627922562906E-18,0.749136394523,0.66241577759));
#3593 = DEFINITIONAL_REPRESENTATION('',(#3594),#3598);
#3594 = LINE('',#3595,#3596);
#3595 = CARTESIAN_POINT('',(-3.623451240007E-15,-38.3));
#3596 = VECTOR('',#3597,1.);
#3597 = DIRECTION('',(1.,0.));
#3598 = ( GEOMETRIC_REPRESENTATION_CONTEXT(2) 
PARAMETRIC_REPRESENTATION_CONTEXT() REPRESENTATION_CONTEXT('2D SPACE',''
  ) );
#3599 = ORIENTED_EDGE('',*,*,#3600,.T.);
#3600 = EDGE_CURVE('',#3573,#3601,#3603,.T.);
#3601 = VERTEX_POINT('',#3602);
#3602 = CARTESIAN_POINT('',(18.8,-9.50955485189,201.8874261138));
#3603 = SURFACE_CURVE('',#3604,(#3608,#3615),.PCURVE_S1.);
#3604 = LINE('',#3605,#3606);
#3605 = CARTESIAN_POINT('',(18.8,-9.791060424013,201.65056003892));
#3606 = VECTOR('',#3607,1.);
#3607 = DIRECTION('',(1.347097130873E-17,0.765167265622,0.64383154289));
#3608 = PCURVE('',#297,#3609);
#3609 = DEFINITIONAL_REPRESENTATION('',(#3610),#3614);
#3610 = LINE('',#3611,#3612);
#3611 = CARTESIAN_POINT('',(9.791060424013,22.412590910097));
#3612 = VECTOR('',#3613,1.);
#3613 = DIRECTION('',(-0.765167265622,0.64383154289));
#3614 = ( GEOMETRIC_REPRESENTATION_CONTEXT(2) 
PARAMETRIC_REPRESENTATION_CONTEXT() REPRESENTATION_CONTEXT('2D SPACE',''
  ) );
#3615 = PCURVE('',#3616,#3621);
#3616 = PLANE('',#3617);
#3617 = AXIS2_PLACEMENT_3D('',#3618,#3619,#3620);
#3618 = CARTESIAN_POINT('',(-19.5,-9.791060424013,201.65056003892));
#3619 = DIRECTION('',(-1.56430291888E-16,-0.64383154289,0.765167265622)
  );
#3620 = DIRECTION('',(1.347097130873E-17,0.765167265622,0.64383154289));
#3621 = DEFINITIONAL_REPRESENTATION('',(#3622),#3626);
#3622 = LINE('',#3623,#3624);
#3623 = CARTESIAN_POINT('',(-3.561692115597E-15,-38.3));
#3624 = VECTOR('',#3625,1.);
#3625 = DIRECTION('',(1.,0.));
#3626 = ( GEOMETRIC_REPRESENTATION_CONTEXT(2) 
PARAMETRIC_REPRESENTATION_CONTEXT() REPRESENTATION_CONTEXT('2D SPACE',''
  ) );
#3627 = ORIENTED_EDGE('',*,*,#3628,.T.);
#3628 = EDGE_CURVE('',#3601,#3629,#3631,.T.);
#3629 = VERTEX_POINT('',#3630);
#3630 = CARTESIAN_POINT('',(18.8,-9.222321079511,202.11731235646));
#3631 = SURFACE_CURVE('',#3632,(#3636,#3643),.PCURVE_S1.);
#3632 = LINE('',#3633,#3634);
#3633 = CARTESIAN_POINT('',(18.8,-9.50955485189,201.8874261138));
#3634 = VECTOR('',#3635,1.);
#3635 = DIRECTION('',(1.730590564516E-17,0.780737228572,0.624859488142)
  );
#3636 = PCURVE('',#297,#3637);
#3637 = DEFINITIONAL_REPRESENTATION('',(#3638),#3642);
#3638 = LINE('',#3639,#3640);
#3639 = CARTESIAN_POINT('',(9.50955485189,22.649456984973));
#3640 = VECTOR('',#3641,1.);
#3641 = DIRECTION('',(-0.780737228572,0.624859488142));
#3642 = ( GEOMETRIC_REPRESENTATION_CONTEXT(2) 
PARAMETRIC_REPRESENTATION_CONTEXT() REPRESENTATION_CONTEXT('2D SPACE',''
  ) );
#3643 = PCURVE('',#3644,#3649);
#3644 = PLANE('',#3645);
#3645 = AXIS2_PLACEMENT_3D('',#3646,#3647,#3648);
#3646 = CARTESIAN_POINT('',(-19.5,-9.50955485189,201.8874261138));
#3647 = DIRECTION('',(-1.560525838234E-16,-0.624859488142,0.780737228572
    ));
#3648 = DIRECTION('',(1.730590564516E-17,0.780737228572,0.624859488142)
  );
#3649 = DEFINITIONAL_REPRESENTATION('',(#3650),#3654);
#3650 = LINE('',#3651,#3652);
#3651 = CARTESIAN_POINT('',(-3.497787561036E-15,-38.3));
#3652 = VECTOR('',#3653,1.);
#3653 = DIRECTION('',(1.,0.));
#3654 = ( GEOMETRIC_REPRESENTATION_CONTEXT(2) 
PARAMETRIC_REPRESENTATION_CONTEXT() REPRESENTATION_CONTEXT('2D SPACE',''
  ) );
#3655 = ORIENTED_EDGE('',*,*,#3656,.T.);
#3656 = EDGE_CURVE('',#3629,#3657,#3659,.T.);
#3657 = VERTEX_POINT('',#3658);
#3658 = CARTESIAN_POINT('',(18.8,-8.929532125757,202.34008029204));
#3659 = SURFACE_CURVE('',#3660,(#3664,#3671),.PCURVE_S1.);
#3660 = LINE('',#3661,#3662);
#3661 = CARTESIAN_POINT('',(18.8,-9.222321079511,202.11731235646));
#3662 = VECTOR('',#3663,1.);
#3663 = DIRECTION('',(2.113041555114E-17,0.795836904609,0.605511041404)
  );
#3664 = PCURVE('',#297,#3665);
#3665 = DEFINITIONAL_REPRESENTATION('',(#3666),#3670);
#3666 = LINE('',#3667,#3668);
#3667 = CARTESIAN_POINT('',(9.222321079511,22.87934322764));
#3668 = VECTOR('',#3669,1.);
#3669 = DIRECTION('',(-0.795836904609,0.605511041404));
#3670 = ( GEOMETRIC_REPRESENTATION_CONTEXT(2) 
PARAMETRIC_REPRESENTATION_CONTEXT() REPRESENTATION_CONTEXT('2D SPACE',''
  ) );
#3671 = PCURVE('',#3672,#3677);
#3672 = PLANE('',#3673);
#3673 = AXIS2_PLACEMENT_3D('',#3674,#3675,#3676);
#3674 = CARTESIAN_POINT('',(-19.5,-9.222321079511,202.11731235646));
#3675 = DIRECTION('',(-1.555808755175E-16,-0.605511041404,0.795836904609
    ));
#3676 = DIRECTION('',(2.113041555114E-17,0.795836904609,0.605511041404)
  );
#3677 = DEFINITIONAL_REPRESENTATION('',(#3678),#3682);
#3678 = LINE('',#3679,#3680);
#3679 = CARTESIAN_POINT('',(-3.431776070039E-15,-38.3));
#3680 = VECTOR('',#3681,1.);
#3681 = DIRECTION('',(1.,0.));
#3682 = ( GEOMETRIC_REPRESENTATION_CONTEXT(2) 
PARAMETRIC_REPRESENTATION_CONTEXT() REPRESENTATION_CONTEXT('2D SPACE',''
  ) );
#3683 = ORIENTED_EDGE('',*,*,#3684,.T.);
#3684 = EDGE_CURVE('',#3657,#3685,#3687,.T.);
#3685 = VERTEX_POINT('',#3686);
#3686 = CARTESIAN_POINT('',(18.8,-8.631364355748,202.55559573346));
#3687 = SURFACE_CURVE('',#3688,(#3692,#3699),.PCURVE_S1.);
#3688 = LINE('',#3689,#3690);
#3689 = CARTESIAN_POINT('',(18.8,-8.929532125757,202.34008029204));
#3690 = VECTOR('',#3691,1.);
#3691 = DIRECTION('',(2.49421972849E-17,0.810457198253,0.585797857456));
#3692 = PCURVE('',#297,#3693);
#3693 = DEFINITIONAL_REPRESENTATION('',(#3694),#3698);
#3694 = LINE('',#3695,#3696);
#3695 = CARTESIAN_POINT('',(8.929532125757,23.102111163221));
#3696 = VECTOR('',#3697,1.);
#3697 = DIRECTION('',(-0.810457198253,0.585797857456));
#3698 = ( GEOMETRIC_REPRESENTATION_CONTEXT(2) 
PARAMETRIC_REPRESENTATION_CONTEXT() REPRESENTATION_CONTEXT('2D SPACE',''
  ) );
#3699 = PCURVE('',#3700,#3705);
#3700 = PLANE('',#3701);
#3701 = AXIS2_PLACEMENT_3D('',#3702,#3703,#3704);
#3702 = CARTESIAN_POINT('',(-19.5,-8.929532125757,202.34008029204));
#3703 = DIRECTION('',(-1.550154511097E-16,-0.585797857456,0.810457198253
    ));
#3704 = DIRECTION('',(2.49421972849E-17,0.810457198253,0.585797857456));
#3705 = DEFINITIONAL_REPRESENTATION('',(#3706),#3710);
#3706 = LINE('',#3707,#3708);
#3707 = CARTESIAN_POINT('',(-3.36369740546E-15,-38.3));
#3708 = VECTOR('',#3709,1.);
#3709 = DIRECTION('',(1.,0.));
#3710 = ( GEOMETRIC_REPRESENTATION_CONTEXT(2) 
PARAMETRIC_REPRESENTATION_CONTEXT() REPRESENTATION_CONTEXT('2D SPACE',''
  ) );
#3711 = ORIENTED_EDGE('',*,*,#3712,.T.);
#3712 = EDGE_CURVE('',#3685,#3713,#3715,.T.);
#3713 = VERTEX_POINT('',#3714);
#3714 = CARTESIAN_POINT('',(18.8,-8.327997374598,202.76372886228));
#3715 = SURFACE_CURVE('',#3716,(#3720,#3727),.PCURVE_S1.);
#3716 = LINE('',#3717,#3718);
#3717 = CARTESIAN_POINT('',(18.8,-8.631364355748,202.55559573346));
#3718 = VECTOR('',#3719,1.);
#3719 = DIRECTION('',(2.873895477166E-17,0.824589302785,0.565731810784)
  );
#3720 = PCURVE('',#297,#3721);
#3721 = DEFINITIONAL_REPRESENTATION('',(#3722),#3726);
#3722 = LINE('',#3723,#3724);
#3723 = CARTESIAN_POINT('',(8.631364355748,23.317626604641));
#3724 = VECTOR('',#3725,1.);
#3725 = DIRECTION('',(-0.824589302785,0.565731810784));
#3726 = ( GEOMETRIC_REPRESENTATION_CONTEXT(2) 
PARAMETRIC_REPRESENTATION_CONTEXT() REPRESENTATION_CONTEXT('2D SPACE',''
  ) );
#3727 = PCURVE('',#3728,#3733);
#3728 = PLANE('',#3729);
#3729 = AXIS2_PLACEMENT_3D('',#3730,#3731,#3732);
#3730 = CARTESIAN_POINT('',(-19.5,-8.631364355748,202.55559573346));
#3731 = DIRECTION('',(-1.543566511906E-16,-0.565731810784,0.824589302785
    ));
#3732 = DIRECTION('',(2.873895477166E-17,0.824589302785,0.565731810784)
  );
#3733 = DEFINITIONAL_REPRESENTATION('',(#3734),#3738);
#3734 = LINE('',#3735,#3736);
#3735 = CARTESIAN_POINT('',(-3.293592575341E-15,-38.3));
#3736 = VECTOR('',#3737,1.);
#3737 = DIRECTION('',(1.,0.));
#3738 = ( GEOMETRIC_REPRESENTATION_CONTEXT(2) 
PARAMETRIC_REPRESENTATION_CONTEXT() REPRESENTATION_CONTEXT('2D SPACE',''
  ) );
#3739 = ORIENTED_EDGE('',*,*,#3740,.T.);
#3740 = EDGE_CURVE('',#3713,#3741,#3743,.T.);
#3741 = VERTEX_POINT('',#3742);
#3742 = CARTESIAN_POINT('',(18.8,-8.019613919234,202.96435430688));
#3743 = SURFACE_CURVE('',#3744,(#3748,#3755),.PCURVE_S1.);
#3744 = LINE('',#3745,#3746);
#3745 = CARTESIAN_POINT('',(18.8,-8.327997374598,202.76372886228));
#3746 = VECTOR('',#3747,1.);
#3747 = DIRECTION('',(3.251840098671E-17,0.838224705555,0.545324988422)
  );
#3748 = PCURVE('',#297,#3749);
#3749 = DEFINITIONAL_REPRESENTATION('',(#3750),#3754);
#3750 = LINE('',#3751,#3752);
#3751 = CARTESIAN_POINT('',(8.327997374598,23.525759733459));
#3752 = VECTOR('',#3753,1.);
#3753 = DIRECTION('',(-0.838224705555,0.545324988422));
#3754 = ( GEOMETRIC_REPRESENTATION_CONTEXT(2) 
PARAMETRIC_REPRESENTATION_CONTEXT() REPRESENTATION_CONTEXT('2D SPACE',''
  ) );
#3755 = PCURVE('',#3756,#3761);
#3756 = PLANE('',#3757);
#3757 = AXIS2_PLACEMENT_3D('',#3758,#3759,#3760);
#3758 = CARTESIAN_POINT('',(-19.5,-8.327997374598,202.76372886228));
#3759 = DIRECTION('',(-1.536048725966E-16,-0.545324988422,0.838224705555
    ));
#3760 = DIRECTION('',(3.251840098671E-17,0.838224705555,0.545324988422)
  );
#3761 = DEFINITIONAL_REPRESENTATION('',(#3762),#3766);
#3762 = LINE('',#3763,#3764);
#3763 = CARTESIAN_POINT('',(-3.221503808209E-15,-38.3));
#3764 = VECTOR('',#3765,1.);
#3765 = DIRECTION('',(1.,0.));
#3766 = ( GEOMETRIC_REPRESENTATION_CONTEXT(2) 
PARAMETRIC_REPRESENTATION_CONTEXT() REPRESENTATION_CONTEXT('2D SPACE',''
  ) );
#3767 = ORIENTED_EDGE('',*,*,#3768,.T.);
#3768 = EDGE_CURVE('',#3741,#3769,#3771,.T.);
#3769 = VERTEX_POINT('',#3770);
#3770 = CARTESIAN_POINT('',(18.8,-7.706399748317,203.157351218));
#3771 = SURFACE_CURVE('',#3772,(#3776,#3783),.PCURVE_S1.);
#3772 = LINE('',#3773,#3774);
#3773 = CARTESIAN_POINT('',(18.8,-8.019613919234,202.96435430688));
#3774 = VECTOR('',#3775,1.);
#3775 = DIRECTION('',(3.627825933292E-17,0.851355193105,0.524589682678)
  );
#3776 = PCURVE('',#297,#3777);
#3777 = DEFINITIONAL_REPRESENTATION('',(#3778),#3782);
#3778 = LINE('',#3779,#3780);
#3779 = CARTESIAN_POINT('',(8.019613919234,23.726385178058));
#3780 = VECTOR('',#3781,1.);
#3781 = DIRECTION('',(-0.851355193105,0.524589682678));
#3782 = ( GEOMETRIC_REPRESENTATION_CONTEXT(2) 
PARAMETRIC_REPRESENTATION_CONTEXT() REPRESENTATION_CONTEXT('2D SPACE',''
  ) );
#3783 = PCURVE('',#3784,#3789);
#3784 = PLANE('',#3785);
#3785 = AXIS2_PLACEMENT_3D('',#3786,#3787,#3788);
#3786 = CARTESIAN_POINT('',(-19.5,-8.019613919234,202.96435430688));
#3787 = DIRECTION('',(-1.52760568171E-16,-0.524589682678,0.851355193105)
  );
#3788 = DIRECTION('',(3.627825933292E-17,0.851355193105,0.524589682678)
  );
#3789 = DEFINITIONAL_REPRESENTATION('',(#3790),#3794);
#3790 = LINE('',#3791,#3792);
#3791 = CARTESIAN_POINT('',(-3.147474527644E-15,-38.3));
#3792 = VECTOR('',#3793,1.);
#3793 = DIRECTION('',(1.,0.));
#3794 = ( GEOMETRIC_REPRESENTATION_CONTEXT(2) 
PARAMETRIC_REPRESENTATION_CONTEXT() REPRESENTATION_CONTEXT('2D SPACE',''
  ) );
#3795 = ORIENTED_EDGE('',*,*,#3796,.T.);
#3796 = EDGE_CURVE('',#3769,#3797,#3799,.T.);
#3797 = VERTEX_POINT('',#3798);
#3798 = CARTESIAN_POINT('',(18.8,-7.388543530354,203.34260334151));
#3799 = SURFACE_CURVE('',#3800,(#3804,#3811),.PCURVE_S1.);
#3800 = LINE('',#3801,#3802);
#3801 = CARTESIAN_POINT('',(18.8,-7.706399748317,203.157351218));
#3802 = VECTOR('',#3803,1.);
#3803 = DIRECTION('',(4.001626501226E-17,0.863972856122,0.503538383726)
  );
#3804 = PCURVE('',#297,#3805);
#3805 = DEFINITIONAL_REPRESENTATION('',(#3806),#3810);
#3806 = LINE('',#3807,#3808);
#3807 = CARTESIAN_POINT('',(7.706399748317,23.919382089174));
#3808 = VECTOR('',#3809,1.);
#3809 = DIRECTION('',(-0.863972856122,0.503538383726));
#3810 = ( GEOMETRIC_REPRESENTATION_CONTEXT(2) 
PARAMETRIC_REPRESENTATION_CONTEXT() REPRESENTATION_CONTEXT('2D SPACE',''
  ) );
#3811 = PCURVE('',#3812,#3817);
#3812 = PLANE('',#3813);
#3813 = AXIS2_PLACEMENT_3D('',#3814,#3815,#3816);
#3814 = CARTESIAN_POINT('',(-19.5,-7.706399748317,203.157351218));
#3815 = DIRECTION('',(-1.518242464912E-16,-0.503538383726,0.863972856122
    ));
#3816 = DIRECTION('',(4.001626501226E-17,0.863972856122,0.503538383726)
  );
#3817 = DEFINITIONAL_REPRESENTATION('',(#3818),#3822);
#3818 = LINE('',#3819,#3820);
#3819 = CARTESIAN_POINT('',(-3.071549326114E-15,-38.3));
#3820 = VECTOR('',#3821,1.);
#3821 = DIRECTION('',(1.,0.));
#3822 = ( GEOMETRIC_REPRESENTATION_CONTEXT(2) 
PARAMETRIC_REPRESENTATION_CONTEXT() REPRESENTATION_CONTEXT('2D SPACE',''
  ) );
#3823 = ORIENTED_EDGE('',*,*,#3824,.T.);
#3824 = EDGE_CURVE('',#3797,#3825,#3827,.T.);
#3825 = VERTEX_POINT('',#3826);
#3826 = CARTESIAN_POINT('',(18.8,-7.066236730041,203.51999908846));
#3827 = SURFACE_CURVE('',#3828,(#3832,#3839),.PCURVE_S1.);
#3828 = LINE('',#3829,#3830);
#3829 = CARTESIAN_POINT('',(18.8,-7.388543530354,203.34260334151));
#3830 = VECTOR('',#3831,1.);
#3831 = DIRECTION('',(4.373016638984E-17,0.876070094195,0.482183772079)
  );
#3832 = PCURVE('',#297,#3833);
#3833 = DEFINITIONAL_REPRESENTATION('',(#3834),#3838);
#3834 = LINE('',#3835,#3836);
#3835 = CARTESIAN_POINT('',(7.388543530354,24.104634212683));
#3836 = VECTOR('',#3837,1.);
#3837 = DIRECTION('',(-0.876070094195,0.482183772079));
#3838 = ( GEOMETRIC_REPRESENTATION_CONTEXT(2) 
PARAMETRIC_REPRESENTATION_CONTEXT() REPRESENTATION_CONTEXT('2D SPACE',''
  ) );
#3839 = PCURVE('',#3840,#3845);
#3840 = PLANE('',#3841);
#3841 = AXIS2_PLACEMENT_3D('',#3842,#3843,#3844);
#3842 = CARTESIAN_POINT('',(-19.5,-7.388543530354,203.34260334151));
#3843 = DIRECTION('',(-1.507964715624E-16,-0.482183772079,0.876070094195
    ));
#3844 = DIRECTION('',(4.373016638984E-17,0.876070094195,0.482183772079)
  );
#3845 = DEFINITIONAL_REPRESENTATION('',(#3846),#3850);
#3846 = LINE('',#3847,#3848);
#3847 = CARTESIAN_POINT('',(-2.993773938123E-15,-38.3));
#3848 = VECTOR('',#3849,1.);
#3849 = DIRECTION('',(1.,0.));
#3850 = ( GEOMETRIC_REPRESENTATION_CONTEXT(2) 
PARAMETRIC_REPRESENTATION_CONTEXT() REPRESENTATION_CONTEXT('2D SPACE',''
  ) );
#3851 = ORIENTED_EDGE('',*,*,#3852,.T.);
#3852 = EDGE_CURVE('',#3825,#3853,#3855,.T.);
#3853 = VERTEX_POINT('',#3854);
#3854 = CARTESIAN_POINT('',(18.8,-6.739673492948,203.68943160228));
#3855 = SURFACE_CURVE('',#3856,(#3860,#3867),.PCURVE_S1.);
#3856 = LINE('',#3857,#3858);
#3857 = CARTESIAN_POINT('',(18.8,-7.066236730041,203.51999908846));
#3858 = VECTOR('',#3859,1.);
#3859 = DIRECTION('',(4.741772635038E-17,0.887639620403,0.460538710958)
  );
#3860 = PCURVE('',#297,#3861);
#3861 = DEFINITIONAL_REPRESENTATION('',(#3862),#3866);
#3862 = LINE('',#3863,#3864);
#3863 = CARTESIAN_POINT('',(7.066236730041,24.282029959634));
#3864 = VECTOR('',#3865,1.);
#3865 = DIRECTION('',(-0.887639620403,0.460538710958));
#3866 = ( GEOMETRIC_REPRESENTATION_CONTEXT(2) 
PARAMETRIC_REPRESENTATION_CONTEXT() REPRESENTATION_CONTEXT('2D SPACE',''
  ) );
#3867 = PCURVE('',#3868,#3873);
#3868 = PLANE('',#3869);
#3869 = AXIS2_PLACEMENT_3D('',#3870,#3871,#3872);
#3870 = CARTESIAN_POINT('',(-19.5,-7.066236730041,203.51999908846));
#3871 = DIRECTION('',(-1.496778624778E-16,-0.460538710958,0.887639620403
    ));
#3872 = DIRECTION('',(4.741772635038E-17,0.887639620403,0.460538710958)
  );
#3873 = DEFINITIONAL_REPRESENTATION('',(#3874),#3878);
#3874 = LINE('',#3875,#3876);
#3875 = CARTESIAN_POINT('',(-2.914195212656E-15,-38.3));
#3876 = VECTOR('',#3877,1.);
#3877 = DIRECTION('',(1.,0.));
#3878 = ( GEOMETRIC_REPRESENTATION_CONTEXT(2) 
PARAMETRIC_REPRESENTATION_CONTEXT() REPRESENTATION_CONTEXT('2D SPACE',''
  ) );
#3879 = ORIENTED_EDGE('',*,*,#3880,.T.);
#3880 = EDGE_CURVE('',#3853,#3881,#3883,.T.);
#3881 = VERTEX_POINT('',#3882);
#3882 = CARTESIAN_POINT('',(18.8,-6.409050528555,203.85079882318));
#3883 = SURFACE_CURVE('',#3884,(#3888,#3895),.PCURVE_S1.);
#3884 = LINE('',#3885,#3886);
#3885 = CARTESIAN_POINT('',(18.8,-6.739673492948,203.68943160228));
#3886 = VECTOR('',#3887,1.);
#3887 = DIRECTION('',(5.107672364561E-17,0.898674465694,0.438616238539)
  );
#3888 = PCURVE('',#297,#3889);
#3889 = DEFINITIONAL_REPRESENTATION('',(#3890),#3894);
#3890 = LINE('',#3891,#3892);
#3891 = CARTESIAN_POINT('',(6.739673492948,24.451462473461));
#3892 = VECTOR('',#3893,1.);
#3893 = DIRECTION('',(-0.898674465694,0.438616238539));
#3894 = ( GEOMETRIC_REPRESENTATION_CONTEXT(2) 
PARAMETRIC_REPRESENTATION_CONTEXT() REPRESENTATION_CONTEXT('2D SPACE',''
  ) );
#3895 = PCURVE('',#3896,#3901);
#3896 = PLANE('',#3897);
#3897 = AXIS2_PLACEMENT_3D('',#3898,#3899,#3900);
#3898 = CARTESIAN_POINT('',(-19.5,-6.739673492948,203.68943160228));
#3899 = DIRECTION('',(-1.484690930456E-16,-0.438616238539,0.898674465694
    ));
#3900 = DIRECTION('',(5.107672364561E-17,0.898674465694,0.438616238539)
  );
#3901 = DEFINITIONAL_REPRESENTATION('',(#3902),#3906);
#3902 = LINE('',#3903,#3904);
#3903 = CARTESIAN_POINT('',(-2.832861084963E-15,-38.3));
#3904 = VECTOR('',#3905,1.);
#3905 = DIRECTION('',(1.,0.));
#3906 = ( GEOMETRIC_REPRESENTATION_CONTEXT(2) 
PARAMETRIC_REPRESENTATION_CONTEXT() REPRESENTATION_CONTEXT('2D SPACE',''
  ) );
#3907 = ORIENTED_EDGE('',*,*,#3908,.T.);
#3908 = EDGE_CURVE('',#3881,#3909,#3911,.T.);
#3909 = VERTEX_POINT('',#3910);
#3910 = CARTESIAN_POINT('',(18.8,-6.074566991773,204.00400354956));
#3911 = SURFACE_CURVE('',#3912,(#3916,#3923),.PCURVE_S1.);
#3912 = LINE('',#3913,#3914);
#3913 = CARTESIAN_POINT('',(18.8,-6.409050528555,203.85079882318));
#3914 = VECTOR('',#3915,1.);
#3915 = DIRECTION('',(5.470495423243E-17,0.909167983091,0.416429560098)
  );
#3916 = PCURVE('',#297,#3917);
#3917 = DEFINITIONAL_REPRESENTATION('',(#3918),#3922);
#3918 = LINE('',#3919,#3920);
#3919 = CARTESIAN_POINT('',(6.409050528555,24.612829694354));
#3920 = VECTOR('',#3921,1.);
#3921 = DIRECTION('',(-0.909167983091,0.416429560098));
#3922 = ( GEOMETRIC_REPRESENTATION_CONTEXT(2) 
PARAMETRIC_REPRESENTATION_CONTEXT() REPRESENTATION_CONTEXT('2D SPACE',''
  ) );
#3923 = PCURVE('',#3924,#3929);
#3924 = PLANE('',#3925);
#3925 = AXIS2_PLACEMENT_3D('',#3926,#3927,#3928);
#3926 = CARTESIAN_POINT('',(-19.5,-6.409050528555,203.85079882318));
#3927 = DIRECTION('',(-1.471708913834E-16,-0.416429560098,0.909167983091
    ));
#3928 = DIRECTION('',(5.470495423243E-17,0.909167983091,0.416429560098)
  );
#3929 = DEFINITIONAL_REPRESENTATION('',(#3930),#3934);
#3930 = LINE('',#3931,#3932);
#3931 = CARTESIAN_POINT('',(-2.749820547678E-15,-38.3));
#3932 = VECTOR('',#3933,1.);
#3933 = DIRECTION('',(1.,0.));
#3934 = ( GEOMETRIC_REPRESENTATION_CONTEXT(2) 
PARAMETRIC_REPRESENTATION_CONTEXT() REPRESENTATION_CONTEXT('2D SPACE',''
  ) );
#3935 = ORIENTED_EDGE('',*,*,#3936,.T.);
#3936 = EDGE_CURVE('',#3909,#3937,#3939,.T.);
#3937 = VERTEX_POINT('',#3938);
#3938 = CARTESIAN_POINT('',(18.8,-5.736424362977,204.14895349662));
#3939 = SURFACE_CURVE('',#3940,(#3944,#3951),.PCURVE_S1.);
#3940 = LINE('',#3941,#3942);
#3941 = CARTESIAN_POINT('',(18.8,-6.074566991773,204.00400354956));
#3942 = VECTOR('',#3943,1.);
#3943 = DIRECTION('',(5.830023260034E-17,0.91911385169,0.393992040061));
#3944 = PCURVE('',#297,#3945);
#3945 = DEFINITIONAL_REPRESENTATION('',(#3946),#3950);
#3946 = LINE('',#3947,#3948);
#3947 = CARTESIAN_POINT('',(6.074566991773,24.766034420733));
#3948 = VECTOR('',#3949,1.);
#3949 = DIRECTION('',(-0.91911385169,0.393992040061));
#3950 = ( GEOMETRIC_REPRESENTATION_CONTEXT(2) 
PARAMETRIC_REPRESENTATION_CONTEXT() REPRESENTATION_CONTEXT('2D SPACE',''
  ) );
#3951 = PCURVE('',#3952,#3957);
#3952 = PLANE('',#3953);
#3953 = AXIS2_PLACEMENT_3D('',#3954,#3955,#3956);
#3954 = CARTESIAN_POINT('',(-19.5,-6.074566991773,204.00400354956));
#3955 = DIRECTION('',(-1.457840394793E-16,-0.393992040061,0.91911385169)
  );
#3956 = DIRECTION('',(5.830023260034E-17,0.91911385169,0.393992040061));
#3957 = DEFINITIONAL_REPRESENTATION('',(#3958),#3962);
#3958 = LINE('',#3959,#3960);
#3959 = CARTESIAN_POINT('',(-2.665123621319E-15,-38.3));
#3960 = VECTOR('',#3961,1.);
#3961 = DIRECTION('',(1.,0.));
#3962 = ( GEOMETRIC_REPRESENTATION_CONTEXT(2) 
PARAMETRIC_REPRESENTATION_CONTEXT() REPRESENTATION_CONTEXT('2D SPACE',''
  ) );
#3963 = ORIENTED_EDGE('',*,*,#3964,.T.);
#3964 = EDGE_CURVE('',#3937,#3965,#3967,.T.);
#3965 = VERTEX_POINT('',#3966);
#3966 = CARTESIAN_POINT('',(18.8,-5.394826326645,204.28556135195));
#3967 = SURFACE_CURVE('',#3968,(#3972,#3979),.PCURVE_S1.);
#3968 = LINE('',#3969,#3970);
#3969 = CARTESIAN_POINT('',(18.8,-5.736424362977,204.14895349662));
#3970 = VECTOR('',#3971,1.);
#3971 = DIRECTION('',(6.186039308812E-17,0.928506080473,0.371317193952)
  );
#3972 = PCURVE('',#297,#3973);
#3973 = DEFINITIONAL_REPRESENTATION('',(#3974),#3978);
#3974 = LINE('',#3975,#3976);
#3975 = CARTESIAN_POINT('',(5.736424362977,24.9109843678));
#3976 = VECTOR('',#3977,1.);
#3977 = DIRECTION('',(-0.928506080473,0.371317193952));
#3978 = ( GEOMETRIC_REPRESENTATION_CONTEXT(2) 
PARAMETRIC_REPRESENTATION_CONTEXT() REPRESENTATION_CONTEXT('2D SPACE',''
  ) );
#3979 = PCURVE('',#3980,#3985);
#3980 = PLANE('',#3981);
#3981 = AXIS2_PLACEMENT_3D('',#3982,#3983,#3984);
#3982 = CARTESIAN_POINT('',(-19.5,-5.736424362977,204.14895349662));
#3983 = DIRECTION('',(-1.44309372721E-16,-0.371317193952,0.928506080473)
  );
#3984 = DIRECTION('',(6.186039308812E-17,0.928506080473,0.371317193952)
  );
#3985 = DEFINITIONAL_REPRESENTATION('',(#3986),#3990);
#3986 = LINE('',#3987,#3988);
#3987 = CARTESIAN_POINT('',(-2.578821324145E-15,-38.3));
#3988 = VECTOR('',#3989,1.);
#3989 = DIRECTION('',(1.,0.));
#3990 = ( GEOMETRIC_REPRESENTATION_CONTEXT(2) 
PARAMETRIC_REPRESENTATION_CONTEXT() REPRESENTATION_CONTEXT('2D SPACE',''
  ) );
#3991 = ORIENTED_EDGE('',*,*,#3992,.T.);
#3992 = EDGE_CURVE('',#3965,#3993,#3995,.T.);
#3993 = VERTEX_POINT('',#3994);
#3994 = CARTESIAN_POINT('',(18.8,-5.049978648658,204.41374482807));
#3995 = SURFACE_CURVE('',#3996,(#4000,#4007),.PCURVE_S1.);
#3996 = LINE('',#3997,#3998);
#3997 = CARTESIAN_POINT('',(18.8,-5.394826326645,204.28556135195));
#3998 = VECTOR('',#3999,1.);
#3999 = DIRECTION('',(6.538329118825E-17,0.937339011913,0.348418680249)
  );
#4000 = PCURVE('',#297,#4001);
#4001 = DEFINITIONAL_REPRESENTATION('',(#4002),#4006);
#4002 = LINE('',#4003,#4004);
#4003 = CARTESIAN_POINT('',(5.394826326645,25.047592223126));
#4004 = VECTOR('',#4005,1.);
#4005 = DIRECTION('',(-0.937339011913,0.348418680249));
#4006 = ( GEOMETRIC_REPRESENTATION_CONTEXT(2) 
PARAMETRIC_REPRESENTATION_CONTEXT() REPRESENTATION_CONTEXT('2D SPACE',''
  ) );
#4007 = PCURVE('',#4008,#4013);
#4008 = PLANE('',#4009);
#4009 = AXIS2_PLACEMENT_3D('',#4010,#4011,#4012);
#4010 = CARTESIAN_POINT('',(-19.5,-5.394826326645,204.28556135195));
#4011 = DIRECTION('',(-1.427477793927E-16,-0.348418680249,0.937339011913
    ));
#4012 = DIRECTION('',(6.538329118825E-17,0.937339011913,0.348418680249)
  );
#4013 = DEFINITIONAL_REPRESENTATION('',(#4014),#4018);
#4014 = LINE('',#4015,#4016);
#4015 = CARTESIAN_POINT('',(-2.490965641433E-15,-38.3));
#4016 = VECTOR('',#4017,1.);
#4017 = DIRECTION('',(1.,0.));
#4018 = ( GEOMETRIC_REPRESENTATION_CONTEXT(2) 
PARAMETRIC_REPRESENTATION_CONTEXT() REPRESENTATION_CONTEXT('2D SPACE',''
  ) );
#4019 = ORIENTED_EDGE('',*,*,#4020,.T.);
#4020 = EDGE_CURVE('',#3993,#4021,#4023,.T.);
#4021 = VERTEX_POINT('',#4022);
#4022 = CARTESIAN_POINT('',(18.8,-4.702089052366,204.53342671205));
#4023 = SURFACE_CURVE('',#4024,(#4028,#4035),.PCURVE_S1.);
#4024 = LINE('',#4025,#4026);
#4025 = CARTESIAN_POINT('',(18.8,-5.049978648658,204.41374482807));
#4026 = VECTOR('',#4027,1.);
#4027 = DIRECTION('',(6.886680483855E-17,0.945607325381,0.325310292162)
  );
#4028 = PCURVE('',#297,#4029);
#4029 = DEFINITIONAL_REPRESENTATION('',(#4030),#4034);
#4030 = LINE('',#4031,#4032);
#4031 = CARTESIAN_POINT('',(5.049978648658,25.175775699247));
#4032 = VECTOR('',#4033,1.);
#4033 = DIRECTION('',(-0.945607325381,0.325310292162));
#4034 = ( GEOMETRIC_REPRESENTATION_CONTEXT(2) 
PARAMETRIC_REPRESENTATION_CONTEXT() REPRESENTATION_CONTEXT('2D SPACE',''
  ) );
#4035 = PCURVE('',#4036,#4041);
#4036 = PLANE('',#4037);
#4037 = AXIS2_PLACEMENT_3D('',#4038,#4039,#4040);
#4038 = CARTESIAN_POINT('',(-19.5,-5.049978648658,204.41374482807));
#4039 = DIRECTION('',(-1.411002001398E-16,-0.325310292162,0.945607325381
    ));
#4040 = DIRECTION('',(6.886680483855E-17,0.945607325381,0.325310292162)
  );
#4041 = DEFINITIONAL_REPRESENTATION('',(#4042),#4046);
#4042 = LINE('',#4043,#4044);
#4043 = CARTESIAN_POINT('',(-2.401609494163E-15,-38.3));
#4044 = VECTOR('',#4045,1.);
#4045 = DIRECTION('',(1.,0.));
#4046 = ( GEOMETRIC_REPRESENTATION_CONTEXT(2) 
PARAMETRIC_REPRESENTATION_CONTEXT() REPRESENTATION_CONTEXT('2D SPACE',''
  ) );
#4047 = ORIENTED_EDGE('',*,*,#4048,.T.);
#4048 = EDGE_CURVE('',#4021,#4049,#4051,.T.);
#4049 = VERTEX_POINT('',#4050);
#4050 = CARTESIAN_POINT('',(18.8,-4.351367093449,204.64453491201));
#4051 = SURFACE_CURVE('',#4052,(#4056,#4063),.PCURVE_S1.);
#4052 = LINE('',#4053,#4054);
#4053 = CARTESIAN_POINT('',(18.8,-4.702089052366,204.53342671205));
#4054 = VECTOR('',#4055,1.);
#4055 = DIRECTION('',(7.230883570074E-17,0.953306040354,0.302005949319)
  );
#4056 = PCURVE('',#297,#4057);
#4057 = DEFINITIONAL_REPRESENTATION('',(#4058),#4062);
#4058 = LINE('',#4059,#4060);
#4059 = CARTESIAN_POINT('',(4.702089052366,25.29545758323));
#4060 = VECTOR('',#4061,1.);
#4061 = DIRECTION('',(-0.953306040354,0.302005949319));
#4062 = ( GEOMETRIC_REPRESENTATION_CONTEXT(2) 
PARAMETRIC_REPRESENTATION_CONTEXT() REPRESENTATION_CONTEXT('2D SPACE',''
  ) );
#4063 = PCURVE('',#4064,#4069);
#4064 = PLANE('',#4065);
#4065 = AXIS2_PLACEMENT_3D('',#4066,#4067,#4068);
#4066 = CARTESIAN_POINT('',(-19.5,-4.702089052366,204.53342671205));
#4067 = DIRECTION('',(-1.393676274023E-16,-0.302005949319,0.953306040354
    ));
#4068 = DIRECTION('',(7.230883570074E-17,0.953306040354,0.302005949319)
  );
#4069 = DEFINITIONAL_REPRESENTATION('',(#4070),#4074);
#4070 = LINE('',#4071,#4072);
#4071 = CARTESIAN_POINT('',(-1.464100854723E-15,-38.3));
#4072 = VECTOR('',#4073,1.);
#4073 = DIRECTION('',(1.,0.));
#4074 = ( GEOMETRIC_REPRESENTATION_CONTEXT(2) 
PARAMETRIC_REPRESENTATION_CONTEXT() REPRESENTATION_CONTEXT('2D SPACE',''
  ) );
#4075 = ORIENTED_EDGE('',*,*,#4076,.T.);
#4076 = EDGE_CURVE('',#4049,#4077,#4079,.T.);
#4077 = VERTEX_POINT('',#4078);
#4078 = CARTESIAN_POINT('',(18.8,-3.998024033704,204.74700250051));
#4079 = SURFACE_CURVE('',#4080,(#4084,#4091),.PCURVE_S1.);
#4080 = LINE('',#4081,#4082);
#4081 = CARTESIAN_POINT('',(18.8,-4.351367093449,204.64453491201));
#4082 = VECTOR('',#4083,1.);
#4083 = DIRECTION('',(7.570731042411E-17,0.960430519416,0.278519689385)
  );
#4084 = PCURVE('',#297,#4085);
#4085 = DEFINITIONAL_REPRESENTATION('',(#4086),#4090);
#4086 = LINE('',#4087,#4088);
#4087 = CARTESIAN_POINT('',(4.351367093449,25.406565783185));
#4088 = VECTOR('',#4089,1.);
#4089 = DIRECTION('',(-0.960430519416,0.278519689385));
#4090 = ( GEOMETRIC_REPRESENTATION_CONTEXT(2) 
PARAMETRIC_REPRESENTATION_CONTEXT() REPRESENTATION_CONTEXT('2D SPACE',''
  ) );
#4091 = PCURVE('',#4092,#4097);
#4092 = PLANE('',#4093);
#4093 = AXIS2_PLACEMENT_3D('',#4094,#4095,#4096);
#4094 = CARTESIAN_POINT('',(-19.5,-4.351367093449,204.64453491201));
#4095 = DIRECTION('',(-1.375511048175E-16,-0.278519689385,0.960430519416
    ));
#4096 = DIRECTION('',(7.570731042411E-17,0.960430519416,0.278519689385)
  );
#4097 = DEFINITIONAL_REPRESENTATION('',(#4098),#4102);
#4098 = LINE('',#4099,#4100);
#4099 = CARTESIAN_POINT('',(-1.365578315588E-15,-38.3));
#4100 = VECTOR('',#4101,1.);
#4101 = DIRECTION('',(1.,6.162975822039E-33));
#4102 = ( GEOMETRIC_REPRESENTATION_CONTEXT(2) 
PARAMETRIC_REPRESENTATION_CONTEXT() REPRESENTATION_CONTEXT('2D SPACE',''
  ) );
#4103 = ORIENTED_EDGE('',*,*,#4104,.T.);
#4104 = EDGE_CURVE('',#4077,#4105,#4107,.T.);
#4105 = VERTEX_POINT('',#4106);
#4106 = CARTESIAN_POINT('',(18.8,-3.642272713777,204.84076775491));
#4107 = SURFACE_CURVE('',#4108,(#4112,#4119),.PCURVE_S1.);
#4108 = LINE('',#4109,#4110);
#4109 = CARTESIAN_POINT('',(18.8,-3.998024033704,204.74700250051));
#4110 = VECTOR('',#4111,1.);
#4111 = DIRECTION('',(7.906018189455E-17,0.966976471045,0.254865659605)
  );
#4112 = PCURVE('',#297,#4113);
#4113 = DEFINITIONAL_REPRESENTATION('',(#4114),#4118);
#4114 = LINE('',#4115,#4116);
#4115 = CARTESIAN_POINT('',(3.998024033704,25.509033371685));
#4116 = VECTOR('',#4117,1.);
#4117 = DIRECTION('',(-0.966976471045,0.254865659605));
#4118 = ( GEOMETRIC_REPRESENTATION_CONTEXT(2) 
PARAMETRIC_REPRESENTATION_CONTEXT() REPRESENTATION_CONTEXT('2D SPACE',''
  ) );
#4119 = PCURVE('',#4120,#4125);
#4120 = PLANE('',#4121);
#4121 = AXIS2_PLACEMENT_3D('',#4122,#4123,#4124);
#4122 = CARTESIAN_POINT('',(-19.5,-3.998024033704,204.74700250051));
#4123 = DIRECTION('',(-1.356517265904E-16,-0.254865659605,0.966976471045
    ));
#4124 = DIRECTION('',(7.906018189455E-17,0.966976471045,0.254865659605)
  );
#4125 = DEFINITIONAL_REPRESENTATION('',(#4126),#4130);
#4126 = LINE('',#4127,#4128);
#4127 = CARTESIAN_POINT('',(-2.125080837078E-15,-38.3));
#4128 = VECTOR('',#4129,1.);
#4129 = DIRECTION('',(1.,0.));
#4130 = ( GEOMETRIC_REPRESENTATION_CONTEXT(2) 
PARAMETRIC_REPRESENTATION_CONTEXT() REPRESENTATION_CONTEXT('2D SPACE',''
  ) );
#4131 = ORIENTED_EDGE('',*,*,#4132,.T.);
#4132 = EDGE_CURVE('',#4105,#4133,#4135,.T.);
#4133 = VERTEX_POINT('',#4134);
#4134 = CARTESIAN_POINT('',(18.8,-3.28432742496,204.92577419453));
#4135 = SURFACE_CURVE('',#4136,(#4140,#4147),.PCURVE_S1.);
#4136 = LINE('',#4137,#4138);
#4137 = CARTESIAN_POINT('',(18.8,-3.642272713777,204.84076775491));
#4138 = VECTOR('',#4139,1.);
#4139 = DIRECTION('',(8.236543046768E-17,0.972939952206,0.231058108281)
  );
#4140 = PCURVE('',#297,#4141);
#4141 = DEFINITIONAL_REPRESENTATION('',(#4142),#4146);
#4142 = LINE('',#4143,#4144);
#4143 = CARTESIAN_POINT('',(3.642272713777,25.602798626088));
#4144 = VECTOR('',#4145,1.);
#4145 = DIRECTION('',(-0.972939952206,0.231058108281));
#4146 = ( GEOMETRIC_REPRESENTATION_CONTEXT(2) 
PARAMETRIC_REPRESENTATION_CONTEXT() REPRESENTATION_CONTEXT('2D SPACE',''
  ) );
#4147 = PCURVE('',#4148,#4153);
#4148 = PLANE('',#4149);
#4149 = AXIS2_PLACEMENT_3D('',#4150,#4151,#4152);
#4150 = CARTESIAN_POINT('',(-19.5,-3.642272713777,204.84076775491));
#4151 = DIRECTION('',(-1.336706368356E-16,-0.231058108281,0.972939952206
    ));
#4152 = DIRECTION('',(8.236543046768E-17,0.972939952206,0.231058108281)
  );
#4153 = DEFINITIONAL_REPRESENTATION('',(#4154),#4158);
#4154 = LINE('',#4155,#4156);
#4155 = CARTESIAN_POINT('',(-2.030269628366E-15,-38.3));
#4156 = VECTOR('',#4157,1.);
#4157 = DIRECTION('',(1.,0.));
#4158 = ( GEOMETRIC_REPRESENTATION_CONTEXT(2) 
PARAMETRIC_REPRESENTATION_CONTEXT() REPRESENTATION_CONTEXT('2D SPACE',''
  ) );
#4159 = ORIENTED_EDGE('',*,*,#4160,.T.);
#4160 = EDGE_CURVE('',#4133,#4161,#4163,.T.);
#4161 = VERTEX_POINT('',#4162);
#4162 = CARTESIAN_POINT('',(18.8,-2.924403780111,205.00197061467));
#4163 = SURFACE_CURVE('',#4164,(#4168,#4175),.PCURVE_S1.);
#4164 = LINE('',#4165,#4166);
#4165 = CARTESIAN_POINT('',(18.8,-3.28432742496,204.92577419453));
#4166 = VECTOR('',#4167,1.);
#4167 = DIRECTION('',(8.562106518534E-17,0.97831737072,0.207111376192));
#4168 = PCURVE('',#297,#4169);
#4169 = DEFINITIONAL_REPRESENTATION('',(#4170),#4174);
#4170 = LINE('',#4171,#4172);
#4171 = CARTESIAN_POINT('',(3.28432742496,25.687805065709));
#4172 = VECTOR('',#4173,1.);
#4173 = DIRECTION('',(-0.97831737072,0.207111376192));
#4174 = ( GEOMETRIC_REPRESENTATION_CONTEXT(2) 
PARAMETRIC_REPRESENTATION_CONTEXT() REPRESENTATION_CONTEXT('2D SPACE',''
  ) );
#4175 = PCURVE('',#4176,#4181);
#4176 = PLANE('',#4177);
#4177 = AXIS2_PLACEMENT_3D('',#4178,#4179,#4180);
#4178 = CARTESIAN_POINT('',(-19.5,-3.28432742496,204.92577419453));
#4179 = DIRECTION('',(-1.316090288874E-16,-0.207111376192,0.97831737072)
  );
#4180 = DIRECTION('',(8.562106518534E-17,0.97831737072,0.207111376192));
#4181 = DEFINITIONAL_REPRESENTATION('',(#4182),#4186);
#4182 = LINE('',#4183,#4184);
#4183 = CARTESIAN_POINT('',(-1.934235461147E-15,-38.3));
#4184 = VECTOR('',#4185,1.);
#4185 = DIRECTION('',(1.,6.162975822039E-33));
#4186 = ( GEOMETRIC_REPRESENTATION_CONTEXT(2) 
PARAMETRIC_REPRESENTATION_CONTEXT() REPRESENTATION_CONTEXT('2D SPACE',''
  ) );
#4187 = ORIENTED_EDGE('',*,*,#4188,.T.);
#4188 = EDGE_CURVE('',#4161,#4189,#4191,.T.);
#4189 = VERTEX_POINT('',#4190);
#4190 = CARTESIAN_POINT('',(18.8,-2.562718583776,205.06931111745));
#4191 = SURFACE_CURVE('',#4192,(#4196,#4203),.PCURVE_S1.);
#4192 = LINE('',#4193,#4194);
#4193 = CARTESIAN_POINT('',(18.8,-2.924403780111,205.00197061467));
#4194 = VECTOR('',#4195,1.);
#4195 = DIRECTION('',(8.882512497488E-17,0.983105487431,0.183039887955)
  );
#4196 = PCURVE('',#297,#4197);
#4197 = DEFINITIONAL_REPRESENTATION('',(#4198),#4202);
#4198 = LINE('',#4199,#4200);
#4199 = CARTESIAN_POINT('',(2.924403780111,25.764001485848));
#4200 = VECTOR('',#4201,1.);
#4201 = DIRECTION('',(-0.983105487431,0.183039887955));
#4202 = ( GEOMETRIC_REPRESENTATION_CONTEXT(2) 
PARAMETRIC_REPRESENTATION_CONTEXT() REPRESENTATION_CONTEXT('2D SPACE',''
  ) );
#4203 = PCURVE('',#4204,#4209);
#4204 = PLANE('',#4205);
#4205 = AXIS2_PLACEMENT_3D('',#4206,#4207,#4208);
#4206 = CARTESIAN_POINT('',(-19.5,-2.924403780111,205.00197061467));
#4207 = DIRECTION('',(-1.294681445814E-16,-0.183039887955,0.983105487431
    ));
#4208 = DIRECTION('',(8.882512497488E-17,0.983105487431,0.183039887955)
  );
#4209 = DEFINITIONAL_REPRESENTATION('',(#4210),#4214);
#4210 = LINE('',#4211,#4212);
#4211 = CARTESIAN_POINT('',(-1.837036182813E-15,-38.3));
#4212 = VECTOR('',#4213,1.);
#4213 = DIRECTION('',(1.,3.08148791102E-33));
#4214 = ( GEOMETRIC_REPRESENTATION_CONTEXT(2) 
PARAMETRIC_REPRESENTATION_CONTEXT() REPRESENTATION_CONTEXT('2D SPACE',''
  ) );
#4215 = ORIENTED_EDGE('',*,*,#4216,.T.);
#4216 = EDGE_CURVE('',#4189,#4217,#4219,.T.);
#4217 = VERTEX_POINT('',#4218);
#4218 = CARTESIAN_POINT('',(18.8,-2.199489701592,205.12775513948));
#4219 = SURFACE_CURVE('',#4220,(#4224,#4231),.PCURVE_S1.);
#4220 = LINE('',#4221,#4222);
#4221 = CARTESIAN_POINT('',(18.8,-2.562718583776,205.06931111745));
#4222 = VECTOR('',#4223,1.);
#4223 = DIRECTION('',(9.197567983055E-17,0.987301418158,0.158858143334)
  );
#4224 = PCURVE('',#297,#4225);
#4225 = DEFINITIONAL_REPRESENTATION('',(#4226),#4230);
#4226 = LINE('',#4227,#4228);
#4227 = CARTESIAN_POINT('',(2.562718583776,25.831341988631));
#4228 = VECTOR('',#4229,1.);
#4229 = DIRECTION('',(-0.987301418158,0.158858143334));
#4230 = ( GEOMETRIC_REPRESENTATION_CONTEXT(2) 
PARAMETRIC_REPRESENTATION_CONTEXT() REPRESENTATION_CONTEXT('2D SPACE',''
  ) );
#4231 = PCURVE('',#4232,#4237);
#4232 = PLANE('',#4233);
#4233 = AXIS2_PLACEMENT_3D('',#4234,#4235,#4236);
#4234 = CARTESIAN_POINT('',(-19.5,-2.562718583776,205.06931111745));
#4235 = DIRECTION('',(-1.272492735062E-16,-0.158858143334,0.987301418158
    ));
#4236 = DIRECTION('',(9.197567983055E-17,0.987301418158,0.158858143334)
  );
#4237 = DEFINITIONAL_REPRESENTATION('',(#4238),#4242);
#4238 = LINE('',#4239,#4240);
#4239 = CARTESIAN_POINT('',(-1.300280435899E-15,-38.3));
#4240 = VECTOR('',#4241,1.);
#4241 = DIRECTION('',(1.,-3.08148791102E-33));
#4242 = ( GEOMETRIC_REPRESENTATION_CONTEXT(2) 
PARAMETRIC_REPRESENTATION_CONTEXT() REPRESENTATION_CONTEXT('2D SPACE',''
  ) );
#4243 = ORIENTED_EDGE('',*,*,#4244,.T.);
#4244 = EDGE_CURVE('',#4217,#4245,#4247,.T.);
#4245 = VERTEX_POINT('',#4246);
#4246 = CARTESIAN_POINT('',(18.8,-1.834935929056,205.17726747626));
#4247 = SURFACE_CURVE('',#4248,(#4252,#4259),.PCURVE_S1.);
#4248 = LINE('',#4249,#4250);
#4249 = CARTESIAN_POINT('',(18.8,-2.199489701592,205.12775513948));
#4250 = VECTOR('',#4251,1.);
#4251 = DIRECTION('',(9.507083197587E-17,0.990902635428,0.134580708507)
  );
#4252 = PCURVE('',#297,#4253);
#4253 = DEFINITIONAL_REPRESENTATION('',(#4254),#4258);
#4254 = LINE('',#4255,#4256);
#4255 = CARTESIAN_POINT('',(2.199489701592,25.889786010656));
#4256 = VECTOR('',#4257,1.);
#4257 = DIRECTION('',(-0.990902635428,0.134580708507));
#4258 = ( GEOMETRIC_REPRESENTATION_CONTEXT(2) 
PARAMETRIC_REPRESENTATION_CONTEXT() REPRESENTATION_CONTEXT('2D SPACE',''
  ) );
#4259 = PCURVE('',#4260,#4265);
#4260 = PLANE('',#4261);
#4261 = AXIS2_PLACEMENT_3D('',#4262,#4263,#4264);
#4262 = CARTESIAN_POINT('',(-19.5,-2.199489701592,205.12775513948));
#4263 = DIRECTION('',(-1.249537522269E-16,-0.134580708507,0.990902635428
    ));
#4264 = DIRECTION('',(9.507083197587E-17,0.990902635428,0.134580708507)
  );
#4265 = DEFINITIONAL_REPRESENTATION('',(#4266),#4270);
#4266 = LINE('',#4267,#4268);
#4267 = CARTESIAN_POINT('',(-1.199327987784E-15,-38.3));
#4268 = VECTOR('',#4269,1.);
#4269 = DIRECTION('',(1.,3.08148791102E-33));
#4270 = ( GEOMETRIC_REPRESENTATION_CONTEXT(2) 
PARAMETRIC_REPRESENTATION_CONTEXT() REPRESENTATION_CONTEXT('2D SPACE',''
  ) );
#4271 = ORIENTED_EDGE('',*,*,#4272,.T.);
#4272 = EDGE_CURVE('',#4245,#4273,#4275,.T.);
#4273 = VERTEX_POINT('',#4274);
#4274 = CARTESIAN_POINT('',(18.8,-1.46927685973,205.2178183034));
#4275 = SURFACE_CURVE('',#4276,(#4280,#4287),.PCURVE_S1.);
#4276 = LINE('',#4277,#4278);
#4277 = CARTESIAN_POINT('',(18.8,-1.834935929056,205.17726747626));
#4278 = VECTOR('',#4279,1.);
#4279 = DIRECTION('',(9.810871700693E-17,0.993906970002,0.110222207294)
  );
#4280 = PCURVE('',#297,#4281);
#4281 = DEFINITIONAL_REPRESENTATION('',(#4282),#4286);
#4282 = LINE('',#4283,#4284);
#4283 = CARTESIAN_POINT('',(1.834935929056,25.939298347432));
#4284 = VECTOR('',#4285,1.);
#4285 = DIRECTION('',(-0.993906970002,0.110222207294));
#4286 = ( GEOMETRIC_REPRESENTATION_CONTEXT(2) 
PARAMETRIC_REPRESENTATION_CONTEXT() REPRESENTATION_CONTEXT('2D SPACE',''
  ) );
#4287 = PCURVE('',#4288,#4293);
#4288 = PLANE('',#4289);
#4289 = AXIS2_PLACEMENT_3D('',#4290,#4291,#4292);
#4290 = CARTESIAN_POINT('',(-19.5,-1.834935929056,205.17726747626));
#4291 = DIRECTION('',(-1.225829634795E-16,-0.110222207294,0.993906970002
    ));
#4292 = DIRECTION('',(9.810871700693E-17,0.993906970002,0.110222207294)
  );
#4293 = DEFINITIONAL_REPRESENTATION('',(#4294),#4298);
#4294 = LINE('',#4295,#4296);
#4295 = CARTESIAN_POINT('',(-8.76961428849E-16,-38.3));
#4296 = VECTOR('',#4297,1.);
#4297 = DIRECTION('',(1.,1.54074395551E-33));
#4298 = ( GEOMETRIC_REPRESENTATION_CONTEXT(2) 
PARAMETRIC_REPRESENTATION_CONTEXT() REPRESENTATION_CONTEXT('2D SPACE',''
  ) );
#4299 = ORIENTED_EDGE('',*,*,#4300,.T.);
#4300 = EDGE_CURVE('',#4273,#4301,#4303,.T.);
#4301 = VERTEX_POINT('',#4302);
#4302 = CARTESIAN_POINT('',(18.8,-1.102732752963,205.24938319461));
#4303 = SURFACE_CURVE('',#4304,(#4308,#4315),.PCURVE_S1.);
#4304 = LINE('',#4305,#4306);
#4305 = CARTESIAN_POINT('',(18.8,-1.46927685973,205.2178183034));
#4306 = VECTOR('',#4307,1.);
#4307 = DIRECTION('',(1.010875050154E-16,0.996312612183,
    8.579731234441E-02));
#4308 = PCURVE('',#297,#4309);
#4309 = DEFINITIONAL_REPRESENTATION('',(#4310),#4314);
#4310 = LINE('',#4311,#4312);
#4311 = CARTESIAN_POINT('',(1.46927685973,25.979849174576));
#4312 = VECTOR('',#4313,1.);
#4313 = DIRECTION('',(-0.996312612183,8.579731234441E-02));
#4314 = ( GEOMETRIC_REPRESENTATION_CONTEXT(2) 
PARAMETRIC_REPRESENTATION_CONTEXT() REPRESENTATION_CONTEXT('2D SPACE',''
  ) );
#4315 = PCURVE('',#4316,#4321);
#4316 = PLANE('',#4317);
#4317 = AXIS2_PLACEMENT_3D('',#4318,#4319,#4320);
#4318 = CARTESIAN_POINT('',(-19.5,-1.46927685973,205.2178183034));
#4319 = DIRECTION('',(-1.201383353385E-16,-8.579731234441E-02,
    0.996312612183));
#4320 = DIRECTION('',(1.010875050154E-16,0.996312612183,
    8.579731234441E-02));
#4321 = DEFINITIONAL_REPRESENTATION('',(#4322),#4326);
#4322 = LINE('',#4323,#4324);
#4323 = CARTESIAN_POINT('',(-7.74091205343E-16,-38.3));
#4324 = VECTOR('',#4325,1.);
#4325 = DIRECTION('',(1.,-3.08148791102E-33));
#4326 = ( GEOMETRIC_REPRESENTATION_CONTEXT(2) 
PARAMETRIC_REPRESENTATION_CONTEXT() REPRESENTATION_CONTEXT('2D SPACE',''
  ) );
#4327 = ORIENTED_EDGE('',*,*,#4328,.T.);
#4328 = EDGE_CURVE('',#4301,#4329,#4331,.T.);
#4329 = VERTEX_POINT('',#4330);
#4330 = CARTESIAN_POINT('',(18.8,-0.735524401218,205.27194313638));
#4331 = SURFACE_CURVE('',#4332,(#4336,#4343),.PCURVE_S1.);
#4332 = LINE('',#4333,#4334);
#4333 = CARTESIAN_POINT('',(18.8,-1.102732752963,205.24938319461));
#4334 = VECTOR('',#4335,1.);
#4335 = DIRECTION('',(1.040054016907E-16,0.9981181129,6.13207363022E-02)
  );
#4336 = PCURVE('',#297,#4337);
#4337 = DEFINITIONAL_REPRESENTATION('',(#4338),#4342);
#4338 = LINE('',#4339,#4340);
#4339 = CARTESIAN_POINT('',(1.102732752963,26.011414065788));
#4340 = VECTOR('',#4341,1.);
#4341 = DIRECTION('',(-0.9981181129,6.13207363022E-02));
#4342 = ( GEOMETRIC_REPRESENTATION_CONTEXT(2) 
PARAMETRIC_REPRESENTATION_CONTEXT() REPRESENTATION_CONTEXT('2D SPACE',''
  ) );
#4343 = PCURVE('',#4344,#4349);
#4344 = PLANE('',#4345);
#4345 = AXIS2_PLACEMENT_3D('',#4346,#4347,#4348);
#4346 = CARTESIAN_POINT('',(-19.5,-1.102732752963,205.24938319461));
#4347 = DIRECTION('',(-1.176213403567E-16,-6.13207363022E-02,
    0.9981181129));
#4348 = DIRECTION('',(1.040054016907E-16,0.9981181129,6.13207363022E-02)
  );
#4349 = DEFINITIONAL_REPRESENTATION('',(#4350),#4354);
#4350 = LINE('',#4351,#4352);
#4351 = CARTESIAN_POINT('',(-4.49127956193E-16,-38.3));
#4352 = VECTOR('',#4353,1.);
#4353 = DIRECTION('',(1.,-4.622231866529E-33));
#4354 = ( GEOMETRIC_REPRESENTATION_CONTEXT(2) 
PARAMETRIC_REPRESENTATION_CONTEXT() REPRESENTATION_CONTEXT('2D SPACE',''
  ) );
#4355 = ORIENTED_EDGE('',*,*,#4356,.T.);
#4356 = EDGE_CURVE('',#4329,#4357,#4359,.T.);
#4357 = VERTEX_POINT('',#4358);
#4358 = CARTESIAN_POINT('',(18.8,-0.367872997077,205.28548453944));
#4359 = SURFACE_CURVE('',#4360,(#4364,#4371),.PCURVE_S1.);
#4360 = LINE('',#4361,#4362);
#4361 = CARTESIAN_POINT('',(18.8,-0.735524401218,205.27194313638));
#4362 = VECTOR('',#4363,1.);
#4363 = DIRECTION('',(1.068606494011E-16,0.999322384588,
    3.680722294145E-02));
#4364 = PCURVE('',#297,#4365);
#4365 = DEFINITIONAL_REPRESENTATION('',(#4366),#4370);
#4366 = LINE('',#4367,#4368);
#4367 = CARTESIAN_POINT('',(0.735524401218,26.033974007556));
#4368 = VECTOR('',#4369,1.);
#4369 = DIRECTION('',(-0.999322384588,3.680722294145E-02));
#4370 = ( GEOMETRIC_REPRESENTATION_CONTEXT(2) 
PARAMETRIC_REPRESENTATION_CONTEXT() REPRESENTATION_CONTEXT('2D SPACE',''
  ) );
#4371 = PCURVE('',#4372,#4377);
#4372 = PLANE('',#4373);
#4373 = AXIS2_PLACEMENT_3D('',#4374,#4375,#4376);
#4374 = CARTESIAN_POINT('',(-19.5,-0.735524401218,205.27194313638));
#4375 = DIRECTION('',(-1.150334946775E-16,-3.680722294145E-02,
    0.999322384588));
#4376 = DIRECTION('',(1.068606494011E-16,0.999322384588,
    3.680722294145E-02));
#4377 = DEFINITIONAL_REPRESENTATION('',(#4378),#4382);
#4378 = LINE('',#4379,#4380);
#4379 = CARTESIAN_POINT('',(-3.451200095103E-16,-38.3));
#4380 = VECTOR('',#4381,1.);
#4381 = DIRECTION('',(1.,-7.703719777549E-34));
#4382 = ( GEOMETRIC_REPRESENTATION_CONTEXT(2) 
PARAMETRIC_REPRESENTATION_CONTEXT() REPRESENTATION_CONTEXT('2D SPACE',''
  ) );
#4383 = ORIENTED_EDGE('',*,*,#4384,.T.);
#4384 = EDGE_CURVE('',#4357,#4385,#4387,.T.);
#4385 = VERTEX_POINT('',#4386);
#4386 = CARTESIAN_POINT('',(18.8,-2.089029457878E-15,205.28999924696));
#4387 = SURFACE_CURVE('',#4388,(#4392,#4399),.PCURVE_S1.);
#4388 = LINE('',#4389,#4390);
#4389 = CARTESIAN_POINT('',(18.8,-0.367872997077,205.28548453944));
#4390 = VECTOR('',#4391,1.);
#4391 = DIRECTION('',(1.096515282521E-16,0.999924701839,
    1.227153828568E-02));
#4392 = PCURVE('',#297,#4393);
#4393 = DEFINITIONAL_REPRESENTATION('',(#4394),#4398);
#4394 = LINE('',#4395,#4396);
#4395 = CARTESIAN_POINT('',(0.367872997077,26.047515410617));
#4396 = VECTOR('',#4397,1.);
#4397 = DIRECTION('',(-0.999924701839,1.227153828568E-02));
#4398 = ( GEOMETRIC_REPRESENTATION_CONTEXT(2) 
PARAMETRIC_REPRESENTATION_CONTEXT() REPRESENTATION_CONTEXT('2D SPACE',''
  ) );
#4399 = PCURVE('',#4400,#4405);
#4400 = PLANE('',#4401);
#4401 = AXIS2_PLACEMENT_3D('',#4402,#4403,#4404);
#4402 = CARTESIAN_POINT('',(-19.5,-0.367872997077,205.28548453944));
#4403 = DIRECTION('',(-1.123763571226E-16,-1.227153828568E-02,
    0.999924701839));
#4404 = DIRECTION('',(1.096515282521E-16,0.999924701839,
    1.227153828568E-02));
#4405 = DEFINITIONAL_REPRESENTATION('',(#4406),#4410);
#4406 = LINE('',#4407,#4408);
#4407 = CARTESIAN_POINT('',(-1.298902327506E-16,-38.3));
#4408 = VECTOR('',#4409,1.);
#4409 = DIRECTION('',(1.,1.54074395551E-33));
#4410 = ( GEOMETRIC_REPRESENTATION_CONTEXT(2) 
PARAMETRIC_REPRESENTATION_CONTEXT() REPRESENTATION_CONTEXT('2D SPACE',''
  ) );
#4411 = ORIENTED_EDGE('',*,*,#4412,.T.);
#4412 = EDGE_CURVE('',#4385,#4413,#4415,.T.);
#4413 = VERTEX_POINT('',#4414);
#4414 = CARTESIAN_POINT('',(18.8,0.367872997077,205.28548453944));
#4415 = SURFACE_CURVE('',#4416,(#4420,#4427),.PCURVE_S1.);
#4416 = LINE('',#4417,#4418);
#4417 = CARTESIAN_POINT('',(18.8,-2.089029457878E-15,205.28999924696));
#4418 = VECTOR('',#4419,1.);
#4419 = DIRECTION('',(1.123763571226E-16,0.999924701839,
    -1.227153828568E-02));
#4420 = PCURVE('',#297,#4421);
#4421 = DEFINITIONAL_REPRESENTATION('',(#4422),#4426);
#4422 = LINE('',#4423,#4424);
#4423 = CARTESIAN_POINT('',(1.208702584351E-15,26.052030118134));
#4424 = VECTOR('',#4425,1.);
#4425 = DIRECTION('',(-0.999924701839,-1.227153828568E-02));
#4426 = ( GEOMETRIC_REPRESENTATION_CONTEXT(2) 
PARAMETRIC_REPRESENTATION_CONTEXT() REPRESENTATION_CONTEXT('2D SPACE',''
  ) );
#4427 = PCURVE('',#4428,#4433);
#4428 = PLANE('',#4429);
#4429 = AXIS2_PLACEMENT_3D('',#4430,#4431,#4432);
#4430 = CARTESIAN_POINT('',(-19.5,2.163124726436E-15,205.28999924696));
#4431 = DIRECTION('',(-1.096515282521E-16,1.227153828568E-02,
    0.999924701839));
#4432 = DIRECTION('',(1.123763571226E-16,0.999924701839,
    -1.227153828568E-02));
#4433 = DEFINITIONAL_REPRESENTATION('',(#4434),#4438);
#4434 = LINE('',#4435,#4436);
#4435 = CARTESIAN_POINT('',(1.043530878475E-16,-38.3));
#4436 = VECTOR('',#4437,1.);
#4437 = DIRECTION('',(1.,6.548161810917E-33));
#4438 = ( GEOMETRIC_REPRESENTATION_CONTEXT(2) 
PARAMETRIC_REPRESENTATION_CONTEXT() REPRESENTATION_CONTEXT('2D SPACE',''
  ) );
#4439 = ORIENTED_EDGE('',*,*,#4440,.T.);
#4440 = EDGE_CURVE('',#4413,#4441,#4443,.T.);
#4441 = VERTEX_POINT('',#4442);
#4442 = CARTESIAN_POINT('',(18.8,0.735524401218,205.27194313638));
#4443 = SURFACE_CURVE('',#4444,(#4448,#4455),.PCURVE_S1.);
#4444 = LINE('',#4445,#4446);
#4445 = CARTESIAN_POINT('',(18.8,0.367872997077,205.28548453944));
#4446 = VECTOR('',#4447,1.);
#4447 = DIRECTION('',(1.150334946775E-16,0.999322384588,
    -3.680722294145E-02));
#4448 = PCURVE('',#297,#4449);
#4449 = DEFINITIONAL_REPRESENTATION('',(#4450),#4454);
#4450 = LINE('',#4451,#4452);
#4451 = CARTESIAN_POINT('',(-0.367872997077,26.047515410617));
#4452 = VECTOR('',#4453,1.);
#4453 = DIRECTION('',(-0.999322384588,-3.680722294145E-02));
#4454 = ( GEOMETRIC_REPRESENTATION_CONTEXT(2) 
PARAMETRIC_REPRESENTATION_CONTEXT() REPRESENTATION_CONTEXT('2D SPACE',''
  ) );
#4455 = PCURVE('',#4456,#4461);
#4456 = PLANE('',#4457);
#4457 = AXIS2_PLACEMENT_3D('',#4458,#4459,#4460);
#4458 = CARTESIAN_POINT('',(-19.5,0.367872997077,205.28548453944));
#4459 = DIRECTION('',(-1.068606494011E-16,3.680722294145E-02,
    0.999322384588));
#4460 = DIRECTION('',(1.150334946775E-16,0.999322384588,
    -3.680722294145E-02));
#4461 = DEFINITIONAL_REPRESENTATION('',(#4462),#4466);
#4462 = LINE('',#4463,#4464);
#4463 = CARTESIAN_POINT('',(3.007411806946E-16,-38.3));
#4464 = VECTOR('',#4465,1.);
#4465 = DIRECTION('',(1.,-1.078520768857E-32));
#4466 = ( GEOMETRIC_REPRESENTATION_CONTEXT(2) 
PARAMETRIC_REPRESENTATION_CONTEXT() REPRESENTATION_CONTEXT('2D SPACE',''
  ) );
#4467 = ORIENTED_EDGE('',*,*,#4468,.T.);
#4468 = EDGE_CURVE('',#4441,#4469,#4471,.T.);
#4469 = VERTEX_POINT('',#4470);
#4470 = CARTESIAN_POINT('',(18.8,1.102732752963,205.24938319461));
#4471 = SURFACE_CURVE('',#4472,(#4476,#4483),.PCURVE_S1.);
#4472 = LINE('',#4473,#4474);
#4473 = CARTESIAN_POINT('',(18.8,0.735524401218,205.27194313638));
#4474 = VECTOR('',#4475,1.);
#4475 = DIRECTION('',(1.176213403567E-16,0.9981181129,-6.13207363022E-02
    ));
#4476 = PCURVE('',#297,#4477);
#4477 = DEFINITIONAL_REPRESENTATION('',(#4478),#4482);
#4478 = LINE('',#4479,#4480);
#4479 = CARTESIAN_POINT('',(-0.735524401218,26.033974007556));
#4480 = VECTOR('',#4481,1.);
#4481 = DIRECTION('',(-0.9981181129,-6.13207363022E-02));
#4482 = ( GEOMETRIC_REPRESENTATION_CONTEXT(2) 
PARAMETRIC_REPRESENTATION_CONTEXT() REPRESENTATION_CONTEXT('2D SPACE',''
  ) );
#4483 = PCURVE('',#4484,#4489);
#4484 = PLANE('',#4485);
#4485 = AXIS2_PLACEMENT_3D('',#4486,#4487,#4488);
#4486 = CARTESIAN_POINT('',(-19.5,0.735524401218,205.27194313638));
#4487 = DIRECTION('',(-1.040054016907E-16,6.13207363022E-02,0.9981181129
    ));
#4488 = DIRECTION('',(1.176213403567E-16,0.9981181129,-6.13207363022E-02
    ));
#4489 = DEFINITIONAL_REPRESENTATION('',(#4490),#4494);
#4490 = LINE('',#4491,#4492);
#4491 = CARTESIAN_POINT('',(4.048026077835E-16,-38.3));
#4492 = VECTOR('',#4493,1.);
#4493 = DIRECTION('',(1.,4.622231866529E-33));
#4494 = ( GEOMETRIC_REPRESENTATION_CONTEXT(2) 
PARAMETRIC_REPRESENTATION_CONTEXT() REPRESENTATION_CONTEXT('2D SPACE',''
  ) );
#4495 = ORIENTED_EDGE('',*,*,#4496,.T.);
#4496 = EDGE_CURVE('',#4469,#4497,#4499,.T.);
#4497 = VERTEX_POINT('',#4498);
#4498 = CARTESIAN_POINT('',(18.8,1.46927685973,205.2178183034));
#4499 = SURFACE_CURVE('',#4500,(#4504,#4511),.PCURVE_S1.);
#4500 = LINE('',#4501,#4502);
#4501 = CARTESIAN_POINT('',(18.8,1.102732752963,205.24938319461));
#4502 = VECTOR('',#4503,1.);
#4503 = DIRECTION('',(1.201383353385E-16,0.996312612183,
    -8.579731234441E-02));
#4504 = PCURVE('',#297,#4505);
#4505 = DEFINITIONAL_REPRESENTATION('',(#4506),#4510);
#4506 = LINE('',#4507,#4508);
#4507 = CARTESIAN_POINT('',(-1.102732752963,26.011414065788));
#4508 = VECTOR('',#4509,1.);
#4509 = DIRECTION('',(-0.996312612183,-8.579731234441E-02));
#4510 = ( GEOMETRIC_REPRESENTATION_CONTEXT(2) 
PARAMETRIC_REPRESENTATION_CONTEXT() REPRESENTATION_CONTEXT('2D SPACE',''
  ) );
#4511 = PCURVE('',#4512,#4517);
#4512 = PLANE('',#4513);
#4513 = AXIS2_PLACEMENT_3D('',#4514,#4515,#4516);
#4514 = CARTESIAN_POINT('',(-19.5,1.102732752963,205.24938319461));
#4515 = DIRECTION('',(-1.010875050154E-16,8.579731234441E-02,
    0.996312612183));
#4516 = DIRECTION('',(1.201383353385E-16,0.996312612183,
    -8.579731234441E-02));
#4517 = DEFINITIONAL_REPRESENTATION('',(#4518),#4522);
#4518 = LINE('',#4519,#4520);
#4519 = CARTESIAN_POINT('',(8.404589574492E-16,-38.3));
#4520 = VECTOR('',#4521,1.);
#4521 = DIRECTION('',(1.,-1.54074395551E-33));
#4522 = ( GEOMETRIC_REPRESENTATION_CONTEXT(2) 
PARAMETRIC_REPRESENTATION_CONTEXT() REPRESENTATION_CONTEXT('2D SPACE',''
  ) );
#4523 = ORIENTED_EDGE('',*,*,#4524,.T.);
#4524 = EDGE_CURVE('',#4497,#4525,#4527,.T.);
#4525 = VERTEX_POINT('',#4526);
#4526 = CARTESIAN_POINT('',(18.8,1.834935929056,205.17726747626));
#4527 = SURFACE_CURVE('',#4528,(#4532,#4539),.PCURVE_S1.);
#4528 = LINE('',#4529,#4530);
#4529 = CARTESIAN_POINT('',(18.8,1.46927685973,205.2178183034));
#4530 = VECTOR('',#4531,1.);
#4531 = DIRECTION('',(1.225829634795E-16,0.993906970002,-0.110222207294)
  );
#4532 = PCURVE('',#297,#4533);
#4533 = DEFINITIONAL_REPRESENTATION('',(#4534),#4538);
#4534 = LINE('',#4535,#4536);
#4535 = CARTESIAN_POINT('',(-1.46927685973,25.979849174576));
#4536 = VECTOR('',#4537,1.);
#4537 = DIRECTION('',(-0.993906970002,-0.110222207294));
#4538 = ( GEOMETRIC_REPRESENTATION_CONTEXT(2) 
PARAMETRIC_REPRESENTATION_CONTEXT() REPRESENTATION_CONTEXT('2D SPACE',''
  ) );
#4539 = PCURVE('',#4540,#4545);
#4540 = PLANE('',#4541);
#4541 = AXIS2_PLACEMENT_3D('',#4542,#4543,#4544);
#4542 = CARTESIAN_POINT('',(-19.5,1.46927685973,205.2178183034));
#4543 = DIRECTION('',(-9.810871700693E-17,0.110222207294,0.993906970002)
  );
#4544 = DIRECTION('',(1.225829634795E-16,0.993906970002,-0.110222207294)
  );
#4545 = DEFINITIONAL_REPRESENTATION('',(#4546),#4550);
#4546 = LINE('',#4547,#4548);
#4547 = CARTESIAN_POINT('',(9.431689329949E-16,-38.3));
#4548 = VECTOR('',#4549,1.);
#4549 = DIRECTION('',(1.,-1.54074395551E-33));
#4550 = ( GEOMETRIC_REPRESENTATION_CONTEXT(2) 
PARAMETRIC_REPRESENTATION_CONTEXT() REPRESENTATION_CONTEXT('2D SPACE',''
  ) );
#4551 = ORIENTED_EDGE('',*,*,#4552,.T.);
#4552 = EDGE_CURVE('',#4525,#4553,#4555,.T.);
#4553 = VERTEX_POINT('',#4554);
#4554 = CARTESIAN_POINT('',(18.8,2.199489701592,205.12775513948));
#4555 = SURFACE_CURVE('',#4556,(#4560,#4567),.PCURVE_S1.);
#4556 = LINE('',#4557,#4558);
#4557 = CARTESIAN_POINT('',(18.8,1.834935929056,205.17726747626));
#4558 = VECTOR('',#4559,1.);
#4559 = DIRECTION('',(1.249537522269E-16,0.990902635428,-0.134580708507)
  );
#4560 = PCURVE('',#297,#4561);
#4561 = DEFINITIONAL_REPRESENTATION('',(#4562),#4566);
#4562 = LINE('',#4563,#4564);
#4563 = CARTESIAN_POINT('',(-1.834935929056,25.939298347432));
#4564 = VECTOR('',#4565,1.);
#4565 = DIRECTION('',(-0.990902635428,-0.134580708507));
#4566 = ( GEOMETRIC_REPRESENTATION_CONTEXT(2) 
PARAMETRIC_REPRESENTATION_CONTEXT() REPRESENTATION_CONTEXT('2D SPACE',''
  ) );
#4567 = PCURVE('',#4568,#4573);
#4568 = PLANE('',#4569);
#4569 = AXIS2_PLACEMENT_3D('',#4570,#4571,#4572);
#4570 = CARTESIAN_POINT('',(-19.5,1.834935929056,205.17726747626));
#4571 = DIRECTION('',(-9.507083197587E-17,0.134580708507,0.990902635428)
  );
#4572 = DIRECTION('',(1.249537522269E-16,0.990902635428,-0.134580708507)
  );
#4573 = DEFINITIONAL_REPRESENTATION('',(#4574),#4578);
#4574 = LINE('',#4575,#4576);
#4575 = CARTESIAN_POINT('',(1.265335363045E-15,-38.3));
#4576 = VECTOR('',#4577,1.);
#4577 = DIRECTION('',(1.,9.244463733059E-33));
#4578 = ( GEOMETRIC_REPRESENTATION_CONTEXT(2) 
PARAMETRIC_REPRESENTATION_CONTEXT() REPRESENTATION_CONTEXT('2D SPACE',''
  ) );
#4579 = ORIENTED_EDGE('',*,*,#4580,.T.);
#4580 = EDGE_CURVE('',#4553,#4581,#4583,.T.);
#4581 = VERTEX_POINT('',#4582);
#4582 = CARTESIAN_POINT('',(18.8,2.562718583776,205.06931111745));
#4583 = SURFACE_CURVE('',#4584,(#4588,#4595),.PCURVE_S1.);
#4584 = LINE('',#4585,#4586);
#4585 = CARTESIAN_POINT('',(18.8,2.199489701592,205.12775513948));
#4586 = VECTOR('',#4587,1.);
#4587 = DIRECTION('',(1.272492735062E-16,0.987301418158,-0.158858143334)
  );
#4588 = PCURVE('',#297,#4589);
#4589 = DEFINITIONAL_REPRESENTATION('',(#4590),#4594);
#4590 = LINE('',#4591,#4592);
#4591 = CARTESIAN_POINT('',(-2.199489701592,25.889786010656));
#4592 = VECTOR('',#4593,1.);
#4593 = DIRECTION('',(-0.987301418158,-0.158858143334));
#4594 = ( GEOMETRIC_REPRESENTATION_CONTEXT(2) 
PARAMETRIC_REPRESENTATION_CONTEXT() REPRESENTATION_CONTEXT('2D SPACE',''
  ) );
#4595 = PCURVE('',#4596,#4601);
#4596 = PLANE('',#4597);
#4597 = AXIS2_PLACEMENT_3D('',#4598,#4599,#4600);
#4598 = CARTESIAN_POINT('',(-19.5,2.199489701592,205.12775513948));
#4599 = DIRECTION('',(-9.197567983055E-17,0.158858143334,0.987301418158)
  );
#4600 = DIRECTION('',(1.272492735062E-16,0.987301418158,-0.158858143334)
  );
#4601 = DEFINITIONAL_REPRESENTATION('',(#4602),#4606);
#4602 = LINE('',#4603,#4604);
#4603 = CARTESIAN_POINT('',(1.3660479219E-15,-38.3));
#4604 = VECTOR('',#4605,1.);
#4605 = DIRECTION('',(1.,0.));
#4606 = ( GEOMETRIC_REPRESENTATION_CONTEXT(2) 
PARAMETRIC_REPRESENTATION_CONTEXT() REPRESENTATION_CONTEXT('2D SPACE',''
  ) );
#4607 = ORIENTED_EDGE('',*,*,#4608,.T.);
#4608 = EDGE_CURVE('',#4581,#4609,#4611,.T.);
#4609 = VERTEX_POINT('',#4610);
#4610 = CARTESIAN_POINT('',(18.8,2.924403780111,205.00197061467));
#4611 = SURFACE_CURVE('',#4612,(#4616,#4623),.PCURVE_S1.);
#4612 = LINE('',#4613,#4614);
#4613 = CARTESIAN_POINT('',(18.8,2.562718583776,205.06931111745));
#4614 = VECTOR('',#4615,1.);
#4615 = DIRECTION('',(1.294681445814E-16,0.983105487431,-0.183039887955)
  );
#4616 = PCURVE('',#297,#4617);
#4617 = DEFINITIONAL_REPRESENTATION('',(#4618),#4622);
#4618 = LINE('',#4619,#4620);
#4619 = CARTESIAN_POINT('',(-2.562718583776,25.831341988631));
#4620 = VECTOR('',#4621,1.);
#4621 = DIRECTION('',(-0.983105487431,-0.183039887955));
#4622 = ( GEOMETRIC_REPRESENTATION_CONTEXT(2) 
PARAMETRIC_REPRESENTATION_CONTEXT() REPRESENTATION_CONTEXT('2D SPACE',''
  ) );
#4623 = PCURVE('',#4624,#4629);
#4624 = PLANE('',#4625);
#4625 = AXIS2_PLACEMENT_3D('',#4626,#4627,#4628);
#4626 = CARTESIAN_POINT('',(-19.5,2.562718583776,205.06931111745));
#4627 = DIRECTION('',(-8.882512497488E-17,0.183039887955,0.983105487431)
  );
#4628 = DIRECTION('',(1.294681445814E-16,0.983105487431,-0.183039887955)
  );
#4629 = DEFINITIONAL_REPRESENTATION('',(#4630),#4634);
#4630 = LINE('',#4631,#4632);
#4631 = CARTESIAN_POINT('',(1.465937624567E-15,-38.3));
#4632 = VECTOR('',#4633,1.);
#4633 = DIRECTION('',(1.,-3.08148791102E-33));
#4634 = ( GEOMETRIC_REPRESENTATION_CONTEXT(2) 
PARAMETRIC_REPRESENTATION_CONTEXT() REPRESENTATION_CONTEXT('2D SPACE',''
  ) );
#4635 = ORIENTED_EDGE('',*,*,#4636,.T.);
#4636 = EDGE_CURVE('',#4609,#4637,#4639,.T.);
#4637 = VERTEX_POINT('',#4638);
#4638 = CARTESIAN_POINT('',(18.8,3.28432742496,204.92577419453));
#4639 = SURFACE_CURVE('',#4640,(#4644,#4651),.PCURVE_S1.);
#4640 = LINE('',#4641,#4642);
#4641 = CARTESIAN_POINT('',(18.8,2.924403780111,205.00197061467));
#4642 = VECTOR('',#4643,1.);
#4643 = DIRECTION('',(1.316090288874E-16,0.97831737072,-0.207111376192)
  );
#4644 = PCURVE('',#297,#4645);
#4645 = DEFINITIONAL_REPRESENTATION('',(#4646),#4650);
#4646 = LINE('',#4647,#4648);
#4647 = CARTESIAN_POINT('',(-2.924403780111,25.764001485848));
#4648 = VECTOR('',#4649,1.);
#4649 = DIRECTION('',(-0.97831737072,-0.207111376192));
#4650 = ( GEOMETRIC_REPRESENTATION_CONTEXT(2) 
PARAMETRIC_REPRESENTATION_CONTEXT() REPRESENTATION_CONTEXT('2D SPACE',''
  ) );
#4651 = PCURVE('',#4652,#4657);
#4652 = PLANE('',#4653);
#4653 = AXIS2_PLACEMENT_3D('',#4654,#4655,#4656);
#4654 = CARTESIAN_POINT('',(-19.5,2.924403780111,205.00197061467));
#4655 = DIRECTION('',(-8.562106518534E-17,0.207111376192,0.97831737072)
  );
#4656 = DIRECTION('',(1.316090288874E-16,0.97831737072,-0.207111376192)
  );
#4657 = DEFINITIONAL_REPRESENTATION('',(#4658),#4662);
#4658 = LINE('',#4659,#4660);
#4659 = CARTESIAN_POINT('',(1.564944301224E-15,-38.3));
#4660 = VECTOR('',#4661,1.);
#4661 = DIRECTION('',(1.,-6.162975822039E-33));
#4662 = ( GEOMETRIC_REPRESENTATION_CONTEXT(2) 
PARAMETRIC_REPRESENTATION_CONTEXT() REPRESENTATION_CONTEXT('2D SPACE',''
  ) );
#4663 = ORIENTED_EDGE('',*,*,#4664,.T.);
#4664 = EDGE_CURVE('',#4637,#4665,#4667,.T.);
#4665 = VERTEX_POINT('',#4666);
#4666 = CARTESIAN_POINT('',(18.8,3.642272713777,204.84076775491));
#4667 = SURFACE_CURVE('',#4668,(#4672,#4679),.PCURVE_S1.);
#4668 = LINE('',#4669,#4670);
#4669 = CARTESIAN_POINT('',(18.8,3.28432742496,204.92577419453));
#4670 = VECTOR('',#4671,1.);
#4671 = DIRECTION('',(1.336706368356E-16,0.972939952206,-0.231058108281)
  );
#4672 = PCURVE('',#297,#4673);
#4673 = DEFINITIONAL_REPRESENTATION('',(#4674),#4678);
#4674 = LINE('',#4675,#4676);
#4675 = CARTESIAN_POINT('',(-3.28432742496,25.687805065709));
#4676 = VECTOR('',#4677,1.);
#4677 = DIRECTION('',(-0.972939952206,-0.231058108281));
#4678 = ( GEOMETRIC_REPRESENTATION_CONTEXT(2) 
PARAMETRIC_REPRESENTATION_CONTEXT() REPRESENTATION_CONTEXT('2D SPACE',''
  ) );
#4679 = PCURVE('',#4680,#4685);
#4680 = PLANE('',#4681);
#4681 = AXIS2_PLACEMENT_3D('',#4682,#4683,#4684);
#4682 = CARTESIAN_POINT('',(-19.5,3.28432742496,204.92577419453));
#4683 = DIRECTION('',(-8.236543046768E-17,0.231058108281,0.972939952206)
  );
#4684 = DIRECTION('',(1.336706368356E-16,0.972939952206,-0.231058108281)
  );
#4685 = DEFINITIONAL_REPRESENTATION('',(#4686),#4690);
#4686 = LINE('',#4687,#4688);
#4687 = CARTESIAN_POINT('',(1.663008313951E-15,-38.3));
#4688 = VECTOR('',#4689,1.);
#4689 = DIRECTION('',(1.,-3.08148791102E-33));
#4690 = ( GEOMETRIC_REPRESENTATION_CONTEXT(2) 
PARAMETRIC_REPRESENTATION_CONTEXT() REPRESENTATION_CONTEXT('2D SPACE',''
  ) );
#4691 = ORIENTED_EDGE('',*,*,#4692,.T.);
#4692 = EDGE_CURVE('',#4665,#4693,#4695,.T.);
#4693 = VERTEX_POINT('',#4694);
#4694 = CARTESIAN_POINT('',(18.8,3.998024033704,204.74700250051));
#4695 = SURFACE_CURVE('',#4696,(#4700,#4707),.PCURVE_S1.);
#4696 = LINE('',#4697,#4698);
#4697 = CARTESIAN_POINT('',(18.8,3.642272713777,204.84076775491));
#4698 = VECTOR('',#4699,1.);
#4699 = DIRECTION('',(1.356517265904E-16,0.966976471045,-0.254865659605)
  );
#4700 = PCURVE('',#297,#4701);
#4701 = DEFINITIONAL_REPRESENTATION('',(#4702),#4706);
#4702 = LINE('',#4703,#4704);
#4703 = CARTESIAN_POINT('',(-3.642272713777,25.602798626088));
#4704 = VECTOR('',#4705,1.);
#4705 = DIRECTION('',(-0.966976471045,-0.254865659605));
#4706 = ( GEOMETRIC_REPRESENTATION_CONTEXT(2) 
PARAMETRIC_REPRESENTATION_CONTEXT() REPRESENTATION_CONTEXT('2D SPACE',''
  ) );
#4707 = PCURVE('',#4708,#4713);
#4708 = PLANE('',#4709);
#4709 = AXIS2_PLACEMENT_3D('',#4710,#4711,#4712);
#4710 = CARTESIAN_POINT('',(-19.5,3.642272713777,204.84076775491));
#4711 = DIRECTION('',(-7.906018189455E-17,0.254865659605,0.966976471045)
  );
#4712 = DIRECTION('',(1.356517265904E-16,0.966976471045,-0.254865659605)
  );
#4713 = DEFINITIONAL_REPRESENTATION('',(#4714),#4718);
#4714 = LINE('',#4715,#4716);
#4715 = CARTESIAN_POINT('',(1.760070592653E-15,-38.3));
#4716 = VECTOR('',#4717,1.);
#4717 = DIRECTION('',(1.,6.162975822039E-33));
#4718 = ( GEOMETRIC_REPRESENTATION_CONTEXT(2) 
PARAMETRIC_REPRESENTATION_CONTEXT() REPRESENTATION_CONTEXT('2D SPACE',''
  ) );
#4719 = ORIENTED_EDGE('',*,*,#4720,.T.);
#4720 = EDGE_CURVE('',#4693,#4721,#4723,.T.);
#4721 = VERTEX_POINT('',#4722);
#4722 = CARTESIAN_POINT('',(18.8,4.351367093449,204.64453491201));
#4723 = SURFACE_CURVE('',#4724,(#4728,#4735),.PCURVE_S1.);
#4724 = LINE('',#4725,#4726);
#4725 = CARTESIAN_POINT('',(18.8,3.998024033704,204.74700250051));
#4726 = VECTOR('',#4727,1.);
#4727 = DIRECTION('',(1.375511048175E-16,0.960430519416,-0.278519689385)
  );
#4728 = PCURVE('',#297,#4729);
#4729 = DEFINITIONAL_REPRESENTATION('',(#4730),#4734);
#4730 = LINE('',#4731,#4732);
#4731 = CARTESIAN_POINT('',(-3.998024033704,25.509033371685));
#4732 = VECTOR('',#4733,1.);
#4733 = DIRECTION('',(-0.960430519416,-0.278519689385));
#4734 = ( GEOMETRIC_REPRESENTATION_CONTEXT(2) 
PARAMETRIC_REPRESENTATION_CONTEXT() REPRESENTATION_CONTEXT('2D SPACE',''
  ) );
#4735 = PCURVE('',#4736,#4741);
#4736 = PLANE('',#4737);
#4737 = AXIS2_PLACEMENT_3D('',#4738,#4739,#4740);
#4738 = CARTESIAN_POINT('',(-19.5,3.998024033704,204.74700250051));
#4739 = DIRECTION('',(-7.570731042411E-17,0.278519689385,0.960430519416)
  );
#4740 = DIRECTION('',(1.375511048175E-16,0.960430519416,-0.278519689385)
  );
#4741 = DEFINITIONAL_REPRESENTATION('',(#4742),#4746);
#4742 = LINE('',#4743,#4744);
#4743 = CARTESIAN_POINT('',(2.282589501127E-15,-38.3));
#4744 = VECTOR('',#4745,1.);
#4745 = DIRECTION('',(1.,6.162975822039E-33));
#4746 = ( GEOMETRIC_REPRESENTATION_CONTEXT(2) 
PARAMETRIC_REPRESENTATION_CONTEXT() REPRESENTATION_CONTEXT('2D SPACE',''
  ) );
#4747 = ORIENTED_EDGE('',*,*,#4748,.T.);
#4748 = EDGE_CURVE('',#4721,#4749,#4751,.T.);
#4749 = VERTEX_POINT('',#4750);
#4750 = CARTESIAN_POINT('',(18.8,4.702089052366,204.53342671205));
#4751 = SURFACE_CURVE('',#4752,(#4756,#4763),.PCURVE_S1.);
#4752 = LINE('',#4753,#4754);
#4753 = CARTESIAN_POINT('',(18.8,4.351367093449,204.64453491201));
#4754 = VECTOR('',#4755,1.);
#4755 = DIRECTION('',(1.393676274023E-16,0.953306040354,-0.302005949319)
  );
#4756 = PCURVE('',#297,#4757);
#4757 = DEFINITIONAL_REPRESENTATION('',(#4758),#4762);
#4758 = LINE('',#4759,#4760);
#4759 = CARTESIAN_POINT('',(-4.351367093449,25.406565783185));
#4760 = VECTOR('',#4761,1.);
#4761 = DIRECTION('',(-0.953306040354,-0.302005949319));
#4762 = ( GEOMETRIC_REPRESENTATION_CONTEXT(2) 
PARAMETRIC_REPRESENTATION_CONTEXT() REPRESENTATION_CONTEXT('2D SPACE',''
  ) );
#4763 = PCURVE('',#4764,#4769);
#4764 = PLANE('',#4765);
#4765 = AXIS2_PLACEMENT_3D('',#4766,#4767,#4768);
#4766 = CARTESIAN_POINT('',(-19.5,4.351367093449,204.64453491201));
#4767 = DIRECTION('',(-7.230883570074E-17,0.302005949319,0.953306040354)
  );
#4768 = DIRECTION('',(1.393676274023E-16,0.953306040354,-0.302005949319)
  );
#4769 = DEFINITIONAL_REPRESENTATION('',(#4770),#4774);
#4770 = LINE('',#4771,#4772);
#4771 = CARTESIAN_POINT('',(2.797662572273E-15,-38.3));
#4772 = VECTOR('',#4773,1.);
#4773 = DIRECTION('',(1.,6.162975822039E-33));
#4774 = ( GEOMETRIC_REPRESENTATION_CONTEXT(2) 
PARAMETRIC_REPRESENTATION_CONTEXT() REPRESENTATION_CONTEXT('2D SPACE',''
  ) );
#4775 = ORIENTED_EDGE('',*,*,#4776,.T.);
#4776 = EDGE_CURVE('',#4749,#4777,#4779,.T.);
#4777 = VERTEX_POINT('',#4778);
#4778 = CARTESIAN_POINT('',(18.8,5.049978648658,204.41374482807));
#4779 = SURFACE_CURVE('',#4780,(#4784,#4791),.PCURVE_S1.);
#4780 = LINE('',#4781,#4782);
#4781 = CARTESIAN_POINT('',(18.8,4.702089052366,204.53342671205));
#4782 = VECTOR('',#4783,1.);
#4783 = DIRECTION('',(1.411002001398E-16,0.945607325381,-0.325310292162)
  );
#4784 = PCURVE('',#297,#4785);
#4785 = DEFINITIONAL_REPRESENTATION('',(#4786),#4790);
#4786 = LINE('',#4787,#4788);
#4787 = CARTESIAN_POINT('',(-4.702089052366,25.29545758323));
#4788 = VECTOR('',#4789,1.);
#4789 = DIRECTION('',(-0.945607325381,-0.325310292162));
#4790 = ( GEOMETRIC_REPRESENTATION_CONTEXT(2) 
PARAMETRIC_REPRESENTATION_CONTEXT() REPRESENTATION_CONTEXT('2D SPACE',''
  ) );
#4791 = PCURVE('',#4792,#4797);
#4792 = PLANE('',#4793);
#4793 = AXIS2_PLACEMENT_3D('',#4794,#4795,#4796);
#4794 = CARTESIAN_POINT('',(-19.5,4.702089052366,204.53342671205));
#4795 = DIRECTION('',(-6.886680483857E-17,0.325310292162,0.945607325381)
  );
#4796 = DIRECTION('',(1.411002001398E-16,0.945607325381,-0.325310292162)
  );
#4797 = DEFINITIONAL_REPRESENTATION('',(#4798),#4802);
#4798 = LINE('',#4799,#4800);
#4799 = CARTESIAN_POINT('',(2.884533605613E-15,-38.3));
#4800 = VECTOR('',#4801,1.);
#4801 = DIRECTION('',(1.,-6.162975822039E-33));
#4802 = ( GEOMETRIC_REPRESENTATION_CONTEXT(2) 
PARAMETRIC_REPRESENTATION_CONTEXT() REPRESENTATION_CONTEXT('2D SPACE',''
  ) );
#4803 = ORIENTED_EDGE('',*,*,#4804,.T.);
#4804 = EDGE_CURVE('',#4777,#4805,#4807,.T.);
#4805 = VERTEX_POINT('',#4806);
#4806 = CARTESIAN_POINT('',(18.8,5.394826326645,204.28556135195));
#4807 = SURFACE_CURVE('',#4808,(#4812,#4819),.PCURVE_S1.);
#4808 = LINE('',#4809,#4810);
#4809 = CARTESIAN_POINT('',(18.8,5.049978648658,204.41374482807));
#4810 = VECTOR('',#4811,1.);
#4811 = DIRECTION('',(1.427477793927E-16,0.937339011913,-0.348418680249)
  );
#4812 = PCURVE('',#297,#4813);
#4813 = DEFINITIONAL_REPRESENTATION('',(#4814),#4818);
#4814 = LINE('',#4815,#4816);
#4815 = CARTESIAN_POINT('',(-5.049978648658,25.175775699247));
#4816 = VECTOR('',#4817,1.);
#4817 = DIRECTION('',(-0.937339011913,-0.348418680249));
#4818 = ( GEOMETRIC_REPRESENTATION_CONTEXT(2) 
PARAMETRIC_REPRESENTATION_CONTEXT() REPRESENTATION_CONTEXT('2D SPACE',''
  ) );
#4819 = PCURVE('',#4820,#4825);
#4820 = PLANE('',#4821);
#4821 = AXIS2_PLACEMENT_3D('',#4822,#4823,#4824);
#4822 = CARTESIAN_POINT('',(-19.5,5.049978648658,204.41374482807));
#4823 = DIRECTION('',(-6.538329118823E-17,0.348418680249,0.937339011913)
  );
#4824 = DIRECTION('',(1.427477793927E-16,0.937339011913,-0.348418680249)
  );
#4825 = DEFINITIONAL_REPRESENTATION('',(#4826),#4830);
#4826 = LINE('',#4827,#4828);
#4827 = CARTESIAN_POINT('',(2.96966710377E-15,-38.3));
#4828 = VECTOR('',#4829,1.);
#4829 = DIRECTION('',(1.,-6.162975822039E-33));
#4830 = ( GEOMETRIC_REPRESENTATION_CONTEXT(2) 
PARAMETRIC_REPRESENTATION_CONTEXT() REPRESENTATION_CONTEXT('2D SPACE',''
  ) );
#4831 = ORIENTED_EDGE('',*,*,#4832,.T.);
#4832 = EDGE_CURVE('',#4805,#4833,#4835,.T.);
#4833 = VERTEX_POINT('',#4834);
#4834 = CARTESIAN_POINT('',(18.8,5.736424362977,204.14895349662));
#4835 = SURFACE_CURVE('',#4836,(#4840,#4847),.PCURVE_S1.);
#4836 = LINE('',#4837,#4838);
#4837 = CARTESIAN_POINT('',(18.8,5.394826326645,204.28556135195));
#4838 = VECTOR('',#4839,1.);
#4839 = DIRECTION('',(1.44309372721E-16,0.928506080473,-0.371317193952)
  );
#4840 = PCURVE('',#297,#4841);
#4841 = DEFINITIONAL_REPRESENTATION('',(#4842),#4846);
#4842 = LINE('',#4843,#4844);
#4843 = CARTESIAN_POINT('',(-5.394826326645,25.047592223126));
#4844 = VECTOR('',#4845,1.);
#4845 = DIRECTION('',(-0.928506080473,-0.371317193952));
#4846 = ( GEOMETRIC_REPRESENTATION_CONTEXT(2) 
PARAMETRIC_REPRESENTATION_CONTEXT() REPRESENTATION_CONTEXT('2D SPACE',''
  ) );
#4847 = PCURVE('',#4848,#4853);
#4848 = PLANE('',#4849);
#4849 = AXIS2_PLACEMENT_3D('',#4850,#4851,#4852);
#4850 = CARTESIAN_POINT('',(-19.5,5.394826326645,204.28556135195));
#4851 = DIRECTION('',(-6.186039308812E-17,0.371317193952,0.928506080473)
  );
#4852 = DIRECTION('',(1.44309372721E-16,0.928506080473,-0.371317193952)
  );
#4853 = DEFINITIONAL_REPRESENTATION('',(#4854),#4858);
#4854 = LINE('',#4855,#4856);
#4855 = CARTESIAN_POINT('',(3.877690848743E-15,-38.3));
#4856 = VECTOR('',#4857,1.);
#4857 = DIRECTION('',(1.,0.));
#4858 = ( GEOMETRIC_REPRESENTATION_CONTEXT(2) 
PARAMETRIC_REPRESENTATION_CONTEXT() REPRESENTATION_CONTEXT('2D SPACE',''
  ) );
#4859 = ORIENTED_EDGE('',*,*,#4860,.T.);
#4860 = EDGE_CURVE('',#4833,#4861,#4863,.T.);
#4861 = VERTEX_POINT('',#4862);
#4862 = CARTESIAN_POINT('',(18.8,6.074566991773,204.00400354956));
#4863 = SURFACE_CURVE('',#4864,(#4868,#4875),.PCURVE_S1.);
#4864 = LINE('',#4865,#4866);
#4865 = CARTESIAN_POINT('',(18.8,5.736424362977,204.14895349662));
#4866 = VECTOR('',#4867,1.);
#4867 = DIRECTION('',(1.457840394793E-16,0.91911385169,-0.393992040061)
  );
#4868 = PCURVE('',#297,#4869);
#4869 = DEFINITIONAL_REPRESENTATION('',(#4870),#4874);
#4870 = LINE('',#4871,#4872);
#4871 = CARTESIAN_POINT('',(-5.736424362977,24.9109843678));
#4872 = VECTOR('',#4873,1.);
#4873 = DIRECTION('',(-0.91911385169,-0.393992040061));
#4874 = ( GEOMETRIC_REPRESENTATION_CONTEXT(2) 
PARAMETRIC_REPRESENTATION_CONTEXT() REPRESENTATION_CONTEXT('2D SPACE',''
  ) );
#4875 = PCURVE('',#4876,#4881);
#4876 = PLANE('',#4877);
#4877 = AXIS2_PLACEMENT_3D('',#4878,#4879,#4880);
#4878 = CARTESIAN_POINT('',(-19.5,5.736424362977,204.14895349662));
#4879 = DIRECTION('',(-5.830023260033E-17,0.393992040061,0.91911385169)
  );
#4880 = DIRECTION('',(1.457840394793E-16,0.91911385169,-0.393992040061)
  );
#4881 = DEFINITIONAL_REPRESENTATION('',(#4882),#4886);
#4882 = LINE('',#4883,#4884);
#4883 = CARTESIAN_POINT('',(3.95085453542E-15,-38.3));
#4884 = VECTOR('',#4885,1.);
#4885 = DIRECTION('',(1.,1.232595164408E-32));
#4886 = ( GEOMETRIC_REPRESENTATION_CONTEXT(2) 
PARAMETRIC_REPRESENTATION_CONTEXT() REPRESENTATION_CONTEXT('2D SPACE',''
  ) );
#4887 = ORIENTED_EDGE('',*,*,#4888,.T.);
#4888 = EDGE_CURVE('',#4861,#4889,#4891,.T.);
#4889 = VERTEX_POINT('',#4890);
#4890 = CARTESIAN_POINT('',(18.8,6.409050528555,203.85079882318));
#4891 = SURFACE_CURVE('',#4892,(#4896,#4903),.PCURVE_S1.);
#4892 = LINE('',#4893,#4894);
#4893 = CARTESIAN_POINT('',(18.8,6.074566991773,204.00400354956));
#4894 = VECTOR('',#4895,1.);
#4895 = DIRECTION('',(1.471708913834E-16,0.909167983091,-0.416429560098)
  );
#4896 = PCURVE('',#297,#4897);
#4897 = DEFINITIONAL_REPRESENTATION('',(#4898),#4902);
#4898 = LINE('',#4899,#4900);
#4899 = CARTESIAN_POINT('',(-6.074566991773,24.766034420733));
#4900 = VECTOR('',#4901,1.);
#4901 = DIRECTION('',(-0.909167983091,-0.416429560098));
#4902 = ( GEOMETRIC_REPRESENTATION_CONTEXT(2) 
PARAMETRIC_REPRESENTATION_CONTEXT() REPRESENTATION_CONTEXT('2D SPACE',''
  ) );
#4903 = PCURVE('',#4904,#4909);
#4904 = PLANE('',#4905);
#4905 = AXIS2_PLACEMENT_3D('',#4906,#4907,#4908);
#4906 = CARTESIAN_POINT('',(-19.5,6.074566991773,204.00400354956));
#4907 = DIRECTION('',(-5.470495423243E-17,0.416429560098,0.909167983091)
  );
#4908 = DIRECTION('',(1.471708913834E-16,0.909167983091,-0.416429560098)
  );
#4909 = DEFINITIONAL_REPRESENTATION('',(#4910),#4914);
#4910 = LINE('',#4911,#4912);
#4911 = CARTESIAN_POINT('',(4.021638375058E-15,-38.3));
#4912 = VECTOR('',#4913,1.);
#4913 = DIRECTION('',(1.,6.162975822039E-33));
#4914 = ( GEOMETRIC_REPRESENTATION_CONTEXT(2) 
PARAMETRIC_REPRESENTATION_CONTEXT() REPRESENTATION_CONTEXT('2D SPACE',''
  ) );
#4915 = ORIENTED_EDGE('',*,*,#4916,.T.);
#4916 = EDGE_CURVE('',#4889,#4917,#4919,.T.);
#4917 = VERTEX_POINT('',#4918);
#4918 = CARTESIAN_POINT('',(18.8,6.739673492948,203.68943160228));
#4919 = SURFACE_CURVE('',#4920,(#4924,#4931),.PCURVE_S1.);
#4920 = LINE('',#4921,#4922);
#4921 = CARTESIAN_POINT('',(18.8,6.409050528555,203.85079882318));
#4922 = VECTOR('',#4923,1.);
#4923 = DIRECTION('',(1.484690930456E-16,0.898674465694,-0.438616238539)
  );
#4924 = PCURVE('',#297,#4925);
#4925 = DEFINITIONAL_REPRESENTATION('',(#4926),#4930);
#4926 = LINE('',#4927,#4928);
#4927 = CARTESIAN_POINT('',(-6.409050528555,24.612829694354));
#4928 = VECTOR('',#4929,1.);
#4929 = DIRECTION('',(-0.898674465694,-0.438616238539));
#4930 = ( GEOMETRIC_REPRESENTATION_CONTEXT(2) 
PARAMETRIC_REPRESENTATION_CONTEXT() REPRESENTATION_CONTEXT('2D SPACE',''
  ) );
#4931 = PCURVE('',#4932,#4937);
#4932 = PLANE('',#4933);
#4933 = AXIS2_PLACEMENT_3D('',#4934,#4935,#4936);
#4934 = CARTESIAN_POINT('',(-19.5,6.409050528555,203.85079882318));
#4935 = DIRECTION('',(-5.107672364561E-17,0.438616238539,0.898674465694)
  );
#4936 = DIRECTION('',(1.484690930456E-16,0.898674465694,-0.438616238539)
  );
#4937 = DEFINITIONAL_REPRESENTATION('',(#4938),#4942);
#4938 = LINE('',#4939,#4940);
#4939 = CARTESIAN_POINT('',(4.089999730117E-15,-38.3));
#4940 = VECTOR('',#4941,1.);
#4941 = DIRECTION('',(1.,6.162975822039E-33));
#4942 = ( GEOMETRIC_REPRESENTATION_CONTEXT(2) 
PARAMETRIC_REPRESENTATION_CONTEXT() REPRESENTATION_CONTEXT('2D SPACE',''
  ) );
#4943 = ORIENTED_EDGE('',*,*,#4944,.T.);
#4944 = EDGE_CURVE('',#4917,#4945,#4947,.T.);
#4945 = VERTEX_POINT('',#4946);
#4946 = CARTESIAN_POINT('',(18.8,7.066236730041,203.51999908846));
#4947 = SURFACE_CURVE('',#4948,(#4952,#4959),.PCURVE_S1.);
#4948 = LINE('',#4949,#4950);
#4949 = CARTESIAN_POINT('',(18.8,6.739673492948,203.68943160228));
#4950 = VECTOR('',#4951,1.);
#4951 = DIRECTION('',(1.496778624778E-16,0.887639620403,-0.460538710958)
  );
#4952 = PCURVE('',#297,#4953);
#4953 = DEFINITIONAL_REPRESENTATION('',(#4954),#4958);
#4954 = LINE('',#4955,#4956);
#4955 = CARTESIAN_POINT('',(-6.739673492948,24.451462473461));
#4956 = VECTOR('',#4957,1.);
#4957 = DIRECTION('',(-0.887639620403,-0.460538710958));
#4958 = ( GEOMETRIC_REPRESENTATION_CONTEXT(2) 
PARAMETRIC_REPRESENTATION_CONTEXT() REPRESENTATION_CONTEXT('2D SPACE',''
  ) );
#4959 = PCURVE('',#4960,#4965);
#4960 = PLANE('',#4961);
#4961 = AXIS2_PLACEMENT_3D('',#4962,#4963,#4964);
#4962 = CARTESIAN_POINT('',(-19.5,6.739673492948,203.68943160228));
#4963 = DIRECTION('',(-4.741772635038E-17,0.460538710958,0.887639620403)
  );
#4964 = DIRECTION('',(1.496778624778E-16,0.887639620403,-0.460538710958)
  );
#4965 = DEFINITIONAL_REPRESENTATION('',(#4966),#4970);
#4966 = LINE('',#4967,#4968);
#4967 = CARTESIAN_POINT('',(4.155897422274E-15,-38.3));
#4968 = VECTOR('',#4969,1.);
#4969 = DIRECTION('',(1.,0.));
#4970 = ( GEOMETRIC_REPRESENTATION_CONTEXT(2) 
PARAMETRIC_REPRESENTATION_CONTEXT() REPRESENTATION_CONTEXT('2D SPACE',''
  ) );
#4971 = ORIENTED_EDGE('',*,*,#4972,.T.);
#4972 = EDGE_CURVE('',#4945,#4973,#4975,.T.);
#4973 = VERTEX_POINT('',#4974);
#4974 = CARTESIAN_POINT('',(18.8,7.388543530354,203.34260334151));
#4975 = SURFACE_CURVE('',#4976,(#4980,#4987),.PCURVE_S1.);
#4976 = LINE('',#4977,#4978);
#4977 = CARTESIAN_POINT('',(18.8,7.066236730041,203.51999908846));
#4978 = VECTOR('',#4979,1.);
#4979 = DIRECTION('',(1.507964715624E-16,0.876070094195,-0.482183772079)
  );
#4980 = PCURVE('',#297,#4981);
#4981 = DEFINITIONAL_REPRESENTATION('',(#4982),#4986);
#4982 = LINE('',#4983,#4984);
#4983 = CARTESIAN_POINT('',(-7.066236730041,24.282029959634));
#4984 = VECTOR('',#4985,1.);
#4985 = DIRECTION('',(-0.876070094195,-0.482183772079));
#4986 = ( GEOMETRIC_REPRESENTATION_CONTEXT(2) 
PARAMETRIC_REPRESENTATION_CONTEXT() REPRESENTATION_CONTEXT('2D SPACE',''
  ) );
#4987 = PCURVE('',#4988,#4993);
#4988 = PLANE('',#4989);
#4989 = AXIS2_PLACEMENT_3D('',#4990,#4991,#4992);
#4990 = CARTESIAN_POINT('',(-19.5,7.066236730041,203.51999908846));
#4991 = DIRECTION('',(-4.373016638984E-17,0.482183772079,0.876070094195)
  );
#4992 = DIRECTION('',(1.507964715624E-16,0.876070094195,-0.482183772079)
  );
#4993 = DEFINITIONAL_REPRESENTATION('',(#4994),#4998);
#4994 = LINE('',#4995,#4996);
#4995 = CARTESIAN_POINT('',(4.219291757222E-15,-38.3));
#4996 = VECTOR('',#4997,1.);
#4997 = DIRECTION('',(1.,-6.162975822039E-33));
#4998 = ( GEOMETRIC_REPRESENTATION_CONTEXT(2) 
PARAMETRIC_REPRESENTATION_CONTEXT() REPRESENTATION_CONTEXT('2D SPACE',''
  ) );
#4999 = ORIENTED_EDGE('',*,*,#5000,.T.);
#5000 = EDGE_CURVE('',#4973,#5001,#5003,.T.);
#5001 = VERTEX_POINT('',#5002);
#5002 = CARTESIAN_POINT('',(18.8,7.706399748317,203.157351218));
#5003 = SURFACE_CURVE('',#5004,(#5008,#5015),.PCURVE_S1.);
#5004 = LINE('',#5005,#5006);
#5005 = CARTESIAN_POINT('',(18.8,7.388543530354,203.34260334151));
#5006 = VECTOR('',#5007,1.);
#5007 = DIRECTION('',(1.518242464912E-16,0.863972856122,-0.503538383726)
  );
#5008 = PCURVE('',#297,#5009);
#5009 = DEFINITIONAL_REPRESENTATION('',(#5010),#5014);
#5010 = LINE('',#5011,#5012);
#5011 = CARTESIAN_POINT('',(-7.388543530354,24.104634212683));
#5012 = VECTOR('',#5013,1.);
#5013 = DIRECTION('',(-0.863972856122,-0.503538383726));
#5014 = ( GEOMETRIC_REPRESENTATION_CONTEXT(2) 
PARAMETRIC_REPRESENTATION_CONTEXT() REPRESENTATION_CONTEXT('2D SPACE',''
  ) );
#5015 = PCURVE('',#5016,#5021);
#5016 = PLANE('',#5017);
#5017 = AXIS2_PLACEMENT_3D('',#5018,#5019,#5020);
#5018 = CARTESIAN_POINT('',(-19.5,7.388543530354,203.34260334151));
#5019 = DIRECTION('',(-4.001626501226E-17,0.503538383726,0.863972856122)
  );
#5020 = DIRECTION('',(1.518242464912E-16,0.863972856122,-0.503538383726)
  );
#5021 = DEFINITIONAL_REPRESENTATION('',(#5022),#5026);
#5022 = LINE('',#5023,#5024);
#5023 = CARTESIAN_POINT('',(4.280144548586E-15,-38.3));
#5024 = VECTOR('',#5025,1.);
#5025 = DIRECTION('',(1.,1.232595164408E-32));
#5026 = ( GEOMETRIC_REPRESENTATION_CONTEXT(2) 
PARAMETRIC_REPRESENTATION_CONTEXT() REPRESENTATION_CONTEXT('2D SPACE',''
  ) );
#5027 = ORIENTED_EDGE('',*,*,#5028,.T.);
#5028 = EDGE_CURVE('',#5001,#5029,#5031,.T.);
#5029 = VERTEX_POINT('',#5030);
#5030 = CARTESIAN_POINT('',(18.8,8.019613919234,202.96435430688));
#5031 = SURFACE_CURVE('',#5032,(#5036,#5043),.PCURVE_S1.);
#5032 = LINE('',#5033,#5034);
#5033 = CARTESIAN_POINT('',(18.8,7.706399748317,203.157351218));
#5034 = VECTOR('',#5035,1.);
#5035 = DIRECTION('',(1.52760568171E-16,0.851355193105,-0.524589682678)
  );
#5036 = PCURVE('',#297,#5037);
#5037 = DEFINITIONAL_REPRESENTATION('',(#5038),#5042);
#5038 = LINE('',#5039,#5040);
#5039 = CARTESIAN_POINT('',(-7.706399748317,23.919382089174));
#5040 = VECTOR('',#5041,1.);
#5041 = DIRECTION('',(-0.851355193105,-0.524589682678));
#5042 = ( GEOMETRIC_REPRESENTATION_CONTEXT(2) 
PARAMETRIC_REPRESENTATION_CONTEXT() REPRESENTATION_CONTEXT('2D SPACE',''
  ) );
#5043 = PCURVE('',#5044,#5049);
#5044 = PLANE('',#5045);
#5045 = AXIS2_PLACEMENT_3D('',#5046,#5047,#5048);
#5046 = CARTESIAN_POINT('',(-19.5,7.706399748317,203.157351218));
#5047 = DIRECTION('',(-3.627825933292E-17,0.524589682678,0.851355193105)
  );
#5048 = DIRECTION('',(1.52760568171E-16,0.851355193105,-0.524589682678)
  );
#5049 = DEFINITIONAL_REPRESENTATION('',(#5050),#5054);
#5050 = LINE('',#5051,#5052);
#5051 = CARTESIAN_POINT('',(4.338419140918E-15,-38.3));
#5052 = VECTOR('',#5053,1.);
#5053 = DIRECTION('',(1.,0.));
#5054 = ( GEOMETRIC_REPRESENTATION_CONTEXT(2) 
PARAMETRIC_REPRESENTATION_CONTEXT() REPRESENTATION_CONTEXT('2D SPACE',''
  ) );
#5055 = ORIENTED_EDGE('',*,*,#5056,.T.);
#5056 = EDGE_CURVE('',#5029,#5057,#5059,.T.);
#5057 = VERTEX_POINT('',#5058);
#5058 = CARTESIAN_POINT('',(18.8,8.327997374598,202.76372886228));
#5059 = SURFACE_CURVE('',#5060,(#5064,#5071),.PCURVE_S1.);
#5060 = LINE('',#5061,#5062);
#5061 = CARTESIAN_POINT('',(18.8,8.019613919234,202.96435430688));
#5062 = VECTOR('',#5063,1.);
#5063 = DIRECTION('',(1.536048725966E-16,0.838224705555,-0.545324988422)
  );
#5064 = PCURVE('',#297,#5065);
#5065 = DEFINITIONAL_REPRESENTATION('',(#5066),#5070);
#5066 = LINE('',#5067,#5068);
#5067 = CARTESIAN_POINT('',(-8.019613919234,23.726385178058));
#5068 = VECTOR('',#5069,1.);
#5069 = DIRECTION('',(-0.838224705555,-0.545324988422));
#5070 = ( GEOMETRIC_REPRESENTATION_CONTEXT(2) 
PARAMETRIC_REPRESENTATION_CONTEXT() REPRESENTATION_CONTEXT('2D SPACE',''
  ) );
#5071 = PCURVE('',#5072,#5077);
#5072 = PLANE('',#5073);
#5073 = AXIS2_PLACEMENT_3D('',#5074,#5075,#5076);
#5074 = CARTESIAN_POINT('',(-19.5,8.019613919234,202.96435430688));
#5075 = DIRECTION('',(-3.251840098671E-17,0.545324988422,0.838224705555)
  );
#5076 = DIRECTION('',(1.536048725966E-16,0.838224705555,-0.545324988422)
  );
#5077 = DEFINITIONAL_REPRESENTATION('',(#5078),#5082);
#5078 = LINE('',#5079,#5080);
#5079 = CARTESIAN_POINT('',(4.394080431784E-15,-38.3));
#5080 = VECTOR('',#5081,1.);
#5081 = DIRECTION('',(1.,0.));
#5082 = ( GEOMETRIC_REPRESENTATION_CONTEXT(2) 
PARAMETRIC_REPRESENTATION_CONTEXT() REPRESENTATION_CONTEXT('2D SPACE',''
  ) );
#5083 = ORIENTED_EDGE('',*,*,#5084,.T.);
#5084 = EDGE_CURVE('',#5057,#5085,#5087,.T.);
#5085 = VERTEX_POINT('',#5086);
#5086 = CARTESIAN_POINT('',(18.8,8.631364355748,202.55559573346));
#5087 = SURFACE_CURVE('',#5088,(#5092,#5099),.PCURVE_S1.);
#5088 = LINE('',#5089,#5090);
#5089 = CARTESIAN_POINT('',(18.8,8.327997374598,202.76372886228));
#5090 = VECTOR('',#5091,1.);
#5091 = DIRECTION('',(1.543566511906E-16,0.824589302785,-0.565731810784)
  );
#5092 = PCURVE('',#297,#5093);
#5093 = DEFINITIONAL_REPRESENTATION('',(#5094),#5098);
#5094 = LINE('',#5095,#5096);
#5095 = CARTESIAN_POINT('',(-8.327997374598,23.525759733459));
#5096 = VECTOR('',#5097,1.);
#5097 = DIRECTION('',(-0.824589302785,-0.565731810784));
#5098 = ( GEOMETRIC_REPRESENTATION_CONTEXT(2) 
PARAMETRIC_REPRESENTATION_CONTEXT() REPRESENTATION_CONTEXT('2D SPACE',''
  ) );
#5099 = PCURVE('',#5100,#5105);
#5100 = PLANE('',#5101);
#5101 = AXIS2_PLACEMENT_3D('',#5102,#5103,#5104);
#5102 = CARTESIAN_POINT('',(-19.5,8.327997374598,202.76372886228));
#5103 = DIRECTION('',(-2.873895477166E-17,0.565731810784,0.824589302785)
  );
#5104 = DIRECTION('',(1.543566511906E-16,0.824589302785,-0.565731810784)
  );
#5105 = DEFINITIONAL_REPRESENTATION('',(#5106),#5110);
#5106 = LINE('',#5107,#5108);
#5107 = CARTESIAN_POINT('',(4.447094892903E-15,-38.3));
#5108 = VECTOR('',#5109,1.);
#5109 = DIRECTION('',(1.,1.232595164408E-32));
#5110 = ( GEOMETRIC_REPRESENTATION_CONTEXT(2) 
PARAMETRIC_REPRESENTATION_CONTEXT() REPRESENTATION_CONTEXT('2D SPACE',''
  ) );
#5111 = ORIENTED_EDGE('',*,*,#5112,.T.);
#5112 = EDGE_CURVE('',#5085,#5113,#5115,.T.);
#5113 = VERTEX_POINT('',#5114);
#5114 = CARTESIAN_POINT('',(18.8,8.929532125757,202.34008029204));
#5115 = SURFACE_CURVE('',#5116,(#5120,#5127),.PCURVE_S1.);
#5116 = LINE('',#5117,#5118);
#5117 = CARTESIAN_POINT('',(18.8,8.631364355748,202.55559573346));
#5118 = VECTOR('',#5119,1.);
#5119 = DIRECTION('',(1.550154511097E-16,0.810457198253,-0.585797857456)
  );
#5120 = PCURVE('',#297,#5121);
#5121 = DEFINITIONAL_REPRESENTATION('',(#5122),#5126);
#5122 = LINE('',#5123,#5124);
#5123 = CARTESIAN_POINT('',(-8.631364355748,23.317626604641));
#5124 = VECTOR('',#5125,1.);
#5125 = DIRECTION('',(-0.810457198253,-0.585797857456));
#5126 = ( GEOMETRIC_REPRESENTATION_CONTEXT(2) 
PARAMETRIC_REPRESENTATION_CONTEXT() REPRESENTATION_CONTEXT('2D SPACE',''
  ) );
#5127 = PCURVE('',#5128,#5133);
#5128 = PLANE('',#5129);
#5129 = AXIS2_PLACEMENT_3D('',#5130,#5131,#5132);
#5130 = CARTESIAN_POINT('',(-19.5,8.631364355748,202.55559573346));
#5131 = DIRECTION('',(-2.49421972849E-17,0.585797857456,0.810457198253)
  );
#5132 = DIRECTION('',(1.550154511097E-16,0.810457198253,-0.585797857456)
  );
#5133 = DEFINITIONAL_REPRESENTATION('',(#5134),#5138);
#5134 = LINE('',#5135,#5136);
#5135 = CARTESIAN_POINT('',(4.497430590346E-15,-38.3));
#5136 = VECTOR('',#5137,1.);
#5137 = DIRECTION('',(1.,0.));
#5138 = ( GEOMETRIC_REPRESENTATION_CONTEXT(2) 
PARAMETRIC_REPRESENTATION_CONTEXT() REPRESENTATION_CONTEXT('2D SPACE',''
  ) );
#5139 = ORIENTED_EDGE('',*,*,#5140,.T.);
#5140 = EDGE_CURVE('',#5113,#5141,#5143,.T.);
#5141 = VERTEX_POINT('',#5142);
#5142 = CARTESIAN_POINT('',(18.8,9.222321079511,202.11731235646));
#5143 = SURFACE_CURVE('',#5144,(#5148,#5155),.PCURVE_S1.);
#5144 = LINE('',#5145,#5146);
#5145 = CARTESIAN_POINT('',(18.8,8.929532125757,202.34008029204));
#5146 = VECTOR('',#5147,1.);
#5147 = DIRECTION('',(1.555808755175E-16,0.795836904609,-0.605511041404)
  );
#5148 = PCURVE('',#297,#5149);
#5149 = DEFINITIONAL_REPRESENTATION('',(#5150),#5154);
#5150 = LINE('',#5151,#5152);
#5151 = CARTESIAN_POINT('',(-8.929532125757,23.102111163221));
#5152 = VECTOR('',#5153,1.);
#5153 = DIRECTION('',(-0.795836904609,-0.605511041404));
#5154 = ( GEOMETRIC_REPRESENTATION_CONTEXT(2) 
PARAMETRIC_REPRESENTATION_CONTEXT() REPRESENTATION_CONTEXT('2D SPACE',''
  ) );
#5155 = PCURVE('',#5156,#5161);
#5156 = PLANE('',#5157);
#5157 = AXIS2_PLACEMENT_3D('',#5158,#5159,#5160);
#5158 = CARTESIAN_POINT('',(-19.5,8.929532125757,202.34008029204));
#5159 = DIRECTION('',(-2.113041555114E-17,0.605511041404,0.795836904609)
  );
#5160 = DIRECTION('',(1.555808755175E-16,0.795836904609,-0.605511041404)
  );
#5161 = DEFINITIONAL_REPRESENTATION('',(#5162),#5166);
#5162 = LINE('',#5163,#5164);
#5163 = CARTESIAN_POINT('',(4.545057203771E-15,-38.3));
#5164 = VECTOR('',#5165,1.);
#5165 = DIRECTION('',(1.,0.));
#5166 = ( GEOMETRIC_REPRESENTATION_CONTEXT(2) 
PARAMETRIC_REPRESENTATION_CONTEXT() REPRESENTATION_CONTEXT('2D SPACE',''
  ) );
#5167 = ORIENTED_EDGE('',*,*,#5168,.T.);
#5168 = EDGE_CURVE('',#5141,#5169,#5171,.T.);
#5169 = VERTEX_POINT('',#5170);
#5170 = CARTESIAN_POINT('',(18.8,9.50955485189,201.8874261138));
#5171 = SURFACE_CURVE('',#5172,(#5176,#5183),.PCURVE_S1.);
#5172 = LINE('',#5173,#5174);
#5173 = CARTESIAN_POINT('',(18.8,9.222321079511,202.11731235646));
#5174 = VECTOR('',#5175,1.);
#5175 = DIRECTION('',(1.560525838234E-16,0.780737228572,-0.624859488142)
  );
#5176 = PCURVE('',#297,#5177);
#5177 = DEFINITIONAL_REPRESENTATION('',(#5178),#5182);
#5178 = LINE('',#5179,#5180);
#5179 = CARTESIAN_POINT('',(-9.222321079511,22.87934322764));
#5180 = VECTOR('',#5181,1.);
#5181 = DIRECTION('',(-0.780737228572,-0.624859488142));
#5182 = ( GEOMETRIC_REPRESENTATION_CONTEXT(2) 
PARAMETRIC_REPRESENTATION_CONTEXT() REPRESENTATION_CONTEXT('2D SPACE',''
  ) );
#5183 = PCURVE('',#5184,#5189);
#5184 = PLANE('',#5185);
#5185 = AXIS2_PLACEMENT_3D('',#5186,#5187,#5188);
#5186 = CARTESIAN_POINT('',(-19.5,9.222321079511,202.11731235646));
#5187 = DIRECTION('',(-1.730590564516E-17,0.624859488142,0.780737228572)
  );
#5188 = DIRECTION('',(1.560525838234E-16,0.780737228572,-0.624859488142)
  );
#5189 = DEFINITIONAL_REPRESENTATION('',(#5190),#5194);
#5190 = LINE('',#5191,#5192);
#5191 = CARTESIAN_POINT('',(4.589946044688E-15,-38.3));
#5192 = VECTOR('',#5193,1.);
#5193 = DIRECTION('',(1.,1.232595164408E-32));
#5194 = ( GEOMETRIC_REPRESENTATION_CONTEXT(2) 
PARAMETRIC_REPRESENTATION_CONTEXT() REPRESENTATION_CONTEXT('2D SPACE',''
  ) );
#5195 = ORIENTED_EDGE('',*,*,#5196,.T.);
#5196 = EDGE_CURVE('',#5169,#5197,#5199,.T.);
#5197 = VERTEX_POINT('',#5198);
#5198 = CARTESIAN_POINT('',(18.8,9.791060424013,201.65056003892));
#5199 = SURFACE_CURVE('',#5200,(#5204,#5211),.PCURVE_S1.);
#5200 = LINE('',#5201,#5202);
#5201 = CARTESIAN_POINT('',(18.8,9.50955485189,201.8874261138));
#5202 = VECTOR('',#5203,1.);
#5203 = DIRECTION('',(1.56430291888E-16,0.765167265622,-0.64383154289));
#5204 = PCURVE('',#297,#5205);
#5205 = DEFINITIONAL_REPRESENTATION('',(#5206),#5210);
#5206 = LINE('',#5207,#5208);
#5207 = CARTESIAN_POINT('',(-9.50955485189,22.649456984973));
#5208 = VECTOR('',#5209,1.);
#5209 = DIRECTION('',(-0.765167265622,-0.64383154289));
#5210 = ( GEOMETRIC_REPRESENTATION_CONTEXT(2) 
PARAMETRIC_REPRESENTATION_CONTEXT() REPRESENTATION_CONTEXT('2D SPACE',''
  ) );
#5211 = PCURVE('',#5212,#5217);
#5212 = PLANE('',#5213);
#5213 = AXIS2_PLACEMENT_3D('',#5214,#5215,#5216);
#5214 = CARTESIAN_POINT('',(-19.5,9.50955485189,201.8874261138));
#5215 = DIRECTION('',(-1.347097130873E-17,0.64383154289,0.765167265622)
  );
#5216 = DIRECTION('',(1.56430291888E-16,0.765167265622,-0.64383154289));
#5217 = DEFINITIONAL_REPRESENTATION('',(#5218),#5222);
#5218 = LINE('',#5219,#5220);
#5219 = CARTESIAN_POINT('',(4.632070073736E-15,-38.3));
#5220 = VECTOR('',#5221,1.);
#5221 = DIRECTION('',(1.,0.));
#5222 = ( GEOMETRIC_REPRESENTATION_CONTEXT(2) 
PARAMETRIC_REPRESENTATION_CONTEXT() REPRESENTATION_CONTEXT('2D SPACE',''
  ) );
#5223 = ORIENTED_EDGE('',*,*,#5224,.T.);
#5224 = EDGE_CURVE('',#5197,#5225,#5227,.T.);
#5225 = VERTEX_POINT('',#5226);
#5226 = CARTESIAN_POINT('',(18.8,10.066668227447,201.4068568111));
#5227 = SURFACE_CURVE('',#5228,(#5232,#5239),.PCURVE_S1.);
#5228 = LINE('',#5229,#5230);
#5229 = CARTESIAN_POINT('',(18.8,9.791060424013,201.65056003892));
#5230 = VECTOR('',#5231,1.);
#5231 = DIRECTION('',(1.56713772194E-16,0.749136394523,-0.66241577759));
#5232 = PCURVE('',#297,#5233);
#5233 = DEFINITIONAL_REPRESENTATION('',(#5234),#5238);
#5234 = LINE('',#5235,#5236);
#5235 = CARTESIAN_POINT('',(-9.791060424013,22.412590910097));
#5236 = VECTOR('',#5237,1.);
#5237 = DIRECTION('',(-0.749136394523,-0.66241577759));
#5238 = ( GEOMETRIC_REPRESENTATION_CONTEXT(2) 
PARAMETRIC_REPRESENTATION_CONTEXT() REPRESENTATION_CONTEXT('2D SPACE',''
  ) );
#5239 = PCURVE('',#5240,#5245);
#5240 = PLANE('',#5241);
#5241 = AXIS2_PLACEMENT_3D('',#5242,#5243,#5244);
#5242 = CARTESIAN_POINT('',(-19.5,9.791060424013,201.65056003892));
#5243 = DIRECTION('',(-9.627922562906E-18,0.66241577759,0.749136394523)
  );
#5244 = DIRECTION('',(1.56713772194E-16,0.749136394523,-0.66241577759));
#5245 = DEFINITIONAL_REPRESENTATION('',(#5246),#5250);
#5246 = LINE('',#5247,#5248);
#5247 = CARTESIAN_POINT('',(4.671403916976E-15,-38.3));
#5248 = VECTOR('',#5249,1.);
#5249 = DIRECTION('',(1.,0.));
#5250 = ( GEOMETRIC_REPRESENTATION_CONTEXT(2) 
PARAMETRIC_REPRESENTATION_CONTEXT() REPRESENTATION_CONTEXT('2D SPACE',''
  ) );
#5251 = ORIENTED_EDGE('',*,*,#5252,.T.);
#5252 = EDGE_CURVE('',#5225,#5253,#5255,.T.);
#5253 = VERTEX_POINT('',#5254);
#5254 = CARTESIAN_POINT('',(18.8,10.336212246358,201.15646322805));
#5255 = SURFACE_CURVE('',#5256,(#5260,#5267),.PCURVE_S1.);
#5256 = LINE('',#5257,#5258);
#5257 = CARTESIAN_POINT('',(18.8,10.066668227447,201.4068568111));
#5258 = VECTOR('',#5259,1.);
#5259 = DIRECTION('',(1.569028539836E-16,0.732654271672,-0.680600997795)
  );
#5260 = PCURVE('',#297,#5261);
#5261 = DEFINITIONAL_REPRESENTATION('',(#5262),#5266);
#5262 = LINE('',#5263,#5264);
#5263 = CARTESIAN_POINT('',(-10.06666822744,22.168887682278));
#5264 = VECTOR('',#5265,1.);
#5265 = DIRECTION('',(-0.732654271672,-0.680600997795));
#5266 = ( GEOMETRIC_REPRESENTATION_CONTEXT(2) 
PARAMETRIC_REPRESENTATION_CONTEXT() REPRESENTATION_CONTEXT('2D SPACE',''
  ) );
#5267 = PCURVE('',#5268,#5273);
#5268 = PLANE('',#5269);
#5269 = AXIS2_PLACEMENT_3D('',#5270,#5271,#5272);
#5270 = CARTESIAN_POINT('',(-19.5,10.066668227447,201.4068568111));
#5271 = DIRECTION('',(-5.779074316531E-18,0.680600997795,0.732654271672)
  );
#5272 = DIRECTION('',(1.569028539836E-16,0.732654271672,-0.680600997795)
  );
#5273 = DEFINITIONAL_REPRESENTATION('',(#5274),#5278);
#5274 = LINE('',#5275,#5276);
#5275 = CARTESIAN_POINT('',(4.707923881171E-15,-38.3));
#5276 = VECTOR('',#5277,1.);
#5277 = DIRECTION('',(1.,0.));
#5278 = ( GEOMETRIC_REPRESENTATION_CONTEXT(2) 
PARAMETRIC_REPRESENTATION_CONTEXT() REPRESENTATION_CONTEXT('2D SPACE',''
  ) );
#5279 = ORIENTED_EDGE('',*,*,#5280,.T.);
#5280 = EDGE_CURVE('',#5253,#5281,#5283,.T.);
#5281 = VERTEX_POINT('',#5282);
#5282 = CARTESIAN_POINT('',(18.8,10.599530117508,200.8995301175));
#5283 = SURFACE_CURVE('',#5284,(#5288,#5295),.PCURVE_S1.);
#5284 = LINE('',#5285,#5286);
#5285 = CARTESIAN_POINT('',(18.8,10.336212246358,201.15646322805));
#5286 = VECTOR('',#5287,1.);
#5287 = DIRECTION('',(1.569974233609E-16,0.715730825284,-0.698376249409)
  );
#5288 = PCURVE('',#297,#5289);
#5289 = DEFINITIONAL_REPRESENTATION('',(#5290),#5294);
#5290 = LINE('',#5291,#5292);
#5291 = CARTESIAN_POINT('',(-10.33621224635,21.918494099229));
#5292 = VECTOR('',#5293,1.);
#5293 = DIRECTION('',(-0.715730825284,-0.698376249409));
#5294 = ( GEOMETRIC_REPRESENTATION_CONTEXT(2) 
PARAMETRIC_REPRESENTATION_CONTEXT() REPRESENTATION_CONTEXT('2D SPACE',''
  ) );
#5295 = PCURVE('',#5296,#5301);
#5296 = PLANE('',#5297);
#5297 = AXIS2_PLACEMENT_3D('',#5298,#5299,#5300);
#5298 = CARTESIAN_POINT('',(-19.5,10.336212246358,201.15646322805));
#5299 = DIRECTION('',(-1.92674497189E-18,0.698376249409,0.715730825284)
  );
#5300 = DIRECTION('',(1.569974233609E-16,0.715730825284,-0.698376249409)
  );
#5301 = DEFINITIONAL_REPRESENTATION('',(#5302),#5306);
#5302 = LINE('',#5303,#5304);
#5303 = CARTESIAN_POINT('',(4.741607968061E-15,-38.3));
#5304 = VECTOR('',#5305,1.);
#5305 = DIRECTION('',(1.,-1.232595164408E-32));
#5306 = ( GEOMETRIC_REPRESENTATION_CONTEXT(2) 
PARAMETRIC_REPRESENTATION_CONTEXT() REPRESENTATION_CONTEXT('2D SPACE',''
  ) );
#5307 = ORIENTED_EDGE('',*,*,#5308,.T.);
#5308 = EDGE_CURVE('',#5281,#5309,#5311,.T.);
#5309 = VERTEX_POINT('',#5310);
#5310 = CARTESIAN_POINT('',(18.8,10.856463228056,200.63621224635));
#5311 = SURFACE_CURVE('',#5312,(#5316,#5323),.PCURVE_S1.);
#5312 = LINE('',#5313,#5314);
#5313 = CARTESIAN_POINT('',(18.8,10.599530117508,200.8995301175));
#5314 = VECTOR('',#5315,1.);
#5315 = DIRECTION('',(1.569974233609E-16,0.698376249409,-0.715730825284)
  );
#5316 = PCURVE('',#297,#5317);
#5317 = DEFINITIONAL_REPRESENTATION('',(#5318),#5322);
#5318 = LINE('',#5319,#5320);
#5319 = CARTESIAN_POINT('',(-10.5995301175,21.66156098868));
#5320 = VECTOR('',#5321,1.);
#5321 = DIRECTION('',(-0.698376249409,-0.715730825284));
#5322 = ( GEOMETRIC_REPRESENTATION_CONTEXT(2) 
PARAMETRIC_REPRESENTATION_CONTEXT() REPRESENTATION_CONTEXT('2D SPACE',''
  ) );
#5323 = PCURVE('',#5324,#5329);
#5324 = PLANE('',#5325);
#5325 = AXIS2_PLACEMENT_3D('',#5326,#5327,#5328);
#5326 = CARTESIAN_POINT('',(-19.5,10.599530117508,200.8995301175));
#5327 = DIRECTION('',(1.92674497189E-18,0.715730825284,0.698376249409));
#5328 = DIRECTION('',(1.569974233609E-16,0.698376249409,-0.715730825284)
  );
#5329 = DEFINITIONAL_REPRESENTATION('',(#5330),#5334);
#5330 = LINE('',#5331,#5332);
#5331 = CARTESIAN_POINT('',(4.772435887611E-15,-38.3));
#5332 = VECTOR('',#5333,1.);
#5333 = DIRECTION('',(1.,1.232595164408E-32));
#5334 = ( GEOMETRIC_REPRESENTATION_CONTEXT(2) 
PARAMETRIC_REPRESENTATION_CONTEXT() REPRESENTATION_CONTEXT('2D SPACE',''
  ) );
#5335 = ORIENTED_EDGE('',*,*,#5336,.T.);
#5336 = EDGE_CURVE('',#5309,#5337,#5339,.T.);
#5337 = VERTEX_POINT('',#5338);
#5338 = CARTESIAN_POINT('',(18.8,11.106856811107,200.36666822744));
#5339 = SURFACE_CURVE('',#5340,(#5344,#5351),.PCURVE_S1.);
#5340 = LINE('',#5341,#5342);
#5341 = CARTESIAN_POINT('',(18.8,10.856463228056,200.63621224635));
#5342 = VECTOR('',#5343,1.);
#5343 = DIRECTION('',(1.569028539836E-16,0.680600997795,-0.732654271672)
  );
#5344 = PCURVE('',#297,#5345);
#5345 = DEFINITIONAL_REPRESENTATION('',(#5346),#5350);
#5346 = LINE('',#5347,#5348);
#5347 = CARTESIAN_POINT('',(-10.85646322805,21.398243117531));
#5348 = VECTOR('',#5349,1.);
#5349 = DIRECTION('',(-0.680600997795,-0.732654271672));
#5350 = ( GEOMETRIC_REPRESENTATION_CONTEXT(2) 
PARAMETRIC_REPRESENTATION_CONTEXT() REPRESENTATION_CONTEXT('2D SPACE',''
  ) );
#5351 = PCURVE('',#5352,#5357);
#5352 = PLANE('',#5353);
#5353 = AXIS2_PLACEMENT_3D('',#5354,#5355,#5356);
#5354 = CARTESIAN_POINT('',(-19.5,10.856463228056,200.63621224635));
#5355 = DIRECTION('',(5.779074316528E-18,0.732654271672,0.680600997795)
  );
#5356 = DIRECTION('',(1.569028539836E-16,0.680600997795,-0.732654271672)
  );
#5357 = DEFINITIONAL_REPRESENTATION('',(#5358),#5362);
#5358 = LINE('',#5359,#5360);
#5359 = CARTESIAN_POINT('',(4.800389070235E-15,-38.3));
#5360 = VECTOR('',#5361,1.);
#5361 = DIRECTION('',(1.,0.));
#5362 = ( GEOMETRIC_REPRESENTATION_CONTEXT(2) 
PARAMETRIC_REPRESENTATION_CONTEXT() REPRESENTATION_CONTEXT('2D SPACE',''
  ) );
#5363 = ORIENTED_EDGE('',*,*,#5364,.T.);
#5364 = EDGE_CURVE('',#5337,#5365,#5367,.T.);
#5365 = VERTEX_POINT('',#5366);
#5366 = CARTESIAN_POINT('',(18.8,11.350560038925,200.09106042401));
#5367 = SURFACE_CURVE('',#5368,(#5372,#5379),.PCURVE_S1.);
#5368 = LINE('',#5369,#5370);
#5369 = CARTESIAN_POINT('',(18.8,11.106856811107,200.36666822744));
#5370 = VECTOR('',#5371,1.);
#5371 = DIRECTION('',(1.56713772194E-16,0.66241577759,-0.749136394523));
#5372 = PCURVE('',#297,#5373);
#5373 = DEFINITIONAL_REPRESENTATION('',(#5374),#5378);
#5374 = LINE('',#5375,#5376);
#5375 = CARTESIAN_POINT('',(-11.1068568111,21.128699098619));
#5376 = VECTOR('',#5377,1.);
#5377 = DIRECTION('',(-0.66241577759,-0.749136394523));
#5378 = ( GEOMETRIC_REPRESENTATION_CONTEXT(2) 
PARAMETRIC_REPRESENTATION_CONTEXT() REPRESENTATION_CONTEXT('2D SPACE',''
  ) );
#5379 = PCURVE('',#5380,#5385);
#5380 = PLANE('',#5381);
#5381 = AXIS2_PLACEMENT_3D('',#5382,#5383,#5384);
#5382 = CARTESIAN_POINT('',(-19.5,11.106856811107,200.36666822744));
#5383 = DIRECTION('',(9.627922562904E-18,0.749136394523,0.66241577759));
#5384 = DIRECTION('',(1.56713772194E-16,0.66241577759,-0.749136394523));
#5385 = DEFINITIONAL_REPRESENTATION('',(#5386),#5390);
#5386 = LINE('',#5387,#5388);
#5387 = CARTESIAN_POINT('',(4.825450677982E-15,-38.3));
#5388 = VECTOR('',#5389,1.);
#5389 = DIRECTION('',(1.,0.));
#5390 = ( GEOMETRIC_REPRESENTATION_CONTEXT(2) 
PARAMETRIC_REPRESENTATION_CONTEXT() REPRESENTATION_CONTEXT('2D SPACE',''
  ) );
#5391 = ORIENTED_EDGE('',*,*,#5392,.T.);
#5392 = EDGE_CURVE('',#5365,#5393,#5395,.T.);
#5393 = VERTEX_POINT('',#5394);
#5394 = CARTESIAN_POINT('',(18.8,11.587426113801,199.80955485189));
#5395 = SURFACE_CURVE('',#5396,(#5400,#5407),.PCURVE_S1.);
#5396 = LINE('',#5397,#5398);
#5397 = CARTESIAN_POINT('',(18.8,11.350560038925,200.09106042401));
#5398 = VECTOR('',#5399,1.);
#5399 = DIRECTION('',(1.56430291888E-16,0.64383154289,-0.765167265622));
#5400 = PCURVE('',#297,#5401);
#5401 = DEFINITIONAL_REPRESENTATION('',(#5402),#5406);
#5402 = LINE('',#5403,#5404);
#5403 = CARTESIAN_POINT('',(-11.35056003892,20.853091295186));
#5404 = VECTOR('',#5405,1.);
#5405 = DIRECTION('',(-0.64383154289,-0.765167265622));
#5406 = ( GEOMETRIC_REPRESENTATION_CONTEXT(2) 
PARAMETRIC_REPRESENTATION_CONTEXT() REPRESENTATION_CONTEXT('2D SPACE',''
  ) );
#5407 = PCURVE('',#5408,#5413);
#5408 = PLANE('',#5409);
#5409 = AXIS2_PLACEMENT_3D('',#5410,#5411,#5412);
#5410 = CARTESIAN_POINT('',(-19.5,11.350560038925,200.09106042401));
#5411 = DIRECTION('',(1.347097130873E-17,0.765167265622,0.64383154289));
#5412 = DIRECTION('',(1.56430291888E-16,0.64383154289,-0.765167265622));
#5413 = DEFINITIONAL_REPRESENTATION('',(#5414),#5418);
#5414 = LINE('',#5415,#5416);
#5415 = CARTESIAN_POINT('',(4.847605614675E-15,-38.3));
#5416 = VECTOR('',#5417,1.);
#5417 = DIRECTION('',(1.,-1.232595164408E-32));
#5418 = ( GEOMETRIC_REPRESENTATION_CONTEXT(2) 
PARAMETRIC_REPRESENTATION_CONTEXT() REPRESENTATION_CONTEXT('2D SPACE',''
  ) );
#5419 = ORIENTED_EDGE('',*,*,#5420,.T.);
#5420 = EDGE_CURVE('',#5393,#5421,#5423,.T.);
#5421 = VERTEX_POINT('',#5422);
#5422 = CARTESIAN_POINT('',(18.8,11.817312356467,199.52232107951));
#5423 = SURFACE_CURVE('',#5424,(#5428,#5435),.PCURVE_S1.);
#5424 = LINE('',#5425,#5426);
#5425 = CARTESIAN_POINT('',(18.8,11.587426113801,199.80955485189));
#5426 = VECTOR('',#5427,1.);
#5427 = DIRECTION('',(1.560525838234E-16,0.624859488142,-0.780737228572)
  );
#5428 = PCURVE('',#297,#5429);
#5429 = DEFINITIONAL_REPRESENTATION('',(#5430),#5434);
#5430 = LINE('',#5431,#5432);
#5431 = CARTESIAN_POINT('',(-11.5874261138,20.571585723062));
#5432 = VECTOR('',#5433,1.);
#5433 = DIRECTION('',(-0.624859488142,-0.780737228572));
#5434 = ( GEOMETRIC_REPRESENTATION_CONTEXT(2) 
PARAMETRIC_REPRESENTATION_CONTEXT() REPRESENTATION_CONTEXT('2D SPACE',''
  ) );
#5435 = PCURVE('',#5436,#5441);
#5436 = PLANE('',#5437);
#5437 = AXIS2_PLACEMENT_3D('',#5438,#5439,#5440);
#5438 = CARTESIAN_POINT('',(-19.5,11.587426113801,199.80955485189));
#5439 = DIRECTION('',(1.730590564517E-17,0.780737228572,0.624859488142)
  );
#5440 = DIRECTION('',(1.560525838234E-16,0.624859488142,-0.780737228572)
  );
#5441 = DEFINITIONAL_REPRESENTATION('',(#5442),#5446);
#5442 = LINE('',#5443,#5444);
#5443 = CARTESIAN_POINT('',(4.86684053501E-15,-38.3));
#5444 = VECTOR('',#5445,1.);
#5445 = DIRECTION('',(1.,-1.232595164408E-32));
#5446 = ( GEOMETRIC_REPRESENTATION_CONTEXT(2) 
PARAMETRIC_REPRESENTATION_CONTEXT() REPRESENTATION_CONTEXT('2D SPACE',''
  ) );
#5447 = ORIENTED_EDGE('',*,*,#5448,.T.);
#5448 = EDGE_CURVE('',#5421,#5449,#5451,.T.);
#5449 = VERTEX_POINT('',#5450);
#5450 = CARTESIAN_POINT('',(18.8,12.040080292049,199.22953212575));
#5451 = SURFACE_CURVE('',#5452,(#5456,#5463),.PCURVE_S1.);
#5452 = LINE('',#5453,#5454);
#5453 = CARTESIAN_POINT('',(18.8,11.817312356467,199.52232107951));
#5454 = VECTOR('',#5455,1.);
#5455 = DIRECTION('',(1.555808755175E-16,0.605511041404,-0.795836904609)
  );
#5456 = PCURVE('',#297,#5457);
#5457 = DEFINITIONAL_REPRESENTATION('',(#5458),#5462);
#5458 = LINE('',#5459,#5460);
#5459 = CARTESIAN_POINT('',(-11.81731235646,20.284351950683));
#5460 = VECTOR('',#5461,1.);
#5461 = DIRECTION('',(-0.605511041404,-0.795836904609));
#5462 = ( GEOMETRIC_REPRESENTATION_CONTEXT(2) 
PARAMETRIC_REPRESENTATION_CONTEXT() REPRESENTATION_CONTEXT('2D SPACE',''
  ) );
#5463 = PCURVE('',#5464,#5469);
#5464 = PLANE('',#5465);
#5465 = AXIS2_PLACEMENT_3D('',#5466,#5467,#5468);
#5466 = CARTESIAN_POINT('',(-19.5,11.817312356467,199.52232107951));
#5467 = DIRECTION('',(2.113041555113E-17,0.795836904609,0.605511041404)
  );
#5468 = DIRECTION('',(1.555808755175E-16,0.605511041404,-0.795836904609)
  );
#5469 = DEFINITIONAL_REPRESENTATION('',(#5470),#5474);
#5470 = LINE('',#5471,#5472);
#5471 = CARTESIAN_POINT('',(4.883143852589E-15,-38.3));
#5472 = VECTOR('',#5473,1.);
#5473 = DIRECTION('',(1.,0.));
#5474 = ( GEOMETRIC_REPRESENTATION_CONTEXT(2) 
PARAMETRIC_REPRESENTATION_CONTEXT() REPRESENTATION_CONTEXT('2D SPACE',''
  ) );
#5475 = ORIENTED_EDGE('',*,*,#5476,.T.);
#5476 = EDGE_CURVE('',#5449,#5477,#5479,.T.);
#5477 = VERTEX_POINT('',#5478);
#5478 = CARTESIAN_POINT('',(18.8,12.25559573347,198.93136435574));
#5479 = SURFACE_CURVE('',#5480,(#5484,#5491),.PCURVE_S1.);
#5480 = LINE('',#5481,#5482);
#5481 = CARTESIAN_POINT('',(18.8,12.040080292049,199.22953212575));
#5482 = VECTOR('',#5483,1.);
#5483 = DIRECTION('',(1.550154511097E-16,0.585797857456,-0.810457198253)
  );
#5484 = PCURVE('',#297,#5485);
#5485 = DEFINITIONAL_REPRESENTATION('',(#5486),#5490);
#5486 = LINE('',#5487,#5488);
#5487 = CARTESIAN_POINT('',(-12.04008029204,19.991562996929));
#5488 = VECTOR('',#5489,1.);
#5489 = DIRECTION('',(-0.585797857456,-0.810457198253));
#5490 = ( GEOMETRIC_REPRESENTATION_CONTEXT(2) 
PARAMETRIC_REPRESENTATION_CONTEXT() REPRESENTATION_CONTEXT('2D SPACE',''
  ) );
#5491 = PCURVE('',#5492,#5497);
#5492 = PLANE('',#5493);
#5493 = AXIS2_PLACEMENT_3D('',#5494,#5495,#5496);
#5494 = CARTESIAN_POINT('',(-19.5,12.040080292049,199.22953212575));
#5495 = DIRECTION('',(2.49421972849E-17,0.810457198253,0.585797857456));
#5496 = DIRECTION('',(1.550154511097E-16,0.585797857456,-0.810457198253)
  );
#5497 = DEFINITIONAL_REPRESENTATION('',(#5498),#5502);
#5498 = LINE('',#5499,#5500);
#5499 = CARTESIAN_POINT('',(4.896505746904E-15,-38.3));
#5500 = VECTOR('',#5501,1.);
#5501 = DIRECTION('',(1.,0.));
#5502 = ( GEOMETRIC_REPRESENTATION_CONTEXT(2) 
PARAMETRIC_REPRESENTATION_CONTEXT() REPRESENTATION_CONTEXT('2D SPACE',''
  ) );
#5503 = ORIENTED_EDGE('',*,*,#5504,.T.);
#5504 = EDGE_CURVE('',#5477,#5505,#5507,.T.);
#5505 = VERTEX_POINT('',#5506);
#5506 = CARTESIAN_POINT('',(18.8,12.463728862287,198.62799737459));
#5507 = SURFACE_CURVE('',#5508,(#5512,#5519),.PCURVE_S1.);
#5508 = LINE('',#5509,#5510);
#5509 = CARTESIAN_POINT('',(18.8,12.25559573347,198.93136435574));
#5510 = VECTOR('',#5511,1.);
#5511 = DIRECTION('',(1.543566511906E-16,0.565731810784,-0.824589302785)
  );
#5512 = PCURVE('',#297,#5513);
#5513 = DEFINITIONAL_REPRESENTATION('',(#5514),#5518);
#5514 = LINE('',#5515,#5516);
#5515 = CARTESIAN_POINT('',(-12.25559573347,19.69339522692));
#5516 = VECTOR('',#5517,1.);
#5517 = DIRECTION('',(-0.565731810784,-0.824589302785));
#5518 = ( GEOMETRIC_REPRESENTATION_CONTEXT(2) 
PARAMETRIC_REPRESENTATION_CONTEXT() REPRESENTATION_CONTEXT('2D SPACE',''
  ) );
#5519 = PCURVE('',#5520,#5525);
#5520 = PLANE('',#5521);
#5521 = AXIS2_PLACEMENT_3D('',#5522,#5523,#5524);
#5522 = CARTESIAN_POINT('',(-19.5,12.25559573347,198.93136435574));
#5523 = DIRECTION('',(2.873895477166E-17,0.824589302785,0.565731810784)
  );
#5524 = DIRECTION('',(1.543566511906E-16,0.565731810784,-0.824589302785)
  );
#5525 = DEFINITIONAL_REPRESENTATION('',(#5526),#5530);
#5526 = LINE('',#5527,#5528);
#5527 = CARTESIAN_POINT('',(4.90691816925E-15,-38.3));
#5528 = VECTOR('',#5529,1.);
#5529 = DIRECTION('',(1.,1.232595164408E-32));
#5530 = ( GEOMETRIC_REPRESENTATION_CONTEXT(2) 
PARAMETRIC_REPRESENTATION_CONTEXT() REPRESENTATION_CONTEXT('2D SPACE',''
  ) );
#5531 = ORIENTED_EDGE('',*,*,#5532,.T.);
#5532 = EDGE_CURVE('',#5505,#5533,#5535,.T.);
#5533 = VERTEX_POINT('',#5534);
#5534 = CARTESIAN_POINT('',(18.8,12.664354306886,198.31961391923));
#5535 = SURFACE_CURVE('',#5536,(#5540,#5547),.PCURVE_S1.);
#5536 = LINE('',#5537,#5538);
#5537 = CARTESIAN_POINT('',(18.8,12.463728862287,198.62799737459));
#5538 = VECTOR('',#5539,1.);
#5539 = DIRECTION('',(1.536048725966E-16,0.545324988422,-0.838224705555)
  );
#5540 = PCURVE('',#297,#5541);
#5541 = DEFINITIONAL_REPRESENTATION('',(#5542),#5546);
#5542 = LINE('',#5543,#5544);
#5543 = CARTESIAN_POINT('',(-12.46372886228,19.39002824577));
#5544 = VECTOR('',#5545,1.);
#5545 = DIRECTION('',(-0.545324988422,-0.838224705555));
#5546 = ( GEOMETRIC_REPRESENTATION_CONTEXT(2) 
PARAMETRIC_REPRESENTATION_CONTEXT() REPRESENTATION_CONTEXT('2D SPACE',''
  ) );
#5547 = PCURVE('',#5548,#5553);
#5548 = PLANE('',#5549);
#5549 = AXIS2_PLACEMENT_3D('',#5550,#5551,#5552);
#5550 = CARTESIAN_POINT('',(-19.5,12.463728862287,198.62799737459));
#5551 = DIRECTION('',(3.251840098671E-17,0.838224705555,0.545324988422)
  );
#5552 = DIRECTION('',(1.536048725966E-16,0.545324988422,-0.838224705555)
  );
#5553 = DEFINITIONAL_REPRESENTATION('',(#5554),#5558);
#5554 = LINE('',#5555,#5556);
#5555 = CARTESIAN_POINT('',(4.914374847571E-15,-38.3));
#5556 = VECTOR('',#5557,1.);
#5557 = DIRECTION('',(1.,-1.232595164408E-32));
#5558 = ( GEOMETRIC_REPRESENTATION_CONTEXT(2) 
PARAMETRIC_REPRESENTATION_CONTEXT() REPRESENTATION_CONTEXT('2D SPACE',''
  ) );
#5559 = ORIENTED_EDGE('',*,*,#5560,.T.);
#5560 = EDGE_CURVE('',#5533,#5561,#5563,.T.);
#5561 = VERTEX_POINT('',#5562);
#5562 = CARTESIAN_POINT('',(18.8,12.857351218002,198.00639974831));
#5563 = SURFACE_CURVE('',#5564,(#5568,#5575),.PCURVE_S1.);
#5564 = LINE('',#5565,#5566);
#5565 = CARTESIAN_POINT('',(18.8,12.664354306886,198.31961391923));
#5566 = VECTOR('',#5567,1.);
#5567 = DIRECTION('',(1.52760568171E-16,0.524589682678,-0.851355193105)
  );
#5568 = PCURVE('',#297,#5569);
#5569 = DEFINITIONAL_REPRESENTATION('',(#5570),#5574);
#5570 = LINE('',#5571,#5572);
#5571 = CARTESIAN_POINT('',(-12.66435430688,19.081644790406));
#5572 = VECTOR('',#5573,1.);
#5573 = DIRECTION('',(-0.524589682678,-0.851355193105));
#5574 = ( GEOMETRIC_REPRESENTATION_CONTEXT(2) 
PARAMETRIC_REPRESENTATION_CONTEXT() REPRESENTATION_CONTEXT('2D SPACE',''
  ) );
#5575 = PCURVE('',#5576,#5581);
#5576 = PLANE('',#5577);
#5577 = AXIS2_PLACEMENT_3D('',#5578,#5579,#5580);
#5578 = CARTESIAN_POINT('',(-19.5,12.664354306886,198.31961391923));
#5579 = DIRECTION('',(3.627825933292E-17,0.851355193105,0.524589682678)
  );
#5580 = DIRECTION('',(1.52760568171E-16,0.524589682678,-0.851355193105)
  );
#5581 = DEFINITIONAL_REPRESENTATION('',(#5582),#5586);
#5582 = LINE('',#5583,#5584);
#5583 = CARTESIAN_POINT('',(4.918871290245E-15,-38.3));
#5584 = VECTOR('',#5585,1.);
#5585 = DIRECTION('',(1.,1.232595164408E-32));
#5586 = ( GEOMETRIC_REPRESENTATION_CONTEXT(2) 
PARAMETRIC_REPRESENTATION_CONTEXT() REPRESENTATION_CONTEXT('2D SPACE',''
  ) );
#5587 = ORIENTED_EDGE('',*,*,#5588,.T.);
#5588 = EDGE_CURVE('',#5561,#5589,#5591,.T.);
#5589 = VERTEX_POINT('',#5590);
#5590 = CARTESIAN_POINT('',(18.8,13.042603341511,197.68854353035));
#5591 = SURFACE_CURVE('',#5592,(#5596,#5603),.PCURVE_S1.);
#5592 = LINE('',#5593,#5594);
#5593 = CARTESIAN_POINT('',(18.8,12.857351218002,198.00639974831));
#5594 = VECTOR('',#5595,1.);
#5595 = DIRECTION('',(1.518242464912E-16,0.503538383726,-0.863972856122)
  );
#5596 = PCURVE('',#297,#5597);
#5597 = DEFINITIONAL_REPRESENTATION('',(#5598),#5602);
#5598 = LINE('',#5599,#5600);
#5599 = CARTESIAN_POINT('',(-12.857351218,18.768430619489));
#5600 = VECTOR('',#5601,1.);
#5601 = DIRECTION('',(-0.503538383726,-0.863972856122));
#5602 = ( GEOMETRIC_REPRESENTATION_CONTEXT(2) 
PARAMETRIC_REPRESENTATION_CONTEXT() REPRESENTATION_CONTEXT('2D SPACE',''
  ) );
#5603 = PCURVE('',#5604,#5609);
#5604 = PLANE('',#5605);
#5605 = AXIS2_PLACEMENT_3D('',#5606,#5607,#5608);
#5606 = CARTESIAN_POINT('',(-19.5,12.857351218002,198.00639974831));
#5607 = DIRECTION('',(4.001626501225E-17,0.863972856122,0.503538383726)
  );
#5608 = DIRECTION('',(1.518242464912E-16,0.503538383726,-0.863972856122)
  );
#5609 = DEFINITIONAL_REPRESENTATION('',(#5610),#5614);
#5610 = LINE('',#5611,#5612);
#5611 = CARTESIAN_POINT('',(4.920404788782E-15,-38.3));
#5612 = VECTOR('',#5613,1.);
#5613 = DIRECTION('',(1.,0.));
#5614 = ( GEOMETRIC_REPRESENTATION_CONTEXT(2) 
PARAMETRIC_REPRESENTATION_CONTEXT() REPRESENTATION_CONTEXT('2D SPACE',''
  ) );
#5615 = ORIENTED_EDGE('',*,*,#5616,.T.);
#5616 = EDGE_CURVE('',#5589,#5617,#5619,.T.);
#5617 = VERTEX_POINT('',#5618);
#5618 = CARTESIAN_POINT('',(18.8,13.219999088461,197.36623673004));
#5619 = SURFACE_CURVE('',#5620,(#5624,#5631),.PCURVE_S1.);
#5620 = LINE('',#5621,#5622);
#5621 = CARTESIAN_POINT('',(18.8,13.042603341511,197.68854353035));
#5622 = VECTOR('',#5623,1.);
#5623 = DIRECTION('',(1.507964715624E-16,0.482183772079,-0.876070094195)
  );
#5624 = PCURVE('',#297,#5625);
#5625 = DEFINITIONAL_REPRESENTATION('',(#5626),#5630);
#5626 = LINE('',#5627,#5628);
#5627 = CARTESIAN_POINT('',(-13.04260334151,18.450574401525));
#5628 = VECTOR('',#5629,1.);
#5629 = DIRECTION('',(-0.482183772079,-0.876070094195));
#5630 = ( GEOMETRIC_REPRESENTATION_CONTEXT(2) 
PARAMETRIC_REPRESENTATION_CONTEXT() REPRESENTATION_CONTEXT('2D SPACE',''
  ) );
#5631 = PCURVE('',#5632,#5637);
#5632 = PLANE('',#5633);
#5633 = AXIS2_PLACEMENT_3D('',#5634,#5635,#5636);
#5634 = CARTESIAN_POINT('',(-19.5,13.042603341511,197.68854353035));
#5635 = DIRECTION('',(4.373016638984E-17,0.876070094195,0.482183772079)
  );
#5636 = DIRECTION('',(1.507964715624E-16,0.482183772079,-0.876070094195)
  );
#5637 = DEFINITIONAL_REPRESENTATION('',(#5638),#5642);
#5638 = LINE('',#5639,#5640);
#5639 = CARTESIAN_POINT('',(4.91897441946E-15,-38.3));
#5640 = VECTOR('',#5641,1.);
#5641 = DIRECTION('',(1.,0.));
#5642 = ( GEOMETRIC_REPRESENTATION_CONTEXT(2) 
PARAMETRIC_REPRESENTATION_CONTEXT() REPRESENTATION_CONTEXT('2D SPACE',''
  ) );
#5643 = ORIENTED_EDGE('',*,*,#5644,.T.);
#5644 = EDGE_CURVE('',#5617,#5645,#5647,.T.);
#5645 = VERTEX_POINT('',#5646);
#5646 = CARTESIAN_POINT('',(18.8,13.389431602289,197.03967349294));
#5647 = SURFACE_CURVE('',#5648,(#5652,#5659),.PCURVE_S1.);
#5648 = LINE('',#5649,#5650);
#5649 = CARTESIAN_POINT('',(18.8,13.219999088461,197.36623673004));
#5650 = VECTOR('',#5651,1.);
#5651 = DIRECTION('',(1.496778624778E-16,0.460538710958,-0.887639620403)
  );
#5652 = PCURVE('',#297,#5653);
#5653 = DEFINITIONAL_REPRESENTATION('',(#5654),#5658);
#5654 = LINE('',#5655,#5656);
#5655 = CARTESIAN_POINT('',(-13.21999908846,18.128267601214));
#5656 = VECTOR('',#5657,1.);
#5657 = DIRECTION('',(-0.460538710958,-0.887639620403));
#5658 = ( GEOMETRIC_REPRESENTATION_CONTEXT(2) 
PARAMETRIC_REPRESENTATION_CONTEXT() REPRESENTATION_CONTEXT('2D SPACE',''
  ) );
#5659 = PCURVE('',#5660,#5665);
#5660 = PLANE('',#5661);
#5661 = AXIS2_PLACEMENT_3D('',#5662,#5663,#5664);
#5662 = CARTESIAN_POINT('',(-19.5,13.219999088461,197.36623673004));
#5663 = DIRECTION('',(4.741772635038E-17,0.887639620403,0.460538710958)
  );
#5664 = DIRECTION('',(1.496778624778E-16,0.460538710958,-0.887639620403)
  );
#5665 = DEFINITIONAL_REPRESENTATION('',(#5666),#5670);
#5666 = LINE('',#5667,#5668);
#5667 = CARTESIAN_POINT('',(4.91458104388E-15,-38.3));
#5668 = VECTOR('',#5669,1.);
#5669 = DIRECTION('',(1.,0.));
#5670 = ( GEOMETRIC_REPRESENTATION_CONTEXT(2) 
PARAMETRIC_REPRESENTATION_CONTEXT() REPRESENTATION_CONTEXT('2D SPACE',''
  ) );
#5671 = ORIENTED_EDGE('',*,*,#5672,.T.);
#5672 = EDGE_CURVE('',#5645,#5673,#5675,.T.);
#5673 = VERTEX_POINT('',#5674);
#5674 = CARTESIAN_POINT('',(18.8,13.550798823182,196.70905052855));
#5675 = SURFACE_CURVE('',#5676,(#5680,#5687),.PCURVE_S1.);
#5676 = LINE('',#5677,#5678);
#5677 = CARTESIAN_POINT('',(18.8,13.389431602289,197.03967349294));
#5678 = VECTOR('',#5679,1.);
#5679 = DIRECTION('',(1.484690930456E-16,0.438616238539,-0.898674465694)
  );
#5680 = PCURVE('',#297,#5681);
#5681 = DEFINITIONAL_REPRESENTATION('',(#5682),#5686);
#5682 = LINE('',#5683,#5684);
#5683 = CARTESIAN_POINT('',(-13.38943160228,17.80170436412));
#5684 = VECTOR('',#5685,1.);
#5685 = DIRECTION('',(-0.438616238539,-0.898674465694));
#5686 = ( GEOMETRIC_REPRESENTATION_CONTEXT(2) 
PARAMETRIC_REPRESENTATION_CONTEXT() REPRESENTATION_CONTEXT('2D SPACE',''
  ) );
#5687 = PCURVE('',#5688,#5693);
#5688 = PLANE('',#5689);
#5689 = AXIS2_PLACEMENT_3D('',#5690,#5691,#5692);
#5690 = CARTESIAN_POINT('',(-19.5,13.389431602289,197.03967349294));
#5691 = DIRECTION('',(5.107672364561E-17,0.898674465694,0.438616238539)
  );
#5692 = DIRECTION('',(1.484690930456E-16,0.438616238539,-0.898674465694)
  );
#5693 = DEFINITIONAL_REPRESENTATION('',(#5694),#5698);
#5694 = LINE('',#5695,#5696);
#5695 = CARTESIAN_POINT('',(4.907227308447E-15,-38.3));
#5696 = VECTOR('',#5697,1.);
#5697 = DIRECTION('',(1.,0.));
#5698 = ( GEOMETRIC_REPRESENTATION_CONTEXT(2) 
PARAMETRIC_REPRESENTATION_CONTEXT() REPRESENTATION_CONTEXT('2D SPACE',''
  ) );
#5699 = ORIENTED_EDGE('',*,*,#5700,.T.);
#5700 = EDGE_CURVE('',#5673,#5701,#5703,.T.);
#5701 = VERTEX_POINT('',#5702);
#5702 = CARTESIAN_POINT('',(18.8,13.704003549561,196.37456699177));
#5703 = SURFACE_CURVE('',#5704,(#5708,#5715),.PCURVE_S1.);
#5704 = LINE('',#5705,#5706);
#5705 = CARTESIAN_POINT('',(18.8,13.550798823182,196.70905052855));
#5706 = VECTOR('',#5707,1.);
#5707 = DIRECTION('',(1.471708913834E-16,0.416429560098,-0.909167983091)
  );
#5708 = PCURVE('',#297,#5709);
#5709 = DEFINITIONAL_REPRESENTATION('',(#5710),#5714);
#5710 = LINE('',#5711,#5712);
#5711 = CARTESIAN_POINT('',(-13.55079882318,17.471081399727));
#5712 = VECTOR('',#5713,1.);
#5713 = DIRECTION('',(-0.416429560098,-0.909167983091));
#5714 = ( GEOMETRIC_REPRESENTATION_CONTEXT(2) 
PARAMETRIC_REPRESENTATION_CONTEXT() REPRESENTATION_CONTEXT('2D SPACE',''
  ) );
#5715 = PCURVE('',#5716,#5721);
#5716 = PLANE('',#5717);
#5717 = AXIS2_PLACEMENT_3D('',#5718,#5719,#5720);
#5718 = CARTESIAN_POINT('',(-19.5,13.550798823182,196.70905052855));
#5719 = DIRECTION('',(5.470495423242E-17,0.909167983091,0.416429560098)
  );
#5720 = DIRECTION('',(1.471708913834E-16,0.416429560098,-0.909167983091)
  );
#5721 = DEFINITIONAL_REPRESENTATION('',(#5722),#5726);
#5722 = LINE('',#5723,#5724);
#5723 = CARTESIAN_POINT('',(4.896917642776E-15,-38.3));
#5724 = VECTOR('',#5725,1.);
#5725 = DIRECTION('',(1.,-1.232595164408E-32));
#5726 = ( GEOMETRIC_REPRESENTATION_CONTEXT(2) 
PARAMETRIC_REPRESENTATION_CONTEXT() REPRESENTATION_CONTEXT('2D SPACE',''
  ) );
#5727 = ORIENTED_EDGE('',*,*,#5728,.T.);
#5728 = EDGE_CURVE('',#5701,#5729,#5731,.T.);
#5729 = VERTEX_POINT('',#5730);
#5730 = CARTESIAN_POINT('',(18.8,13.848953496627,196.03642436297));
#5731 = SURFACE_CURVE('',#5732,(#5736,#5743),.PCURVE_S1.);
#5732 = LINE('',#5733,#5734);
#5733 = CARTESIAN_POINT('',(18.8,13.704003549561,196.37456699177));
#5734 = VECTOR('',#5735,1.);
#5735 = DIRECTION('',(1.457840394793E-16,0.393992040061,-0.91911385169)
  );
#5736 = PCURVE('',#297,#5737);
#5737 = DEFINITIONAL_REPRESENTATION('',(#5738),#5742);
#5738 = LINE('',#5739,#5740);
#5739 = CARTESIAN_POINT('',(-13.70400354956,17.136597862944));
#5740 = VECTOR('',#5741,1.);
#5741 = DIRECTION('',(-0.393992040061,-0.91911385169));
#5742 = ( GEOMETRIC_REPRESENTATION_CONTEXT(2) 
PARAMETRIC_REPRESENTATION_CONTEXT() REPRESENTATION_CONTEXT('2D SPACE',''
  ) );
#5743 = PCURVE('',#5744,#5749);
#5744 = PLANE('',#5745);
#5745 = AXIS2_PLACEMENT_3D('',#5746,#5747,#5748);
#5746 = CARTESIAN_POINT('',(-19.5,13.704003549561,196.37456699177));
#5747 = DIRECTION('',(5.830023260034E-17,0.91911385169,0.393992040061));
#5748 = DIRECTION('',(1.457840394793E-16,0.393992040061,-0.91911385169)
  );
#5749 = DEFINITIONAL_REPRESENTATION('',(#5750),#5754);
#5750 = LINE('',#5751,#5752);
#5751 = CARTESIAN_POINT('',(4.883658257026E-15,-38.3));
#5752 = VECTOR('',#5753,1.);
#5753 = DIRECTION('',(1.,0.));
#5754 = ( GEOMETRIC_REPRESENTATION_CONTEXT(2) 
PARAMETRIC_REPRESENTATION_CONTEXT() REPRESENTATION_CONTEXT('2D SPACE',''
  ) );
#5755 = ORIENTED_EDGE('',*,*,#5756,.T.);
#5756 = EDGE_CURVE('',#5729,#5757,#5759,.T.);
#5757 = VERTEX_POINT('',#5758);
#5758 = CARTESIAN_POINT('',(18.8,13.985561351953,195.69482632664));
#5759 = SURFACE_CURVE('',#5760,(#5764,#5771),.PCURVE_S1.);
#5760 = LINE('',#5761,#5762);
#5761 = CARTESIAN_POINT('',(18.8,13.848953496627,196.03642436297));
#5762 = VECTOR('',#5763,1.);
#5763 = DIRECTION('',(1.44309372721E-16,0.371317193952,-0.928506080473)
  );
#5764 = PCURVE('',#297,#5765);
#5765 = DEFINITIONAL_REPRESENTATION('',(#5766),#5770);
#5766 = LINE('',#5767,#5768);
#5767 = CARTESIAN_POINT('',(-13.84895349662,16.79845523415));
#5768 = VECTOR('',#5769,1.);
#5769 = DIRECTION('',(-0.371317193952,-0.928506080473));
#5770 = ( GEOMETRIC_REPRESENTATION_CONTEXT(2) 
PARAMETRIC_REPRESENTATION_CONTEXT() REPRESENTATION_CONTEXT('2D SPACE',''
  ) );
#5771 = PCURVE('',#5772,#5777);
#5772 = PLANE('',#5773);
#5773 = AXIS2_PLACEMENT_3D('',#5774,#5775,#5776);
#5774 = CARTESIAN_POINT('',(-19.5,13.848953496627,196.03642436297));
#5775 = DIRECTION('',(6.186039308813E-17,0.928506080473,0.371317193952)
  );
#5776 = DIRECTION('',(1.44309372721E-16,0.371317193952,-0.928506080473)
  );
#5777 = DEFINITIONAL_REPRESENTATION('',(#5778),#5782);
#5778 = LINE('',#5779,#5780);
#5779 = CARTESIAN_POINT('',(4.207865301089E-15,-38.3));
#5780 = VECTOR('',#5781,1.);
#5781 = DIRECTION('',(1.,-1.232595164408E-32));
#5782 = ( GEOMETRIC_REPRESENTATION_CONTEXT(2) 
PARAMETRIC_REPRESENTATION_CONTEXT() REPRESENTATION_CONTEXT('2D SPACE',''
  ) );
#5783 = ORIENTED_EDGE('',*,*,#5784,.T.);
#5784 = EDGE_CURVE('',#5757,#5785,#5787,.T.);
#5785 = VERTEX_POINT('',#5786);
#5786 = CARTESIAN_POINT('',(18.8,14.113744828075,195.34997864865));
#5787 = SURFACE_CURVE('',#5788,(#5792,#5799),.PCURVE_S1.);
#5788 = LINE('',#5789,#5790);
#5789 = CARTESIAN_POINT('',(18.8,13.985561351953,195.69482632664));
#5790 = VECTOR('',#5791,1.);
#5791 = DIRECTION('',(1.427477793927E-16,0.348418680249,-0.937339011913)
  );
#5792 = PCURVE('',#297,#5793);
#5793 = DEFINITIONAL_REPRESENTATION('',(#5794),#5798);
#5794 = LINE('',#5795,#5796);
#5795 = CARTESIAN_POINT('',(-13.98556135195,16.456857197817));
#5796 = VECTOR('',#5797,1.);
#5797 = DIRECTION('',(-0.348418680249,-0.937339011913));
#5798 = ( GEOMETRIC_REPRESENTATION_CONTEXT(2) 
PARAMETRIC_REPRESENTATION_CONTEXT() REPRESENTATION_CONTEXT('2D SPACE',''
  ) );
#5799 = PCURVE('',#5800,#5805);
#5800 = PLANE('',#5801);
#5801 = AXIS2_PLACEMENT_3D('',#5802,#5803,#5804);
#5802 = CARTESIAN_POINT('',(-19.5,13.985561351953,195.69482632664));
#5803 = DIRECTION('',(6.538329118823E-17,0.937339011913,0.348418680249)
  );
#5804 = DIRECTION('',(1.427477793927E-16,0.348418680249,-0.937339011913)
  );
#5805 = DEFINITIONAL_REPRESENTATION('',(#5806),#5810);
#5806 = LINE('',#5807,#5808);
#5807 = CARTESIAN_POINT('',(4.229408139469E-15,-38.3));
#5808 = VECTOR('',#5809,1.);
#5809 = DIRECTION('',(1.,0.));
#5810 = ( GEOMETRIC_REPRESENTATION_CONTEXT(2) 
PARAMETRIC_REPRESENTATION_CONTEXT() REPRESENTATION_CONTEXT('2D SPACE',''
  ) );
#5811 = ORIENTED_EDGE('',*,*,#5812,.T.);
#5812 = EDGE_CURVE('',#5785,#5813,#5815,.T.);
#5813 = VERTEX_POINT('',#5814);
#5814 = CARTESIAN_POINT('',(18.8,14.233426712059,195.00208905236));
#5815 = SURFACE_CURVE('',#5816,(#5820,#5827),.PCURVE_S1.);
#5816 = LINE('',#5817,#5818);
#5817 = CARTESIAN_POINT('',(18.8,14.113744828075,195.34997864865));
#5818 = VECTOR('',#5819,1.);
#5819 = DIRECTION('',(1.411002001398E-16,0.325310292162,-0.945607325381)
  );
#5820 = PCURVE('',#297,#5821);
#5821 = DEFINITIONAL_REPRESENTATION('',(#5822),#5826);
#5822 = LINE('',#5823,#5824);
#5823 = CARTESIAN_POINT('',(-14.11374482807,16.112009519831));
#5824 = VECTOR('',#5825,1.);
#5825 = DIRECTION('',(-0.325310292162,-0.945607325381));
#5826 = ( GEOMETRIC_REPRESENTATION_CONTEXT(2) 
PARAMETRIC_REPRESENTATION_CONTEXT() REPRESENTATION_CONTEXT('2D SPACE',''
  ) );
#5827 = PCURVE('',#5828,#5833);
#5828 = PLANE('',#5829);
#5829 = AXIS2_PLACEMENT_3D('',#5830,#5831,#5832);
#5830 = CARTESIAN_POINT('',(-19.5,14.113744828075,195.34997864865));
#5831 = DIRECTION('',(6.886680483856E-17,0.945607325381,0.325310292162)
  );
#5832 = DIRECTION('',(1.411002001398E-16,0.325310292162,-0.945607325381)
  );
#5833 = DEFINITIONAL_REPRESENTATION('',(#5834),#5838);
#5834 = LINE('',#5835,#5836);
#5835 = CARTESIAN_POINT('',(4.248403340534E-15,-38.3));
#5836 = VECTOR('',#5837,1.);
#5837 = DIRECTION('',(1.,1.232595164408E-32));
#5838 = ( GEOMETRIC_REPRESENTATION_CONTEXT(2) 
PARAMETRIC_REPRESENTATION_CONTEXT() REPRESENTATION_CONTEXT('2D SPACE',''
  ) );
#5839 = ORIENTED_EDGE('',*,*,#5840,.T.);
#5840 = EDGE_CURVE('',#5813,#5841,#5843,.T.);
#5841 = VERTEX_POINT('',#5842);
#5842 = CARTESIAN_POINT('',(18.8,14.344534912013,194.65136709344));
#5843 = SURFACE_CURVE('',#5844,(#5848,#5855),.PCURVE_S1.);
#5844 = LINE('',#5845,#5846);
#5845 = CARTESIAN_POINT('',(18.8,14.233426712059,195.00208905236));
#5846 = VECTOR('',#5847,1.);
#5847 = DIRECTION('',(1.393676274023E-16,0.302005949319,-0.953306040354)
  );
#5848 = PCURVE('',#297,#5849);
#5849 = DEFINITIONAL_REPRESENTATION('',(#5850),#5854);
#5850 = LINE('',#5851,#5852);
#5851 = CARTESIAN_POINT('',(-14.23342671205,15.764119923537));
#5852 = VECTOR('',#5853,1.);
#5853 = DIRECTION('',(-0.302005949319,-0.953306040354));
#5854 = ( GEOMETRIC_REPRESENTATION_CONTEXT(2) 
PARAMETRIC_REPRESENTATION_CONTEXT() REPRESENTATION_CONTEXT('2D SPACE',''
  ) );
#5855 = PCURVE('',#5856,#5861);
#5856 = PLANE('',#5857);
#5857 = AXIS2_PLACEMENT_3D('',#5858,#5859,#5860);
#5858 = CARTESIAN_POINT('',(-19.5,14.233426712059,195.00208905236));
#5859 = DIRECTION('',(7.230883570075E-17,0.953306040354,0.302005949319)
  );
#5860 = DIRECTION('',(1.393676274023E-16,0.302005949319,-0.953306040354)
  );
#5861 = DEFINITIONAL_REPRESENTATION('',(#5862),#5866);
#5862 = LINE('',#5863,#5864);
#5863 = CARTESIAN_POINT('',(4.264839462284E-15,-38.3));
#5864 = VECTOR('',#5865,1.);
#5865 = DIRECTION('',(1.,0.));
#5866 = ( GEOMETRIC_REPRESENTATION_CONTEXT(2) 
PARAMETRIC_REPRESENTATION_CONTEXT() REPRESENTATION_CONTEXT('2D SPACE',''
  ) );
#5867 = ORIENTED_EDGE('',*,*,#5868,.T.);
#5868 = EDGE_CURVE('',#5841,#5869,#5871,.T.);
#5869 = VERTEX_POINT('',#5870);
#5870 = CARTESIAN_POINT('',(18.8,14.447002500513,194.2980240337));
#5871 = SURFACE_CURVE('',#5872,(#5876,#5883),.PCURVE_S1.);
#5872 = LINE('',#5873,#5874);
#5873 = CARTESIAN_POINT('',(18.8,14.344534912013,194.65136709344));
#5874 = VECTOR('',#5875,1.);
#5875 = DIRECTION('',(1.375511048175E-16,0.278519689385,-0.960430519416)
  );
#5876 = PCURVE('',#297,#5877);
#5877 = DEFINITIONAL_REPRESENTATION('',(#5878),#5882);
#5878 = LINE('',#5879,#5880);
#5879 = CARTESIAN_POINT('',(-14.34453491201,15.413397964621));
#5880 = VECTOR('',#5881,1.);
#5881 = DIRECTION('',(-0.278519689385,-0.960430519416));
#5882 = ( GEOMETRIC_REPRESENTATION_CONTEXT(2) 
PARAMETRIC_REPRESENTATION_CONTEXT() REPRESENTATION_CONTEXT('2D SPACE',''
  ) );
#5883 = PCURVE('',#5884,#5889);
#5884 = PLANE('',#5885);
#5885 = AXIS2_PLACEMENT_3D('',#5886,#5887,#5888);
#5886 = CARTESIAN_POINT('',(-19.5,14.344534912013,194.65136709344));
#5887 = DIRECTION('',(7.570731042411E-17,0.960430519416,0.278519689385)
  );
#5888 = DIRECTION('',(1.375511048175E-16,0.278519689385,-0.960430519416)
  );
#5889 = DEFINITIONAL_REPRESENTATION('',(#5890),#5894);
#5890 = LINE('',#5891,#5892);
#5891 = CARTESIAN_POINT('',(4.278706604215E-15,-38.3));
#5892 = VECTOR('',#5893,1.);
#5893 = DIRECTION('',(1.,0.));
#5894 = ( GEOMETRIC_REPRESENTATION_CONTEXT(2) 
PARAMETRIC_REPRESENTATION_CONTEXT() REPRESENTATION_CONTEXT('2D SPACE',''
  ) );
#5895 = ORIENTED_EDGE('',*,*,#5896,.T.);
#5896 = EDGE_CURVE('',#5869,#5897,#5899,.T.);
#5897 = VERTEX_POINT('',#5898);
#5898 = CARTESIAN_POINT('',(18.8,14.540767754916,193.94227271377));
#5899 = SURFACE_CURVE('',#5900,(#5904,#5911),.PCURVE_S1.);
#5900 = LINE('',#5901,#5902);
#5901 = CARTESIAN_POINT('',(18.8,14.447002500513,194.2980240337));
#5902 = VECTOR('',#5903,1.);
#5903 = DIRECTION('',(1.356517265904E-16,0.254865659605,-0.966976471045)
  );
#5904 = PCURVE('',#297,#5905);
#5905 = DEFINITIONAL_REPRESENTATION('',(#5906),#5910);
#5906 = LINE('',#5907,#5908);
#5907 = CARTESIAN_POINT('',(-14.44700250051,15.060054904876));
#5908 = VECTOR('',#5909,1.);
#5909 = DIRECTION('',(-0.254865659605,-0.966976471045));
#5910 = ( GEOMETRIC_REPRESENTATION_CONTEXT(2) 
PARAMETRIC_REPRESENTATION_CONTEXT() REPRESENTATION_CONTEXT('2D SPACE',''
  ) );
#5911 = PCURVE('',#5912,#5917);
#5912 = PLANE('',#5913);
#5913 = AXIS2_PLACEMENT_3D('',#5914,#5915,#5916);
#5914 = CARTESIAN_POINT('',(-19.5,14.447002500513,194.2980240337));
#5915 = DIRECTION('',(7.906018189456E-17,0.966976471045,0.254865659605)
  );
#5916 = DIRECTION('',(1.356517265904E-16,0.254865659605,-0.966976471045)
  );
#5917 = DEFINITIONAL_REPRESENTATION('',(#5918),#5922);
#5918 = LINE('',#5919,#5920);
#5919 = CARTESIAN_POINT('',(4.289996413279E-15,-38.3));
#5920 = VECTOR('',#5921,1.);
#5921 = DIRECTION('',(1.,1.232595164408E-32));
#5922 = ( GEOMETRIC_REPRESENTATION_CONTEXT(2) 
PARAMETRIC_REPRESENTATION_CONTEXT() REPRESENTATION_CONTEXT('2D SPACE',''
  ) );
#5923 = ORIENTED_EDGE('',*,*,#5924,.T.);
#5924 = EDGE_CURVE('',#5897,#5925,#5927,.T.);
#5925 = VERTEX_POINT('',#5926);
#5926 = CARTESIAN_POINT('',(18.8,14.625774194536,193.58432742496));
#5927 = SURFACE_CURVE('',#5928,(#5932,#5939),.PCURVE_S1.);
#5928 = LINE('',#5929,#5930);
#5929 = CARTESIAN_POINT('',(18.8,14.540767754916,193.94227271377));
#5930 = VECTOR('',#5931,1.);
#5931 = DIRECTION('',(1.336706368356E-16,0.231058108281,-0.972939952206)
  );
#5932 = PCURVE('',#297,#5933);
#5933 = DEFINITIONAL_REPRESENTATION('',(#5934),#5938);
#5934 = LINE('',#5935,#5936);
#5935 = CARTESIAN_POINT('',(-14.54076775491,14.704303584949));
#5936 = VECTOR('',#5937,1.);
#5937 = DIRECTION('',(-0.231058108281,-0.972939952206));
#5938 = ( GEOMETRIC_REPRESENTATION_CONTEXT(2) 
PARAMETRIC_REPRESENTATION_CONTEXT() REPRESENTATION_CONTEXT('2D SPACE',''
  ) );
#5939 = PCURVE('',#5940,#5945);
#5940 = PLANE('',#5941);
#5941 = AXIS2_PLACEMENT_3D('',#5942,#5943,#5944);
#5942 = CARTESIAN_POINT('',(-19.5,14.540767754916,193.94227271377));
#5943 = DIRECTION('',(8.236543046768E-17,0.972939952206,0.231058108281)
  );
#5944 = DIRECTION('',(1.336706368356E-16,0.231058108281,-0.972939952206)
  );
#5945 = DEFINITIONAL_REPRESENTATION('',(#5946),#5950);
#5946 = LINE('',#5947,#5948);
#5947 = CARTESIAN_POINT('',(4.298702088916E-15,-38.3));
#5948 = VECTOR('',#5949,1.);
#5949 = DIRECTION('',(1.,0.));
#5950 = ( GEOMETRIC_REPRESENTATION_CONTEXT(2) 
PARAMETRIC_REPRESENTATION_CONTEXT() REPRESENTATION_CONTEXT('2D SPACE',''
  ) );
#5951 = ORIENTED_EDGE('',*,*,#5952,.T.);
#5952 = EDGE_CURVE('',#5925,#5953,#5955,.T.);
#5953 = VERTEX_POINT('',#5954);
#5954 = CARTESIAN_POINT('',(18.8,14.701970614676,193.22440378011));
#5955 = SURFACE_CURVE('',#5956,(#5960,#5967),.PCURVE_S1.);
#5956 = LINE('',#5957,#5958);
#5957 = CARTESIAN_POINT('',(18.8,14.625774194536,193.58432742496));
#5958 = VECTOR('',#5959,1.);
#5959 = DIRECTION('',(1.316090288874E-16,0.207111376192,-0.97831737072)
  );
#5960 = PCURVE('',#297,#5961);
#5961 = DEFINITIONAL_REPRESENTATION('',(#5962),#5966);
#5962 = LINE('',#5963,#5964);
#5963 = CARTESIAN_POINT('',(-14.62577419453,14.346358296132));
#5964 = VECTOR('',#5965,1.);
#5965 = DIRECTION('',(-0.207111376192,-0.97831737072));
#5966 = ( GEOMETRIC_REPRESENTATION_CONTEXT(2) 
PARAMETRIC_REPRESENTATION_CONTEXT() REPRESENTATION_CONTEXT('2D SPACE',''
  ) );
#5967 = PCURVE('',#5968,#5973);
#5968 = PLANE('',#5969);
#5969 = AXIS2_PLACEMENT_3D('',#5970,#5971,#5972);
#5970 = CARTESIAN_POINT('',(-19.5,14.625774194536,193.58432742496));
#5971 = DIRECTION('',(8.562106518533E-17,0.97831737072,0.207111376192));
#5972 = DIRECTION('',(1.316090288874E-16,0.207111376192,-0.97831737072)
  );
#5973 = DEFINITIONAL_REPRESENTATION('',(#5974),#5978);
#5974 = LINE('',#5975,#5976);
#5975 = CARTESIAN_POINT('',(4.304818387154E-15,-38.3));
#5976 = VECTOR('',#5977,1.);
#5977 = DIRECTION('',(1.,1.232595164408E-32));
#5978 = ( GEOMETRIC_REPRESENTATION_CONTEXT(2) 
PARAMETRIC_REPRESENTATION_CONTEXT() REPRESENTATION_CONTEXT('2D SPACE',''
  ) );
#5979 = ORIENTED_EDGE('',*,*,#5980,.T.);
#5980 = EDGE_CURVE('',#5953,#5981,#5983,.T.);
#5981 = VERTEX_POINT('',#5982);
#5982 = CARTESIAN_POINT('',(18.8,14.769311117458,192.86271858377));
#5983 = SURFACE_CURVE('',#5984,(#5988,#5995),.PCURVE_S1.);
#5984 = LINE('',#5985,#5986);
#5985 = CARTESIAN_POINT('',(18.8,14.701970614676,193.22440378011));
#5986 = VECTOR('',#5987,1.);
#5987 = DIRECTION('',(1.294681445814E-16,0.183039887955,-0.983105487431)
  );
#5988 = PCURVE('',#297,#5989);
#5989 = DEFINITIONAL_REPRESENTATION('',(#5990),#5994);
#5990 = LINE('',#5991,#5992);
#5991 = CARTESIAN_POINT('',(-14.70197061467,13.986434651283));
#5992 = VECTOR('',#5993,1.);
#5993 = DIRECTION('',(-0.183039887955,-0.983105487431));
#5994 = ( GEOMETRIC_REPRESENTATION_CONTEXT(2) 
PARAMETRIC_REPRESENTATION_CONTEXT() REPRESENTATION_CONTEXT('2D SPACE',''
  ) );
#5995 = PCURVE('',#5996,#6001);
#5996 = PLANE('',#5997);
#5997 = AXIS2_PLACEMENT_3D('',#5998,#5999,#6000);
#5998 = CARTESIAN_POINT('',(-19.5,14.701970614676,193.22440378011));
#5999 = DIRECTION('',(8.882512497489E-17,0.983105487431,0.183039887955)
  );
#6000 = DIRECTION('',(1.294681445814E-16,0.183039887955,-0.983105487431)
  );
#6001 = DEFINITIONAL_REPRESENTATION('',(#6002),#6006);
#6002 = LINE('',#6003,#6004);
#6003 = CARTESIAN_POINT('',(4.308341623764E-15,-38.3));
#6004 = VECTOR('',#6005,1.);
#6005 = DIRECTION('',(1.,0.));
#6006 = ( GEOMETRIC_REPRESENTATION_CONTEXT(2) 
PARAMETRIC_REPRESENTATION_CONTEXT() REPRESENTATION_CONTEXT('2D SPACE',''
  ) );
#6007 = ORIENTED_EDGE('',*,*,#6008,.T.);
#6008 = EDGE_CURVE('',#5981,#6009,#6011,.T.);
#6009 = VERTEX_POINT('',#6010);
#6010 = CARTESIAN_POINT('',(18.8,14.827755139484,192.49948970159));
#6011 = SURFACE_CURVE('',#6012,(#6016,#6023),.PCURVE_S1.);
#6012 = LINE('',#6013,#6014);
#6013 = CARTESIAN_POINT('',(18.8,14.769311117458,192.86271858377));
#6014 = VECTOR('',#6015,1.);
#6015 = DIRECTION('',(1.272492735062E-16,0.158858143334,-0.987301418158)
  );
#6016 = PCURVE('',#297,#6017);
#6017 = DEFINITIONAL_REPRESENTATION('',(#6018),#6022);
#6018 = LINE('',#6019,#6020);
#6019 = CARTESIAN_POINT('',(-14.76931111745,13.624749454948));
#6020 = VECTOR('',#6021,1.);
#6021 = DIRECTION('',(-0.158858143334,-0.987301418158));
#6022 = ( GEOMETRIC_REPRESENTATION_CONTEXT(2) 
PARAMETRIC_REPRESENTATION_CONTEXT() REPRESENTATION_CONTEXT('2D SPACE',''
  ) );
#6023 = PCURVE('',#6024,#6029);
#6024 = PLANE('',#6025);
#6025 = AXIS2_PLACEMENT_3D('',#6026,#6027,#6028);
#6026 = CARTESIAN_POINT('',(-19.5,14.769311117458,192.86271858377));
#6027 = DIRECTION('',(9.197567983055E-17,0.987301418158,0.158858143334)
  );
#6028 = DIRECTION('',(1.272492735062E-16,0.158858143334,-0.987301418158)
  );
#6029 = DEFINITIONAL_REPRESENTATION('',(#6030),#6034);
#6030 = LINE('',#6031,#6032);
#6031 = CARTESIAN_POINT('',(4.309269676478E-15,-38.3));
#6032 = VECTOR('',#6033,1.);
#6033 = DIRECTION('',(1.,0.));
#6034 = ( GEOMETRIC_REPRESENTATION_CONTEXT(2) 
PARAMETRIC_REPRESENTATION_CONTEXT() REPRESENTATION_CONTEXT('2D SPACE',''
  ) );
#6035 = ORIENTED_EDGE('',*,*,#6036,.T.);
#6036 = EDGE_CURVE('',#6009,#6037,#6039,.T.);
#6037 = VERTEX_POINT('',#6038);
#6038 = CARTESIAN_POINT('',(18.8,14.87726747626,192.13493592905));
#6039 = SURFACE_CURVE('',#6040,(#6044,#6051),.PCURVE_S1.);
#6040 = LINE('',#6041,#6042);
#6041 = CARTESIAN_POINT('',(18.8,14.827755139484,192.49948970159));
#6042 = VECTOR('',#6043,1.);
#6043 = DIRECTION('',(1.249537522269E-16,0.134580708507,-0.990902635428)
  );
#6044 = PCURVE('',#297,#6045);
#6045 = DEFINITIONAL_REPRESENTATION('',(#6046),#6050);
#6046 = LINE('',#6047,#6048);
#6047 = CARTESIAN_POINT('',(-14.82775513948,13.261520572764));
#6048 = VECTOR('',#6049,1.);
#6049 = DIRECTION('',(-0.134580708507,-0.990902635428));
#6050 = ( GEOMETRIC_REPRESENTATION_CONTEXT(2) 
PARAMETRIC_REPRESENTATION_CONTEXT() REPRESENTATION_CONTEXT('2D SPACE',''
  ) );
#6051 = PCURVE('',#6052,#6057);
#6052 = PLANE('',#6053);
#6053 = AXIS2_PLACEMENT_3D('',#6054,#6055,#6056);
#6054 = CARTESIAN_POINT('',(-19.5,14.827755139484,192.49948970159));
#6055 = DIRECTION('',(9.507083197587E-17,0.990902635428,0.134580708507)
  );
#6056 = DIRECTION('',(1.249537522269E-16,0.134580708507,-0.990902635428)
  );
#6057 = DEFINITIONAL_REPRESENTATION('',(#6058),#6062);
#6058 = LINE('',#6059,#6060);
#6059 = CARTESIAN_POINT('',(4.307601986273E-15,-38.3));
#6060 = VECTOR('',#6061,1.);
#6061 = DIRECTION('',(1.,1.232595164408E-32));
#6062 = ( GEOMETRIC_REPRESENTATION_CONTEXT(2) 
PARAMETRIC_REPRESENTATION_CONTEXT() REPRESENTATION_CONTEXT('2D SPACE',''
  ) );
#6063 = ORIENTED_EDGE('',*,*,#6064,.T.);
#6064 = EDGE_CURVE('',#6037,#6065,#6067,.T.);
#6065 = VERTEX_POINT('',#6066);
#6066 = CARTESIAN_POINT('',(18.8,14.917818303404,191.76927685972));
#6067 = SURFACE_CURVE('',#6068,(#6072,#6079),.PCURVE_S1.);
#6068 = LINE('',#6069,#6070);
#6069 = CARTESIAN_POINT('',(18.8,14.87726747626,192.13493592905));
#6070 = VECTOR('',#6071,1.);
#6071 = DIRECTION('',(1.225829634795E-16,0.110222207294,-0.993906970002)
  );
#6072 = PCURVE('',#297,#6073);
#6073 = DEFINITIONAL_REPRESENTATION('',(#6074),#6078);
#6074 = LINE('',#6075,#6076);
#6075 = CARTESIAN_POINT('',(-14.87726747626,12.896966800228));
#6076 = VECTOR('',#6077,1.);
#6077 = DIRECTION('',(-0.110222207294,-0.993906970002));
#6078 = ( GEOMETRIC_REPRESENTATION_CONTEXT(2) 
PARAMETRIC_REPRESENTATION_CONTEXT() REPRESENTATION_CONTEXT('2D SPACE',''
  ) );
#6079 = PCURVE('',#6080,#6085);
#6080 = PLANE('',#6081);
#6081 = AXIS2_PLACEMENT_3D('',#6082,#6083,#6084);
#6082 = CARTESIAN_POINT('',(-19.5,14.87726747626,192.13493592905));
#6083 = DIRECTION('',(9.810871700694E-17,0.993906970002,0.110222207294)
  );
#6084 = DIRECTION('',(1.225829634795E-16,0.110222207294,-0.993906970002)
  );
#6085 = DEFINITIONAL_REPRESENTATION('',(#6086),#6090);
#6086 = LINE('',#6087,#6088);
#6087 = CARTESIAN_POINT('',(4.303339557703E-15,-38.3));
#6088 = VECTOR('',#6089,1.);
#6089 = DIRECTION('',(1.,1.232595164408E-32));
#6090 = ( GEOMETRIC_REPRESENTATION_CONTEXT(2) 
PARAMETRIC_REPRESENTATION_CONTEXT() REPRESENTATION_CONTEXT('2D SPACE',''
  ) );
#6091 = ORIENTED_EDGE('',*,*,#6092,.T.);
#6092 = EDGE_CURVE('',#6065,#6093,#6095,.T.);
#6093 = VERTEX_POINT('',#6094);
#6094 = CARTESIAN_POINT('',(18.8,14.949383194616,191.40273275296));
#6095 = SURFACE_CURVE('',#6096,(#6100,#6107),.PCURVE_S1.);
#6096 = LINE('',#6097,#6098);
#6097 = CARTESIAN_POINT('',(18.8,14.917818303404,191.76927685972));
#6098 = VECTOR('',#6099,1.);
#6099 = DIRECTION('',(1.201383353386E-16,8.579731234444E-02,
    -0.996312612183));
#6100 = PCURVE('',#297,#6101);
#6101 = DEFINITIONAL_REPRESENTATION('',(#6102),#6106);
#6102 = LINE('',#6103,#6104);
#6103 = CARTESIAN_POINT('',(-14.9178183034,12.531307730902));
#6104 = VECTOR('',#6105,1.);
#6105 = DIRECTION('',(-8.579731234444E-02,-0.996312612183));
#6106 = ( GEOMETRIC_REPRESENTATION_CONTEXT(2) 
PARAMETRIC_REPRESENTATION_CONTEXT() REPRESENTATION_CONTEXT('2D SPACE',''
  ) );
#6107 = PCURVE('',#6108,#6113);
#6108 = PLANE('',#6109);
#6109 = AXIS2_PLACEMENT_3D('',#6110,#6111,#6112);
#6110 = CARTESIAN_POINT('',(-19.5,14.917818303404,191.76927685972));
#6111 = DIRECTION('',(1.010875050154E-16,0.996312612183,
    8.579731234444E-02));
#6112 = DIRECTION('',(1.201383353386E-16,8.579731234444E-02,
    -0.996312612183));
#6113 = DEFINITIONAL_REPRESENTATION('',(#6114),#6118);
#6114 = LINE('',#6115,#6116);
#6115 = CARTESIAN_POINT('',(4.296484958296E-15,-38.3));
#6116 = VECTOR('',#6117,1.);
#6117 = DIRECTION('',(1.,1.232595164408E-32));
#6118 = ( GEOMETRIC_REPRESENTATION_CONTEXT(2) 
PARAMETRIC_REPRESENTATION_CONTEXT() REPRESENTATION_CONTEXT('2D SPACE',''
  ) );
#6119 = ORIENTED_EDGE('',*,*,#6120,.T.);
#6120 = EDGE_CURVE('',#6093,#6121,#6123,.T.);
#6121 = VERTEX_POINT('',#6122);
#6122 = CARTESIAN_POINT('',(18.8,14.971943136384,191.03552440121));
#6123 = SURFACE_CURVE('',#6124,(#6128,#6135),.PCURVE_S1.);
#6124 = LINE('',#6125,#6126);
#6125 = CARTESIAN_POINT('',(18.8,14.949383194616,191.40273275296));
#6126 = VECTOR('',#6127,1.);
#6127 = DIRECTION('',(1.176213403567E-16,6.132073630221E-02,
    -0.9981181129));
#6128 = PCURVE('',#297,#6129);
#6129 = DEFINITIONAL_REPRESENTATION('',(#6130),#6134);
#6130 = LINE('',#6131,#6132);
#6131 = CARTESIAN_POINT('',(-14.94938319461,12.164763624134));
#6132 = VECTOR('',#6133,1.);
#6133 = DIRECTION('',(-6.132073630221E-02,-0.9981181129));
#6134 = ( GEOMETRIC_REPRESENTATION_CONTEXT(2) 
PARAMETRIC_REPRESENTATION_CONTEXT() REPRESENTATION_CONTEXT('2D SPACE',''
  ) );
#6135 = PCURVE('',#6136,#6141);
#6136 = PLANE('',#6137);
#6137 = AXIS2_PLACEMENT_3D('',#6138,#6139,#6140);
#6138 = CARTESIAN_POINT('',(-19.5,14.949383194616,191.40273275296));
#6139 = DIRECTION('',(1.040054016907E-16,0.9981181129,6.132073630221E-02
    ));
#6140 = DIRECTION('',(1.176213403567E-16,6.132073630221E-02,
    -0.9981181129));
#6141 = DEFINITIONAL_REPRESENTATION('',(#6142),#6146);
#6142 = LINE('',#6143,#6144);
#6143 = CARTESIAN_POINT('',(4.287042317006E-15,-38.3));
#6144 = VECTOR('',#6145,1.);
#6145 = DIRECTION('',(1.,0.));
#6146 = ( GEOMETRIC_REPRESENTATION_CONTEXT(2) 
PARAMETRIC_REPRESENTATION_CONTEXT() REPRESENTATION_CONTEXT('2D SPACE',''
  ) );
#6147 = ORIENTED_EDGE('',*,*,#6148,.T.);
#6148 = EDGE_CURVE('',#6121,#6149,#6151,.T.);
#6149 = VERTEX_POINT('',#6150);
#6150 = CARTESIAN_POINT('',(18.8,14.985484539445,190.66787299707));
#6151 = SURFACE_CURVE('',#6152,(#6156,#6163),.PCURVE_S1.);
#6152 = LINE('',#6153,#6154);
#6153 = CARTESIAN_POINT('',(18.8,14.971943136384,191.03552440121));
#6154 = VECTOR('',#6155,1.);
#6155 = DIRECTION('',(1.150334946775E-16,3.680722294136E-02,
    -0.999322384588));
#6156 = PCURVE('',#297,#6157);
#6157 = DEFINITIONAL_REPRESENTATION('',(#6158),#6162);
#6158 = LINE('',#6159,#6160);
#6159 = CARTESIAN_POINT('',(-14.97194313638,11.79755527239));
#6160 = VECTOR('',#6161,1.);
#6161 = DIRECTION('',(-3.680722294136E-02,-0.999322384588));
#6162 = ( GEOMETRIC_REPRESENTATION_CONTEXT(2) 
PARAMETRIC_REPRESENTATION_CONTEXT() REPRESENTATION_CONTEXT('2D SPACE',''
  ) );
#6163 = PCURVE('',#6164,#6169);
#6164 = PLANE('',#6165);
#6165 = AXIS2_PLACEMENT_3D('',#6166,#6167,#6168);
#6166 = CARTESIAN_POINT('',(-19.5,14.971943136384,191.03552440121));
#6167 = DIRECTION('',(1.068606494011E-16,0.999322384588,
    3.680722294136E-02));
#6168 = DIRECTION('',(1.150334946775E-16,3.680722294136E-02,
    -0.999322384588));
#6169 = DEFINITIONAL_REPRESENTATION('',(#6170),#6174);
#6170 = LINE('',#6171,#6172);
#6171 = CARTESIAN_POINT('',(4.275017321727E-15,-38.3));
#6172 = VECTOR('',#6173,1.);
#6173 = DIRECTION('',(1.,1.232595164408E-32));
#6174 = ( GEOMETRIC_REPRESENTATION_CONTEXT(2) 
PARAMETRIC_REPRESENTATION_CONTEXT() REPRESENTATION_CONTEXT('2D SPACE',''
  ) );
#6175 = ORIENTED_EDGE('',*,*,#6176,.T.);
#6176 = EDGE_CURVE('',#6149,#6177,#6179,.T.);
#6177 = VERTEX_POINT('',#6178);
#6178 = CARTESIAN_POINT('',(18.8,14.989999246962,190.3));
#6179 = SURFACE_CURVE('',#6180,(#6184,#6191),.PCURVE_S1.);
#6180 = LINE('',#6181,#6182);
#6181 = CARTESIAN_POINT('',(18.8,14.985484539445,190.66787299707));
#6182 = VECTOR('',#6183,1.);
#6183 = DIRECTION('',(1.123763571226E-16,1.227153828572E-02,
    -0.999924701839));
#6184 = PCURVE('',#297,#6185);
#6185 = DEFINITIONAL_REPRESENTATION('',(#6186),#6190);
#6186 = LINE('',#6187,#6188);
#6187 = CARTESIAN_POINT('',(-14.98548453944,11.42990386825));
#6188 = VECTOR('',#6189,1.);
#6189 = DIRECTION('',(-1.227153828572E-02,-0.999924701839));
#6190 = ( GEOMETRIC_REPRESENTATION_CONTEXT(2) 
PARAMETRIC_REPRESENTATION_CONTEXT() REPRESENTATION_CONTEXT('2D SPACE',''
  ) );
#6191 = PCURVE('',#6192,#6197);
#6192 = PLANE('',#6193);
#6193 = AXIS2_PLACEMENT_3D('',#6194,#6195,#6196);
#6194 = CARTESIAN_POINT('',(-19.5,14.985484539445,190.66787299707));
#6195 = DIRECTION('',(1.096515282521E-16,0.999924701839,
    1.227153828572E-02));
#6196 = DIRECTION('',(1.123763571226E-16,1.227153828572E-02,
    -0.999924701839));
#6197 = DEFINITIONAL_REPRESENTATION('',(#6198),#6202);
#6198 = LINE('',#6199,#6200);
#6199 = CARTESIAN_POINT('',(4.260417215867E-15,-38.3));
#6200 = VECTOR('',#6201,1.);
#6201 = DIRECTION('',(1.,-1.232595164408E-32));
#6202 = ( GEOMETRIC_REPRESENTATION_CONTEXT(2) 
PARAMETRIC_REPRESENTATION_CONTEXT() REPRESENTATION_CONTEXT('2D SPACE',''
  ) );
#6203 = ORIENTED_EDGE('',*,*,#6204,.T.);
#6204 = EDGE_CURVE('',#6177,#6205,#6207,.T.);
#6205 = VERTEX_POINT('',#6206);
#6206 = CARTESIAN_POINT('',(18.8,14.985484539445,189.93212700292));
#6207 = SURFACE_CURVE('',#6208,(#6212,#6219),.PCURVE_S1.);
#6208 = LINE('',#6209,#6210);
#6209 = CARTESIAN_POINT('',(18.8,14.989999246962,190.3));
#6210 = VECTOR('',#6211,1.);
#6211 = DIRECTION('',(1.096515282521E-16,-1.227153828572E-02,
    -0.999924701839));
#6212 = PCURVE('',#297,#6213);
#6213 = DEFINITIONAL_REPRESENTATION('',(#6214),#6218);
#6214 = LINE('',#6215,#6216);
#6215 = CARTESIAN_POINT('',(-14.98999924696,11.062030871172));
#6216 = VECTOR('',#6217,1.);
#6217 = DIRECTION('',(1.227153828572E-02,-0.999924701839));
#6218 = ( GEOMETRIC_REPRESENTATION_CONTEXT(2) 
PARAMETRIC_REPRESENTATION_CONTEXT() REPRESENTATION_CONTEXT('2D SPACE',''
  ) );
#6219 = PCURVE('',#6220,#6225);
#6220 = PLANE('',#6221);
#6221 = AXIS2_PLACEMENT_3D('',#6222,#6223,#6224);
#6222 = CARTESIAN_POINT('',(-19.5,14.989999246962,190.3));
#6223 = DIRECTION('',(1.123763571226E-16,0.999924701839,
    -1.227153828572E-02));
#6224 = DIRECTION('',(1.096515282521E-16,-1.227153828572E-02,
    -0.999924701839));
#6225 = DEFINITIONAL_REPRESENTATION('',(#6226),#6230);
#6226 = LINE('',#6227,#6228);
#6227 = CARTESIAN_POINT('',(4.243250793983E-15,-38.3));
#6228 = VECTOR('',#6229,1.);
#6229 = DIRECTION('',(1.,0.));
#6230 = ( GEOMETRIC_REPRESENTATION_CONTEXT(2) 
PARAMETRIC_REPRESENTATION_CONTEXT() REPRESENTATION_CONTEXT('2D SPACE',''
  ) );
#6231 = ORIENTED_EDGE('',*,*,#6232,.T.);
#6232 = EDGE_CURVE('',#6205,#6233,#6235,.T.);
#6233 = VERTEX_POINT('',#6234);
#6234 = CARTESIAN_POINT('',(18.8,14.971943136384,189.56447559878));
#6235 = SURFACE_CURVE('',#6236,(#6240,#6247),.PCURVE_S1.);
#6236 = LINE('',#6237,#6238);
#6237 = CARTESIAN_POINT('',(18.8,14.985484539445,189.93212700292));
#6238 = VECTOR('',#6239,1.);
#6239 = DIRECTION('',(1.068606494011E-16,-3.680722294136E-02,
    -0.999322384588));
#6240 = PCURVE('',#297,#6241);
#6241 = DEFINITIONAL_REPRESENTATION('',(#6242),#6246);
#6242 = LINE('',#6243,#6244);
#6243 = CARTESIAN_POINT('',(-14.98548453944,10.694157874094));
#6244 = VECTOR('',#6245,1.);
#6245 = DIRECTION('',(3.680722294136E-02,-0.999322384588));
#6246 = ( GEOMETRIC_REPRESENTATION_CONTEXT(2) 
PARAMETRIC_REPRESENTATION_CONTEXT() REPRESENTATION_CONTEXT('2D SPACE',''
  ) );
#6247 = PCURVE('',#6248,#6253);
#6248 = PLANE('',#6249);
#6249 = AXIS2_PLACEMENT_3D('',#6250,#6251,#6252);
#6250 = CARTESIAN_POINT('',(-19.5,14.985484539445,189.93212700292));
#6251 = DIRECTION('',(1.150334946775E-16,0.999322384588,
    -3.680722294136E-02));
#6252 = DIRECTION('',(1.068606494011E-16,-3.680722294136E-02,
    -0.999322384588));
#6253 = DEFINITIONAL_REPRESENTATION('',(#6254),#6258);
#6254 = LINE('',#6255,#6256);
#6255 = CARTESIAN_POINT('',(4.223528396486E-15,-38.3));
#6256 = VECTOR('',#6257,1.);
#6257 = DIRECTION('',(1.,0.));
#6258 = ( GEOMETRIC_REPRESENTATION_CONTEXT(2) 
PARAMETRIC_REPRESENTATION_CONTEXT() REPRESENTATION_CONTEXT('2D SPACE',''
  ) );
#6259 = ORIENTED_EDGE('',*,*,#6260,.T.);
#6260 = EDGE_CURVE('',#6233,#6261,#6263,.T.);
#6261 = VERTEX_POINT('',#6262);
#6262 = CARTESIAN_POINT('',(18.8,14.949383194616,189.19726724703));
#6263 = SURFACE_CURVE('',#6264,(#6268,#6275),.PCURVE_S1.);
#6264 = LINE('',#6265,#6266);
#6265 = CARTESIAN_POINT('',(18.8,14.971943136384,189.56447559878));
#6266 = VECTOR('',#6267,1.);
#6267 = DIRECTION('',(1.040054016907E-16,-6.132073630221E-02,
    -0.9981181129));
#6268 = PCURVE('',#297,#6269);
#6269 = DEFINITIONAL_REPRESENTATION('',(#6270),#6274);
#6270 = LINE('',#6271,#6272);
#6271 = CARTESIAN_POINT('',(-14.97194313638,10.326506469954));
#6272 = VECTOR('',#6273,1.);
#6273 = DIRECTION('',(6.132073630221E-02,-0.9981181129));
#6274 = ( GEOMETRIC_REPRESENTATION_CONTEXT(2) 
PARAMETRIC_REPRESENTATION_CONTEXT() REPRESENTATION_CONTEXT('2D SPACE',''
  ) );
#6275 = PCURVE('',#6276,#6281);
#6276 = PLANE('',#6277);
#6277 = AXIS2_PLACEMENT_3D('',#6278,#6279,#6280);
#6278 = CARTESIAN_POINT('',(-19.5,14.971943136384,189.56447559878));
#6279 = DIRECTION('',(1.176213403567E-16,0.9981181129,
    -6.132073630221E-02));
#6280 = DIRECTION('',(1.040054016907E-16,-6.132073630221E-02,
    -0.9981181129));
#6281 = DEFINITIONAL_REPRESENTATION('',(#6282),#6286);
#6282 = LINE('',#6283,#6284);
#6283 = CARTESIAN_POINT('',(4.310189412738E-15,-38.3));
#6284 = VECTOR('',#6285,1.);
#6285 = DIRECTION('',(1.,0.));
#6286 = ( GEOMETRIC_REPRESENTATION_CONTEXT(2) 
PARAMETRIC_REPRESENTATION_CONTEXT() REPRESENTATION_CONTEXT('2D SPACE',''
  ) );
#6287 = ORIENTED_EDGE('',*,*,#6288,.T.);
#6288 = EDGE_CURVE('',#6261,#6289,#6291,.T.);
#6289 = VERTEX_POINT('',#6290);
#6290 = CARTESIAN_POINT('',(18.8,14.917818303404,188.83072314027));
#6291 = SURFACE_CURVE('',#6292,(#6296,#6303),.PCURVE_S1.);
#6292 = LINE('',#6293,#6294);
#6293 = CARTESIAN_POINT('',(18.8,14.949383194616,189.19726724703));
#6294 = VECTOR('',#6295,1.);
#6295 = DIRECTION('',(1.010875050154E-16,-8.579731234444E-02,
    -0.996312612183));
#6296 = PCURVE('',#297,#6297);
#6297 = DEFINITIONAL_REPRESENTATION('',(#6298),#6302);
#6298 = LINE('',#6299,#6300);
#6299 = CARTESIAN_POINT('',(-14.94938319461,9.95929811821));
#6300 = VECTOR('',#6301,1.);
#6301 = DIRECTION('',(8.579731234444E-02,-0.996312612183));
#6302 = ( GEOMETRIC_REPRESENTATION_CONTEXT(2) 
PARAMETRIC_REPRESENTATION_CONTEXT() REPRESENTATION_CONTEXT('2D SPACE',''
  ) );
#6303 = PCURVE('',#6304,#6309);
#6304 = PLANE('',#6305);
#6305 = AXIS2_PLACEMENT_3D('',#6306,#6307,#6308);
#6306 = CARTESIAN_POINT('',(-19.5,14.949383194616,189.19726724703));
#6307 = DIRECTION('',(1.201383353386E-16,0.996312612183,
    -8.579731234444E-02));
#6308 = DIRECTION('',(1.010875050154E-16,-8.579731234444E-02,
    -0.996312612183));
#6309 = DEFINITIONAL_REPRESENTATION('',(#6310),#6314);
#6310 = LINE('',#6311,#6312);
#6311 = CARTESIAN_POINT('',(4.328871369845E-15,-38.3));
#6312 = VECTOR('',#6313,1.);
#6313 = DIRECTION('',(1.,0.));
#6314 = ( GEOMETRIC_REPRESENTATION_CONTEXT(2) 
PARAMETRIC_REPRESENTATION_CONTEXT() REPRESENTATION_CONTEXT('2D SPACE',''
  ) );
#6315 = ORIENTED_EDGE('',*,*,#6316,.T.);
#6316 = EDGE_CURVE('',#6289,#6317,#6319,.T.);
#6317 = VERTEX_POINT('',#6318);
#6318 = CARTESIAN_POINT('',(18.8,14.87726747626,188.46506407094));
#6319 = SURFACE_CURVE('',#6320,(#6324,#6331),.PCURVE_S1.);
#6320 = LINE('',#6321,#6322);
#6321 = CARTESIAN_POINT('',(18.8,14.917818303404,188.83072314027));
#6322 = VECTOR('',#6323,1.);
#6323 = DIRECTION('',(9.810871700694E-17,-0.110222207294,-0.993906970002
    ));
#6324 = PCURVE('',#297,#6325);
#6325 = DEFINITIONAL_REPRESENTATION('',(#6326),#6330);
#6326 = LINE('',#6327,#6328);
#6327 = CARTESIAN_POINT('',(-14.9178183034,9.592754011443));
#6328 = VECTOR('',#6329,1.);
#6329 = DIRECTION('',(0.110222207294,-0.993906970002));
#6330 = ( GEOMETRIC_REPRESENTATION_CONTEXT(2) 
PARAMETRIC_REPRESENTATION_CONTEXT() REPRESENTATION_CONTEXT('2D SPACE',''
  ) );
#6331 = PCURVE('',#6332,#6337);
#6332 = PLANE('',#6333);
#6333 = AXIS2_PLACEMENT_3D('',#6334,#6335,#6336);
#6334 = CARTESIAN_POINT('',(-19.5,14.917818303404,188.83072314027));
#6335 = DIRECTION('',(1.225829634795E-16,0.993906970002,-0.110222207294)
  );
#6336 = DIRECTION('',(9.810871700694E-17,-0.110222207294,-0.993906970002
    ));
#6337 = DEFINITIONAL_REPRESENTATION('',(#6338),#6342);
#6338 = LINE('',#6339,#6340);
#6339 = CARTESIAN_POINT('',(4.344945776707E-15,-38.3));
#6340 = VECTOR('',#6341,1.);
#6341 = DIRECTION('',(1.,0.));
#6342 = ( GEOMETRIC_REPRESENTATION_CONTEXT(2) 
PARAMETRIC_REPRESENTATION_CONTEXT() REPRESENTATION_CONTEXT('2D SPACE',''
  ) );
#6343 = ORIENTED_EDGE('',*,*,#6344,.T.);
#6344 = EDGE_CURVE('',#6317,#6345,#6347,.T.);
#6345 = VERTEX_POINT('',#6346);
#6346 = CARTESIAN_POINT('',(18.8,14.827755139484,188.1005102984));
#6347 = SURFACE_CURVE('',#6348,(#6352,#6359),.PCURVE_S1.);
#6348 = LINE('',#6349,#6350);
#6349 = CARTESIAN_POINT('',(18.8,14.87726747626,188.46506407094));
#6350 = VECTOR('',#6351,1.);
#6351 = DIRECTION('',(9.507083197587E-17,-0.134580708507,-0.990902635428
    ));
#6352 = PCURVE('',#297,#6353);
#6353 = DEFINITIONAL_REPRESENTATION('',(#6354),#6358);
#6354 = LINE('',#6355,#6356);
#6355 = CARTESIAN_POINT('',(-14.87726747626,9.227094942116));
#6356 = VECTOR('',#6357,1.);
#6357 = DIRECTION('',(0.134580708507,-0.990902635428));
#6358 = ( GEOMETRIC_REPRESENTATION_CONTEXT(2) 
PARAMETRIC_REPRESENTATION_CONTEXT() REPRESENTATION_CONTEXT('2D SPACE',''
  ) );
#6359 = PCURVE('',#6360,#6365);
#6360 = PLANE('',#6361);
#6361 = AXIS2_PLACEMENT_3D('',#6362,#6363,#6364);
#6362 = CARTESIAN_POINT('',(-19.5,14.87726747626,188.46506407094));
#6363 = DIRECTION('',(1.249537522269E-16,0.990902635428,-0.134580708507)
  );
#6364 = DIRECTION('',(9.507083197587E-17,-0.134580708507,-0.990902635428
    ));
#6365 = DEFINITIONAL_REPRESENTATION('',(#6366),#6370);
#6366 = LINE('',#6367,#6368);
#6367 = CARTESIAN_POINT('',(4.3584029507E-15,-38.3));
#6368 = VECTOR('',#6369,1.);
#6369 = DIRECTION('',(1.,0.));
#6370 = ( GEOMETRIC_REPRESENTATION_CONTEXT(2) 
PARAMETRIC_REPRESENTATION_CONTEXT() REPRESENTATION_CONTEXT('2D SPACE',''
  ) );
#6371 = ORIENTED_EDGE('',*,*,#6372,.T.);
#6372 = EDGE_CURVE('',#6345,#2294,#6373,.T.);
#6373 = SURFACE_CURVE('',#6374,(#6378,#6385),.PCURVE_S1.);
#6374 = LINE('',#6375,#6376);
#6375 = CARTESIAN_POINT('',(18.8,14.827755139484,188.1005102984));
#6376 = VECTOR('',#6377,1.);
#6377 = DIRECTION('',(9.197567983055E-17,-0.158858143334,-0.987301418158
    ));
#6378 = PCURVE('',#297,#6379);
#6379 = DEFINITIONAL_REPRESENTATION('',(#6380),#6384);
#6380 = LINE('',#6381,#6382);
#6381 = CARTESIAN_POINT('',(-14.82775513948,8.86254116958));
#6382 = VECTOR('',#6383,1.);
#6383 = DIRECTION('',(0.158858143334,-0.987301418158));
#6384 = ( GEOMETRIC_REPRESENTATION_CONTEXT(2) 
PARAMETRIC_REPRESENTATION_CONTEXT() REPRESENTATION_CONTEXT('2D SPACE',''
  ) );
#6385 = PCURVE('',#2309,#6386);
#6386 = DEFINITIONAL_REPRESENTATION('',(#6387),#6391);
#6387 = LINE('',#6388,#6389);
#6388 = CARTESIAN_POINT('',(4.369234785727E-15,-38.3));
#6389 = VECTOR('',#6390,1.);
#6390 = DIRECTION('',(1.,0.));
#6391 = ( GEOMETRIC_REPRESENTATION_CONTEXT(2) 
PARAMETRIC_REPRESENTATION_CONTEXT() REPRESENTATION_CONTEXT('2D SPACE',''
  ) );
#6392 = ADVANCED_FACE('',(#6393),#269,.T.);
#6393 = FACE_BOUND('',#6394,.F.);
#6394 = EDGE_LOOP('',(#6395,#6396,#6397,#6418));
#6395 = ORIENTED_EDGE('',*,*,#253,.F.);
#6396 = ORIENTED_EDGE('',*,*,#635,.T.);
#6397 = ORIENTED_EDGE('',*,*,#6398,.T.);
#6398 = EDGE_CURVE('',#613,#2350,#6399,.T.);
#6399 = SURFACE_CURVE('',#6400,(#6404,#6411),.PCURVE_S1.);
#6400 = LINE('',#6401,#6402);
#6401 = CARTESIAN_POINT('',(19.1,-14.99916895204,190.45789473684));
#6402 = VECTOR('',#6403,1.);
#6403 = DIRECTION('',(-0.707106781187,0.70706760521,-7.443229275649E-03)
  );
#6404 = PCURVE('',#269,#6405);
#6405 = DEFINITIONAL_REPRESENTATION('',(#6406),#6410);
#6406 = LINE('',#6407,#6408);
#6407 = CARTESIAN_POINT('',(3.120539633208,-0.));
#6408 = VECTOR('',#6409,1.);
#6409 = DIRECTION('',(0.,-1.));
#6410 = ( GEOMETRIC_REPRESENTATION_CONTEXT(2) 
PARAMETRIC_REPRESENTATION_CONTEXT() REPRESENTATION_CONTEXT('2D SPACE',''
  ) );
#6411 = PCURVE('',#702,#6412);
#6412 = DEFINITIONAL_REPRESENTATION('',(#6413),#6417);
#6413 = LINE('',#6414,#6415);
#6414 = CARTESIAN_POINT('',(-1.581894337743E-14,-0.565685424949));
#6415 = VECTOR('',#6416,1.);
#6416 = DIRECTION('',(-1.472780231104E-15,1.));
#6417 = ( GEOMETRIC_REPRESENTATION_CONTEXT(2) 
PARAMETRIC_REPRESENTATION_CONTEXT() REPRESENTATION_CONTEXT('2D SPACE',''
  ) );
#6418 = ORIENTED_EDGE('',*,*,#2349,.T.);
#6419 = ADVANCED_FACE('',(#6420,#6469,#6504,#6659,#6814),#572,.T.);
#6420 = FACE_BOUND('',#6421,.T.);
#6421 = EDGE_LOOP('',(#6422,#6423,#6447,#6468));
#6422 = ORIENTED_EDGE('',*,*,#558,.T.);
#6423 = ORIENTED_EDGE('',*,*,#6424,.T.);
#6424 = EDGE_CURVE('',#531,#6425,#6427,.T.);
#6425 = VERTEX_POINT('',#6426);
#6426 = CARTESIAN_POINT('',(23.3,-14.1992132746,190.44947368421));
#6427 = SURFACE_CURVE('',#6428,(#6433,#6440),.PCURVE_S1.);
#6428 = CIRCLE('',#6429,14.2);
#6429 = AXIS2_PLACEMENT_3D('',#6430,#6431,#6432);
#6430 = CARTESIAN_POINT('',(23.3,-2.586819647377E-15,190.3));
#6431 = DIRECTION('',(1.,-1.110223024625E-16,1.110223024625E-16));
#6432 = DIRECTION('',(1.098474956566E-16,0.999944596803,
    1.052631578948E-02));
#6433 = PCURVE('',#572,#6434);
#6434 = DEFINITIONAL_REPRESENTATION('',(#6435),#6439);
#6435 = CIRCLE('',#6436,14.2);
#6436 = AXIS2_PLACEMENT_2D('',#6437,#6438);
#6437 = CARTESIAN_POINT('',(2.510688432025E-15,48.172600306981));
#6438 = DIRECTION('',(0.999944596803,1.052631578948E-02));
#6439 = ( GEOMETRIC_REPRESENTATION_CONTEXT(2) 
PARAMETRIC_REPRESENTATION_CONTEXT() REPRESENTATION_CONTEXT('2D SPACE',''
  ) );
#6440 = PCURVE('',#546,#6441);
#6441 = DEFINITIONAL_REPRESENTATION('',(#6442),#6446);
#6442 = LINE('',#6443,#6444);
#6443 = CARTESIAN_POINT('',(-0.,-0.8));
#6444 = VECTOR('',#6445,1.);
#6445 = DIRECTION('',(-1.,-0.));
#6446 = ( GEOMETRIC_REPRESENTATION_CONTEXT(2) 
PARAMETRIC_REPRESENTATION_CONTEXT() REPRESENTATION_CONTEXT('2D SPACE',''
  ) );
#6447 = ORIENTED_EDGE('',*,*,#6448,.T.);
#6448 = EDGE_CURVE('',#6425,#937,#6449,.T.);
#6449 = SURFACE_CURVE('',#6450,(#6454,#6461),.PCURVE_S1.);
#6450 = LINE('',#6451,#6452);
#6451 = CARTESIAN_POINT('',(23.3,-14.1992132746,190.44947368421));
#6452 = VECTOR('',#6453,1.);
#6453 = DIRECTION('',(1.098474956566E-16,-1.052631578947E-02,
    -0.999944596803));
#6454 = PCURVE('',#572,#6455);
#6455 = DEFINITIONAL_REPRESENTATION('',(#6456),#6460);
#6456 = LINE('',#6457,#6458);
#6457 = CARTESIAN_POINT('',(-14.1992132746,48.322073991191));
#6458 = VECTOR('',#6459,1.);
#6459 = DIRECTION('',(-1.052631578947E-02,-0.999944596803));
#6460 = ( GEOMETRIC_REPRESENTATION_CONTEXT(2) 
PARAMETRIC_REPRESENTATION_CONTEXT() REPRESENTATION_CONTEXT('2D SPACE',''
  ) );
#6461 = PCURVE('',#675,#6462);
#6462 = DEFINITIONAL_REPRESENTATION('',(#6463),#6467);
#6463 = LINE('',#6464,#6465);
#6464 = CARTESIAN_POINT('',(-1.26695529068E-14,0.565685424949));
#6465 = VECTOR('',#6466,1.);
#6466 = DIRECTION('',(-1.,1.734723475977E-18));
#6467 = ( GEOMETRIC_REPRESENTATION_CONTEXT(2) 
PARAMETRIC_REPRESENTATION_CONTEXT() REPRESENTATION_CONTEXT('2D SPACE',''
  ) );
#6468 = ORIENTED_EDGE('',*,*,#961,.T.);
#6469 = FACE_BOUND('',#6470,.T.);
#6470 = EDGE_LOOP('',(#6471));
#6471 = ORIENTED_EDGE('',*,*,#6472,.T.);
#6472 = EDGE_CURVE('',#6473,#6473,#6475,.T.);
#6473 = VERTEX_POINT('',#6474);
#6474 = CARTESIAN_POINT('',(23.3,10.15,95.3));
#6475 = SURFACE_CURVE('',#6476,(#6481,#6492),.PCURVE_S1.);
#6476 = CIRCLE('',#6477,10.15);
#6477 = AXIS2_PLACEMENT_3D('',#6478,#6479,#6480);
#6478 = CARTESIAN_POINT('',(23.3,-2.586819647377E-15,95.3));
#6479 = DIRECTION('',(-1.,1.110223024625E-16,0.));
#6480 = DIRECTION('',(1.110223024625E-16,1.,0.));
#6481 = PCURVE('',#572,#6482);
#6482 = DEFINITIONAL_REPRESENTATION('',(#6483),#6491);
#6483 = ( BOUNDED_CURVE() B_SPLINE_CURVE(2,(#6484,#6485,#6486,#6487,
#6488,#6489,#6490),.UNSPECIFIED.,.T.,.F.) B_SPLINE_CURVE_WITH_KNOTS((1,2
    ,2,2,2,1),(-2.094395102393,0.,2.094395102393,4.188790204786,
6.28318530718,8.377580409573),.UNSPECIFIED.) CURVE() 
GEOMETRIC_REPRESENTATION_ITEM() RATIONAL_B_SPLINE_CURVE((1.,0.5,1.,0.5,
1.,0.5,1.)) REPRESENTATION_ITEM('') );
#6484 = CARTESIAN_POINT('',(10.15,-46.82739969301));
#6485 = CARTESIAN_POINT('',(10.15,-64.40771538984));
#6486 = CARTESIAN_POINT('',(-5.075,-55.61755754143));
#6487 = CARTESIAN_POINT('',(-20.3,-46.82739969301));
#6488 = CARTESIAN_POINT('',(-5.075,-38.0372418446));
#6489 = CARTESIAN_POINT('',(10.15,-29.24708399619));
#6490 = CARTESIAN_POINT('',(10.15,-46.82739969301));
#6491 = ( GEOMETRIC_REPRESENTATION_CONTEXT(2) 
PARAMETRIC_REPRESENTATION_CONTEXT() REPRESENTATION_CONTEXT('2D SPACE',''
  ) );
#6492 = PCURVE('',#6493,#6498);
#6493 = CYLINDRICAL_SURFACE('',#6494,10.15);
#6494 = AXIS2_PLACEMENT_3D('',#6495,#6496,#6497);
#6495 = CARTESIAN_POINT('',(21.7,-2.409183963437E-15,95.3));
#6496 = DIRECTION('',(-1.,1.110223024625E-16,0.));
#6497 = DIRECTION('',(1.110223024625E-16,1.,0.));
#6498 = DEFINITIONAL_REPRESENTATION('',(#6499),#6503);
#6499 = LINE('',#6500,#6501);
#6500 = CARTESIAN_POINT('',(-6.28318530718,-1.6));
#6501 = VECTOR('',#6502,1.);
#6502 = DIRECTION('',(1.,-0.));
#6503 = ( GEOMETRIC_REPRESENTATION_CONTEXT(2) 
PARAMETRIC_REPRESENTATION_CONTEXT() REPRESENTATION_CONTEXT('2D SPACE',''
  ) );
#6504 = FACE_BOUND('',#6505,.T.);
#6505 = EDGE_LOOP('',(#6506,#6531,#6559,#6582,#6610,#6633));
#6506 = ORIENTED_EDGE('',*,*,#6507,.F.);
#6507 = EDGE_CURVE('',#6508,#6510,#6512,.T.);
#6508 = VERTEX_POINT('',#6509);
#6509 = CARTESIAN_POINT('',(23.3,-1.428657787414,117.3));
#6510 = VERTEX_POINT('',#6511);
#6511 = CARTESIAN_POINT('',(23.3,5.3,117.3));
#6512 = SURFACE_CURVE('',#6513,(#6517,#6524),.PCURVE_S1.);
#6513 = LINE('',#6514,#6515);
#6514 = CARTESIAN_POINT('',(23.3,2.65,117.3));
#6515 = VECTOR('',#6516,1.);
#6516 = DIRECTION('',(1.110223024625E-16,1.,0.));
#6517 = PCURVE('',#572,#6518);
#6518 = DEFINITIONAL_REPRESENTATION('',(#6519),#6523);
#6519 = LINE('',#6520,#6521);
#6520 = CARTESIAN_POINT('',(2.65,-24.82739969301));
#6521 = VECTOR('',#6522,1.);
#6522 = DIRECTION('',(1.,0.));
#6523 = ( GEOMETRIC_REPRESENTATION_CONTEXT(2) 
PARAMETRIC_REPRESENTATION_CONTEXT() REPRESENTATION_CONTEXT('2D SPACE',''
  ) );
#6524 = PCURVE('',#1644,#6525);
#6525 = DEFINITIONAL_REPRESENTATION('',(#6526),#6530);
#6526 = LINE('',#6527,#6528);
#6527 = CARTESIAN_POINT('',(2.65,-6.));
#6528 = VECTOR('',#6529,1.);
#6529 = DIRECTION('',(-1.,0.));
#6530 = ( GEOMETRIC_REPRESENTATION_CONTEXT(2) 
PARAMETRIC_REPRESENTATION_CONTEXT() REPRESENTATION_CONTEXT('2D SPACE',''
  ) );
#6531 = ORIENTED_EDGE('',*,*,#6532,.T.);
#6532 = EDGE_CURVE('',#6508,#6533,#6535,.T.);
#6533 = VERTEX_POINT('',#6534);
#6534 = CARTESIAN_POINT('',(23.3,-3.467484177505,120.32655123922));
#6535 = SURFACE_CURVE('',#6536,(#6541,#6552),.PCURVE_S1.);
#6536 = CIRCLE('',#6537,2.2);
#6537 = AXIS2_PLACEMENT_3D('',#6538,#6539,#6540);
#6538 = CARTESIAN_POINT('',(23.3,-1.428657787414,119.5));
#6539 = DIRECTION('',(-1.,1.110223024625E-16,-1.110223024625E-16));
#6540 = DIRECTION('',(-1.110223024625E-16,-1.,0.));
#6541 = PCURVE('',#572,#6542);
#6542 = DEFINITIONAL_REPRESENTATION('',(#6543),#6551);
#6543 = ( BOUNDED_CURVE() B_SPLINE_CURVE(2,(#6544,#6545,#6546,#6547,
#6548,#6549,#6550),.UNSPECIFIED.,.T.,.F.) B_SPLINE_CURVE_WITH_KNOTS((1,2
    ,2,2,2,1),(-2.094395102393,0.,2.094395102393,4.188790204786,
6.28318530718,8.377580409573),.UNSPECIFIED.) CURVE() 
GEOMETRIC_REPRESENTATION_ITEM() RATIONAL_B_SPLINE_CURVE((1.,0.5,1.,0.5,
1.,0.5,1.)) REPRESENTATION_ITEM('') );
#6544 = CARTESIAN_POINT('',(-3.628657787413,-22.62739969301));
#6545 = CARTESIAN_POINT('',(-3.628657787413,-18.81688791636));
#6546 = CARTESIAN_POINT('',(-0.328657787413,-20.72214380469));
#6547 = CARTESIAN_POINT('',(2.971342212587,-22.62739969301));
#6548 = CARTESIAN_POINT('',(-0.328657787413,-24.53265558134));
#6549 = CARTESIAN_POINT('',(-3.628657787413,-26.43791146967));
#6550 = CARTESIAN_POINT('',(-3.628657787413,-22.62739969301));
#6551 = ( GEOMETRIC_REPRESENTATION_CONTEXT(2) 
PARAMETRIC_REPRESENTATION_CONTEXT() REPRESENTATION_CONTEXT('2D SPACE',''
  ) );
#6552 = PCURVE('',#1677,#6553);
#6553 = DEFINITIONAL_REPRESENTATION('',(#6554),#6558);
#6554 = LINE('',#6555,#6556);
#6555 = CARTESIAN_POINT('',(0.,-6.));
#6556 = VECTOR('',#6557,1.);
#6557 = DIRECTION('',(1.,0.));
#6558 = ( GEOMETRIC_REPRESENTATION_CONTEXT(2) 
PARAMETRIC_REPRESENTATION_CONTEXT() REPRESENTATION_CONTEXT('2D SPACE',''
  ) );
#6559 = ORIENTED_EDGE('',*,*,#6560,.F.);
#6560 = EDGE_CURVE('',#6561,#6533,#6563,.T.);
#6561 = VERTEX_POINT('',#6562);
#6562 = CARTESIAN_POINT('',(23.3,3.261173609909,136.92390711484));
#6563 = SURFACE_CURVE('',#6564,(#6568,#6575),.PCURVE_S1.);
#6564 = LINE('',#6565,#6566);
#6565 = CARTESIAN_POINT('',(23.3,0.572558116031,130.29198889661));
#6566 = VECTOR('',#6567,1.);
#6567 = DIRECTION('',(6.117708112143E-17,-0.375705108739,-0.926739268223
    ));
#6568 = PCURVE('',#572,#6569);
#6569 = DEFINITIONAL_REPRESENTATION('',(#6570),#6574);
#6570 = LINE('',#6571,#6572);
#6571 = CARTESIAN_POINT('',(0.572558116031,-11.8354107964));
#6572 = VECTOR('',#6573,1.);
#6573 = DIRECTION('',(-0.375705108739,-0.926739268223));
#6574 = ( GEOMETRIC_REPRESENTATION_CONTEXT(2) 
PARAMETRIC_REPRESENTATION_CONTEXT() REPRESENTATION_CONTEXT('2D SPACE',''
  ) );
#6575 = PCURVE('',#1705,#6576);
#6576 = DEFINITIONAL_REPRESENTATION('',(#6577),#6581);
#6577 = LINE('',#6578,#6579);
#6578 = CARTESIAN_POINT('',(10.753226931339,-6.));
#6579 = VECTOR('',#6580,1.);
#6580 = DIRECTION('',(-1.,0.));
#6581 = ( GEOMETRIC_REPRESENTATION_CONTEXT(2) 
PARAMETRIC_REPRESENTATION_CONTEXT() REPRESENTATION_CONTEXT('2D SPACE',''
  ) );
#6582 = ORIENTED_EDGE('',*,*,#6583,.T.);
#6583 = EDGE_CURVE('',#6561,#6584,#6586,.T.);
#6584 = VERTEX_POINT('',#6585);
#6585 = CARTESIAN_POINT('',(23.3,7.5,136.09735587562));
#6586 = SURFACE_CURVE('',#6587,(#6592,#6603),.PCURVE_S1.);
#6587 = CIRCLE('',#6588,2.2);
#6588 = AXIS2_PLACEMENT_3D('',#6589,#6590,#6591);
#6589 = CARTESIAN_POINT('',(23.3,5.3,136.09735587562));
#6590 = DIRECTION('',(-1.,1.110223024625E-16,-1.110223024625E-16));
#6591 = DIRECTION('',(-1.110223024625E-16,-1.,0.));
#6592 = PCURVE('',#572,#6593);
#6593 = DEFINITIONAL_REPRESENTATION('',(#6594),#6602);
#6594 = ( BOUNDED_CURVE() B_SPLINE_CURVE(2,(#6595,#6596,#6597,#6598,
#6599,#6600,#6601),.UNSPECIFIED.,.T.,.F.) B_SPLINE_CURVE_WITH_KNOTS((1,2
    ,2,2,2,1),(-2.094395102393,0.,2.094395102393,4.188790204786,
6.28318530718,8.377580409573),.UNSPECIFIED.) CURVE() 
GEOMETRIC_REPRESENTATION_ITEM() RATIONAL_B_SPLINE_CURVE((1.,0.5,1.,0.5,
1.,0.5,1.)) REPRESENTATION_ITEM('') );
#6595 = CARTESIAN_POINT('',(3.1,-6.030043817399));
#6596 = CARTESIAN_POINT('',(3.1,-2.219532040748));
#6597 = CARTESIAN_POINT('',(6.4,-4.124787929074));
#6598 = CARTESIAN_POINT('',(9.7,-6.030043817399));
#6599 = CARTESIAN_POINT('',(6.4,-7.935299705725));
#6600 = CARTESIAN_POINT('',(3.1,-9.840555594051));
#6601 = CARTESIAN_POINT('',(3.1,-6.030043817399));
#6602 = ( GEOMETRIC_REPRESENTATION_CONTEXT(2) 
PARAMETRIC_REPRESENTATION_CONTEXT() REPRESENTATION_CONTEXT('2D SPACE',''
  ) );
#6603 = PCURVE('',#1738,#6604);
#6604 = DEFINITIONAL_REPRESENTATION('',(#6605),#6609);
#6605 = LINE('',#6606,#6607);
#6606 = CARTESIAN_POINT('',(0.,-6.));
#6607 = VECTOR('',#6608,1.);
#6608 = DIRECTION('',(1.,0.));
#6609 = ( GEOMETRIC_REPRESENTATION_CONTEXT(2) 
PARAMETRIC_REPRESENTATION_CONTEXT() REPRESENTATION_CONTEXT('2D SPACE',''
  ) );
#6610 = ORIENTED_EDGE('',*,*,#6611,.F.);
#6611 = EDGE_CURVE('',#6612,#6584,#6614,.T.);
#6612 = VERTEX_POINT('',#6613);
#6613 = CARTESIAN_POINT('',(23.3,7.5,119.5));
#6614 = SURFACE_CURVE('',#6615,(#6619,#6626),.PCURVE_S1.);
#6615 = LINE('',#6616,#6617);
#6616 = CARTESIAN_POINT('',(23.3,7.5,139.11237778432));
#6617 = VECTOR('',#6618,1.);
#6618 = DIRECTION('',(-1.110223024625E-16,1.232595164408E-32,1.));
#6619 = PCURVE('',#572,#6620);
#6620 = DEFINITIONAL_REPRESENTATION('',(#6621),#6625);
#6621 = LINE('',#6622,#6623);
#6622 = CARTESIAN_POINT('',(7.5,-3.0150219087));
#6623 = VECTOR('',#6624,1.);
#6624 = DIRECTION('',(0.,1.));
#6625 = ( GEOMETRIC_REPRESENTATION_CONTEXT(2) 
PARAMETRIC_REPRESENTATION_CONTEXT() REPRESENTATION_CONTEXT('2D SPACE',''
  ) );
#6626 = PCURVE('',#1766,#6627);
#6627 = DEFINITIONAL_REPRESENTATION('',(#6628),#6632);
#6628 = LINE('',#6629,#6630);
#6629 = CARTESIAN_POINT('',(-3.0150219087,-6.));
#6630 = VECTOR('',#6631,1.);
#6631 = DIRECTION('',(-1.,0.));
#6632 = ( GEOMETRIC_REPRESENTATION_CONTEXT(2) 
PARAMETRIC_REPRESENTATION_CONTEXT() REPRESENTATION_CONTEXT('2D SPACE',''
  ) );
#6633 = ORIENTED_EDGE('',*,*,#6634,.T.);
#6634 = EDGE_CURVE('',#6612,#6510,#6635,.T.);
#6635 = SURFACE_CURVE('',#6636,(#6641,#6652),.PCURVE_S1.);
#6636 = CIRCLE('',#6637,2.2);
#6637 = AXIS2_PLACEMENT_3D('',#6638,#6639,#6640);
#6638 = CARTESIAN_POINT('',(23.3,5.3,119.5));
#6639 = DIRECTION('',(-1.,1.110223024625E-16,-1.110223024625E-16));
#6640 = DIRECTION('',(-1.110223024625E-16,-1.,0.));
#6641 = PCURVE('',#572,#6642);
#6642 = DEFINITIONAL_REPRESENTATION('',(#6643),#6651);
#6643 = ( BOUNDED_CURVE() B_SPLINE_CURVE(2,(#6644,#6645,#6646,#6647,
#6648,#6649,#6650),.UNSPECIFIED.,.T.,.F.) B_SPLINE_CURVE_WITH_KNOTS((1,2
    ,2,2,2,1),(-2.094395102393,0.,2.094395102393,4.188790204786,
6.28318530718,8.377580409573),.UNSPECIFIED.) CURVE() 
GEOMETRIC_REPRESENTATION_ITEM() RATIONAL_B_SPLINE_CURVE((1.,0.5,1.,0.5,
1.,0.5,1.)) REPRESENTATION_ITEM('') );
#6644 = CARTESIAN_POINT('',(3.1,-22.62739969301));
#6645 = CARTESIAN_POINT('',(3.1,-18.81688791636));
#6646 = CARTESIAN_POINT('',(6.4,-20.72214380469));
#6647 = CARTESIAN_POINT('',(9.7,-22.62739969301));
#6648 = CARTESIAN_POINT('',(6.4,-24.53265558134));
#6649 = CARTESIAN_POINT('',(3.1,-26.43791146967));
#6650 = CARTESIAN_POINT('',(3.1,-22.62739969301));
#6651 = ( GEOMETRIC_REPRESENTATION_CONTEXT(2) 
PARAMETRIC_REPRESENTATION_CONTEXT() REPRESENTATION_CONTEXT('2D SPACE',''
  ) );
#6652 = PCURVE('',#1797,#6653);
#6653 = DEFINITIONAL_REPRESENTATION('',(#6654),#6658);
#6654 = LINE('',#6655,#6656);
#6655 = CARTESIAN_POINT('',(0.,-6.));
#6656 = VECTOR('',#6657,1.);
#6657 = DIRECTION('',(1.,0.));
#6658 = ( GEOMETRIC_REPRESENTATION_CONTEXT(2) 
PARAMETRIC_REPRESENTATION_CONTEXT() REPRESENTATION_CONTEXT('2D SPACE',''
  ) );
#6659 = FACE_BOUND('',#6660,.T.);
#6660 = EDGE_LOOP('',(#6661,#6686,#6714,#6737,#6765,#6788));
#6661 = ORIENTED_EDGE('',*,*,#6662,.F.);
#6662 = EDGE_CURVE('',#6663,#6665,#6667,.T.);
#6663 = VERTEX_POINT('',#6664);
#6664 = CARTESIAN_POINT('',(23.3,1.428657787413,154.3));
#6665 = VERTEX_POINT('',#6666);
#6666 = CARTESIAN_POINT('',(23.3,-5.3,154.3));
#6667 = SURFACE_CURVE('',#6668,(#6672,#6679),.PCURVE_S1.);
#6668 = LINE('',#6669,#6670);
#6669 = CARTESIAN_POINT('',(23.3,-2.65,154.3));
#6670 = VECTOR('',#6671,1.);
#6671 = DIRECTION('',(-1.110223024625E-16,-1.,0.));
#6672 = PCURVE('',#572,#6673);
#6673 = DEFINITIONAL_REPRESENTATION('',(#6674),#6678);
#6674 = LINE('',#6675,#6676);
#6675 = CARTESIAN_POINT('',(-2.65,12.172600306981));
#6676 = VECTOR('',#6677,1.);
#6677 = DIRECTION('',(-1.,0.));
#6678 = ( GEOMETRIC_REPRESENTATION_CONTEXT(2) 
PARAMETRIC_REPRESENTATION_CONTEXT() REPRESENTATION_CONTEXT('2D SPACE',''
  ) );
#6679 = PCURVE('',#1829,#6680);
#6680 = DEFINITIONAL_REPRESENTATION('',(#6681),#6685);
#6681 = LINE('',#6682,#6683);
#6682 = CARTESIAN_POINT('',(2.65,-6.));
#6683 = VECTOR('',#6684,1.);
#6684 = DIRECTION('',(-1.,0.));
#6685 = ( GEOMETRIC_REPRESENTATION_CONTEXT(2) 
PARAMETRIC_REPRESENTATION_CONTEXT() REPRESENTATION_CONTEXT('2D SPACE',''
  ) );
#6686 = ORIENTED_EDGE('',*,*,#6687,.T.);
#6687 = EDGE_CURVE('',#6663,#6688,#6690,.T.);
#6688 = VERTEX_POINT('',#6689);
#6689 = CARTESIAN_POINT('',(23.3,3.467484177505,151.27344876077));
#6690 = SURFACE_CURVE('',#6691,(#6696,#6707),.PCURVE_S1.);
#6691 = CIRCLE('',#6692,2.2);
#6692 = AXIS2_PLACEMENT_3D('',#6693,#6694,#6695);
#6693 = CARTESIAN_POINT('',(23.3,1.428657787413,152.1));
#6694 = DIRECTION('',(-1.,1.110223024625E-16,-1.110223024625E-16));
#6695 = DIRECTION('',(-1.110223024625E-16,-1.,0.));
#6696 = PCURVE('',#572,#6697);
#6697 = DEFINITIONAL_REPRESENTATION('',(#6698),#6706);
#6698 = ( BOUNDED_CURVE() B_SPLINE_CURVE(2,(#6699,#6700,#6701,#6702,
#6703,#6704,#6705),.UNSPECIFIED.,.T.,.F.) B_SPLINE_CURVE_WITH_KNOTS((1,2
    ,2,2,2,1),(-2.094395102393,0.,2.094395102393,4.188790204786,
6.28318530718,8.377580409573),.UNSPECIFIED.) CURVE() 
GEOMETRIC_REPRESENTATION_ITEM() RATIONAL_B_SPLINE_CURVE((1.,0.5,1.,0.5,
1.,0.5,1.)) REPRESENTATION_ITEM('') );
#6699 = CARTESIAN_POINT('',(-0.771342212586,9.972600306981));
#6700 = CARTESIAN_POINT('',(-0.771342212586,13.783112083632));
#6701 = CARTESIAN_POINT('',(2.528657787414,11.877856195306));
#6702 = CARTESIAN_POINT('',(5.828657787414,9.972600306981));
#6703 = CARTESIAN_POINT('',(2.528657787414,8.067344418655));
#6704 = CARTESIAN_POINT('',(-0.771342212586,6.162088530329));
#6705 = CARTESIAN_POINT('',(-0.771342212586,9.972600306981));
#6706 = ( GEOMETRIC_REPRESENTATION_CONTEXT(2) 
PARAMETRIC_REPRESENTATION_CONTEXT() REPRESENTATION_CONTEXT('2D SPACE',''
  ) );
#6707 = PCURVE('',#1862,#6708);
#6708 = DEFINITIONAL_REPRESENTATION('',(#6709),#6713);
#6709 = LINE('',#6710,#6711);
#6710 = CARTESIAN_POINT('',(0.,-6.));
#6711 = VECTOR('',#6712,1.);
#6712 = DIRECTION('',(1.,0.));
#6713 = ( GEOMETRIC_REPRESENTATION_CONTEXT(2) 
PARAMETRIC_REPRESENTATION_CONTEXT() REPRESENTATION_CONTEXT('2D SPACE',''
  ) );
#6714 = ORIENTED_EDGE('',*,*,#6715,.F.);
#6715 = EDGE_CURVE('',#6716,#6688,#6718,.T.);
#6716 = VERTEX_POINT('',#6717);
#6717 = CARTESIAN_POINT('',(23.3,-3.261173609909,134.67609288515));
#6718 = SURFACE_CURVE('',#6719,(#6723,#6730),.PCURVE_S1.);
#6719 = LINE('',#6720,#6721);
#6720 = CARTESIAN_POINT('',(23.3,1.630520196155,146.74227094011));
#6721 = VECTOR('',#6722,1.);
#6722 = DIRECTION('',(-6.117708112143E-17,0.375705108739,0.926739268223)
  );
#6723 = PCURVE('',#572,#6724);
#6724 = DEFINITIONAL_REPRESENTATION('',(#6725),#6729);
#6725 = LINE('',#6726,#6727);
#6726 = CARTESIAN_POINT('',(1.630520196155,4.614871247092));
#6727 = VECTOR('',#6728,1.);
#6728 = DIRECTION('',(0.375705108739,0.926739268223));
#6729 = ( GEOMETRIC_REPRESENTATION_CONTEXT(2) 
PARAMETRIC_REPRESENTATION_CONTEXT() REPRESENTATION_CONTEXT('2D SPACE',''
  ) );
#6730 = PCURVE('',#1890,#6731);
#6731 = DEFINITIONAL_REPRESENTATION('',(#6732),#6736);
#6732 = LINE('',#6733,#6734);
#6733 = CARTESIAN_POINT('',(4.889377170073,-6.));
#6734 = VECTOR('',#6735,1.);
#6735 = DIRECTION('',(-1.,0.));
#6736 = ( GEOMETRIC_REPRESENTATION_CONTEXT(2) 
PARAMETRIC_REPRESENTATION_CONTEXT() REPRESENTATION_CONTEXT('2D SPACE',''
  ) );
#6737 = ORIENTED_EDGE('',*,*,#6738,.T.);
#6738 = EDGE_CURVE('',#6716,#6739,#6741,.T.);
#6739 = VERTEX_POINT('',#6740);
#6740 = CARTESIAN_POINT('',(23.3,-7.5,135.50264412438));
#6741 = SURFACE_CURVE('',#6742,(#6747,#6758),.PCURVE_S1.);
#6742 = CIRCLE('',#6743,2.2);
#6743 = AXIS2_PLACEMENT_3D('',#6744,#6745,#6746);
#6744 = CARTESIAN_POINT('',(23.3,-5.3,135.50264412438));
#6745 = DIRECTION('',(-1.,1.110223024625E-16,-1.110223024625E-16));
#6746 = DIRECTION('',(-1.110223024625E-16,-1.,0.));
#6747 = PCURVE('',#572,#6748);
#6748 = DEFINITIONAL_REPRESENTATION('',(#6749),#6757);
#6749 = ( BOUNDED_CURVE() B_SPLINE_CURVE(2,(#6750,#6751,#6752,#6753,
#6754,#6755,#6756),.UNSPECIFIED.,.T.,.F.) B_SPLINE_CURVE_WITH_KNOTS((1,2
    ,2,2,2,1),(-2.094395102393,0.,2.094395102393,4.188790204786,
6.28318530718,8.377580409573),.UNSPECIFIED.) CURVE() 
GEOMETRIC_REPRESENTATION_ITEM() RATIONAL_B_SPLINE_CURVE((1.,0.5,1.,0.5,
1.,0.5,1.)) REPRESENTATION_ITEM('') );
#6750 = CARTESIAN_POINT('',(-7.5,-6.624755568639));
#6751 = CARTESIAN_POINT('',(-7.5,-2.814243791988));
#6752 = CARTESIAN_POINT('',(-4.2,-4.719499680314));
#6753 = CARTESIAN_POINT('',(-0.9,-6.624755568639));
#6754 = CARTESIAN_POINT('',(-4.2,-8.530011456965));
#6755 = CARTESIAN_POINT('',(-7.5,-10.43526734529));
#6756 = CARTESIAN_POINT('',(-7.5,-6.624755568639));
#6757 = ( GEOMETRIC_REPRESENTATION_CONTEXT(2) 
PARAMETRIC_REPRESENTATION_CONTEXT() REPRESENTATION_CONTEXT('2D SPACE',''
  ) );
#6758 = PCURVE('',#1923,#6759);
#6759 = DEFINITIONAL_REPRESENTATION('',(#6760),#6764);
#6760 = LINE('',#6761,#6762);
#6761 = CARTESIAN_POINT('',(0.,-6.));
#6762 = VECTOR('',#6763,1.);
#6763 = DIRECTION('',(1.,0.));
#6764 = ( GEOMETRIC_REPRESENTATION_CONTEXT(2) 
PARAMETRIC_REPRESENTATION_CONTEXT() REPRESENTATION_CONTEXT('2D SPACE',''
  ) );
#6765 = ORIENTED_EDGE('',*,*,#6766,.F.);
#6766 = EDGE_CURVE('',#6767,#6739,#6769,.T.);
#6767 = VERTEX_POINT('',#6768);
#6768 = CARTESIAN_POINT('',(23.3,-7.5,152.1));
#6769 = SURFACE_CURVE('',#6770,(#6774,#6781),.PCURVE_S1.);
#6770 = LINE('',#6771,#6772);
#6771 = CARTESIAN_POINT('',(23.3,-7.5,138.8150219087));
#6772 = VECTOR('',#6773,1.);
#6773 = DIRECTION('',(1.110223024625E-16,-1.232595164408E-32,-1.));
#6774 = PCURVE('',#572,#6775);
#6775 = DEFINITIONAL_REPRESENTATION('',(#6776),#6780);
#6776 = LINE('',#6777,#6778);
#6777 = CARTESIAN_POINT('',(-7.5,-3.31237778432));
#6778 = VECTOR('',#6779,1.);
#6779 = DIRECTION('',(0.,-1.));
#6780 = ( GEOMETRIC_REPRESENTATION_CONTEXT(2) 
PARAMETRIC_REPRESENTATION_CONTEXT() REPRESENTATION_CONTEXT('2D SPACE',''
  ) );
#6781 = PCURVE('',#1951,#6782);
#6782 = DEFINITIONAL_REPRESENTATION('',(#6783),#6787);
#6783 = LINE('',#6784,#6785);
#6784 = CARTESIAN_POINT('',(3.31237778432,-6.));
#6785 = VECTOR('',#6786,1.);
#6786 = DIRECTION('',(-1.,0.));
#6787 = ( GEOMETRIC_REPRESENTATION_CONTEXT(2) 
PARAMETRIC_REPRESENTATION_CONTEXT() REPRESENTATION_CONTEXT('2D SPACE',''
  ) );
#6788 = ORIENTED_EDGE('',*,*,#6789,.T.);
#6789 = EDGE_CURVE('',#6767,#6665,#6790,.T.);
#6790 = SURFACE_CURVE('',#6791,(#6796,#6807),.PCURVE_S1.);
#6791 = CIRCLE('',#6792,2.2);
#6792 = AXIS2_PLACEMENT_3D('',#6793,#6794,#6795);
#6793 = CARTESIAN_POINT('',(23.3,-5.3,152.1));
#6794 = DIRECTION('',(-1.,1.110223024625E-16,-1.110223024625E-16));
#6795 = DIRECTION('',(-1.110223024625E-16,-1.,0.));
#6796 = PCURVE('',#572,#6797);
#6797 = DEFINITIONAL_REPRESENTATION('',(#6798),#6806);
#6798 = ( BOUNDED_CURVE() B_SPLINE_CURVE(2,(#6799,#6800,#6801,#6802,
#6803,#6804,#6805),.UNSPECIFIED.,.T.,.F.) B_SPLINE_CURVE_WITH_KNOTS((1,2
    ,2,2,2,1),(-2.094395102393,0.,2.094395102393,4.188790204786,
6.28318530718,8.377580409573),.UNSPECIFIED.) CURVE() 
GEOMETRIC_REPRESENTATION_ITEM() RATIONAL_B_SPLINE_CURVE((1.,0.5,1.,0.5,
1.,0.5,1.)) REPRESENTATION_ITEM('') );
#6799 = CARTESIAN_POINT('',(-7.5,9.972600306981));
#6800 = CARTESIAN_POINT('',(-7.5,13.783112083632));
#6801 = CARTESIAN_POINT('',(-4.2,11.877856195306));
#6802 = CARTESIAN_POINT('',(-0.9,9.972600306981));
#6803 = CARTESIAN_POINT('',(-4.2,8.067344418655));
#6804 = CARTESIAN_POINT('',(-7.5,6.162088530329));
#6805 = CARTESIAN_POINT('',(-7.5,9.972600306981));
#6806 = ( GEOMETRIC_REPRESENTATION_CONTEXT(2) 
PARAMETRIC_REPRESENTATION_CONTEXT() REPRESENTATION_CONTEXT('2D SPACE',''
  ) );
#6807 = PCURVE('',#1982,#6808);
#6808 = DEFINITIONAL_REPRESENTATION('',(#6809),#6813);
#6809 = LINE('',#6810,#6811);
#6810 = CARTESIAN_POINT('',(0.,-6.));
#6811 = VECTOR('',#6812,1.);
#6812 = DIRECTION('',(1.,0.));
#6813 = ( GEOMETRIC_REPRESENTATION_CONTEXT(2) 
PARAMETRIC_REPRESENTATION_CONTEXT() REPRESENTATION_CONTEXT('2D SPACE',''
  ) );
#6814 = FACE_BOUND('',#6815,.T.);
#6815 = EDGE_LOOP('',(#6816));
#6816 = ORIENTED_EDGE('',*,*,#6817,.T.);
#6817 = EDGE_CURVE('',#6818,#6818,#6820,.T.);
#6818 = VERTEX_POINT('',#6819);
#6819 = CARTESIAN_POINT('',(23.3,2.8,190.3));
#6820 = SURFACE_CURVE('',#6821,(#6826,#6837),.PCURVE_S1.);
#6821 = CIRCLE('',#6822,2.8);
#6822 = AXIS2_PLACEMENT_3D('',#6823,#6824,#6825);
#6823 = CARTESIAN_POINT('',(23.3,-2.586819647377E-15,190.3));
#6824 = DIRECTION('',(-1.,1.110223024625E-16,0.));
#6825 = DIRECTION('',(1.110223024625E-16,1.,0.));
#6826 = PCURVE('',#572,#6827);
#6827 = DEFINITIONAL_REPRESENTATION('',(#6828),#6836);
#6828 = ( BOUNDED_CURVE() B_SPLINE_CURVE(2,(#6829,#6830,#6831,#6832,
#6833,#6834,#6835),.UNSPECIFIED.,.T.,.F.) B_SPLINE_CURVE_WITH_KNOTS((1,2
    ,2,2,2,1),(-2.094395102393,0.,2.094395102393,4.188790204786,
6.28318530718,8.377580409573),.UNSPECIFIED.) CURVE() 
GEOMETRIC_REPRESENTATION_ITEM() RATIONAL_B_SPLINE_CURVE((1.,0.5,1.,0.5,
1.,0.5,1.)) REPRESENTATION_ITEM('') );
#6829 = CARTESIAN_POINT('',(2.8,48.172600306981));
#6830 = CARTESIAN_POINT('',(2.8,43.322858045788));
#6831 = CARTESIAN_POINT('',(-1.4,45.747729176384));
#6832 = CARTESIAN_POINT('',(-5.6,48.172600306981));
#6833 = CARTESIAN_POINT('',(-1.4,50.597471437577));
#6834 = CARTESIAN_POINT('',(2.8,53.022342568173));
#6835 = CARTESIAN_POINT('',(2.8,48.172600306981));
#6836 = ( GEOMETRIC_REPRESENTATION_CONTEXT(2) 
PARAMETRIC_REPRESENTATION_CONTEXT() REPRESENTATION_CONTEXT('2D SPACE',''
  ) );
#6837 = PCURVE('',#6838,#6843);
#6838 = CYLINDRICAL_SURFACE('',#6839,2.8);
#6839 = AXIS2_PLACEMENT_3D('',#6840,#6841,#6842);
#6840 = CARTESIAN_POINT('',(17.3,-1.920685832602E-15,190.3));
#6841 = DIRECTION('',(-1.,1.110223024625E-16,0.));
#6842 = DIRECTION('',(1.110223024625E-16,1.,0.));
#6843 = DEFINITIONAL_REPRESENTATION('',(#6844),#6848);
#6844 = LINE('',#6845,#6846);
#6845 = CARTESIAN_POINT('',(-6.28318530718,-6.));
#6846 = VECTOR('',#6847,1.);
#6847 = DIRECTION('',(1.,-0.));
#6848 = ( GEOMETRIC_REPRESENTATION_CONTEXT(2) 
PARAMETRIC_REPRESENTATION_CONTEXT() REPRESENTATION_CONTEXT('2D SPACE',''
  ) );
#6849 = ADVANCED_FACE('',(#6850),#546,.T.);
#6850 = FACE_BOUND('',#6851,.T.);
#6851 = EDGE_LOOP('',(#6852,#6853,#6854,#6875));
#6852 = ORIENTED_EDGE('',*,*,#530,.F.);
#6853 = ORIENTED_EDGE('',*,*,#588,.T.);
#6854 = ORIENTED_EDGE('',*,*,#6855,.T.);
#6855 = EDGE_CURVE('',#589,#6425,#6856,.T.);
#6856 = SURFACE_CURVE('',#6857,(#6861,#6868),.PCURVE_S1.);
#6857 = LINE('',#6858,#6859);
#6858 = CARTESIAN_POINT('',(22.5,-14.99916895204,190.45789473684));
#6859 = VECTOR('',#6860,1.);
#6860 = DIRECTION('',(0.707106781187,0.70706760521,-7.443229275649E-03)
  );
#6861 = PCURVE('',#546,#6862);
#6862 = DEFINITIONAL_REPRESENTATION('',(#6863),#6867);
#6863 = LINE('',#6864,#6865);
#6864 = CARTESIAN_POINT('',(-3.120539633208,-0.));
#6865 = VECTOR('',#6866,1.);
#6866 = DIRECTION('',(-0.,-1.));
#6867 = ( GEOMETRIC_REPRESENTATION_CONTEXT(2) 
PARAMETRIC_REPRESENTATION_CONTEXT() REPRESENTATION_CONTEXT('2D SPACE',''
  ) );
#6868 = PCURVE('',#675,#6869);
#6869 = DEFINITIONAL_REPRESENTATION('',(#6870),#6874);
#6870 = LINE('',#6871,#6872);
#6871 = CARTESIAN_POINT('',(-1.57313398419E-14,-0.565685424949));
#6872 = VECTOR('',#6873,1.);
#6873 = DIRECTION('',(-1.472780231104E-15,1.));
#6874 = ( GEOMETRIC_REPRESENTATION_CONTEXT(2) 
PARAMETRIC_REPRESENTATION_CONTEXT() REPRESENTATION_CONTEXT('2D SPACE',''
  ) );
#6875 = ORIENTED_EDGE('',*,*,#6424,.F.);
#6876 = ADVANCED_FACE('',(#6877),#702,.T.);
#6877 = FACE_BOUND('',#6878,.F.);
#6878 = EDGE_LOOP('',(#6879,#6880,#6881,#6882,#6883,#6906,#6934,#6962,
    #6990,#7018,#7039));
#6879 = ORIENTED_EDGE('',*,*,#6398,.F.);
#6880 = ORIENTED_EDGE('',*,*,#688,.T.);
#6881 = ORIENTED_EDGE('',*,*,#717,.T.);
#6882 = ORIENTED_EDGE('',*,*,#986,.F.);
#6883 = ORIENTED_EDGE('',*,*,#6884,.F.);
#6884 = EDGE_CURVE('',#6885,#987,#6887,.T.);
#6885 = VERTEX_POINT('',#6886);
#6886 = CARTESIAN_POINT('',(18.397936314781,-14.34453491201,
    185.94863290655));
#6887 = SURFACE_CURVE('',#6888,(#6892,#6899),.PCURVE_S1.);
#6888 = LINE('',#6889,#6890);
#6889 = CARTESIAN_POINT('',(17.299368896701,-13.2812388924,
    182.59225360189));
#6890 = VECTOR('',#6891,1.);
#6891 = DIRECTION('',(-0.297861012944,0.288297672266,-0.910034762596));
#6892 = PCURVE('',#702,#6893);
#6893 = DEFINITIONAL_REPRESENTATION('',(#6894),#6898);
#6894 = LINE('',#6895,#6896);
#6895 = CARTESIAN_POINT('',(-7.847121878969,1.980791502167));
#6896 = VECTOR('',#6897,1.);
#6897 = DIRECTION('',(-0.906949631422,0.421239084208));
#6898 = ( GEOMETRIC_REPRESENTATION_CONTEXT(2) 
PARAMETRIC_REPRESENTATION_CONTEXT() REPRESENTATION_CONTEXT('2D SPACE',''
  ) );
#6899 = PCURVE('',#1612,#6900);
#6900 = DEFINITIONAL_REPRESENTATION('',(#6901),#6905);
#6901 = LINE('',#6902,#6903);
#6902 = CARTESIAN_POINT('',(-3.152877689331,-36.7993688967));
#6903 = VECTOR('',#6904,1.);
#6904 = DIRECTION('',(-0.954609248315,0.297861012944));
#6905 = ( GEOMETRIC_REPRESENTATION_CONTEXT(2) 
PARAMETRIC_REPRESENTATION_CONTEXT() REPRESENTATION_CONTEXT('2D SPACE',''
  ) );
#6906 = ORIENTED_EDGE('',*,*,#6907,.F.);
#6907 = EDGE_CURVE('',#6908,#6885,#6910,.T.);
#6908 = VERTEX_POINT('',#6909);
#6909 = CARTESIAN_POINT('',(18.504117626878,-14.44700250051,
    186.30197596629));
#6910 = SURFACE_CURVE('',#6911,(#6915,#6922),.PCURVE_S1.);
#6911 = LINE('',#6912,#6913);
#6912 = CARTESIAN_POINT('',(17.538329322572,-13.51499293508,
    183.08809032324));
#6913 = VECTOR('',#6914,1.);
#6914 = DIRECTION('',(-0.277295926141,0.267597417016,-0.922766813313));
#6915 = PCURVE('',#702,#6916);
#6916 = DEFINITIONAL_REPRESENTATION('',(#6917),#6921);
#6917 = LINE('',#6918,#6919);
#6918 = CARTESIAN_POINT('',(-7.353773197432,1.64285042703));
#6919 = VECTOR('',#6920,1.);
#6920 = DIRECTION('',(-0.919898874166,0.392155659539));
#6921 = ( GEOMETRIC_REPRESENTATION_CONTEXT(2) 
PARAMETRIC_REPRESENTATION_CONTEXT() REPRESENTATION_CONTEXT('2D SPACE',''
  ) );
#6922 = PCURVE('',#6923,#6928);
#6923 = PLANE('',#6924);
#6924 = AXIS2_PLACEMENT_3D('',#6925,#6926,#6927);
#6925 = CARTESIAN_POINT('',(-19.5,-14.34453491201,185.94863290655));
#6926 = DIRECTION('',(-7.570731042411E-17,-0.960430519416,
    -0.278519689385));
#6927 = DIRECTION('',(-1.375511048175E-16,-0.278519689385,0.960430519416
    ));
#6928 = DEFINITIONAL_REPRESENTATION('',(#6929),#6933);
#6929 = LINE('',#6930,#6931);
#6930 = CARTESIAN_POINT('',(-2.97839617284,-37.03832932257));
#6931 = VECTOR('',#6932,1.);
#6932 = DIRECTION('',(-0.960784559277,0.277295926141));
#6933 = ( GEOMETRIC_REPRESENTATION_CONTEXT(2) 
PARAMETRIC_REPRESENTATION_CONTEXT() REPRESENTATION_CONTEXT('2D SPACE',''
  ) );
#6934 = ORIENTED_EDGE('',*,*,#6935,.F.);
#6935 = EDGE_CURVE('',#6936,#6908,#6938,.T.);
#6936 = VERTEX_POINT('',#6937);
#6937 = CARTESIAN_POINT('',(18.601622437121,-14.54076775491,
    186.65772728622));
#6938 = SURFACE_CURVE('',#6939,(#6943,#6950),.PCURVE_S1.);
#6939 = LINE('',#6940,#6941);
#6940 = CARTESIAN_POINT('',(17.76530373079,-13.73652398412,
    183.60637543071));
#6941 = VECTOR('',#6942,1.);
#6942 = DIRECTION('',(-0.256185550196,0.246360187034,-0.934706168865));
#6943 = PCURVE('',#702,#6944);
#6944 = DEFINITIONAL_REPRESENTATION('',(#6945),#6949);
#6945 = LINE('',#6946,#6947);
#6946 = CARTESIAN_POINT('',(-6.837848710394,1.321860140617));
#6947 = VECTOR('',#6948,1.);
#6948 = DIRECTION('',(-0.932061118029,0.362301079571));
#6949 = ( GEOMETRIC_REPRESENTATION_CONTEXT(2) 
PARAMETRIC_REPRESENTATION_CONTEXT() REPRESENTATION_CONTEXT('2D SPACE',''
  ) );
#6950 = PCURVE('',#6951,#6956);
#6951 = PLANE('',#6952);
#6952 = AXIS2_PLACEMENT_3D('',#6953,#6954,#6955);
#6953 = CARTESIAN_POINT('',(-19.5,-14.44700250051,186.30197596629));
#6954 = DIRECTION('',(-7.906018189456E-17,-0.966976471045,
    -0.254865659605));
#6955 = DIRECTION('',(-1.356517265904E-16,-0.254865659605,0.966976471045
    ));
#6956 = DEFINITIONAL_REPRESENTATION('',(#6957),#6961);
#6957 = LINE('',#6958,#6959);
#6958 = CARTESIAN_POINT('',(-2.787658868959,-37.26530373079));
#6959 = VECTOR('',#6960,1.);
#6960 = DIRECTION('',(-0.966627624202,0.256185550196));
#6961 = ( GEOMETRIC_REPRESENTATION_CONTEXT(2) 
PARAMETRIC_REPRESENTATION_CONTEXT() REPRESENTATION_CONTEXT('2D SPACE',''
  ) );
#6962 = ORIENTED_EDGE('',*,*,#6963,.F.);
#6963 = EDGE_CURVE('',#6964,#6936,#6966,.T.);
#6964 = VERTEX_POINT('',#6965);
#6965 = CARTESIAN_POINT('',(18.690392012259,-14.62577419453,
    187.01567257504));
#6966 = SURFACE_CURVE('',#6967,(#6971,#6978),.PCURVE_S1.);
#6967 = LINE('',#6968,#6969);
#6968 = CARTESIAN_POINT('',(17.978813925729,-13.944361452,
    184.14637841312));
#6969 = VECTOR('',#6970,1.);
#6970 = DIRECTION('',(-0.234555535551,0.224612215836,-0.945797575192));
#6971 = PCURVE('',#702,#6972);
#6972 = DEFINITIONAL_REPRESENTATION('',(#6973),#6977);
#6973 = LINE('',#6974,#6975);
#6974 = CARTESIAN_POINT('',(-6.300063408691,1.019911127228));
#6975 = VECTOR('',#6976,1.);
#6976 = DIRECTION('',(-0.943380835869,0.331711619506));
#6977 = ( GEOMETRIC_REPRESENTATION_CONTEXT(2) 
PARAMETRIC_REPRESENTATION_CONTEXT() REPRESENTATION_CONTEXT('2D SPACE',''
  ) );
#6978 = PCURVE('',#6979,#6984);
#6979 = PLANE('',#6980);
#6980 = AXIS2_PLACEMENT_3D('',#6981,#6982,#6983);
#6981 = CARTESIAN_POINT('',(-19.5,-14.54076775491,186.65772728622));
#6982 = DIRECTION('',(-8.236543046768E-17,-0.972939952206,
    -0.231058108281));
#6983 = DIRECTION('',(-1.336706368356E-16,-0.231058108281,0.972939952206
    ));
#6984 = DEFINITIONAL_REPRESENTATION('',(#6985),#6989);
#6985 = LINE('',#6986,#6987);
#6986 = CARTESIAN_POINT('',(-2.581196164679,-37.47881392572));
#6987 = VECTOR('',#6988,1.);
#6988 = DIRECTION('',(-0.972102721292,0.234555535551));
#6989 = ( GEOMETRIC_REPRESENTATION_CONTEXT(2) 
PARAMETRIC_REPRESENTATION_CONTEXT() REPRESENTATION_CONTEXT('2D SPACE',''
  ) );
#6990 = ORIENTED_EDGE('',*,*,#6991,.F.);
#6991 = EDGE_CURVE('',#6992,#6964,#6994,.T.);
#6992 = VERTEX_POINT('',#6993);
#6993 = CARTESIAN_POINT('',(18.770372880819,-14.70197061467,
    187.37559621988));
#6994 = SURFACE_CURVE('',#6995,(#6999,#7006),.PCURVE_S1.);
#6995 = LINE('',#6996,#6997);
#6996 = CARTESIAN_POINT('',(18.177396265318,-14.1370518267,
    184.70712926516));
#6997 = VECTOR('',#6998,1.);
#6998 = DIRECTION('',(-0.212435872439,0.202384061095,-0.955987286482));
#6999 = PCURVE('',#702,#7000);
#7000 = DEFINITIONAL_REPRESENTATION('',(#7001),#7005);
#7001 = LINE('',#7002,#7003);
#7002 = CARTESIAN_POINT('',(-5.741371943773,0.739073289334));
#7003 = VECTOR('',#7004,1.);
#7004 = DIRECTION('',(-0.953803963193,0.300429691938));
#7005 = ( GEOMETRIC_REPRESENTATION_CONTEXT(2) 
PARAMETRIC_REPRESENTATION_CONTEXT() REPRESENTATION_CONTEXT('2D SPACE',''
  ) );
#7006 = PCURVE('',#7007,#7012);
#7007 = PLANE('',#7008);
#7008 = AXIS2_PLACEMENT_3D('',#7009,#7010,#7011);
#7009 = CARTESIAN_POINT('',(-19.5,-14.62577419453,187.01567257504));
#7010 = DIRECTION('',(-8.562106518533E-17,-0.97831737072,-0.207111376192
    ));
#7011 = DIRECTION('',(-1.316090288874E-16,-0.207111376192,0.97831737072)
  );
#7012 = DEFINITIONAL_REPRESENTATION('',(#7013),#7017);
#7013 = LINE('',#7014,#7015);
#7014 = CARTESIAN_POINT('',(-2.359707983283,-37.67739626531));
#7015 = VECTOR('',#7016,1.);
#7016 = DIRECTION('',(-0.977175009966,0.212435872439));
#7017 = ( GEOMETRIC_REPRESENTATION_CONTEXT(2) 
PARAMETRIC_REPRESENTATION_CONTEXT() REPRESENTATION_CONTEXT('2D SPACE',''
  ) );
#7018 = ORIENTED_EDGE('',*,*,#7019,.F.);
#7019 = EDGE_CURVE('',#2374,#6992,#7020,.T.);
#7020 = SURFACE_CURVE('',#7021,(#7025,#7032),.PCURVE_S1.);
#7021 = LINE('',#7022,#7023);
#7022 = CARTESIAN_POINT('',(18.359624630133,-14.31318168313,
    185.28741458732));
#7023 = VECTOR('',#7024,1.);
#7024 = DIRECTION('',(-0.189860870234,0.179710576387,-0.965223786844));
#7025 = PCURVE('',#702,#7026);
#7026 = DEFINITIONAL_REPRESENTATION('',(#7027),#7031);
#7027 = LINE('',#7028,#7029);
#7028 = CARTESIAN_POINT('',(-5.162972769767,0.481363464363));
#7029 = VECTOR('',#7030,1.);
#7030 = DIRECTION('',(-0.963278620082,0.268503817649));
#7031 = ( GEOMETRIC_REPRESENTATION_CONTEXT(2) 
PARAMETRIC_REPRESENTATION_CONTEXT() REPRESENTATION_CONTEXT('2D SPACE',''
  ) );
#7032 = PCURVE('',#2412,#7033);
#7033 = DEFINITIONAL_REPRESENTATION('',(#7034),#7038);
#7034 = LINE('',#7035,#7036);
#7035 = CARTESIAN_POINT('',(-2.124066704195,-37.85962463013));
#7036 = VECTOR('',#7037,1.);
#7037 = DIRECTION('',(-0.981811005211,0.189860870234));
#7038 = ( GEOMETRIC_REPRESENTATION_CONTEXT(2) 
PARAMETRIC_REPRESENTATION_CONTEXT() REPRESENTATION_CONTEXT('2D SPACE',''
  ) );
#7039 = ORIENTED_EDGE('',*,*,#2373,.T.);
#7040 = ADVANCED_FACE('',(#7041),#675,.F.);
#7041 = FACE_BOUND('',#7042,.T.);
#7042 = EDGE_LOOP('',(#7043,#7044,#7045,#7046));
#7043 = ORIENTED_EDGE('',*,*,#6855,.F.);
#7044 = ORIENTED_EDGE('',*,*,#661,.T.);
#7045 = ORIENTED_EDGE('',*,*,#936,.T.);
#7046 = ORIENTED_EDGE('',*,*,#6448,.F.);
#7047 = ADVANCED_FACE('',(#7048),#860,.F.);
#7048 = FACE_BOUND('',#7049,.F.);
#7049 = EDGE_LOOP('',(#7050,#7051,#7074,#7103,#7124,#7125));
#7050 = ORIENTED_EDGE('',*,*,#1127,.F.);
#7051 = ORIENTED_EDGE('',*,*,#7052,.T.);
#7052 = EDGE_CURVE('',#1100,#7053,#7055,.T.);
#7053 = VERTEX_POINT('',#7054);
#7054 = CARTESIAN_POINT('',(20.3,3.4,82.9));
#7055 = SURFACE_CURVE('',#7056,(#7060,#7067),.PCURVE_S1.);
#7056 = LINE('',#7057,#7058);
#7057 = CARTESIAN_POINT('',(17.3,3.4,82.9));
#7058 = VECTOR('',#7059,1.);
#7059 = DIRECTION('',(1.,-1.110223024625E-16,0.));
#7060 = PCURVE('',#860,#7061);
#7061 = DEFINITIONAL_REPRESENTATION('',(#7062),#7066);
#7062 = LINE('',#7063,#7064);
#7063 = CARTESIAN_POINT('',(0.,0.));
#7064 = VECTOR('',#7065,1.);
#7065 = DIRECTION('',(0.,-1.));
#7066 = ( GEOMETRIC_REPRESENTATION_CONTEXT(2) 
PARAMETRIC_REPRESENTATION_CONTEXT() REPRESENTATION_CONTEXT('2D SPACE',''
  ) );
#7067 = PCURVE('',#1115,#7068);
#7068 = DEFINITIONAL_REPRESENTATION('',(#7069),#7073);
#7069 = LINE('',#7070,#7071);
#7070 = CARTESIAN_POINT('',(24.8,-2.958228394579E-31));
#7071 = VECTOR('',#7072,1.);
#7072 = DIRECTION('',(0.,-1.));
#7073 = ( GEOMETRIC_REPRESENTATION_CONTEXT(2) 
PARAMETRIC_REPRESENTATION_CONTEXT() REPRESENTATION_CONTEXT('2D SPACE',''
  ) );
#7074 = ORIENTED_EDGE('',*,*,#7075,.T.);
#7075 = EDGE_CURVE('',#7053,#7076,#7078,.T.);
#7076 = VERTEX_POINT('',#7077);
#7077 = CARTESIAN_POINT('',(20.3,-3.4,82.9));
#7078 = SURFACE_CURVE('',#7079,(#7084,#7091),.PCURVE_S1.);
#7079 = CIRCLE('',#7080,3.4);
#7080 = AXIS2_PLACEMENT_3D('',#7081,#7082,#7083);
#7081 = CARTESIAN_POINT('',(20.3,-3.630429290524E-15,82.9));
#7082 = DIRECTION('',(-1.,1.110223024625E-16,0.));
#7083 = DIRECTION('',(1.110223024625E-16,1.,-1.110223024625E-16));
#7084 = PCURVE('',#860,#7085);
#7085 = DEFINITIONAL_REPRESENTATION('',(#7086),#7090);
#7086 = LINE('',#7087,#7088);
#7087 = CARTESIAN_POINT('',(0.,-3.));
#7088 = VECTOR('',#7089,1.);
#7089 = DIRECTION('',(1.,0.));
#7090 = ( GEOMETRIC_REPRESENTATION_CONTEXT(2) 
PARAMETRIC_REPRESENTATION_CONTEXT() REPRESENTATION_CONTEXT('2D SPACE',''
  ) );
#7091 = PCURVE('',#7092,#7097);
#7092 = PLANE('',#7093);
#7093 = AXIS2_PLACEMENT_3D('',#7094,#7095,#7096);
#7094 = CARTESIAN_POINT('',(20.3,-2.520206265899E-15,95.3));
#7095 = DIRECTION('',(-1.,1.110223024625E-16,0.));
#7096 = DIRECTION('',(0.,0.,1.));
#7097 = DEFINITIONAL_REPRESENTATION('',(#7098),#7102);
#7098 = CIRCLE('',#7099,3.4);
#7099 = AXIS2_PLACEMENT_2D('',#7100,#7101);
#7100 = CARTESIAN_POINT('',(-12.4,-1.110223024625E-15));
#7101 = DIRECTION('',(-1.110223024625E-16,1.));
#7102 = ( GEOMETRIC_REPRESENTATION_CONTEXT(2) 
PARAMETRIC_REPRESENTATION_CONTEXT() REPRESENTATION_CONTEXT('2D SPACE',''
  ) );
#7103 = ORIENTED_EDGE('',*,*,#7104,.F.);
#7104 = EDGE_CURVE('',#1011,#7076,#7105,.T.);
#7105 = SURFACE_CURVE('',#7106,(#7110,#7117),.PCURVE_S1.);
#7106 = LINE('',#7107,#7108);
#7107 = CARTESIAN_POINT('',(17.3,-3.4,82.9));
#7108 = VECTOR('',#7109,1.);
#7109 = DIRECTION('',(1.,-1.110223024625E-16,0.));
#7110 = PCURVE('',#860,#7111);
#7111 = DEFINITIONAL_REPRESENTATION('',(#7112),#7116);
#7112 = LINE('',#7113,#7114);
#7113 = CARTESIAN_POINT('',(3.14159265359,0.));
#7114 = VECTOR('',#7115,1.);
#7115 = DIRECTION('',(0.,-1.));
#7116 = ( GEOMETRIC_REPRESENTATION_CONTEXT(2) 
PARAMETRIC_REPRESENTATION_CONTEXT() REPRESENTATION_CONTEXT('2D SPACE',''
  ) );
#7117 = PCURVE('',#1054,#7118);
#7118 = DEFINITIONAL_REPRESENTATION('',(#7119),#7123);
#7119 = LINE('',#7120,#7121);
#7120 = CARTESIAN_POINT('',(0.,0.));
#7121 = VECTOR('',#7122,1.);
#7122 = DIRECTION('',(0.,-1.));
#7123 = ( GEOMETRIC_REPRESENTATION_CONTEXT(2) 
PARAMETRIC_REPRESENTATION_CONTEXT() REPRESENTATION_CONTEXT('2D SPACE',''
  ) );
#7124 = ORIENTED_EDGE('',*,*,#1010,.F.);
#7125 = ORIENTED_EDGE('',*,*,#766,.F.);
#7126 = ADVANCED_FACE('',(#7127),#1612,.T.);
#7127 = FACE_BOUND('',#7128,.T.);
#7128 = EDGE_LOOP('',(#7129,#7154,#7175,#7176,#7177));
#7129 = ORIENTED_EDGE('',*,*,#7130,.F.);
#7130 = EDGE_CURVE('',#7131,#7133,#7135,.T.);
#7131 = VERTEX_POINT('',#7132);
#7132 = CARTESIAN_POINT('',(-19.5,-14.23342671205,185.59791094763));
#7133 = VERTEX_POINT('',#7134);
#7134 = CARTESIAN_POINT('',(-19.5,-14.34453491201,185.94863290655));
#7135 = SURFACE_CURVE('',#7136,(#7140,#7147),.PCURVE_S1.);
#7136 = LINE('',#7137,#7138);
#7137 = CARTESIAN_POINT('',(-19.5,-14.23342671205,185.59791094763));
#7138 = VECTOR('',#7139,1.);
#7139 = DIRECTION('',(-1.393676274023E-16,-0.302005949319,0.953306040354
    ));
#7140 = PCURVE('',#1612,#7141);
#7141 = DEFINITIONAL_REPRESENTATION('',(#7142),#7146);
#7142 = LINE('',#7143,#7144);
#7143 = CARTESIAN_POINT('',(0.,0.));
#7144 = VECTOR('',#7145,1.);
#7145 = DIRECTION('',(1.,0.));
#7146 = ( GEOMETRIC_REPRESENTATION_CONTEXT(2) 
PARAMETRIC_REPRESENTATION_CONTEXT() REPRESENTATION_CONTEXT('2D SPACE',''
  ) );
#7147 = PCURVE('',#2015,#7148);
#7148 = DEFINITIONAL_REPRESENTATION('',(#7149),#7153);
#7149 = LINE('',#7150,#7151);
#7150 = CARTESIAN_POINT('',(14.233426712059,6.359941818807));
#7151 = VECTOR('',#7152,1.);
#7152 = DIRECTION('',(0.302005949319,0.953306040354));
#7153 = ( GEOMETRIC_REPRESENTATION_CONTEXT(2) 
PARAMETRIC_REPRESENTATION_CONTEXT() REPRESENTATION_CONTEXT('2D SPACE',''
  ) );
#7154 = ORIENTED_EDGE('',*,*,#7155,.T.);
#7155 = EDGE_CURVE('',#7131,#1571,#7156,.T.);
#7156 = SURFACE_CURVE('',#7157,(#7161,#7168),.PCURVE_S1.);
#7157 = LINE('',#7158,#7159);
#7158 = CARTESIAN_POINT('',(-19.5,-14.23342671205,185.59791094763));
#7159 = VECTOR('',#7160,1.);
#7160 = DIRECTION('',(1.,-1.110223024625E-16,1.110223024625E-16));
#7161 = PCURVE('',#1612,#7162);
#7162 = DEFINITIONAL_REPRESENTATION('',(#7163),#7167);
#7163 = LINE('',#7164,#7165);
#7164 = CARTESIAN_POINT('',(0.,0.));
#7165 = VECTOR('',#7166,1.);
#7166 = DIRECTION('',(0.,-1.));
#7167 = ( GEOMETRIC_REPRESENTATION_CONTEXT(2) 
PARAMETRIC_REPRESENTATION_CONTEXT() REPRESENTATION_CONTEXT('2D SPACE',''
  ) );
#7168 = PCURVE('',#1586,#7169);
#7169 = DEFINITIONAL_REPRESENTATION('',(#7170),#7174);
#7170 = LINE('',#7171,#7172);
#7171 = CARTESIAN_POINT('',(0.367900699324,-5.191086230621E-17));
#7172 = VECTOR('',#7173,1.);
#7173 = DIRECTION('',(0.,-1.));
#7174 = ( GEOMETRIC_REPRESENTATION_CONTEXT(2) 
PARAMETRIC_REPRESENTATION_CONTEXT() REPRESENTATION_CONTEXT('2D SPACE',''
  ) );
#7175 = ORIENTED_EDGE('',*,*,#1598,.F.);
#7176 = ORIENTED_EDGE('',*,*,#6884,.F.);
#7177 = ORIENTED_EDGE('',*,*,#7178,.F.);
#7178 = EDGE_CURVE('',#7133,#6885,#7179,.T.);
#7179 = SURFACE_CURVE('',#7180,(#7184,#7191),.PCURVE_S1.);
#7180 = LINE('',#7181,#7182);
#7181 = CARTESIAN_POINT('',(-19.5,-14.34453491201,185.94863290655));
#7182 = VECTOR('',#7183,1.);
#7183 = DIRECTION('',(1.,-1.110223024625E-16,1.110223024625E-16));
#7184 = PCURVE('',#1612,#7185);
#7185 = DEFINITIONAL_REPRESENTATION('',(#7186),#7190);
#7186 = LINE('',#7187,#7188);
#7187 = CARTESIAN_POINT('',(0.367900699324,-5.127344758443E-17));
#7188 = VECTOR('',#7189,1.);
#7189 = DIRECTION('',(0.,-1.));
#7190 = ( GEOMETRIC_REPRESENTATION_CONTEXT(2) 
PARAMETRIC_REPRESENTATION_CONTEXT() REPRESENTATION_CONTEXT('2D SPACE',''
  ) );
#7191 = PCURVE('',#6923,#7192);
#7192 = DEFINITIONAL_REPRESENTATION('',(#7193),#7197);
#7193 = LINE('',#7194,#7195);
#7194 = CARTESIAN_POINT('',(0.,0.));
#7195 = VECTOR('',#7196,1.);
#7196 = DIRECTION('',(0.,-1.));
#7197 = ( GEOMETRIC_REPRESENTATION_CONTEXT(2) 
PARAMETRIC_REPRESENTATION_CONTEXT() REPRESENTATION_CONTEXT('2D SPACE',''
  ) );
#7198 = ADVANCED_FACE('',(#7199),#1586,.T.);
#7199 = FACE_BOUND('',#7200,.T.);
#7200 = EDGE_LOOP('',(#7201,#7224,#7245,#7246));
#7201 = ORIENTED_EDGE('',*,*,#7202,.F.);
#7202 = EDGE_CURVE('',#7203,#7131,#7205,.T.);
#7203 = VERTEX_POINT('',#7204);
#7204 = CARTESIAN_POINT('',(-19.5,-14.11374482807,185.25002135134));
#7205 = SURFACE_CURVE('',#7206,(#7210,#7217),.PCURVE_S1.);
#7206 = LINE('',#7207,#7208);
#7207 = CARTESIAN_POINT('',(-19.5,-14.11374482807,185.25002135134));
#7208 = VECTOR('',#7209,1.);
#7209 = DIRECTION('',(-1.411002001398E-16,-0.325310292162,0.945607325381
    ));
#7210 = PCURVE('',#1586,#7211);
#7211 = DEFINITIONAL_REPRESENTATION('',(#7212),#7216);
#7212 = LINE('',#7213,#7214);
#7213 = CARTESIAN_POINT('',(0.,0.));
#7214 = VECTOR('',#7215,1.);
#7215 = DIRECTION('',(1.,0.));
#7216 = ( GEOMETRIC_REPRESENTATION_CONTEXT(2) 
PARAMETRIC_REPRESENTATION_CONTEXT() REPRESENTATION_CONTEXT('2D SPACE',''
  ) );
#7217 = PCURVE('',#2015,#7218);
#7218 = DEFINITIONAL_REPRESENTATION('',(#7219),#7223);
#7219 = LINE('',#7220,#7221);
#7220 = CARTESIAN_POINT('',(14.113744828075,6.012052222514));
#7221 = VECTOR('',#7222,1.);
#7222 = DIRECTION('',(0.325310292162,0.945607325381));
#7223 = ( GEOMETRIC_REPRESENTATION_CONTEXT(2) 
PARAMETRIC_REPRESENTATION_CONTEXT() REPRESENTATION_CONTEXT('2D SPACE',''
  ) );
#7224 = ORIENTED_EDGE('',*,*,#7225,.T.);
#7225 = EDGE_CURVE('',#7203,#1543,#7226,.T.);
#7226 = SURFACE_CURVE('',#7227,(#7231,#7238),.PCURVE_S1.);
#7227 = LINE('',#7228,#7229);
#7228 = CARTESIAN_POINT('',(-19.5,-14.11374482807,185.25002135134));
#7229 = VECTOR('',#7230,1.);
#7230 = DIRECTION('',(1.,-1.110223024625E-16,1.110223024625E-16));
#7231 = PCURVE('',#1586,#7232);
#7232 = DEFINITIONAL_REPRESENTATION('',(#7233),#7237);
#7233 = LINE('',#7234,#7235);
#7234 = CARTESIAN_POINT('',(0.,0.));
#7235 = VECTOR('',#7236,1.);
#7236 = DIRECTION('',(0.,-1.));
#7237 = ( GEOMETRIC_REPRESENTATION_CONTEXT(2) 
PARAMETRIC_REPRESENTATION_CONTEXT() REPRESENTATION_CONTEXT('2D SPACE',''
  ) );
#7238 = PCURVE('',#1558,#7239);
#7239 = DEFINITIONAL_REPRESENTATION('',(#7240),#7244);
#7240 = LINE('',#7241,#7242);
#7241 = CARTESIAN_POINT('',(0.353362850998,-5.044176229981E-17));
#7242 = VECTOR('',#7243,1.);
#7243 = DIRECTION('',(-1.232595164408E-32,-1.));
#7244 = ( GEOMETRIC_REPRESENTATION_CONTEXT(2) 
PARAMETRIC_REPRESENTATION_CONTEXT() REPRESENTATION_CONTEXT('2D SPACE',''
  ) );
#7245 = ORIENTED_EDGE('',*,*,#1570,.F.);
#7246 = ORIENTED_EDGE('',*,*,#7155,.F.);
#7247 = ADVANCED_FACE('',(#7248),#1558,.T.);
#7248 = FACE_BOUND('',#7249,.T.);
#7249 = EDGE_LOOP('',(#7250,#7273,#7294,#7295));
#7250 = ORIENTED_EDGE('',*,*,#7251,.F.);
#7251 = EDGE_CURVE('',#7252,#7203,#7254,.T.);
#7252 = VERTEX_POINT('',#7253);
#7253 = CARTESIAN_POINT('',(-19.5,-13.99062660988,184.91880056574));
#7254 = SURFACE_CURVE('',#7255,(#7259,#7266),.PCURVE_S1.);
#7255 = LINE('',#7256,#7257);
#7256 = CARTESIAN_POINT('',(-19.5,-13.99062660988,184.91880056574));
#7257 = VECTOR('',#7258,1.);
#7258 = DIRECTION('',(-1.427477793927E-16,-0.348418680249,0.937339011913
    ));
#7259 = PCURVE('',#1558,#7260);
#7260 = DEFINITIONAL_REPRESENTATION('',(#7261),#7265);
#7261 = LINE('',#7262,#7263);
#7262 = CARTESIAN_POINT('',(0.,0.));
#7263 = VECTOR('',#7264,1.);
#7264 = DIRECTION('',(1.,1.232595164408E-32));
#7265 = ( GEOMETRIC_REPRESENTATION_CONTEXT(2) 
PARAMETRIC_REPRESENTATION_CONTEXT() REPRESENTATION_CONTEXT('2D SPACE',''
  ) );
#7266 = PCURVE('',#2015,#7267);
#7267 = DEFINITIONAL_REPRESENTATION('',(#7268),#7272);
#7268 = LINE('',#7269,#7270);
#7269 = CARTESIAN_POINT('',(13.990626609881,5.680831436913));
#7270 = VECTOR('',#7271,1.);
#7271 = DIRECTION('',(0.348418680249,0.937339011913));
#7272 = ( GEOMETRIC_REPRESENTATION_CONTEXT(2) 
PARAMETRIC_REPRESENTATION_CONTEXT() REPRESENTATION_CONTEXT('2D SPACE',''
  ) );
#7273 = ORIENTED_EDGE('',*,*,#7274,.T.);
#7274 = EDGE_CURVE('',#7252,#1515,#7275,.T.);
#7275 = SURFACE_CURVE('',#7276,(#7280,#7287),.PCURVE_S1.);
#7276 = LINE('',#7277,#7278);
#7277 = CARTESIAN_POINT('',(-19.5,-13.99062660988,184.91880056574));
#7278 = VECTOR('',#7279,1.);
#7279 = DIRECTION('',(1.,-1.110223024625E-16,1.110223024625E-16));
#7280 = PCURVE('',#1558,#7281);
#7281 = DEFINITIONAL_REPRESENTATION('',(#7282),#7286);
#7282 = LINE('',#7283,#7284);
#7283 = CARTESIAN_POINT('',(0.,0.));
#7284 = VECTOR('',#7285,1.);
#7285 = DIRECTION('',(-1.232595164408E-32,-1.));
#7286 = ( GEOMETRIC_REPRESENTATION_CONTEXT(2) 
PARAMETRIC_REPRESENTATION_CONTEXT() REPRESENTATION_CONTEXT('2D SPACE',''
  ) );
#7287 = PCURVE('',#1530,#7288);
#7288 = DEFINITIONAL_REPRESENTATION('',(#7289),#7293);
#7289 = LINE('',#7290,#7291);
#7290 = CARTESIAN_POINT('',(8.894154371055E-04,-1.242503684968E-19));
#7291 = VECTOR('',#7292,1.);
#7292 = DIRECTION('',(1.232595164408E-32,-1.));
#7293 = ( GEOMETRIC_REPRESENTATION_CONTEXT(2) 
PARAMETRIC_REPRESENTATION_CONTEXT() REPRESENTATION_CONTEXT('2D SPACE',''
  ) );
#7294 = ORIENTED_EDGE('',*,*,#1542,.F.);
#7295 = ORIENTED_EDGE('',*,*,#7225,.F.);
#7296 = ADVANCED_FACE('',(#7297),#1530,.T.);
#7297 = FACE_BOUND('',#7298,.T.);
#7298 = EDGE_LOOP('',(#7299,#7322,#7343,#7344));
#7299 = ORIENTED_EDGE('',*,*,#7300,.F.);
#7300 = EDGE_CURVE('',#7301,#7252,#7303,.T.);
#7301 = VERTEX_POINT('',#7302);
#7302 = CARTESIAN_POINT('',(-19.5,-13.99035410206,184.91795392572));
#7303 = SURFACE_CURVE('',#7304,(#7308,#7315),.PCURVE_S1.);
#7304 = LINE('',#7305,#7306);
#7305 = CARTESIAN_POINT('',(-19.5,-13.99035410206,184.91795392572));
#7306 = VECTOR('',#7307,1.);
#7307 = DIRECTION('',(-1.396989115695E-16,-0.306389795368,0.951906136809
    ));
#7308 = PCURVE('',#1530,#7309);
#7309 = DEFINITIONAL_REPRESENTATION('',(#7310),#7314);
#7310 = LINE('',#7311,#7312);
#7311 = CARTESIAN_POINT('',(0.,0.));
#7312 = VECTOR('',#7313,1.);
#7313 = DIRECTION('',(1.,-1.232595164408E-32));
#7314 = ( GEOMETRIC_REPRESENTATION_CONTEXT(2) 
PARAMETRIC_REPRESENTATION_CONTEXT() REPRESENTATION_CONTEXT('2D SPACE',''
  ) );
#7315 = PCURVE('',#2015,#7316);
#7316 = DEFINITIONAL_REPRESENTATION('',(#7317),#7321);
#7317 = LINE('',#7318,#7319);
#7318 = CARTESIAN_POINT('',(13.990354102067,5.6799847969));
#7319 = VECTOR('',#7320,1.);
#7320 = DIRECTION('',(0.306389795368,0.951906136809));
#7321 = ( GEOMETRIC_REPRESENTATION_CONTEXT(2) 
PARAMETRIC_REPRESENTATION_CONTEXT() REPRESENTATION_CONTEXT('2D SPACE',''
  ) );
#7322 = ORIENTED_EDGE('',*,*,#7323,.T.);
#7323 = EDGE_CURVE('',#7301,#1487,#7324,.T.);
#7324 = SURFACE_CURVE('',#7325,(#7329,#7336),.PCURVE_S1.);
#7325 = LINE('',#7326,#7327);
#7326 = CARTESIAN_POINT('',(-19.5,-13.99035410206,184.91795392572));
#7327 = VECTOR('',#7328,1.);
#7328 = DIRECTION('',(1.,-1.110223024625E-16,1.110223024625E-16));
#7329 = PCURVE('',#1530,#7330);
#7330 = DEFINITIONAL_REPRESENTATION('',(#7331),#7335);
#7331 = LINE('',#7332,#7333);
#7332 = CARTESIAN_POINT('',(0.,0.));
#7333 = VECTOR('',#7334,1.);
#7334 = DIRECTION('',(1.232595164408E-32,-1.));
#7335 = ( GEOMETRIC_REPRESENTATION_CONTEXT(2) 
PARAMETRIC_REPRESENTATION_CONTEXT() REPRESENTATION_CONTEXT('2D SPACE',''
  ) );
#7336 = PCURVE('',#1502,#7337);
#7337 = DEFINITIONAL_REPRESENTATION('',(#7338),#7342);
#7338 = LINE('',#7339,#7340);
#7339 = CARTESIAN_POINT('',(8.894154370858E-04,-1.180952642992E-19));
#7340 = VECTOR('',#7341,1.);
#7341 = DIRECTION('',(-1.232595164408E-32,-1.));
#7342 = ( GEOMETRIC_REPRESENTATION_CONTEXT(2) 
PARAMETRIC_REPRESENTATION_CONTEXT() REPRESENTATION_CONTEXT('2D SPACE',''
  ) );
#7343 = ORIENTED_EDGE('',*,*,#1514,.F.);
#7344 = ORIENTED_EDGE('',*,*,#7274,.F.);
#7345 = ADVANCED_FACE('',(#7346),#1502,.T.);
#7346 = FACE_BOUND('',#7347,.T.);
#7347 = EDGE_LOOP('',(#7348,#7371,#7392,#7393));
#7348 = ORIENTED_EDGE('',*,*,#7349,.F.);
#7349 = EDGE_CURVE('',#7350,#7301,#7352,.T.);
#7350 = VERTEX_POINT('',#7351);
#7351 = CARTESIAN_POINT('',(-19.5,-13.99015789907,184.91708642114));
#7352 = SURFACE_CURVE('',#7353,(#7357,#7364),.PCURVE_S1.);
#7353 = LINE('',#7354,#7355);
#7354 = CARTESIAN_POINT('',(-19.5,-13.99015789907,184.91708642114));
#7355 = VECTOR('',#7356,1.);
#7356 = DIRECTION('',(-1.327785187608E-16,-0.220597690111,0.975364885116
    ));
#7357 = PCURVE('',#1502,#7358);
#7358 = DEFINITIONAL_REPRESENTATION('',(#7359),#7363);
#7359 = LINE('',#7360,#7361);
#7360 = CARTESIAN_POINT('',(0.,0.));
#7361 = VECTOR('',#7362,1.);
#7362 = DIRECTION('',(1.,1.232595164408E-32));
#7363 = ( GEOMETRIC_REPRESENTATION_CONTEXT(2) 
PARAMETRIC_REPRESENTATION_CONTEXT() REPRESENTATION_CONTEXT('2D SPACE',''
  ) );
#7364 = PCURVE('',#2015,#7365);
#7365 = DEFINITIONAL_REPRESENTATION('',(#7366),#7370);
#7366 = LINE('',#7367,#7368);
#7367 = CARTESIAN_POINT('',(13.990157899076,5.679117292314));
#7368 = VECTOR('',#7369,1.);
#7369 = DIRECTION('',(0.220597690111,0.975364885116));
#7370 = ( GEOMETRIC_REPRESENTATION_CONTEXT(2) 
PARAMETRIC_REPRESENTATION_CONTEXT() REPRESENTATION_CONTEXT('2D SPACE',''
  ) );
#7371 = ORIENTED_EDGE('',*,*,#7372,.T.);
#7372 = EDGE_CURVE('',#7350,#1459,#7373,.T.);
#7373 = SURFACE_CURVE('',#7374,(#7378,#7385),.PCURVE_S1.);
#7374 = LINE('',#7375,#7376);
#7375 = CARTESIAN_POINT('',(-19.5,-13.99015789907,184.91708642114));
#7376 = VECTOR('',#7377,1.);
#7377 = DIRECTION('',(1.,-1.110223024625E-16,1.110223024625E-16));
#7378 = PCURVE('',#1502,#7379);
#7379 = DEFINITIONAL_REPRESENTATION('',(#7380),#7384);
#7380 = LINE('',#7381,#7382);
#7381 = CARTESIAN_POINT('',(0.,0.));
#7382 = VECTOR('',#7383,1.);
#7383 = DIRECTION('',(-1.232595164408E-32,-1.));
#7384 = ( GEOMETRIC_REPRESENTATION_CONTEXT(2) 
PARAMETRIC_REPRESENTATION_CONTEXT() REPRESENTATION_CONTEXT('2D SPACE',''
  ) );
#7385 = PCURVE('',#1474,#7386);
#7386 = DEFINITIONAL_REPRESENTATION('',(#7387),#7391);
#7387 = LINE('',#7388,#7389);
#7388 = CARTESIAN_POINT('',(8.894154370998E-04,-1.110059559207E-19));
#7389 = VECTOR('',#7390,1.);
#7390 = DIRECTION('',(0.,-1.));
#7391 = ( GEOMETRIC_REPRESENTATION_CONTEXT(2) 
PARAMETRIC_REPRESENTATION_CONTEXT() REPRESENTATION_CONTEXT('2D SPACE',''
  ) );
#7392 = ORIENTED_EDGE('',*,*,#1486,.F.);
#7393 = ORIENTED_EDGE('',*,*,#7323,.F.);
#7394 = ADVANCED_FACE('',(#7395),#1474,.T.);
#7395 = FACE_BOUND('',#7396,.T.);
#7396 = EDGE_LOOP('',(#7397,#7420,#7441,#7442));
#7397 = ORIENTED_EDGE('',*,*,#7398,.F.);
#7398 = EDGE_CURVE('',#7399,#7350,#7401,.T.);
#7399 = VERTEX_POINT('',#7400);
#7400 = CARTESIAN_POINT('',(-19.5,-13.99003955299,184.91620491446));
#7401 = SURFACE_CURVE('',#7402,(#7406,#7413),.PCURVE_S1.);
#7402 = LINE('',#7403,#7404);
#7403 = CARTESIAN_POINT('',(-19.5,-13.99003955299,184.91620491446));
#7404 = VECTOR('',#7405,1.);
#7405 = DIRECTION('',(-1.248077684402E-16,-0.133060525157,0.991107913723
    ));
#7406 = PCURVE('',#1474,#7407);
#7407 = DEFINITIONAL_REPRESENTATION('',(#7408),#7412);
#7408 = LINE('',#7409,#7410);
#7409 = CARTESIAN_POINT('',(0.,0.));
#7410 = VECTOR('',#7411,1.);
#7411 = DIRECTION('',(1.,0.));
#7412 = ( GEOMETRIC_REPRESENTATION_CONTEXT(2) 
PARAMETRIC_REPRESENTATION_CONTEXT() REPRESENTATION_CONTEXT('2D SPACE',''
  ) );
#7413 = PCURVE('',#2015,#7414);
#7414 = DEFINITIONAL_REPRESENTATION('',(#7415),#7419);
#7415 = LINE('',#7416,#7417);
#7416 = CARTESIAN_POINT('',(13.990039552991,5.678235785636));
#7417 = VECTOR('',#7418,1.);
#7418 = DIRECTION('',(0.133060525157,0.991107913723));
#7419 = ( GEOMETRIC_REPRESENTATION_CONTEXT(2) 
PARAMETRIC_REPRESENTATION_CONTEXT() REPRESENTATION_CONTEXT('2D SPACE',''
  ) );
#7420 = ORIENTED_EDGE('',*,*,#7421,.T.);
#7421 = EDGE_CURVE('',#7399,#1431,#7422,.T.);
#7422 = SURFACE_CURVE('',#7423,(#7427,#7434),.PCURVE_S1.);
#7423 = LINE('',#7424,#7425);
#7424 = CARTESIAN_POINT('',(-19.5,-13.99003955299,184.91620491446));
#7425 = VECTOR('',#7426,1.);
#7426 = DIRECTION('',(1.,-1.110223024625E-16,1.110223024625E-16));
#7427 = PCURVE('',#1474,#7428);
#7428 = DEFINITIONAL_REPRESENTATION('',(#7429),#7433);
#7429 = LINE('',#7430,#7431);
#7430 = CARTESIAN_POINT('',(0.,0.));
#7431 = VECTOR('',#7432,1.);
#7432 = DIRECTION('',(0.,-1.));
#7433 = ( GEOMETRIC_REPRESENTATION_CONTEXT(2) 
PARAMETRIC_REPRESENTATION_CONTEXT() REPRESENTATION_CONTEXT('2D SPACE',''
  ) );
#7434 = PCURVE('',#1446,#7435);
#7435 = DEFINITIONAL_REPRESENTATION('',(#7436),#7440);
#7436 = LINE('',#7437,#7438);
#7437 = CARTESIAN_POINT('',(8.89415437105E-04,-1.030385240262E-19));
#7438 = VECTOR('',#7439,1.);
#7439 = DIRECTION('',(0.,-1.));
#7440 = ( GEOMETRIC_REPRESENTATION_CONTEXT(2) 
PARAMETRIC_REPRESENTATION_CONTEXT() REPRESENTATION_CONTEXT('2D SPACE',''
  ) );
#7441 = ORIENTED_EDGE('',*,*,#1458,.F.);
#7442 = ORIENTED_EDGE('',*,*,#7372,.F.);
#7443 = ADVANCED_FACE('',(#7444),#1446,.T.);
#7444 = FACE_BOUND('',#7445,.T.);
#7445 = EDGE_LOOP('',(#7446,#7469,#7490,#7491));
#7446 = ORIENTED_EDGE('',*,*,#7447,.F.);
#7447 = EDGE_CURVE('',#7448,#7399,#7450,.T.);
#7448 = VERTEX_POINT('',#7449);
#7449 = CARTESIAN_POINT('',(-19.5,-13.99,184.91531637893));
#7450 = SURFACE_CURVE('',#7451,(#7455,#7462),.PCURVE_S1.);
#7451 = LINE('',#7452,#7453);
#7452 = CARTESIAN_POINT('',(-19.5,-13.99,184.91531637893));
#7453 = VECTOR('',#7454,1.);
#7454 = DIRECTION('',(-1.158497140117E-16,-4.447077185448E-02,
    0.999010685854));
#7455 = PCURVE('',#1446,#7456);
#7456 = DEFINITIONAL_REPRESENTATION('',(#7457),#7461);
#7457 = LINE('',#7458,#7459);
#7458 = CARTESIAN_POINT('',(0.,0.));
#7459 = VECTOR('',#7460,1.);
#7460 = DIRECTION('',(1.,0.));
#7461 = ( GEOMETRIC_REPRESENTATION_CONTEXT(2) 
PARAMETRIC_REPRESENTATION_CONTEXT() REPRESENTATION_CONTEXT('2D SPACE',''
  ) );
#7462 = PCURVE('',#2015,#7463);
#7463 = DEFINITIONAL_REPRESENTATION('',(#7464),#7468);
#7464 = LINE('',#7465,#7466);
#7465 = CARTESIAN_POINT('',(13.99,5.67734725011));
#7466 = VECTOR('',#7467,1.);
#7467 = DIRECTION('',(4.447077185448E-02,0.999010685854));
#7468 = ( GEOMETRIC_REPRESENTATION_CONTEXT(2) 
PARAMETRIC_REPRESENTATION_CONTEXT() REPRESENTATION_CONTEXT('2D SPACE',''
  ) );
#7469 = ORIENTED_EDGE('',*,*,#7470,.T.);
#7470 = EDGE_CURVE('',#7448,#1403,#7471,.T.);
#7471 = SURFACE_CURVE('',#7472,(#7476,#7483),.PCURVE_S1.);
#7472 = LINE('',#7473,#7474);
#7473 = CARTESIAN_POINT('',(-19.5,-13.99,184.91531637893));
#7474 = VECTOR('',#7475,1.);
#7475 = DIRECTION('',(1.,-1.110223024625E-16,1.110223024625E-16));
#7476 = PCURVE('',#1446,#7477);
#7477 = DEFINITIONAL_REPRESENTATION('',(#7478),#7482);
#7478 = LINE('',#7479,#7480);
#7479 = CARTESIAN_POINT('',(0.,0.));
#7480 = VECTOR('',#7481,1.);
#7481 = DIRECTION('',(0.,-1.));
#7482 = ( GEOMETRIC_REPRESENTATION_CONTEXT(2) 
PARAMETRIC_REPRESENTATION_CONTEXT() REPRESENTATION_CONTEXT('2D SPACE',''
  ) );
#7483 = PCURVE('',#1418,#7484);
#7484 = DEFINITIONAL_REPRESENTATION('',(#7485),#7489);
#7485 = LINE('',#7486,#7487);
#7486 = CARTESIAN_POINT('',(27.605316378938,4.879078942046E-16));
#7487 = VECTOR('',#7488,1.);
#7488 = DIRECTION('',(0.,-1.));
#7489 = ( GEOMETRIC_REPRESENTATION_CONTEXT(2) 
PARAMETRIC_REPRESENTATION_CONTEXT() REPRESENTATION_CONTEXT('2D SPACE',''
  ) );
#7490 = ORIENTED_EDGE('',*,*,#1430,.F.);
#7491 = ORIENTED_EDGE('',*,*,#7421,.F.);
#7492 = ADVANCED_FACE('',(#7493),#1418,.T.);
#7493 = FACE_BOUND('',#7494,.T.);
#7494 = EDGE_LOOP('',(#7495,#7518,#7539,#7540));
#7495 = ORIENTED_EDGE('',*,*,#7496,.F.);
#7496 = EDGE_CURVE('',#7497,#7448,#7499,.T.);
#7497 = VERTEX_POINT('',#7498);
#7498 = CARTESIAN_POINT('',(-19.5,-13.99,157.31));
#7499 = SURFACE_CURVE('',#7500,(#7504,#7511),.PCURVE_S1.);
#7500 = LINE('',#7501,#7502);
#7501 = CARTESIAN_POINT('',(-19.5,-13.99,157.31));
#7502 = VECTOR('',#7503,1.);
#7503 = DIRECTION('',(-1.110223024625E-16,1.232595164408E-32,1.));
#7504 = PCURVE('',#1418,#7505);
#7505 = DEFINITIONAL_REPRESENTATION('',(#7506),#7510);
#7506 = LINE('',#7507,#7508);
#7507 = CARTESIAN_POINT('',(0.,0.));
#7508 = VECTOR('',#7509,1.);
#7509 = DIRECTION('',(1.,0.));
#7510 = ( GEOMETRIC_REPRESENTATION_CONTEXT(2) 
PARAMETRIC_REPRESENTATION_CONTEXT() REPRESENTATION_CONTEXT('2D SPACE',''
  ) );
#7511 = PCURVE('',#2015,#7512);
#7512 = DEFINITIONAL_REPRESENTATION('',(#7513),#7517);
#7513 = LINE('',#7514,#7515);
#7514 = CARTESIAN_POINT('',(13.99,-21.92796912882));
#7515 = VECTOR('',#7516,1.);
#7516 = DIRECTION('',(0.,1.));
#7517 = ( GEOMETRIC_REPRESENTATION_CONTEXT(2) 
PARAMETRIC_REPRESENTATION_CONTEXT() REPRESENTATION_CONTEXT('2D SPACE',''
  ) );
#7518 = ORIENTED_EDGE('',*,*,#7519,.T.);
#7519 = EDGE_CURVE('',#7497,#1375,#7520,.T.);
#7520 = SURFACE_CURVE('',#7521,(#7525,#7532),.PCURVE_S1.);
#7521 = LINE('',#7522,#7523);
#7522 = CARTESIAN_POINT('',(-19.5,-13.99,157.31));
#7523 = VECTOR('',#7524,1.);
#7524 = DIRECTION('',(1.,-1.110223024625E-16,1.110223024625E-16));
#7525 = PCURVE('',#1418,#7526);
#7526 = DEFINITIONAL_REPRESENTATION('',(#7527),#7531);
#7527 = LINE('',#7528,#7529);
#7528 = CARTESIAN_POINT('',(0.,0.));
#7529 = VECTOR('',#7530,1.);
#7530 = DIRECTION('',(0.,-1.));
#7531 = ( GEOMETRIC_REPRESENTATION_CONTEXT(2) 
PARAMETRIC_REPRESENTATION_CONTEXT() REPRESENTATION_CONTEXT('2D SPACE',''
  ) );
#7532 = PCURVE('',#1390,#7533);
#7533 = DEFINITIONAL_REPRESENTATION('',(#7534),#7538);
#7534 = LINE('',#7535,#7536);
#7535 = CARTESIAN_POINT('',(27.98,-3.106404022901E-15));
#7536 = VECTOR('',#7537,1.);
#7537 = DIRECTION('',(0.,-1.));
#7538 = ( GEOMETRIC_REPRESENTATION_CONTEXT(2) 
PARAMETRIC_REPRESENTATION_CONTEXT() REPRESENTATION_CONTEXT('2D SPACE',''
  ) );
#7539 = ORIENTED_EDGE('',*,*,#1402,.F.);
#7540 = ORIENTED_EDGE('',*,*,#7470,.F.);
#7541 = ADVANCED_FACE('',(#7542,#7590),#1390,.T.);
#7542 = FACE_BOUND('',#7543,.T.);
#7543 = EDGE_LOOP('',(#7544,#7567,#7588,#7589));
#7544 = ORIENTED_EDGE('',*,*,#7545,.F.);
#7545 = EDGE_CURVE('',#7546,#7497,#7548,.T.);
#7546 = VERTEX_POINT('',#7547);
#7547 = CARTESIAN_POINT('',(-19.5,13.99,157.31));
#7548 = SURFACE_CURVE('',#7549,(#7553,#7560),.PCURVE_S1.);
#7549 = LINE('',#7550,#7551);
#7550 = CARTESIAN_POINT('',(-19.5,13.99,157.31));
#7551 = VECTOR('',#7552,1.);
#7552 = DIRECTION('',(-1.110223024625E-16,-1.,0.));
#7553 = PCURVE('',#1390,#7554);
#7554 = DEFINITIONAL_REPRESENTATION('',(#7555),#7559);
#7555 = LINE('',#7556,#7557);
#7556 = CARTESIAN_POINT('',(0.,0.));
#7557 = VECTOR('',#7558,1.);
#7558 = DIRECTION('',(1.,0.));
#7559 = ( GEOMETRIC_REPRESENTATION_CONTEXT(2) 
PARAMETRIC_REPRESENTATION_CONTEXT() REPRESENTATION_CONTEXT('2D SPACE',''
  ) );
#7560 = PCURVE('',#2015,#7561);
#7561 = DEFINITIONAL_REPRESENTATION('',(#7562),#7566);
#7562 = LINE('',#7563,#7564);
#7563 = CARTESIAN_POINT('',(-13.99,-21.92796912882));
#7564 = VECTOR('',#7565,1.);
#7565 = DIRECTION('',(1.,0.));
#7566 = ( GEOMETRIC_REPRESENTATION_CONTEXT(2) 
PARAMETRIC_REPRESENTATION_CONTEXT() REPRESENTATION_CONTEXT('2D SPACE',''
  ) );
#7567 = ORIENTED_EDGE('',*,*,#7568,.T.);
#7568 = EDGE_CURVE('',#7546,#1347,#7569,.T.);
#7569 = SURFACE_CURVE('',#7570,(#7574,#7581),.PCURVE_S1.);
#7570 = LINE('',#7571,#7572);
#7571 = CARTESIAN_POINT('',(-19.5,13.99,157.31));
#7572 = VECTOR('',#7573,1.);
#7573 = DIRECTION('',(1.,-1.110223024625E-16,1.110223024625E-16));
#7574 = PCURVE('',#1390,#7575);
#7575 = DEFINITIONAL_REPRESENTATION('',(#7576),#7580);
#7576 = LINE('',#7577,#7578);
#7577 = CARTESIAN_POINT('',(0.,0.));
#7578 = VECTOR('',#7579,1.);
#7579 = DIRECTION('',(0.,-1.));
#7580 = ( GEOMETRIC_REPRESENTATION_CONTEXT(2) 
PARAMETRIC_REPRESENTATION_CONTEXT() REPRESENTATION_CONTEXT('2D SPACE',''
  ) );
#7581 = PCURVE('',#1362,#7582);
#7582 = DEFINITIONAL_REPRESENTATION('',(#7583),#7587);
#7583 = LINE('',#7584,#7585);
#7584 = CARTESIAN_POINT('',(27.605316378938,-4.879078942046E-16));
#7585 = VECTOR('',#7586,1.);
#7586 = DIRECTION('',(0.,-1.));
#7587 = ( GEOMETRIC_REPRESENTATION_CONTEXT(2) 
PARAMETRIC_REPRESENTATION_CONTEXT() REPRESENTATION_CONTEXT('2D SPACE',''
  ) );
#7588 = ORIENTED_EDGE('',*,*,#1374,.F.);
#7589 = ORIENTED_EDGE('',*,*,#7519,.F.);
#7590 = FACE_BOUND('',#7591,.T.);
#7591 = EDGE_LOOP('',(#7592,#7622,#7650,#7678));
#7592 = ORIENTED_EDGE('',*,*,#7593,.F.);
#7593 = EDGE_CURVE('',#7594,#7596,#7598,.T.);
#7594 = VERTEX_POINT('',#7595);
#7595 = CARTESIAN_POINT('',(-9.5,-3.5,157.31));
#7596 = VERTEX_POINT('',#7597);
#7597 = CARTESIAN_POINT('',(-9.5,3.5,157.31));
#7598 = SURFACE_CURVE('',#7599,(#7603,#7610),.PCURVE_S1.);
#7599 = LINE('',#7600,#7601);
#7600 = CARTESIAN_POINT('',(-9.5,5.245,157.31));
#7601 = VECTOR('',#7602,1.);
#7602 = DIRECTION('',(1.110223024625E-16,1.,0.));
#7603 = PCURVE('',#1390,#7604);
#7604 = DEFINITIONAL_REPRESENTATION('',(#7605),#7609);
#7605 = LINE('',#7606,#7607);
#7606 = CARTESIAN_POINT('',(8.745,-10.));
#7607 = VECTOR('',#7608,1.);
#7608 = DIRECTION('',(-1.,0.));
#7609 = ( GEOMETRIC_REPRESENTATION_CONTEXT(2) 
PARAMETRIC_REPRESENTATION_CONTEXT() REPRESENTATION_CONTEXT('2D SPACE',''
  ) );
#7610 = PCURVE('',#7611,#7616);
#7611 = PLANE('',#7612);
#7612 = AXIS2_PLACEMENT_3D('',#7613,#7614,#7615);
#7613 = CARTESIAN_POINT('',(-9.5,-3.5,156.3));
#7614 = DIRECTION('',(-1.,1.110223024625E-16,0.));
#7615 = DIRECTION('',(0.,0.,1.));
#7616 = DEFINITIONAL_REPRESENTATION('',(#7617),#7621);
#7617 = LINE('',#7618,#7619);
#7618 = CARTESIAN_POINT('',(1.01,8.745));
#7619 = VECTOR('',#7620,1.);
#7620 = DIRECTION('',(0.,1.));
#7621 = ( GEOMETRIC_REPRESENTATION_CONTEXT(2) 
PARAMETRIC_REPRESENTATION_CONTEXT() REPRESENTATION_CONTEXT('2D SPACE',''
  ) );
#7622 = ORIENTED_EDGE('',*,*,#7623,.T.);
#7623 = EDGE_CURVE('',#7594,#7624,#7626,.T.);
#7624 = VERTEX_POINT('',#7625);
#7625 = CARTESIAN_POINT('',(1.,-3.5,157.31));
#7626 = SURFACE_CURVE('',#7627,(#7631,#7638),.PCURVE_S1.);
#7627 = LINE('',#7628,#7629);
#7628 = CARTESIAN_POINT('',(-9.25,-3.5,157.31));
#7629 = VECTOR('',#7630,1.);
#7630 = DIRECTION('',(1.,-1.110223024625E-16,1.110223024625E-16));
#7631 = PCURVE('',#1390,#7632);
#7632 = DEFINITIONAL_REPRESENTATION('',(#7633),#7637);
#7633 = LINE('',#7634,#7635);
#7634 = CARTESIAN_POINT('',(17.49,-10.25));
#7635 = VECTOR('',#7636,1.);
#7636 = DIRECTION('',(0.,-1.));
#7637 = ( GEOMETRIC_REPRESENTATION_CONTEXT(2) 
PARAMETRIC_REPRESENTATION_CONTEXT() REPRESENTATION_CONTEXT('2D SPACE',''
  ) );
#7638 = PCURVE('',#7639,#7644);
#7639 = PLANE('',#7640);
#7640 = AXIS2_PLACEMENT_3D('',#7641,#7642,#7643);
#7641 = CARTESIAN_POINT('',(1.,-3.5,156.3));
#7642 = DIRECTION('',(1.110223024625E-16,1.,0.));
#7643 = DIRECTION('',(0.,0.,1.));
#7644 = DEFINITIONAL_REPRESENTATION('',(#7645),#7649);
#7645 = LINE('',#7646,#7647);
#7646 = CARTESIAN_POINT('',(1.01,-10.25));
#7647 = VECTOR('',#7648,1.);
#7648 = DIRECTION('',(1.110223024625E-16,1.));
#7649 = ( GEOMETRIC_REPRESENTATION_CONTEXT(2) 
PARAMETRIC_REPRESENTATION_CONTEXT() REPRESENTATION_CONTEXT('2D SPACE',''
  ) );
#7650 = ORIENTED_EDGE('',*,*,#7651,.T.);
#7651 = EDGE_CURVE('',#7624,#7652,#7654,.T.);
#7652 = VERTEX_POINT('',#7653);
#7653 = CARTESIAN_POINT('',(1.,3.5,157.31));
#7654 = SURFACE_CURVE('',#7655,(#7659,#7666),.PCURVE_S1.);
#7655 = LINE('',#7656,#7657);
#7656 = CARTESIAN_POINT('',(1.,5.245,157.31));
#7657 = VECTOR('',#7658,1.);
#7658 = DIRECTION('',(1.110223024625E-16,1.,0.));
#7659 = PCURVE('',#1390,#7660);
#7660 = DEFINITIONAL_REPRESENTATION('',(#7661),#7665);
#7661 = LINE('',#7662,#7663);
#7662 = CARTESIAN_POINT('',(8.745,-20.5));
#7663 = VECTOR('',#7664,1.);
#7664 = DIRECTION('',(-1.,0.));
#7665 = ( GEOMETRIC_REPRESENTATION_CONTEXT(2) 
PARAMETRIC_REPRESENTATION_CONTEXT() REPRESENTATION_CONTEXT('2D SPACE',''
  ) );
#7666 = PCURVE('',#7667,#7672);
#7667 = PLANE('',#7668);
#7668 = AXIS2_PLACEMENT_3D('',#7669,#7670,#7671);
#7669 = CARTESIAN_POINT('',(1.,-3.5,156.3));
#7670 = DIRECTION('',(-1.,1.110223024625E-16,0.));
#7671 = DIRECTION('',(0.,0.,1.));
#7672 = DEFINITIONAL_REPRESENTATION('',(#7673),#7677);
#7673 = LINE('',#7674,#7675);
#7674 = CARTESIAN_POINT('',(1.01,8.745));
#7675 = VECTOR('',#7676,1.);
#7676 = DIRECTION('',(0.,1.));
#7677 = ( GEOMETRIC_REPRESENTATION_CONTEXT(2) 
PARAMETRIC_REPRESENTATION_CONTEXT() REPRESENTATION_CONTEXT('2D SPACE',''
  ) );
#7678 = ORIENTED_EDGE('',*,*,#7679,.F.);
#7679 = EDGE_CURVE('',#7596,#7652,#7680,.T.);
#7680 = SURFACE_CURVE('',#7681,(#7685,#7692),.PCURVE_S1.);
#7681 = LINE('',#7682,#7683);
#7682 = CARTESIAN_POINT('',(-9.25,3.5,157.31));
#7683 = VECTOR('',#7684,1.);
#7684 = DIRECTION('',(1.,-1.110223024625E-16,1.110223024625E-16));
#7685 = PCURVE('',#1390,#7686);
#7686 = DEFINITIONAL_REPRESENTATION('',(#7687),#7691);
#7687 = LINE('',#7688,#7689);
#7688 = CARTESIAN_POINT('',(10.49,-10.25));
#7689 = VECTOR('',#7690,1.);
#7690 = DIRECTION('',(0.,-1.));
#7691 = ( GEOMETRIC_REPRESENTATION_CONTEXT(2) 
PARAMETRIC_REPRESENTATION_CONTEXT() REPRESENTATION_CONTEXT('2D SPACE',''
  ) );
#7692 = PCURVE('',#7693,#7698);
#7693 = PLANE('',#7694);
#7694 = AXIS2_PLACEMENT_3D('',#7695,#7696,#7697);
#7695 = CARTESIAN_POINT('',(1.,3.5,156.3));
#7696 = DIRECTION('',(1.110223024625E-16,1.,0.));
#7697 = DIRECTION('',(0.,0.,1.));
#7698 = DEFINITIONAL_REPRESENTATION('',(#7699),#7703);
#7699 = LINE('',#7700,#7701);
#7700 = CARTESIAN_POINT('',(1.01,-10.25));
#7701 = VECTOR('',#7702,1.);
#7702 = DIRECTION('',(1.110223024625E-16,1.));
#7703 = ( GEOMETRIC_REPRESENTATION_CONTEXT(2) 
PARAMETRIC_REPRESENTATION_CONTEXT() REPRESENTATION_CONTEXT('2D SPACE',''
  ) );
#7704 = ADVANCED_FACE('',(#7705),#1362,.T.);
#7705 = FACE_BOUND('',#7706,.T.);
#7706 = EDGE_LOOP('',(#7707,#7730,#7751,#7752));
#7707 = ORIENTED_EDGE('',*,*,#7708,.F.);
#7708 = EDGE_CURVE('',#7709,#7546,#7711,.T.);
#7709 = VERTEX_POINT('',#7710);
#7710 = CARTESIAN_POINT('',(-19.5,13.99,184.91531637893));
#7711 = SURFACE_CURVE('',#7712,(#7716,#7723),.PCURVE_S1.);
#7712 = LINE('',#7713,#7714);
#7713 = CARTESIAN_POINT('',(-19.5,13.99,184.91531637893));
#7714 = VECTOR('',#7715,1.);
#7715 = DIRECTION('',(1.110223024625E-16,-1.232595164408E-32,-1.));
#7716 = PCURVE('',#1362,#7717);
#7717 = DEFINITIONAL_REPRESENTATION('',(#7718),#7722);
#7718 = LINE('',#7719,#7720);
#7719 = CARTESIAN_POINT('',(0.,0.));
#7720 = VECTOR('',#7721,1.);
#7721 = DIRECTION('',(1.,0.));
#7722 = ( GEOMETRIC_REPRESENTATION_CONTEXT(2) 
PARAMETRIC_REPRESENTATION_CONTEXT() REPRESENTATION_CONTEXT('2D SPACE',''
  ) );
#7723 = PCURVE('',#2015,#7724);
#7724 = DEFINITIONAL_REPRESENTATION('',(#7725),#7729);
#7725 = LINE('',#7726,#7727);
#7726 = CARTESIAN_POINT('',(-13.99,5.67734725011));
#7727 = VECTOR('',#7728,1.);
#7728 = DIRECTION('',(0.,-1.));
#7729 = ( GEOMETRIC_REPRESENTATION_CONTEXT(2) 
PARAMETRIC_REPRESENTATION_CONTEXT() REPRESENTATION_CONTEXT('2D SPACE',''
  ) );
#7730 = ORIENTED_EDGE('',*,*,#7731,.T.);
#7731 = EDGE_CURVE('',#7709,#1319,#7732,.T.);
#7732 = SURFACE_CURVE('',#7733,(#7737,#7744),.PCURVE_S1.);
#7733 = LINE('',#7734,#7735);
#7734 = CARTESIAN_POINT('',(-19.5,13.99,184.91531637893));
#7735 = VECTOR('',#7736,1.);
#7736 = DIRECTION('',(1.,-1.110223024625E-16,1.110223024625E-16));
#7737 = PCURVE('',#1362,#7738);
#7738 = DEFINITIONAL_REPRESENTATION('',(#7739),#7743);
#7739 = LINE('',#7740,#7741);
#7740 = CARTESIAN_POINT('',(0.,0.));
#7741 = VECTOR('',#7742,1.);
#7742 = DIRECTION('',(0.,-1.));
#7743 = ( GEOMETRIC_REPRESENTATION_CONTEXT(2) 
PARAMETRIC_REPRESENTATION_CONTEXT() REPRESENTATION_CONTEXT('2D SPACE',''
  ) );
#7744 = PCURVE('',#1334,#7745);
#7745 = DEFINITIONAL_REPRESENTATION('',(#7746),#7750);
#7746 = LINE('',#7747,#7748);
#7747 = CARTESIAN_POINT('',(8.89415437105E-04,9.425599576886E-20));
#7748 = VECTOR('',#7749,1.);
#7749 = DIRECTION('',(0.,-1.));
#7750 = ( GEOMETRIC_REPRESENTATION_CONTEXT(2) 
PARAMETRIC_REPRESENTATION_CONTEXT() REPRESENTATION_CONTEXT('2D SPACE',''
  ) );
#7751 = ORIENTED_EDGE('',*,*,#1346,.F.);
#7752 = ORIENTED_EDGE('',*,*,#7568,.F.);
#7753 = ADVANCED_FACE('',(#7754),#1334,.T.);
#7754 = FACE_BOUND('',#7755,.T.);
#7755 = EDGE_LOOP('',(#7756,#7779,#7800,#7801));
#7756 = ORIENTED_EDGE('',*,*,#7757,.F.);
#7757 = EDGE_CURVE('',#7758,#7709,#7760,.T.);
#7758 = VERTEX_POINT('',#7759);
#7759 = CARTESIAN_POINT('',(-19.5,13.990039552991,184.91620491446));
#7760 = SURFACE_CURVE('',#7761,(#7765,#7772),.PCURVE_S1.);
#7761 = LINE('',#7762,#7763);
#7762 = CARTESIAN_POINT('',(-19.5,13.990039552991,184.91620491446));
#7763 = VECTOR('',#7764,1.);
#7764 = DIRECTION('',(1.059752190446E-16,-4.447077185448E-02,
    -0.999010685854));
#7765 = PCURVE('',#1334,#7766);
#7766 = DEFINITIONAL_REPRESENTATION('',(#7767),#7771);
#7767 = LINE('',#7768,#7769);
#7768 = CARTESIAN_POINT('',(0.,0.));
#7769 = VECTOR('',#7770,1.);
#7770 = DIRECTION('',(1.,0.));
#7771 = ( GEOMETRIC_REPRESENTATION_CONTEXT(2) 
PARAMETRIC_REPRESENTATION_CONTEXT() REPRESENTATION_CONTEXT('2D SPACE',''
  ) );
#7772 = PCURVE('',#2015,#7773);
#7773 = DEFINITIONAL_REPRESENTATION('',(#7774),#7778);
#7774 = LINE('',#7775,#7776);
#7775 = CARTESIAN_POINT('',(-13.99003955299,5.678235785636));
#7776 = VECTOR('',#7777,1.);
#7777 = DIRECTION('',(4.447077185448E-02,-0.999010685854));
#7778 = ( GEOMETRIC_REPRESENTATION_CONTEXT(2) 
PARAMETRIC_REPRESENTATION_CONTEXT() REPRESENTATION_CONTEXT('2D SPACE',''
  ) );
#7779 = ORIENTED_EDGE('',*,*,#7780,.T.);
#7780 = EDGE_CURVE('',#7758,#1291,#7781,.T.);
#7781 = SURFACE_CURVE('',#7782,(#7786,#7793),.PCURVE_S1.);
#7782 = LINE('',#7783,#7784);
#7783 = CARTESIAN_POINT('',(-19.5,13.990039552991,184.91620491446));
#7784 = VECTOR('',#7785,1.);
#7785 = DIRECTION('',(1.,-1.110223024625E-16,1.110223024625E-16));
#7786 = PCURVE('',#1334,#7787);
#7787 = DEFINITIONAL_REPRESENTATION('',(#7788),#7792);
#7788 = LINE('',#7789,#7790);
#7789 = CARTESIAN_POINT('',(0.,0.));
#7790 = VECTOR('',#7791,1.);
#7791 = DIRECTION('',(0.,-1.));
#7792 = ( GEOMETRIC_REPRESENTATION_CONTEXT(2) 
PARAMETRIC_REPRESENTATION_CONTEXT() REPRESENTATION_CONTEXT('2D SPACE',''
  ) );
#7793 = PCURVE('',#1306,#7794);
#7794 = DEFINITIONAL_REPRESENTATION('',(#7795),#7799);
#7795 = LINE('',#7796,#7797);
#7796 = CARTESIAN_POINT('',(8.894154370998E-04,8.472784620061E-20));
#7797 = VECTOR('',#7798,1.);
#7798 = DIRECTION('',(0.,-1.));
#7799 = ( GEOMETRIC_REPRESENTATION_CONTEXT(2) 
PARAMETRIC_REPRESENTATION_CONTEXT() REPRESENTATION_CONTEXT('2D SPACE',''
  ) );
#7800 = ORIENTED_EDGE('',*,*,#1318,.F.);
#7801 = ORIENTED_EDGE('',*,*,#7731,.F.);
#7802 = ADVANCED_FACE('',(#7803),#1306,.T.);
#7803 = FACE_BOUND('',#7804,.T.);
#7804 = EDGE_LOOP('',(#7805,#7828,#7849,#7850));
#7805 = ORIENTED_EDGE('',*,*,#7806,.F.);
#7806 = EDGE_CURVE('',#7807,#7758,#7809,.T.);
#7807 = VERTEX_POINT('',#7808);
#7808 = CARTESIAN_POINT('',(-19.5,13.990157899076,184.91708642114));
#7809 = SURFACE_CURVE('',#7810,(#7814,#7821),.PCURVE_S1.);
#7810 = LINE('',#7811,#7812);
#7811 = CARTESIAN_POINT('',(-19.5,13.990157899076,184.91708642114));
#7812 = VECTOR('',#7813,1.);
#7813 = DIRECTION('',(9.526239670057E-17,-0.133060525157,-0.991107913723
    ));
#7814 = PCURVE('',#1306,#7815);
#7815 = DEFINITIONAL_REPRESENTATION('',(#7816),#7820);
#7816 = LINE('',#7817,#7818);
#7817 = CARTESIAN_POINT('',(0.,0.));
#7818 = VECTOR('',#7819,1.);
#7819 = DIRECTION('',(1.,0.));
#7820 = ( GEOMETRIC_REPRESENTATION_CONTEXT(2) 
PARAMETRIC_REPRESENTATION_CONTEXT() REPRESENTATION_CONTEXT('2D SPACE',''
  ) );
#7821 = PCURVE('',#2015,#7822);
#7822 = DEFINITIONAL_REPRESENTATION('',(#7823),#7827);
#7823 = LINE('',#7824,#7825);
#7824 = CARTESIAN_POINT('',(-13.99015789907,5.679117292314));
#7825 = VECTOR('',#7826,1.);
#7826 = DIRECTION('',(0.133060525157,-0.991107913723));
#7827 = ( GEOMETRIC_REPRESENTATION_CONTEXT(2) 
PARAMETRIC_REPRESENTATION_CONTEXT() REPRESENTATION_CONTEXT('2D SPACE',''
  ) );
#7828 = ORIENTED_EDGE('',*,*,#7829,.T.);
#7829 = EDGE_CURVE('',#7807,#1263,#7830,.T.);
#7830 = SURFACE_CURVE('',#7831,(#7835,#7842),.PCURVE_S1.);
#7831 = LINE('',#7832,#7833);
#7832 = CARTESIAN_POINT('',(-19.5,13.990157899076,184.91708642114));
#7833 = VECTOR('',#7834,1.);
#7834 = DIRECTION('',(1.,-1.110223024625E-16,1.110223024625E-16));
#7835 = PCURVE('',#1306,#7836);
#7836 = DEFINITIONAL_REPRESENTATION('',(#7837),#7841);
#7837 = LINE('',#7838,#7839);
#7838 = CARTESIAN_POINT('',(0.,0.));
#7839 = VECTOR('',#7840,1.);
#7840 = DIRECTION('',(0.,-1.));
#7841 = ( GEOMETRIC_REPRESENTATION_CONTEXT(2) 
PARAMETRIC_REPRESENTATION_CONTEXT() REPRESENTATION_CONTEXT('2D SPACE',''
  ) );
#7842 = PCURVE('',#1278,#7843);
#7843 = DEFINITIONAL_REPRESENTATION('',(#7844),#7848);
#7844 = LINE('',#7845,#7846);
#7845 = CARTESIAN_POINT('',(8.894154370858E-04,7.452944868404E-20));
#7846 = VECTOR('',#7847,1.);
#7847 = DIRECTION('',(0.,-1.));
#7848 = ( GEOMETRIC_REPRESENTATION_CONTEXT(2) 
PARAMETRIC_REPRESENTATION_CONTEXT() REPRESENTATION_CONTEXT('2D SPACE',''
  ) );
#7849 = ORIENTED_EDGE('',*,*,#1290,.F.);
#7850 = ORIENTED_EDGE('',*,*,#7780,.F.);
#7851 = ADVANCED_FACE('',(#7852),#1278,.T.);
#7852 = FACE_BOUND('',#7853,.T.);
#7853 = EDGE_LOOP('',(#7854,#7877,#7898,#7899));
#7854 = ORIENTED_EDGE('',*,*,#7855,.F.);
#7855 = EDGE_CURVE('',#7856,#7807,#7858,.T.);
#7856 = VERTEX_POINT('',#7857);
#7857 = CARTESIAN_POINT('',(-19.5,13.990354102067,184.91795392572));
#7858 = SURFACE_CURVE('',#7859,(#7863,#7870),.PCURVE_S1.);
#7859 = LINE('',#7860,#7861);
#7860 = CARTESIAN_POINT('',(-19.5,13.990354102067,184.91795392572));
#7861 = VECTOR('',#7862,1.);
#7862 = DIRECTION('',(8.379599181259E-17,-0.220597690111,-0.975364885116
    ));
#7863 = PCURVE('',#1278,#7864);
#7864 = DEFINITIONAL_REPRESENTATION('',(#7865),#7869);
#7865 = LINE('',#7866,#7867);
#7866 = CARTESIAN_POINT('',(0.,0.));
#7867 = VECTOR('',#7868,1.);
#7868 = DIRECTION('',(1.,0.));
#7869 = ( GEOMETRIC_REPRESENTATION_CONTEXT(2) 
PARAMETRIC_REPRESENTATION_CONTEXT() REPRESENTATION_CONTEXT('2D SPACE',''
  ) );
#7870 = PCURVE('',#2015,#7871);
#7871 = DEFINITIONAL_REPRESENTATION('',(#7872),#7876);
#7872 = LINE('',#7873,#7874);
#7873 = CARTESIAN_POINT('',(-13.99035410206,5.6799847969));
#7874 = VECTOR('',#7875,1.);
#7875 = DIRECTION('',(0.220597690111,-0.975364885116));
#7876 = ( GEOMETRIC_REPRESENTATION_CONTEXT(2) 
PARAMETRIC_REPRESENTATION_CONTEXT() REPRESENTATION_CONTEXT('2D SPACE',''
  ) );
#7877 = ORIENTED_EDGE('',*,*,#7878,.T.);
#7878 = EDGE_CURVE('',#7856,#1235,#7879,.T.);
#7879 = SURFACE_CURVE('',#7880,(#7884,#7891),.PCURVE_S1.);
#7880 = LINE('',#7881,#7882);
#7881 = CARTESIAN_POINT('',(-19.5,13.990354102067,184.91795392572));
#7882 = VECTOR('',#7883,1.);
#7883 = DIRECTION('',(1.,-1.110223024625E-16,1.110223024625E-16));
#7884 = PCURVE('',#1278,#7885);
#7885 = DEFINITIONAL_REPRESENTATION('',(#7886),#7890);
#7886 = LINE('',#7887,#7888);
#7887 = CARTESIAN_POINT('',(0.,0.));
#7888 = VECTOR('',#7889,1.);
#7889 = DIRECTION('',(0.,-1.));
#7890 = ( GEOMETRIC_REPRESENTATION_CONTEXT(2) 
PARAMETRIC_REPRESENTATION_CONTEXT() REPRESENTATION_CONTEXT('2D SPACE',''
  ) );
#7891 = PCURVE('',#1250,#7892);
#7892 = DEFINITIONAL_REPRESENTATION('',(#7893),#7897);
#7893 = LINE('',#7894,#7895);
#7894 = CARTESIAN_POINT('',(8.894154371055E-04,6.374147864873E-20));
#7895 = VECTOR('',#7896,1.);
#7896 = DIRECTION('',(1.232595164408E-32,-1.));
#7897 = ( GEOMETRIC_REPRESENTATION_CONTEXT(2) 
PARAMETRIC_REPRESENTATION_CONTEXT() REPRESENTATION_CONTEXT('2D SPACE',''
  ) );
#7898 = ORIENTED_EDGE('',*,*,#1262,.F.);
#7899 = ORIENTED_EDGE('',*,*,#7829,.F.);
#7900 = ADVANCED_FACE('',(#7901),#1250,.T.);
#7901 = FACE_BOUND('',#7902,.T.);
#7902 = EDGE_LOOP('',(#7903,#7926,#7947,#7948));
#7903 = ORIENTED_EDGE('',*,*,#7904,.F.);
#7904 = EDGE_CURVE('',#7905,#7856,#7907,.T.);
#7905 = VERTEX_POINT('',#7906);
#7906 = CARTESIAN_POINT('',(-19.5,13.990626609881,184.91880056574));
#7907 = SURFACE_CURVE('',#7908,(#7912,#7919),.PCURVE_S1.);
#7908 = LINE('',#7909,#7910);
#7909 = CARTESIAN_POINT('',(-19.5,13.990626609881,184.91880056574));
#7910 = VECTOR('',#7911,1.);
#7911 = DIRECTION('',(7.166671050389E-17,-0.306389795368,-0.951906136809
    ));
#7912 = PCURVE('',#1250,#7913);
#7913 = DEFINITIONAL_REPRESENTATION('',(#7914),#7918);
#7914 = LINE('',#7915,#7916);
#7915 = CARTESIAN_POINT('',(0.,0.));
#7916 = VECTOR('',#7917,1.);
#7917 = DIRECTION('',(1.,-1.232595164408E-32));
#7918 = ( GEOMETRIC_REPRESENTATION_CONTEXT(2) 
PARAMETRIC_REPRESENTATION_CONTEXT() REPRESENTATION_CONTEXT('2D SPACE',''
  ) );
#7919 = PCURVE('',#2015,#7920);
#7920 = DEFINITIONAL_REPRESENTATION('',(#7921),#7925);
#7921 = LINE('',#7922,#7923);
#7922 = CARTESIAN_POINT('',(-13.99062660988,5.680831436913));
#7923 = VECTOR('',#7924,1.);
#7924 = DIRECTION('',(0.306389795368,-0.951906136809));
#7925 = ( GEOMETRIC_REPRESENTATION_CONTEXT(2) 
PARAMETRIC_REPRESENTATION_CONTEXT() REPRESENTATION_CONTEXT('2D SPACE',''
  ) );
#7926 = ORIENTED_EDGE('',*,*,#7927,.T.);
#7927 = EDGE_CURVE('',#7905,#1207,#7928,.T.);
#7928 = SURFACE_CURVE('',#7929,(#7933,#7940),.PCURVE_S1.);
#7929 = LINE('',#7930,#7931);
#7930 = CARTESIAN_POINT('',(-19.5,13.990626609881,184.91880056574));
#7931 = VECTOR('',#7932,1.);
#7932 = DIRECTION('',(1.,-1.110223024625E-16,1.110223024625E-16));
#7933 = PCURVE('',#1250,#7934);
#7934 = DEFINITIONAL_REPRESENTATION('',(#7935),#7939);
#7935 = LINE('',#7936,#7937);
#7936 = CARTESIAN_POINT('',(0.,0.));
#7937 = VECTOR('',#7938,1.);
#7938 = DIRECTION('',(1.232595164408E-32,-1.));
#7939 = ( GEOMETRIC_REPRESENTATION_CONTEXT(2) 
PARAMETRIC_REPRESENTATION_CONTEXT() REPRESENTATION_CONTEXT('2D SPACE',''
  ) );
#7940 = PCURVE('',#1222,#7941);
#7941 = DEFINITIONAL_REPRESENTATION('',(#7942),#7946);
#7942 = LINE('',#7943,#7944);
#7943 = CARTESIAN_POINT('',(0.353362850998,2.310402618189E-17));
#7944 = VECTOR('',#7945,1.);
#7945 = DIRECTION('',(0.,-1.));
#7946 = ( GEOMETRIC_REPRESENTATION_CONTEXT(2) 
PARAMETRIC_REPRESENTATION_CONTEXT() REPRESENTATION_CONTEXT('2D SPACE',''
  ) );
#7947 = ORIENTED_EDGE('',*,*,#1234,.F.);
#7948 = ORIENTED_EDGE('',*,*,#7878,.F.);
#7949 = ADVANCED_FACE('',(#7950),#1222,.T.);
#7950 = FACE_BOUND('',#7951,.T.);
#7951 = EDGE_LOOP('',(#7952,#7975,#7996,#7997));
#7952 = ORIENTED_EDGE('',*,*,#7953,.F.);
#7953 = EDGE_CURVE('',#7954,#7905,#7956,.T.);
#7954 = VERTEX_POINT('',#7955);
#7955 = CARTESIAN_POINT('',(-19.5,14.113744828075,185.25002135134));
#7956 = SURFACE_CURVE('',#7957,(#7961,#7968),.PCURVE_S1.);
#7957 = LINE('',#7958,#7959);
#7958 = CARTESIAN_POINT('',(-19.5,14.113744828075,185.25002135134));
#7959 = VECTOR('',#7960,1.);
#7960 = DIRECTION('',(6.538329118823E-17,-0.348418680249,-0.937339011913
    ));
#7961 = PCURVE('',#1222,#7962);
#7962 = DEFINITIONAL_REPRESENTATION('',(#7963),#7967);
#7963 = LINE('',#7964,#7965);
#7964 = CARTESIAN_POINT('',(0.,0.));
#7965 = VECTOR('',#7966,1.);
#7966 = DIRECTION('',(1.,0.));
#7967 = ( GEOMETRIC_REPRESENTATION_CONTEXT(2) 
PARAMETRIC_REPRESENTATION_CONTEXT() REPRESENTATION_CONTEXT('2D SPACE',''
  ) );
#7968 = PCURVE('',#2015,#7969);
#7969 = DEFINITIONAL_REPRESENTATION('',(#7970),#7974);
#7970 = LINE('',#7971,#7972);
#7971 = CARTESIAN_POINT('',(-14.11374482807,6.012052222514));
#7972 = VECTOR('',#7973,1.);
#7973 = DIRECTION('',(0.348418680249,-0.937339011913));
#7974 = ( GEOMETRIC_REPRESENTATION_CONTEXT(2) 
PARAMETRIC_REPRESENTATION_CONTEXT() REPRESENTATION_CONTEXT('2D SPACE',''
  ) );
#7975 = ORIENTED_EDGE('',*,*,#7976,.T.);
#7976 = EDGE_CURVE('',#7954,#1179,#7977,.T.);
#7977 = SURFACE_CURVE('',#7978,(#7982,#7989),.PCURVE_S1.);
#7978 = LINE('',#7979,#7980);
#7979 = CARTESIAN_POINT('',(-19.5,14.113744828075,185.25002135134));
#7980 = VECTOR('',#7981,1.);
#7981 = DIRECTION('',(1.,-1.110223024625E-16,1.110223024625E-16));
#7982 = PCURVE('',#1222,#7983);
#7983 = DEFINITIONAL_REPRESENTATION('',(#7984),#7988);
#7984 = LINE('',#7985,#7986);
#7985 = CARTESIAN_POINT('',(0.,0.));
#7986 = VECTOR('',#7987,1.);
#7987 = DIRECTION('',(0.,-1.));
#7988 = ( GEOMETRIC_REPRESENTATION_CONTEXT(2) 
PARAMETRIC_REPRESENTATION_CONTEXT() REPRESENTATION_CONTEXT('2D SPACE',''
  ) );
#7989 = PCURVE('',#1194,#7990);
#7990 = DEFINITIONAL_REPRESENTATION('',(#7991),#7995);
#7991 = LINE('',#7992,#7993);
#7992 = CARTESIAN_POINT('',(0.367900699324,2.533614566033E-17));
#7993 = VECTOR('',#7994,1.);
#7994 = DIRECTION('',(1.232595164408E-32,-1.));
#7995 = ( GEOMETRIC_REPRESENTATION_CONTEXT(2) 
PARAMETRIC_REPRESENTATION_CONTEXT() REPRESENTATION_CONTEXT('2D SPACE',''
  ) );
#7996 = ORIENTED_EDGE('',*,*,#1206,.F.);
#7997 = ORIENTED_EDGE('',*,*,#7927,.F.);
#7998 = ADVANCED_FACE('',(#7999),#1194,.T.);
#7999 = FACE_BOUND('',#8000,.T.);
#8000 = EDGE_LOOP('',(#8001,#8022,#8023,#8024));
#8001 = ORIENTED_EDGE('',*,*,#8002,.F.);
#8002 = EDGE_CURVE('',#2000,#7954,#8003,.T.);
#8003 = SURFACE_CURVE('',#8004,(#8008,#8015),.PCURVE_S1.);
#8004 = LINE('',#8005,#8006);
#8005 = CARTESIAN_POINT('',(-19.5,14.233426712059,185.59791094763));
#8006 = VECTOR('',#8007,1.);
#8007 = DIRECTION('',(6.886680483856E-17,-0.325310292162,-0.945607325381
    ));
#8008 = PCURVE('',#1194,#8009);
#8009 = DEFINITIONAL_REPRESENTATION('',(#8010),#8014);
#8010 = LINE('',#8011,#8012);
#8011 = CARTESIAN_POINT('',(0.,0.));
#8012 = VECTOR('',#8013,1.);
#8013 = DIRECTION('',(1.,-1.232595164408E-32));
#8014 = ( GEOMETRIC_REPRESENTATION_CONTEXT(2) 
PARAMETRIC_REPRESENTATION_CONTEXT() REPRESENTATION_CONTEXT('2D SPACE',''
  ) );
#8015 = PCURVE('',#2015,#8016);
#8016 = DEFINITIONAL_REPRESENTATION('',(#8017),#8021);
#8017 = LINE('',#8018,#8019);
#8018 = CARTESIAN_POINT('',(-14.23342671205,6.359941818807));
#8019 = VECTOR('',#8020,1.);
#8020 = DIRECTION('',(0.325310292162,-0.945607325381));
#8021 = ( GEOMETRIC_REPRESENTATION_CONTEXT(2) 
PARAMETRIC_REPRESENTATION_CONTEXT() REPRESENTATION_CONTEXT('2D SPACE',''
  ) );
#8022 = ORIENTED_EDGE('',*,*,#2050,.T.);
#8023 = ORIENTED_EDGE('',*,*,#1178,.F.);
#8024 = ORIENTED_EDGE('',*,*,#7976,.F.);
#8025 = ADVANCED_FACE('',(#8026),#1115,.F.);
#8026 = FACE_BOUND('',#8027,.F.);
#8027 = EDGE_LOOP('',(#8028,#8029,#8052,#8073));
#8028 = ORIENTED_EDGE('',*,*,#1099,.T.);
#8029 = ORIENTED_EDGE('',*,*,#8030,.T.);
#8030 = EDGE_CURVE('',#1067,#8031,#8033,.T.);
#8031 = VERTEX_POINT('',#8032);
#8032 = CARTESIAN_POINT('',(20.3,3.4,107.7));
#8033 = SURFACE_CURVE('',#8034,(#8038,#8045),.PCURVE_S1.);
#8034 = LINE('',#8035,#8036);
#8035 = CARTESIAN_POINT('',(17.3,3.4,107.7));
#8036 = VECTOR('',#8037,1.);
#8037 = DIRECTION('',(1.,-1.110223024625E-16,0.));
#8038 = PCURVE('',#1115,#8039);
#8039 = DEFINITIONAL_REPRESENTATION('',(#8040),#8044);
#8040 = LINE('',#8041,#8042);
#8041 = CARTESIAN_POINT('',(-0.,0.));
#8042 = VECTOR('',#8043,1.);
#8043 = DIRECTION('',(0.,-1.));
#8044 = ( GEOMETRIC_REPRESENTATION_CONTEXT(2) 
PARAMETRIC_REPRESENTATION_CONTEXT() REPRESENTATION_CONTEXT('2D SPACE',''
  ) );
#8045 = PCURVE('',#1087,#8046);
#8046 = DEFINITIONAL_REPRESENTATION('',(#8047),#8051);
#8047 = LINE('',#8048,#8049);
#8048 = CARTESIAN_POINT('',(3.14159265359,0.));
#8049 = VECTOR('',#8050,1.);
#8050 = DIRECTION('',(0.,-1.));
#8051 = ( GEOMETRIC_REPRESENTATION_CONTEXT(2) 
PARAMETRIC_REPRESENTATION_CONTEXT() REPRESENTATION_CONTEXT('2D SPACE',''
  ) );
#8052 = ORIENTED_EDGE('',*,*,#8053,.T.);
#8053 = EDGE_CURVE('',#8031,#7053,#8054,.T.);
#8054 = SURFACE_CURVE('',#8055,(#8059,#8066),.PCURVE_S1.);
#8055 = LINE('',#8056,#8057);
#8056 = CARTESIAN_POINT('',(20.3,3.4,107.7));
#8057 = VECTOR('',#8058,1.);
#8058 = DIRECTION('',(-1.232595164408E-32,-1.110223024625E-16,-1.));
#8059 = PCURVE('',#1115,#8060);
#8060 = DEFINITIONAL_REPRESENTATION('',(#8061),#8065);
#8061 = LINE('',#8062,#8063);
#8062 = CARTESIAN_POINT('',(1.232595164408E-32,-3.));
#8063 = VECTOR('',#8064,1.);
#8064 = DIRECTION('',(1.,0.));
#8065 = ( GEOMETRIC_REPRESENTATION_CONTEXT(2) 
PARAMETRIC_REPRESENTATION_CONTEXT() REPRESENTATION_CONTEXT('2D SPACE',''
  ) );
#8066 = PCURVE('',#7092,#8067);
#8067 = DEFINITIONAL_REPRESENTATION('',(#8068),#8072);
#8068 = LINE('',#8069,#8070);
#8069 = CARTESIAN_POINT('',(12.4,3.4));
#8070 = VECTOR('',#8071,1.);
#8071 = DIRECTION('',(-1.,-1.110223024625E-16));
#8072 = ( GEOMETRIC_REPRESENTATION_CONTEXT(2) 
PARAMETRIC_REPRESENTATION_CONTEXT() REPRESENTATION_CONTEXT('2D SPACE',''
  ) );
#8073 = ORIENTED_EDGE('',*,*,#7052,.F.);
#8074 = ADVANCED_FACE('',(#8075),#1087,.F.);
#8075 = FACE_BOUND('',#8076,.F.);
#8076 = EDGE_LOOP('',(#8077,#8078,#8101,#8123));
#8077 = ORIENTED_EDGE('',*,*,#1066,.F.);
#8078 = ORIENTED_EDGE('',*,*,#8079,.T.);
#8079 = EDGE_CURVE('',#1039,#8080,#8082,.T.);
#8080 = VERTEX_POINT('',#8081);
#8081 = CARTESIAN_POINT('',(20.3,-3.4,107.7));
#8082 = SURFACE_CURVE('',#8083,(#8087,#8094),.PCURVE_S1.);
#8083 = LINE('',#8084,#8085);
#8084 = CARTESIAN_POINT('',(17.3,-3.4,107.7));
#8085 = VECTOR('',#8086,1.);
#8086 = DIRECTION('',(1.,-1.110223024625E-16,0.));
#8087 = PCURVE('',#1087,#8088);
#8088 = DEFINITIONAL_REPRESENTATION('',(#8089),#8093);
#8089 = LINE('',#8090,#8091);
#8090 = CARTESIAN_POINT('',(0.,0.));
#8091 = VECTOR('',#8092,1.);
#8092 = DIRECTION('',(0.,-1.));
#8093 = ( GEOMETRIC_REPRESENTATION_CONTEXT(2) 
PARAMETRIC_REPRESENTATION_CONTEXT() REPRESENTATION_CONTEXT('2D SPACE',''
  ) );
#8094 = PCURVE('',#1054,#8095);
#8095 = DEFINITIONAL_REPRESENTATION('',(#8096),#8100);
#8096 = LINE('',#8097,#8098);
#8097 = CARTESIAN_POINT('',(24.8,2.958228394579E-31));
#8098 = VECTOR('',#8099,1.);
#8099 = DIRECTION('',(0.,-1.));
#8100 = ( GEOMETRIC_REPRESENTATION_CONTEXT(2) 
PARAMETRIC_REPRESENTATION_CONTEXT() REPRESENTATION_CONTEXT('2D SPACE',''
  ) );
#8101 = ORIENTED_EDGE('',*,*,#8102,.T.);
#8102 = EDGE_CURVE('',#8080,#8031,#8103,.T.);
#8103 = SURFACE_CURVE('',#8104,(#8109,#8116),.PCURVE_S1.);
#8104 = CIRCLE('',#8105,3.4);
#8105 = AXIS2_PLACEMENT_3D('',#8106,#8107,#8108);
#8106 = CARTESIAN_POINT('',(20.3,-8.770761894539E-16,107.7));
#8107 = DIRECTION('',(-1.,1.110223024625E-16,0.));
#8108 = DIRECTION('',(-1.110223024625E-16,-1.,1.110223024625E-16));
#8109 = PCURVE('',#1087,#8110);
#8110 = DEFINITIONAL_REPRESENTATION('',(#8111),#8115);
#8111 = LINE('',#8112,#8113);
#8112 = CARTESIAN_POINT('',(0.,-3.));
#8113 = VECTOR('',#8114,1.);
#8114 = DIRECTION('',(1.,0.));
#8115 = ( GEOMETRIC_REPRESENTATION_CONTEXT(2) 
PARAMETRIC_REPRESENTATION_CONTEXT() REPRESENTATION_CONTEXT('2D SPACE',''
  ) );
#8116 = PCURVE('',#7092,#8117);
#8117 = DEFINITIONAL_REPRESENTATION('',(#8118),#8122);
#8118 = CIRCLE('',#8119,3.4);
#8119 = AXIS2_PLACEMENT_2D('',#8120,#8121);
#8120 = CARTESIAN_POINT('',(12.4,1.643130076445E-15));
#8121 = DIRECTION('',(1.110223024625E-16,-1.));
#8122 = ( GEOMETRIC_REPRESENTATION_CONTEXT(2) 
PARAMETRIC_REPRESENTATION_CONTEXT() REPRESENTATION_CONTEXT('2D SPACE',''
  ) );
#8123 = ORIENTED_EDGE('',*,*,#8030,.F.);
#8124 = ADVANCED_FACE('',(#8125),#1054,.F.);
#8125 = FACE_BOUND('',#8126,.F.);
#8126 = EDGE_LOOP('',(#8127,#8128,#8129,#8150));
#8127 = ORIENTED_EDGE('',*,*,#1038,.T.);
#8128 = ORIENTED_EDGE('',*,*,#7104,.T.);
#8129 = ORIENTED_EDGE('',*,*,#8130,.T.);
#8130 = EDGE_CURVE('',#7076,#8080,#8131,.T.);
#8131 = SURFACE_CURVE('',#8132,(#8136,#8143),.PCURVE_S1.);
#8132 = LINE('',#8133,#8134);
#8133 = CARTESIAN_POINT('',(20.3,-3.4,82.9));
#8134 = VECTOR('',#8135,1.);
#8135 = DIRECTION('',(1.232595164408E-32,1.110223024625E-16,1.));
#8136 = PCURVE('',#1054,#8137);
#8137 = DEFINITIONAL_REPRESENTATION('',(#8138),#8142);
#8138 = LINE('',#8139,#8140);
#8139 = CARTESIAN_POINT('',(-1.232595164408E-32,-3.));
#8140 = VECTOR('',#8141,1.);
#8141 = DIRECTION('',(1.,0.));
#8142 = ( GEOMETRIC_REPRESENTATION_CONTEXT(2) 
PARAMETRIC_REPRESENTATION_CONTEXT() REPRESENTATION_CONTEXT('2D SPACE',''
  ) );
#8143 = PCURVE('',#7092,#8144);
#8144 = DEFINITIONAL_REPRESENTATION('',(#8145),#8149);
#8145 = LINE('',#8146,#8147);
#8146 = CARTESIAN_POINT('',(-12.4,-3.4));
#8147 = VECTOR('',#8148,1.);
#8148 = DIRECTION('',(1.,1.110223024625E-16));
#8149 = ( GEOMETRIC_REPRESENTATION_CONTEXT(2) 
PARAMETRIC_REPRESENTATION_CONTEXT() REPRESENTATION_CONTEXT('2D SPACE',''
  ) );
#8150 = ORIENTED_EDGE('',*,*,#8079,.F.);
#8151 = ADVANCED_FACE('',(#8152),#1644,.F.);
#8152 = FACE_BOUND('',#8153,.F.);
#8153 = EDGE_LOOP('',(#8154,#8155,#8176,#8177));
#8154 = ORIENTED_EDGE('',*,*,#1626,.T.);
#8155 = ORIENTED_EDGE('',*,*,#8156,.T.);
#8156 = EDGE_CURVE('',#1629,#6510,#8157,.T.);
#8157 = SURFACE_CURVE('',#8158,(#8162,#8169),.PCURVE_S1.);
#8158 = LINE('',#8159,#8160);
#8159 = CARTESIAN_POINT('',(17.3,5.3,117.3));
#8160 = VECTOR('',#8161,1.);
#8161 = DIRECTION('',(1.,-1.110223024625E-16,1.110223024625E-16));
#8162 = PCURVE('',#1644,#8163);
#8163 = DEFINITIONAL_REPRESENTATION('',(#8164),#8168);
#8164 = LINE('',#8165,#8166);
#8165 = CARTESIAN_POINT('',(0.,0.));
#8166 = VECTOR('',#8167,1.);
#8167 = DIRECTION('',(0.,-1.));
#8168 = ( GEOMETRIC_REPRESENTATION_CONTEXT(2) 
PARAMETRIC_REPRESENTATION_CONTEXT() REPRESENTATION_CONTEXT('2D SPACE',''
  ) );
#8169 = PCURVE('',#1797,#8170);
#8170 = DEFINITIONAL_REPRESENTATION('',(#8171),#8175);
#8171 = LINE('',#8172,#8173);
#8172 = CARTESIAN_POINT('',(4.712388980385,0.));
#8173 = VECTOR('',#8174,1.);
#8174 = DIRECTION('',(0.,-1.));
#8175 = ( GEOMETRIC_REPRESENTATION_CONTEXT(2) 
PARAMETRIC_REPRESENTATION_CONTEXT() REPRESENTATION_CONTEXT('2D SPACE',''
  ) );
#8176 = ORIENTED_EDGE('',*,*,#6507,.F.);
#8177 = ORIENTED_EDGE('',*,*,#8178,.F.);
#8178 = EDGE_CURVE('',#1627,#6508,#8179,.T.);
#8179 = SURFACE_CURVE('',#8180,(#8184,#8191),.PCURVE_S1.);
#8180 = LINE('',#8181,#8182);
#8181 = CARTESIAN_POINT('',(17.3,-1.428657787414,117.3));
#8182 = VECTOR('',#8183,1.);
#8183 = DIRECTION('',(1.,-1.110223024625E-16,1.110223024625E-16));
#8184 = PCURVE('',#1644,#8185);
#8185 = DEFINITIONAL_REPRESENTATION('',(#8186),#8190);
#8186 = LINE('',#8187,#8188);
#8187 = CARTESIAN_POINT('',(6.728657787414,-7.47031080041E-16));
#8188 = VECTOR('',#8189,1.);
#8189 = DIRECTION('',(0.,-1.));
#8190 = ( GEOMETRIC_REPRESENTATION_CONTEXT(2) 
PARAMETRIC_REPRESENTATION_CONTEXT() REPRESENTATION_CONTEXT('2D SPACE',''
  ) );
#8191 = PCURVE('',#1677,#8192);
#8192 = DEFINITIONAL_REPRESENTATION('',(#8193),#8197);
#8193 = LINE('',#8194,#8195);
#8194 = CARTESIAN_POINT('',(4.712388980385,0.));
#8195 = VECTOR('',#8196,1.);
#8196 = DIRECTION('',(0.,-1.));
#8197 = ( GEOMETRIC_REPRESENTATION_CONTEXT(2) 
PARAMETRIC_REPRESENTATION_CONTEXT() REPRESENTATION_CONTEXT('2D SPACE',''
  ) );
#8198 = ADVANCED_FACE('',(#8199),#1677,.F.);
#8199 = FACE_BOUND('',#8200,.F.);
#8200 = EDGE_LOOP('',(#8201,#8202,#8203,#8204));
#8201 = ORIENTED_EDGE('',*,*,#1656,.F.);
#8202 = ORIENTED_EDGE('',*,*,#8178,.T.);
#8203 = ORIENTED_EDGE('',*,*,#6532,.T.);
#8204 = ORIENTED_EDGE('',*,*,#8205,.F.);
#8205 = EDGE_CURVE('',#1657,#6533,#8206,.T.);
#8206 = SURFACE_CURVE('',#8207,(#8211,#8218),.PCURVE_S1.);
#8207 = LINE('',#8208,#8209);
#8208 = CARTESIAN_POINT('',(17.3,-3.467484177505,120.32655123922));
#8209 = VECTOR('',#8210,1.);
#8210 = DIRECTION('',(1.,-1.110223024625E-16,1.110223024625E-16));
#8211 = PCURVE('',#1677,#8212);
#8212 = DEFINITIONAL_REPRESENTATION('',(#8213),#8217);
#8213 = LINE('',#8214,#8215);
#8214 = CARTESIAN_POINT('',(6.668342813543,0.));
#8215 = VECTOR('',#8216,1.);
#8216 = DIRECTION('',(0.,-1.));
#8217 = ( GEOMETRIC_REPRESENTATION_CONTEXT(2) 
PARAMETRIC_REPRESENTATION_CONTEXT() REPRESENTATION_CONTEXT('2D SPACE',''
  ) );
#8218 = PCURVE('',#1705,#8219);
#8219 = DEFINITIONAL_REPRESENTATION('',(#8220),#8224);
#8220 = LINE('',#8221,#8222);
#8221 = CARTESIAN_POINT('',(0.,0.));
#8222 = VECTOR('',#8223,1.);
#8223 = DIRECTION('',(0.,-1.));
#8224 = ( GEOMETRIC_REPRESENTATION_CONTEXT(2) 
PARAMETRIC_REPRESENTATION_CONTEXT() REPRESENTATION_CONTEXT('2D SPACE',''
  ) );
#8225 = ADVANCED_FACE('',(#8226),#1797,.F.);
#8226 = FACE_BOUND('',#8227,.F.);
#8227 = EDGE_LOOP('',(#8228,#8229,#8250,#8251));
#8228 = ORIENTED_EDGE('',*,*,#1778,.F.);
#8229 = ORIENTED_EDGE('',*,*,#8230,.T.);
#8230 = EDGE_CURVE('',#1751,#6612,#8231,.T.);
#8231 = SURFACE_CURVE('',#8232,(#8236,#8243),.PCURVE_S1.);
#8232 = LINE('',#8233,#8234);
#8233 = CARTESIAN_POINT('',(17.3,7.5,119.5));
#8234 = VECTOR('',#8235,1.);
#8235 = DIRECTION('',(1.,-1.110223024625E-16,1.110223024625E-16));
#8236 = PCURVE('',#1797,#8237);
#8237 = DEFINITIONAL_REPRESENTATION('',(#8238),#8242);
#8238 = LINE('',#8239,#8240);
#8239 = CARTESIAN_POINT('',(3.14159265359,0.));
#8240 = VECTOR('',#8241,1.);
#8241 = DIRECTION('',(0.,-1.));
#8242 = ( GEOMETRIC_REPRESENTATION_CONTEXT(2) 
PARAMETRIC_REPRESENTATION_CONTEXT() REPRESENTATION_CONTEXT('2D SPACE',''
  ) );
#8243 = PCURVE('',#1766,#8244);
#8244 = DEFINITIONAL_REPRESENTATION('',(#8245),#8249);
#8245 = LINE('',#8246,#8247);
#8246 = CARTESIAN_POINT('',(16.59735587562,1.842676664101E-15));
#8247 = VECTOR('',#8248,1.);
#8248 = DIRECTION('',(0.,-1.));
#8249 = ( GEOMETRIC_REPRESENTATION_CONTEXT(2) 
PARAMETRIC_REPRESENTATION_CONTEXT() REPRESENTATION_CONTEXT('2D SPACE',''
  ) );
#8250 = ORIENTED_EDGE('',*,*,#6634,.T.);
#8251 = ORIENTED_EDGE('',*,*,#8156,.F.);
#8252 = ADVANCED_FACE('',(#8253),#1705,.F.);
#8253 = FACE_BOUND('',#8254,.F.);
#8254 = EDGE_LOOP('',(#8255,#8256,#8257,#8258));
#8255 = ORIENTED_EDGE('',*,*,#1689,.T.);
#8256 = ORIENTED_EDGE('',*,*,#8205,.T.);
#8257 = ORIENTED_EDGE('',*,*,#6560,.F.);
#8258 = ORIENTED_EDGE('',*,*,#8259,.F.);
#8259 = EDGE_CURVE('',#1690,#6561,#8260,.T.);
#8260 = SURFACE_CURVE('',#8261,(#8265,#8272),.PCURVE_S1.);
#8261 = LINE('',#8262,#8263);
#8262 = CARTESIAN_POINT('',(17.3,3.261173609909,136.92390711484));
#8263 = VECTOR('',#8264,1.);
#8264 = DIRECTION('',(1.,-1.110223024625E-16,1.110223024625E-16));
#8265 = PCURVE('',#1705,#8266);
#8266 = DEFINITIONAL_REPRESENTATION('',(#8267),#8271);
#8267 = LINE('',#8268,#8269);
#8268 = CARTESIAN_POINT('',(17.909412544305,-1.09564558406E-15));
#8269 = VECTOR('',#8270,1.);
#8270 = DIRECTION('',(0.,-1.));
#8271 = ( GEOMETRIC_REPRESENTATION_CONTEXT(2) 
PARAMETRIC_REPRESENTATION_CONTEXT() REPRESENTATION_CONTEXT('2D SPACE',''
  ) );
#8272 = PCURVE('',#1738,#8273);
#8273 = DEFINITIONAL_REPRESENTATION('',(#8274),#8278);
#8274 = LINE('',#8275,#8276);
#8275 = CARTESIAN_POINT('',(0.385157506363,0.));
#8276 = VECTOR('',#8277,1.);
#8277 = DIRECTION('',(0.,-1.));
#8278 = ( GEOMETRIC_REPRESENTATION_CONTEXT(2) 
PARAMETRIC_REPRESENTATION_CONTEXT() REPRESENTATION_CONTEXT('2D SPACE',''
  ) );
#8279 = ADVANCED_FACE('',(#8280),#1766,.F.);
#8280 = FACE_BOUND('',#8281,.F.);
#8281 = EDGE_LOOP('',(#8282,#8283,#8304,#8305));
#8282 = ORIENTED_EDGE('',*,*,#1750,.T.);
#8283 = ORIENTED_EDGE('',*,*,#8284,.T.);
#8284 = EDGE_CURVE('',#1718,#6584,#8285,.T.);
#8285 = SURFACE_CURVE('',#8286,(#8290,#8297),.PCURVE_S1.);
#8286 = LINE('',#8287,#8288);
#8287 = CARTESIAN_POINT('',(17.3,7.5,136.09735587562));
#8288 = VECTOR('',#8289,1.);
#8289 = DIRECTION('',(1.,-1.110223024625E-16,1.110223024625E-16));
#8290 = PCURVE('',#1766,#8291);
#8291 = DEFINITIONAL_REPRESENTATION('',(#8292),#8296);
#8292 = LINE('',#8293,#8294);
#8293 = CARTESIAN_POINT('',(0.,0.));
#8294 = VECTOR('',#8295,1.);
#8295 = DIRECTION('',(0.,-1.));
#8296 = ( GEOMETRIC_REPRESENTATION_CONTEXT(2) 
PARAMETRIC_REPRESENTATION_CONTEXT() REPRESENTATION_CONTEXT('2D SPACE',''
  ) );
#8297 = PCURVE('',#1738,#8298);
#8298 = DEFINITIONAL_REPRESENTATION('',(#8299),#8303);
#8299 = LINE('',#8300,#8301);
#8300 = CARTESIAN_POINT('',(3.14159265359,0.));
#8301 = VECTOR('',#8302,1.);
#8302 = DIRECTION('',(0.,-1.));
#8303 = ( GEOMETRIC_REPRESENTATION_CONTEXT(2) 
PARAMETRIC_REPRESENTATION_CONTEXT() REPRESENTATION_CONTEXT('2D SPACE',''
  ) );
#8304 = ORIENTED_EDGE('',*,*,#6611,.F.);
#8305 = ORIENTED_EDGE('',*,*,#8230,.F.);
#8306 = ADVANCED_FACE('',(#8307),#1738,.F.);
#8307 = FACE_BOUND('',#8308,.F.);
#8308 = EDGE_LOOP('',(#8309,#8310,#8311,#8312));
#8309 = ORIENTED_EDGE('',*,*,#1717,.F.);
#8310 = ORIENTED_EDGE('',*,*,#8259,.T.);
#8311 = ORIENTED_EDGE('',*,*,#6583,.T.);
#8312 = ORIENTED_EDGE('',*,*,#8284,.F.);
#8313 = ADVANCED_FACE('',(#8314),#1829,.F.);
#8314 = FACE_BOUND('',#8315,.F.);
#8315 = EDGE_LOOP('',(#8316,#8317,#8338,#8339));
#8316 = ORIENTED_EDGE('',*,*,#1811,.T.);
#8317 = ORIENTED_EDGE('',*,*,#8318,.T.);
#8318 = EDGE_CURVE('',#1814,#6665,#8319,.T.);
#8319 = SURFACE_CURVE('',#8320,(#8324,#8331),.PCURVE_S1.);
#8320 = LINE('',#8321,#8322);
#8321 = CARTESIAN_POINT('',(17.3,-5.3,154.3));
#8322 = VECTOR('',#8323,1.);
#8323 = DIRECTION('',(1.,-1.110223024625E-16,1.110223024625E-16));
#8324 = PCURVE('',#1829,#8325);
#8325 = DEFINITIONAL_REPRESENTATION('',(#8326),#8330);
#8326 = LINE('',#8327,#8328);
#8327 = CARTESIAN_POINT('',(0.,0.));
#8328 = VECTOR('',#8329,1.);
#8329 = DIRECTION('',(0.,-1.));
#8330 = ( GEOMETRIC_REPRESENTATION_CONTEXT(2) 
PARAMETRIC_REPRESENTATION_CONTEXT() REPRESENTATION_CONTEXT('2D SPACE',''
  ) );
#8331 = PCURVE('',#1982,#8332);
#8332 = DEFINITIONAL_REPRESENTATION('',(#8333),#8337);
#8333 = LINE('',#8334,#8335);
#8334 = CARTESIAN_POINT('',(1.570796326795,0.));
#8335 = VECTOR('',#8336,1.);
#8336 = DIRECTION('',(0.,-1.));
#8337 = ( GEOMETRIC_REPRESENTATION_CONTEXT(2) 
PARAMETRIC_REPRESENTATION_CONTEXT() REPRESENTATION_CONTEXT('2D SPACE',''
  ) );
#8338 = ORIENTED_EDGE('',*,*,#6662,.F.);
#8339 = ORIENTED_EDGE('',*,*,#8340,.F.);
#8340 = EDGE_CURVE('',#1812,#6663,#8341,.T.);
#8341 = SURFACE_CURVE('',#8342,(#8346,#8353),.PCURVE_S1.);
#8342 = LINE('',#8343,#8344);
#8343 = CARTESIAN_POINT('',(17.3,1.428657787413,154.3));
#8344 = VECTOR('',#8345,1.);
#8345 = DIRECTION('',(1.,-1.110223024625E-16,1.110223024625E-16));
#8346 = PCURVE('',#1829,#8347);
#8347 = DEFINITIONAL_REPRESENTATION('',(#8348),#8352);
#8348 = LINE('',#8349,#8350);
#8349 = CARTESIAN_POINT('',(6.728657787414,7.47031080041E-16));
#8350 = VECTOR('',#8351,1.);
#8351 = DIRECTION('',(0.,-1.));
#8352 = ( GEOMETRIC_REPRESENTATION_CONTEXT(2) 
PARAMETRIC_REPRESENTATION_CONTEXT() REPRESENTATION_CONTEXT('2D SPACE',''
  ) );
#8353 = PCURVE('',#1862,#8354);
#8354 = DEFINITIONAL_REPRESENTATION('',(#8355),#8359);
#8355 = LINE('',#8356,#8357);
#8356 = CARTESIAN_POINT('',(1.570796326795,0.));
#8357 = VECTOR('',#8358,1.);
#8358 = DIRECTION('',(0.,-1.));
#8359 = ( GEOMETRIC_REPRESENTATION_CONTEXT(2) 
PARAMETRIC_REPRESENTATION_CONTEXT() REPRESENTATION_CONTEXT('2D SPACE',''
  ) );
#8360 = ADVANCED_FACE('',(#8361),#1862,.F.);
#8361 = FACE_BOUND('',#8362,.F.);
#8362 = EDGE_LOOP('',(#8363,#8364,#8365,#8366));
#8363 = ORIENTED_EDGE('',*,*,#1841,.F.);
#8364 = ORIENTED_EDGE('',*,*,#8340,.T.);
#8365 = ORIENTED_EDGE('',*,*,#6687,.T.);
#8366 = ORIENTED_EDGE('',*,*,#8367,.F.);
#8367 = EDGE_CURVE('',#1842,#6688,#8368,.T.);
#8368 = SURFACE_CURVE('',#8369,(#8373,#8380),.PCURVE_S1.);
#8369 = LINE('',#8370,#8371);
#8370 = CARTESIAN_POINT('',(17.3,3.467484177505,151.27344876077));
#8371 = VECTOR('',#8372,1.);
#8372 = DIRECTION('',(1.,-1.110223024625E-16,1.110223024625E-16));
#8373 = PCURVE('',#1862,#8374);
#8374 = DEFINITIONAL_REPRESENTATION('',(#8375),#8379);
#8375 = LINE('',#8376,#8377);
#8376 = CARTESIAN_POINT('',(3.526750159953,0.));
#8377 = VECTOR('',#8378,1.);
#8378 = DIRECTION('',(0.,-1.));
#8379 = ( GEOMETRIC_REPRESENTATION_CONTEXT(2) 
PARAMETRIC_REPRESENTATION_CONTEXT() REPRESENTATION_CONTEXT('2D SPACE',''
  ) );
#8380 = PCURVE('',#1890,#8381);
#8381 = DEFINITIONAL_REPRESENTATION('',(#8382),#8386);
#8382 = LINE('',#8383,#8384);
#8383 = CARTESIAN_POINT('',(0.,0.));
#8384 = VECTOR('',#8385,1.);
#8385 = DIRECTION('',(0.,-1.));
#8386 = ( GEOMETRIC_REPRESENTATION_CONTEXT(2) 
PARAMETRIC_REPRESENTATION_CONTEXT() REPRESENTATION_CONTEXT('2D SPACE',''
  ) );
#8387 = ADVANCED_FACE('',(#8388),#1982,.F.);
#8388 = FACE_BOUND('',#8389,.F.);
#8389 = EDGE_LOOP('',(#8390,#8391,#8412,#8413));
#8390 = ORIENTED_EDGE('',*,*,#1963,.F.);
#8391 = ORIENTED_EDGE('',*,*,#8392,.T.);
#8392 = EDGE_CURVE('',#1936,#6767,#8393,.T.);
#8393 = SURFACE_CURVE('',#8394,(#8398,#8405),.PCURVE_S1.);
#8394 = LINE('',#8395,#8396);
#8395 = CARTESIAN_POINT('',(17.3,-7.5,152.1));
#8396 = VECTOR('',#8397,1.);
#8397 = DIRECTION('',(1.,-1.110223024625E-16,1.110223024625E-16));
#8398 = PCURVE('',#1982,#8399);
#8399 = DEFINITIONAL_REPRESENTATION('',(#8400),#8404);
#8400 = LINE('',#8401,#8402);
#8401 = CARTESIAN_POINT('',(0.,0.));
#8402 = VECTOR('',#8403,1.);
#8403 = DIRECTION('',(0.,-1.));
#8404 = ( GEOMETRIC_REPRESENTATION_CONTEXT(2) 
PARAMETRIC_REPRESENTATION_CONTEXT() REPRESENTATION_CONTEXT('2D SPACE',''
  ) );
#8405 = PCURVE('',#1951,#8406);
#8406 = DEFINITIONAL_REPRESENTATION('',(#8407),#8411);
#8407 = LINE('',#8408,#8409);
#8408 = CARTESIAN_POINT('',(16.59735587562,1.710037014699E-15));
#8409 = VECTOR('',#8410,1.);
#8410 = DIRECTION('',(0.,-1.));
#8411 = ( GEOMETRIC_REPRESENTATION_CONTEXT(2) 
PARAMETRIC_REPRESENTATION_CONTEXT() REPRESENTATION_CONTEXT('2D SPACE',''
  ) );
#8412 = ORIENTED_EDGE('',*,*,#6789,.T.);
#8413 = ORIENTED_EDGE('',*,*,#8318,.F.);
#8414 = ADVANCED_FACE('',(#8415),#1890,.F.);
#8415 = FACE_BOUND('',#8416,.F.);
#8416 = EDGE_LOOP('',(#8417,#8418,#8419,#8420));
#8417 = ORIENTED_EDGE('',*,*,#1874,.T.);
#8418 = ORIENTED_EDGE('',*,*,#8367,.T.);
#8419 = ORIENTED_EDGE('',*,*,#6715,.F.);
#8420 = ORIENTED_EDGE('',*,*,#8421,.F.);
#8421 = EDGE_CURVE('',#1875,#6716,#8422,.T.);
#8422 = SURFACE_CURVE('',#8423,(#8427,#8434),.PCURVE_S1.);
#8423 = LINE('',#8424,#8425);
#8424 = CARTESIAN_POINT('',(17.3,-3.261173609909,134.67609288515));
#8425 = VECTOR('',#8426,1.);
#8426 = DIRECTION('',(1.,-1.110223024625E-16,1.110223024625E-16));
#8427 = PCURVE('',#1890,#8428);
#8428 = DEFINITIONAL_REPRESENTATION('',(#8429),#8433);
#8429 = LINE('',#8430,#8431);
#8430 = CARTESIAN_POINT('',(17.909412544305,-2.45706809474E-15));
#8431 = VECTOR('',#8432,1.);
#8432 = DIRECTION('',(0.,-1.));
#8433 = ( GEOMETRIC_REPRESENTATION_CONTEXT(2) 
PARAMETRIC_REPRESENTATION_CONTEXT() REPRESENTATION_CONTEXT('2D SPACE',''
  ) );
#8434 = PCURVE('',#1923,#8435);
#8435 = DEFINITIONAL_REPRESENTATION('',(#8436),#8440);
#8436 = LINE('',#8437,#8438);
#8437 = CARTESIAN_POINT('',(3.526750159953,0.));
#8438 = VECTOR('',#8439,1.);
#8439 = DIRECTION('',(0.,-1.));
#8440 = ( GEOMETRIC_REPRESENTATION_CONTEXT(2) 
PARAMETRIC_REPRESENTATION_CONTEXT() REPRESENTATION_CONTEXT('2D SPACE',''
  ) );
#8441 = ADVANCED_FACE('',(#8442),#1951,.F.);
#8442 = FACE_BOUND('',#8443,.F.);
#8443 = EDGE_LOOP('',(#8444,#8445,#8466,#8467));
#8444 = ORIENTED_EDGE('',*,*,#1935,.T.);
#8445 = ORIENTED_EDGE('',*,*,#8446,.T.);
#8446 = EDGE_CURVE('',#1903,#6739,#8447,.T.);
#8447 = SURFACE_CURVE('',#8448,(#8452,#8459),.PCURVE_S1.);
#8448 = LINE('',#8449,#8450);
#8449 = CARTESIAN_POINT('',(17.3,-7.5,135.50264412438));
#8450 = VECTOR('',#8451,1.);
#8451 = DIRECTION('',(1.,-1.110223024625E-16,1.110223024625E-16));
#8452 = PCURVE('',#1951,#8453);
#8453 = DEFINITIONAL_REPRESENTATION('',(#8454),#8458);
#8454 = LINE('',#8455,#8456);
#8455 = CARTESIAN_POINT('',(0.,0.));
#8456 = VECTOR('',#8457,1.);
#8457 = DIRECTION('',(0.,-1.));
#8458 = ( GEOMETRIC_REPRESENTATION_CONTEXT(2) 
PARAMETRIC_REPRESENTATION_CONTEXT() REPRESENTATION_CONTEXT('2D SPACE',''
  ) );
#8459 = PCURVE('',#1923,#8460);
#8460 = DEFINITIONAL_REPRESENTATION('',(#8461),#8465);
#8461 = LINE('',#8462,#8463);
#8462 = CARTESIAN_POINT('',(6.28318530718,0.));
#8463 = VECTOR('',#8464,1.);
#8464 = DIRECTION('',(0.,-1.));
#8465 = ( GEOMETRIC_REPRESENTATION_CONTEXT(2) 
PARAMETRIC_REPRESENTATION_CONTEXT() REPRESENTATION_CONTEXT('2D SPACE',''
  ) );
#8466 = ORIENTED_EDGE('',*,*,#6766,.F.);
#8467 = ORIENTED_EDGE('',*,*,#8392,.F.);
#8468 = ADVANCED_FACE('',(#8469),#1923,.F.);
#8469 = FACE_BOUND('',#8470,.F.);
#8470 = EDGE_LOOP('',(#8471,#8472,#8473,#8474));
#8471 = ORIENTED_EDGE('',*,*,#1902,.F.);
#8472 = ORIENTED_EDGE('',*,*,#8421,.T.);
#8473 = ORIENTED_EDGE('',*,*,#6738,.T.);
#8474 = ORIENTED_EDGE('',*,*,#8446,.F.);
#8475 = ADVANCED_FACE('',(#8476,#11879,#11910,#11941),#2015,.T.);
#8476 = FACE_BOUND('',#8477,.T.);
#8477 = EDGE_LOOP('',(#8478,#8479,#8480,#8481,#8482,#8483,#8484,#8485,
    #8486,#8487,#8510,#8533,#8556,#8579,#8602,#8625,#8648,#8671,#8694,
    #8717,#8740,#8763,#8786,#8809,#8832,#8855,#8878,#8901,#8924,#8947,
    #8970,#8993,#9016,#9039,#9062,#9085,#9108,#9131,#9154,#9177,#9200,
    #9223,#9246,#9269,#9292,#9315,#9338,#9361,#9384,#9407,#9430,#9453,
    #9476,#9499,#9522,#9545,#9568,#9591,#9614,#9637,#9660,#9683,#9706,
    #9729,#9752,#9775,#9798,#9821,#9844,#9867,#9890,#9913,#9936,#9959,
    #9982,#10005,#10028,#10051,#10074,#10097,#10120,#10143,#10166,#10189
    ,#10212,#10235,#10258,#10281,#10304,#10327,#10350,#10373,#10396,
    #10419,#10442,#10465,#10488,#10511,#10534,#10557,#10580,#10603,
    #10626,#10649,#10672,#10695,#10718,#10741,#10764,#10787,#10810,
    #10833,#10856,#10879,#10902,#10925,#10948,#10971,#10994,#11017,
    #11040,#11063,#11086,#11109,#11132,#11155,#11178,#11201,#11224,
    #11247,#11270,#11293,#11316,#11339,#11362,#11385,#11408,#11431,
    #11454,#11477,#11500,#11523,#11546,#11569,#11592,#11615,#11638,
    #11661,#11684,#11707,#11730,#11753,#11776,#11799,#11822,#11845,
    #11866,#11867,#11868,#11869,#11870,#11871,#11872,#11873,#11874,
    #11875,#11876,#11877,#11878));
#8478 = ORIENTED_EDGE('',*,*,#7545,.T.);
#8479 = ORIENTED_EDGE('',*,*,#7496,.T.);
#8480 = ORIENTED_EDGE('',*,*,#7447,.T.);
#8481 = ORIENTED_EDGE('',*,*,#7398,.T.);
#8482 = ORIENTED_EDGE('',*,*,#7349,.T.);
#8483 = ORIENTED_EDGE('',*,*,#7300,.T.);
#8484 = ORIENTED_EDGE('',*,*,#7251,.T.);
#8485 = ORIENTED_EDGE('',*,*,#7202,.T.);
#8486 = ORIENTED_EDGE('',*,*,#7130,.T.);
#8487 = ORIENTED_EDGE('',*,*,#8488,.T.);
#8488 = EDGE_CURVE('',#7133,#8489,#8491,.T.);
#8489 = VERTEX_POINT('',#8490);
#8490 = CARTESIAN_POINT('',(-19.5,-14.44700250051,186.30197596629));
#8491 = SURFACE_CURVE('',#8492,(#8496,#8503),.PCURVE_S1.);
#8492 = LINE('',#8493,#8494);
#8493 = CARTESIAN_POINT('',(-19.5,-14.34453491201,185.94863290655));
#8494 = VECTOR('',#8495,1.);
#8495 = DIRECTION('',(-1.375511048175E-16,-0.278519689385,0.960430519416
    ));
#8496 = PCURVE('',#2015,#8497);
#8497 = DEFINITIONAL_REPRESENTATION('',(#8498),#8502);
#8498 = LINE('',#8499,#8500);
#8499 = CARTESIAN_POINT('',(14.344534912013,6.710663777723));
#8500 = VECTOR('',#8501,1.);
#8501 = DIRECTION('',(0.278519689385,0.960430519416));
#8502 = ( GEOMETRIC_REPRESENTATION_CONTEXT(2) 
PARAMETRIC_REPRESENTATION_CONTEXT() REPRESENTATION_CONTEXT('2D SPACE',''
  ) );
#8503 = PCURVE('',#6923,#8504);
#8504 = DEFINITIONAL_REPRESENTATION('',(#8505),#8509);
#8505 = LINE('',#8506,#8507);
#8506 = CARTESIAN_POINT('',(0.,0.));
#8507 = VECTOR('',#8508,1.);
#8508 = DIRECTION('',(1.,0.));
#8509 = ( GEOMETRIC_REPRESENTATION_CONTEXT(2) 
PARAMETRIC_REPRESENTATION_CONTEXT() REPRESENTATION_CONTEXT('2D SPACE',''
  ) );
#8510 = ORIENTED_EDGE('',*,*,#8511,.T.);
#8511 = EDGE_CURVE('',#8489,#8512,#8514,.T.);
#8512 = VERTEX_POINT('',#8513);
#8513 = CARTESIAN_POINT('',(-19.5,-14.54076775491,186.65772728622));
#8514 = SURFACE_CURVE('',#8515,(#8519,#8526),.PCURVE_S1.);
#8515 = LINE('',#8516,#8517);
#8516 = CARTESIAN_POINT('',(-19.5,-14.44700250051,186.30197596629));
#8517 = VECTOR('',#8518,1.);
#8518 = DIRECTION('',(-1.356517265904E-16,-0.254865659605,0.966976471045
    ));
#8519 = PCURVE('',#2015,#8520);
#8520 = DEFINITIONAL_REPRESENTATION('',(#8521),#8525);
#8521 = LINE('',#8522,#8523);
#8522 = CARTESIAN_POINT('',(14.447002500513,7.064006837468));
#8523 = VECTOR('',#8524,1.);
#8524 = DIRECTION('',(0.254865659605,0.966976471045));
#8525 = ( GEOMETRIC_REPRESENTATION_CONTEXT(2) 
PARAMETRIC_REPRESENTATION_CONTEXT() REPRESENTATION_CONTEXT('2D SPACE',''
  ) );
#8526 = PCURVE('',#6951,#8527);
#8527 = DEFINITIONAL_REPRESENTATION('',(#8528),#8532);
#8528 = LINE('',#8529,#8530);
#8529 = CARTESIAN_POINT('',(0.,0.));
#8530 = VECTOR('',#8531,1.);
#8531 = DIRECTION('',(1.,-1.232595164408E-32));
#8532 = ( GEOMETRIC_REPRESENTATION_CONTEXT(2) 
PARAMETRIC_REPRESENTATION_CONTEXT() REPRESENTATION_CONTEXT('2D SPACE',''
  ) );
#8533 = ORIENTED_EDGE('',*,*,#8534,.T.);
#8534 = EDGE_CURVE('',#8512,#8535,#8537,.T.);
#8535 = VERTEX_POINT('',#8536);
#8536 = CARTESIAN_POINT('',(-19.5,-14.62577419453,187.01567257504));
#8537 = SURFACE_CURVE('',#8538,(#8542,#8549),.PCURVE_S1.);
#8538 = LINE('',#8539,#8540);
#8539 = CARTESIAN_POINT('',(-19.5,-14.54076775491,186.65772728622));
#8540 = VECTOR('',#8541,1.);
#8541 = DIRECTION('',(-1.336706368356E-16,-0.231058108281,0.972939952206
    ));
#8542 = PCURVE('',#2015,#8543);
#8543 = DEFINITIONAL_REPRESENTATION('',(#8544),#8548);
#8544 = LINE('',#8545,#8546);
#8545 = CARTESIAN_POINT('',(14.540767754916,7.419758157396));
#8546 = VECTOR('',#8547,1.);
#8547 = DIRECTION('',(0.231058108281,0.972939952206));
#8548 = ( GEOMETRIC_REPRESENTATION_CONTEXT(2) 
PARAMETRIC_REPRESENTATION_CONTEXT() REPRESENTATION_CONTEXT('2D SPACE',''
  ) );
#8549 = PCURVE('',#6979,#8550);
#8550 = DEFINITIONAL_REPRESENTATION('',(#8551),#8555);
#8551 = LINE('',#8552,#8553);
#8552 = CARTESIAN_POINT('',(0.,0.));
#8553 = VECTOR('',#8554,1.);
#8554 = DIRECTION('',(1.,0.));
#8555 = ( GEOMETRIC_REPRESENTATION_CONTEXT(2) 
PARAMETRIC_REPRESENTATION_CONTEXT() REPRESENTATION_CONTEXT('2D SPACE',''
  ) );
#8556 = ORIENTED_EDGE('',*,*,#8557,.T.);
#8557 = EDGE_CURVE('',#8535,#8558,#8560,.T.);
#8558 = VERTEX_POINT('',#8559);
#8559 = CARTESIAN_POINT('',(-19.5,-14.70197061467,187.37559621988));
#8560 = SURFACE_CURVE('',#8561,(#8565,#8572),.PCURVE_S1.);
#8561 = LINE('',#8562,#8563);
#8562 = CARTESIAN_POINT('',(-19.5,-14.62577419453,187.01567257504));
#8563 = VECTOR('',#8564,1.);
#8564 = DIRECTION('',(-1.316090288874E-16,-0.207111376192,0.97831737072)
  );
#8565 = PCURVE('',#2015,#8566);
#8566 = DEFINITIONAL_REPRESENTATION('',(#8567),#8571);
#8567 = LINE('',#8568,#8569);
#8568 = CARTESIAN_POINT('',(14.625774194536,7.777703446212));
#8569 = VECTOR('',#8570,1.);
#8570 = DIRECTION('',(0.207111376192,0.97831737072));
#8571 = ( GEOMETRIC_REPRESENTATION_CONTEXT(2) 
PARAMETRIC_REPRESENTATION_CONTEXT() REPRESENTATION_CONTEXT('2D SPACE',''
  ) );
#8572 = PCURVE('',#7007,#8573);
#8573 = DEFINITIONAL_REPRESENTATION('',(#8574),#8578);
#8574 = LINE('',#8575,#8576);
#8575 = CARTESIAN_POINT('',(0.,0.));
#8576 = VECTOR('',#8577,1.);
#8577 = DIRECTION('',(1.,0.));
#8578 = ( GEOMETRIC_REPRESENTATION_CONTEXT(2) 
PARAMETRIC_REPRESENTATION_CONTEXT() REPRESENTATION_CONTEXT('2D SPACE',''
  ) );
#8579 = ORIENTED_EDGE('',*,*,#8580,.T.);
#8580 = EDGE_CURVE('',#8558,#8581,#8583,.T.);
#8581 = VERTEX_POINT('',#8582);
#8582 = CARTESIAN_POINT('',(-19.5,-14.76931111745,187.73728141622));
#8583 = SURFACE_CURVE('',#8584,(#8588,#8595),.PCURVE_S1.);
#8584 = LINE('',#8585,#8586);
#8585 = CARTESIAN_POINT('',(-19.5,-14.70197061467,187.37559621988));
#8586 = VECTOR('',#8587,1.);
#8587 = DIRECTION('',(-1.294681445814E-16,-0.183039887955,0.983105487431
    ));
#8588 = PCURVE('',#2015,#8589);
#8589 = DEFINITIONAL_REPRESENTATION('',(#8590),#8594);
#8590 = LINE('',#8591,#8592);
#8591 = CARTESIAN_POINT('',(14.701970614676,8.137627091061));
#8592 = VECTOR('',#8593,1.);
#8593 = DIRECTION('',(0.183039887955,0.983105487431));
#8594 = ( GEOMETRIC_REPRESENTATION_CONTEXT(2) 
PARAMETRIC_REPRESENTATION_CONTEXT() REPRESENTATION_CONTEXT('2D SPACE',''
  ) );
#8595 = PCURVE('',#2412,#8596);
#8596 = DEFINITIONAL_REPRESENTATION('',(#8597),#8601);
#8597 = LINE('',#8598,#8599);
#8598 = CARTESIAN_POINT('',(0.,0.));
#8599 = VECTOR('',#8600,1.);
#8600 = DIRECTION('',(1.,0.));
#8601 = ( GEOMETRIC_REPRESENTATION_CONTEXT(2) 
PARAMETRIC_REPRESENTATION_CONTEXT() REPRESENTATION_CONTEXT('2D SPACE',''
  ) );
#8602 = ORIENTED_EDGE('',*,*,#8603,.T.);
#8603 = EDGE_CURVE('',#8581,#8604,#8606,.T.);
#8604 = VERTEX_POINT('',#8605);
#8605 = CARTESIAN_POINT('',(-19.5,-14.82775513948,188.1005102984));
#8606 = SURFACE_CURVE('',#8607,(#8611,#8618),.PCURVE_S1.);
#8607 = LINE('',#8608,#8609);
#8608 = CARTESIAN_POINT('',(-19.5,-14.76931111745,187.73728141622));
#8609 = VECTOR('',#8610,1.);
#8610 = DIRECTION('',(-1.272492735062E-16,-0.158858143334,0.987301418158
    ));
#8611 = PCURVE('',#2015,#8612);
#8612 = DEFINITIONAL_REPRESENTATION('',(#8613),#8617);
#8613 = LINE('',#8614,#8615);
#8614 = CARTESIAN_POINT('',(14.769311117458,8.499312287396));
#8615 = VECTOR('',#8616,1.);
#8616 = DIRECTION('',(0.158858143334,0.987301418158));
#8617 = ( GEOMETRIC_REPRESENTATION_CONTEXT(2) 
PARAMETRIC_REPRESENTATION_CONTEXT() REPRESENTATION_CONTEXT('2D SPACE',''
  ) );
#8618 = PCURVE('',#2440,#8619);
#8619 = DEFINITIONAL_REPRESENTATION('',(#8620),#8624);
#8620 = LINE('',#8621,#8622);
#8621 = CARTESIAN_POINT('',(0.,0.));
#8622 = VECTOR('',#8623,1.);
#8623 = DIRECTION('',(1.,-1.232595164408E-32));
#8624 = ( GEOMETRIC_REPRESENTATION_CONTEXT(2) 
PARAMETRIC_REPRESENTATION_CONTEXT() REPRESENTATION_CONTEXT('2D SPACE',''
  ) );
#8625 = ORIENTED_EDGE('',*,*,#8626,.T.);
#8626 = EDGE_CURVE('',#8604,#8627,#8629,.T.);
#8627 = VERTEX_POINT('',#8628);
#8628 = CARTESIAN_POINT('',(-19.5,-14.87726747626,188.46506407094));
#8629 = SURFACE_CURVE('',#8630,(#8634,#8641),.PCURVE_S1.);
#8630 = LINE('',#8631,#8632);
#8631 = CARTESIAN_POINT('',(-19.5,-14.82775513948,188.1005102984));
#8632 = VECTOR('',#8633,1.);
#8633 = DIRECTION('',(-1.249537522269E-16,-0.134580708507,0.990902635428
    ));
#8634 = PCURVE('',#2015,#8635);
#8635 = DEFINITIONAL_REPRESENTATION('',(#8636),#8640);
#8636 = LINE('',#8637,#8638);
#8637 = CARTESIAN_POINT('',(14.827755139484,8.86254116958));
#8638 = VECTOR('',#8639,1.);
#8639 = DIRECTION('',(0.134580708507,0.990902635428));
#8640 = ( GEOMETRIC_REPRESENTATION_CONTEXT(2) 
PARAMETRIC_REPRESENTATION_CONTEXT() REPRESENTATION_CONTEXT('2D SPACE',''
  ) );
#8641 = PCURVE('',#2468,#8642);
#8642 = DEFINITIONAL_REPRESENTATION('',(#8643),#8647);
#8643 = LINE('',#8644,#8645);
#8644 = CARTESIAN_POINT('',(0.,0.));
#8645 = VECTOR('',#8646,1.);
#8646 = DIRECTION('',(1.,-1.232595164408E-32));
#8647 = ( GEOMETRIC_REPRESENTATION_CONTEXT(2) 
PARAMETRIC_REPRESENTATION_CONTEXT() REPRESENTATION_CONTEXT('2D SPACE',''
  ) );
#8648 = ORIENTED_EDGE('',*,*,#8649,.T.);
#8649 = EDGE_CURVE('',#8627,#8650,#8652,.T.);
#8650 = VERTEX_POINT('',#8651);
#8651 = CARTESIAN_POINT('',(-19.5,-14.9178183034,188.83072314027));
#8652 = SURFACE_CURVE('',#8653,(#8657,#8664),.PCURVE_S1.);
#8653 = LINE('',#8654,#8655);
#8654 = CARTESIAN_POINT('',(-19.5,-14.87726747626,188.46506407094));
#8655 = VECTOR('',#8656,1.);
#8656 = DIRECTION('',(-1.225829634795E-16,-0.110222207294,0.993906970002
    ));
#8657 = PCURVE('',#2015,#8658);
#8658 = DEFINITIONAL_REPRESENTATION('',(#8659),#8663);
#8659 = LINE('',#8660,#8661);
#8660 = CARTESIAN_POINT('',(14.87726747626,9.227094942116));
#8661 = VECTOR('',#8662,1.);
#8662 = DIRECTION('',(0.110222207294,0.993906970002));
#8663 = ( GEOMETRIC_REPRESENTATION_CONTEXT(2) 
PARAMETRIC_REPRESENTATION_CONTEXT() REPRESENTATION_CONTEXT('2D SPACE',''
  ) );
#8664 = PCURVE('',#2496,#8665);
#8665 = DEFINITIONAL_REPRESENTATION('',(#8666),#8670);
#8666 = LINE('',#8667,#8668);
#8667 = CARTESIAN_POINT('',(0.,0.));
#8668 = VECTOR('',#8669,1.);
#8669 = DIRECTION('',(1.,-1.232595164408E-32));
#8670 = ( GEOMETRIC_REPRESENTATION_CONTEXT(2) 
PARAMETRIC_REPRESENTATION_CONTEXT() REPRESENTATION_CONTEXT('2D SPACE',''
  ) );
#8671 = ORIENTED_EDGE('',*,*,#8672,.T.);
#8672 = EDGE_CURVE('',#8650,#8673,#8675,.T.);
#8673 = VERTEX_POINT('',#8674);
#8674 = CARTESIAN_POINT('',(-19.5,-14.94938319461,189.19726724703));
#8675 = SURFACE_CURVE('',#8676,(#8680,#8687),.PCURVE_S1.);
#8676 = LINE('',#8677,#8678);
#8677 = CARTESIAN_POINT('',(-19.5,-14.9178183034,188.83072314027));
#8678 = VECTOR('',#8679,1.);
#8679 = DIRECTION('',(-1.201383353386E-16,-8.579731234444E-02,
    0.996312612183));
#8680 = PCURVE('',#2015,#8681);
#8681 = DEFINITIONAL_REPRESENTATION('',(#8682),#8686);
#8682 = LINE('',#8683,#8684);
#8683 = CARTESIAN_POINT('',(14.917818303404,9.592754011443));
#8684 = VECTOR('',#8685,1.);
#8685 = DIRECTION('',(8.579731234444E-02,0.996312612183));
#8686 = ( GEOMETRIC_REPRESENTATION_CONTEXT(2) 
PARAMETRIC_REPRESENTATION_CONTEXT() REPRESENTATION_CONTEXT('2D SPACE',''
  ) );
#8687 = PCURVE('',#2524,#8688);
#8688 = DEFINITIONAL_REPRESENTATION('',(#8689),#8693);
#8689 = LINE('',#8690,#8691);
#8690 = CARTESIAN_POINT('',(0.,0.));
#8691 = VECTOR('',#8692,1.);
#8692 = DIRECTION('',(1.,0.));
#8693 = ( GEOMETRIC_REPRESENTATION_CONTEXT(2) 
PARAMETRIC_REPRESENTATION_CONTEXT() REPRESENTATION_CONTEXT('2D SPACE',''
  ) );
#8694 = ORIENTED_EDGE('',*,*,#8695,.T.);
#8695 = EDGE_CURVE('',#8673,#8696,#8698,.T.);
#8696 = VERTEX_POINT('',#8697);
#8697 = CARTESIAN_POINT('',(-19.5,-14.97194313638,189.56447559878));
#8698 = SURFACE_CURVE('',#8699,(#8703,#8710),.PCURVE_S1.);
#8699 = LINE('',#8700,#8701);
#8700 = CARTESIAN_POINT('',(-19.5,-14.94938319461,189.19726724703));
#8701 = VECTOR('',#8702,1.);
#8702 = DIRECTION('',(-1.176213403567E-16,-6.132073630221E-02,
    0.9981181129));
#8703 = PCURVE('',#2015,#8704);
#8704 = DEFINITIONAL_REPRESENTATION('',(#8705),#8709);
#8705 = LINE('',#8706,#8707);
#8706 = CARTESIAN_POINT('',(14.949383194616,9.95929811821));
#8707 = VECTOR('',#8708,1.);
#8708 = DIRECTION('',(6.132073630221E-02,0.9981181129));
#8709 = ( GEOMETRIC_REPRESENTATION_CONTEXT(2) 
PARAMETRIC_REPRESENTATION_CONTEXT() REPRESENTATION_CONTEXT('2D SPACE',''
  ) );
#8710 = PCURVE('',#2552,#8711);
#8711 = DEFINITIONAL_REPRESENTATION('',(#8712),#8716);
#8712 = LINE('',#8713,#8714);
#8713 = CARTESIAN_POINT('',(0.,0.));
#8714 = VECTOR('',#8715,1.);
#8715 = DIRECTION('',(1.,0.));
#8716 = ( GEOMETRIC_REPRESENTATION_CONTEXT(2) 
PARAMETRIC_REPRESENTATION_CONTEXT() REPRESENTATION_CONTEXT('2D SPACE',''
  ) );
#8717 = ORIENTED_EDGE('',*,*,#8718,.T.);
#8718 = EDGE_CURVE('',#8696,#8719,#8721,.T.);
#8719 = VERTEX_POINT('',#8720);
#8720 = CARTESIAN_POINT('',(-19.5,-14.98548453944,189.93212700292));
#8721 = SURFACE_CURVE('',#8722,(#8726,#8733),.PCURVE_S1.);
#8722 = LINE('',#8723,#8724);
#8723 = CARTESIAN_POINT('',(-19.5,-14.97194313638,189.56447559878));
#8724 = VECTOR('',#8725,1.);
#8725 = DIRECTION('',(-1.150334946775E-16,-3.680722294136E-02,
    0.999322384588));
#8726 = PCURVE('',#2015,#8727);
#8727 = DEFINITIONAL_REPRESENTATION('',(#8728),#8732);
#8728 = LINE('',#8729,#8730);
#8729 = CARTESIAN_POINT('',(14.971943136384,10.326506469954));
#8730 = VECTOR('',#8731,1.);
#8731 = DIRECTION('',(3.680722294136E-02,0.999322384588));
#8732 = ( GEOMETRIC_REPRESENTATION_CONTEXT(2) 
PARAMETRIC_REPRESENTATION_CONTEXT() REPRESENTATION_CONTEXT('2D SPACE',''
  ) );
#8733 = PCURVE('',#2580,#8734);
#8734 = DEFINITIONAL_REPRESENTATION('',(#8735),#8739);
#8735 = LINE('',#8736,#8737);
#8736 = CARTESIAN_POINT('',(0.,0.));
#8737 = VECTOR('',#8738,1.);
#8738 = DIRECTION('',(1.,-1.232595164408E-32));
#8739 = ( GEOMETRIC_REPRESENTATION_CONTEXT(2) 
PARAMETRIC_REPRESENTATION_CONTEXT() REPRESENTATION_CONTEXT('2D SPACE',''
  ) );
#8740 = ORIENTED_EDGE('',*,*,#8741,.T.);
#8741 = EDGE_CURVE('',#8719,#8742,#8744,.T.);
#8742 = VERTEX_POINT('',#8743);
#8743 = CARTESIAN_POINT('',(-19.5,-14.98999924696,190.3));
#8744 = SURFACE_CURVE('',#8745,(#8749,#8756),.PCURVE_S1.);
#8745 = LINE('',#8746,#8747);
#8746 = CARTESIAN_POINT('',(-19.5,-14.98548453944,189.93212700292));
#8747 = VECTOR('',#8748,1.);
#8748 = DIRECTION('',(-1.123763571226E-16,-1.227153828572E-02,
    0.999924701839));
#8749 = PCURVE('',#2015,#8750);
#8750 = DEFINITIONAL_REPRESENTATION('',(#8751),#8755);
#8751 = LINE('',#8752,#8753);
#8752 = CARTESIAN_POINT('',(14.985484539445,10.694157874094));
#8753 = VECTOR('',#8754,1.);
#8754 = DIRECTION('',(1.227153828572E-02,0.999924701839));
#8755 = ( GEOMETRIC_REPRESENTATION_CONTEXT(2) 
PARAMETRIC_REPRESENTATION_CONTEXT() REPRESENTATION_CONTEXT('2D SPACE',''
  ) );
#8756 = PCURVE('',#2608,#8757);
#8757 = DEFINITIONAL_REPRESENTATION('',(#8758),#8762);
#8758 = LINE('',#8759,#8760);
#8759 = CARTESIAN_POINT('',(0.,0.));
#8760 = VECTOR('',#8761,1.);
#8761 = DIRECTION('',(1.,1.232595164408E-32));
#8762 = ( GEOMETRIC_REPRESENTATION_CONTEXT(2) 
PARAMETRIC_REPRESENTATION_CONTEXT() REPRESENTATION_CONTEXT('2D SPACE',''
  ) );
#8763 = ORIENTED_EDGE('',*,*,#8764,.T.);
#8764 = EDGE_CURVE('',#8742,#8765,#8767,.T.);
#8765 = VERTEX_POINT('',#8766);
#8766 = CARTESIAN_POINT('',(-19.5,-14.98548453944,190.66787299707));
#8767 = SURFACE_CURVE('',#8768,(#8772,#8779),.PCURVE_S1.);
#8768 = LINE('',#8769,#8770);
#8769 = CARTESIAN_POINT('',(-19.5,-14.98999924696,190.3));
#8770 = VECTOR('',#8771,1.);
#8771 = DIRECTION('',(-1.096515282521E-16,1.227153828572E-02,
    0.999924701839));
#8772 = PCURVE('',#2015,#8773);
#8773 = DEFINITIONAL_REPRESENTATION('',(#8774),#8778);
#8774 = LINE('',#8775,#8776);
#8775 = CARTESIAN_POINT('',(14.989999246962,11.062030871172));
#8776 = VECTOR('',#8777,1.);
#8777 = DIRECTION('',(-1.227153828572E-02,0.999924701839));
#8778 = ( GEOMETRIC_REPRESENTATION_CONTEXT(2) 
PARAMETRIC_REPRESENTATION_CONTEXT() REPRESENTATION_CONTEXT('2D SPACE',''
  ) );
#8779 = PCURVE('',#2636,#8780);
#8780 = DEFINITIONAL_REPRESENTATION('',(#8781),#8785);
#8781 = LINE('',#8782,#8783);
#8782 = CARTESIAN_POINT('',(0.,0.));
#8783 = VECTOR('',#8784,1.);
#8784 = DIRECTION('',(1.,0.));
#8785 = ( GEOMETRIC_REPRESENTATION_CONTEXT(2) 
PARAMETRIC_REPRESENTATION_CONTEXT() REPRESENTATION_CONTEXT('2D SPACE',''
  ) );
#8786 = ORIENTED_EDGE('',*,*,#8787,.T.);
#8787 = EDGE_CURVE('',#8765,#8788,#8790,.T.);
#8788 = VERTEX_POINT('',#8789);
#8789 = CARTESIAN_POINT('',(-19.5,-14.97194313638,191.03552440121));
#8790 = SURFACE_CURVE('',#8791,(#8795,#8802),.PCURVE_S1.);
#8791 = LINE('',#8792,#8793);
#8792 = CARTESIAN_POINT('',(-19.5,-14.98548453944,190.66787299707));
#8793 = VECTOR('',#8794,1.);
#8794 = DIRECTION('',(-1.068606494011E-16,3.680722294136E-02,
    0.999322384588));
#8795 = PCURVE('',#2015,#8796);
#8796 = DEFINITIONAL_REPRESENTATION('',(#8797),#8801);
#8797 = LINE('',#8798,#8799);
#8798 = CARTESIAN_POINT('',(14.985484539445,11.42990386825));
#8799 = VECTOR('',#8800,1.);
#8800 = DIRECTION('',(-3.680722294136E-02,0.999322384588));
#8801 = ( GEOMETRIC_REPRESENTATION_CONTEXT(2) 
PARAMETRIC_REPRESENTATION_CONTEXT() REPRESENTATION_CONTEXT('2D SPACE',''
  ) );
#8802 = PCURVE('',#2664,#8803);
#8803 = DEFINITIONAL_REPRESENTATION('',(#8804),#8808);
#8804 = LINE('',#8805,#8806);
#8805 = CARTESIAN_POINT('',(0.,0.));
#8806 = VECTOR('',#8807,1.);
#8807 = DIRECTION('',(1.,0.));
#8808 = ( GEOMETRIC_REPRESENTATION_CONTEXT(2) 
PARAMETRIC_REPRESENTATION_CONTEXT() REPRESENTATION_CONTEXT('2D SPACE',''
  ) );
#8809 = ORIENTED_EDGE('',*,*,#8810,.T.);
#8810 = EDGE_CURVE('',#8788,#8811,#8813,.T.);
#8811 = VERTEX_POINT('',#8812);
#8812 = CARTESIAN_POINT('',(-19.5,-14.94938319461,191.40273275296));
#8813 = SURFACE_CURVE('',#8814,(#8818,#8825),.PCURVE_S1.);
#8814 = LINE('',#8815,#8816);
#8815 = CARTESIAN_POINT('',(-19.5,-14.97194313638,191.03552440121));
#8816 = VECTOR('',#8817,1.);
#8817 = DIRECTION('',(-1.040054016907E-16,6.132073630221E-02,
    0.9981181129));
#8818 = PCURVE('',#2015,#8819);
#8819 = DEFINITIONAL_REPRESENTATION('',(#8820),#8824);
#8820 = LINE('',#8821,#8822);
#8821 = CARTESIAN_POINT('',(14.971943136384,11.79755527239));
#8822 = VECTOR('',#8823,1.);
#8823 = DIRECTION('',(-6.132073630221E-02,0.9981181129));
#8824 = ( GEOMETRIC_REPRESENTATION_CONTEXT(2) 
PARAMETRIC_REPRESENTATION_CONTEXT() REPRESENTATION_CONTEXT('2D SPACE',''
  ) );
#8825 = PCURVE('',#2692,#8826);
#8826 = DEFINITIONAL_REPRESENTATION('',(#8827),#8831);
#8827 = LINE('',#8828,#8829);
#8828 = CARTESIAN_POINT('',(0.,0.));
#8829 = VECTOR('',#8830,1.);
#8830 = DIRECTION('',(1.,0.));
#8831 = ( GEOMETRIC_REPRESENTATION_CONTEXT(2) 
PARAMETRIC_REPRESENTATION_CONTEXT() REPRESENTATION_CONTEXT('2D SPACE',''
  ) );
#8832 = ORIENTED_EDGE('',*,*,#8833,.T.);
#8833 = EDGE_CURVE('',#8811,#8834,#8836,.T.);
#8834 = VERTEX_POINT('',#8835);
#8835 = CARTESIAN_POINT('',(-19.5,-14.9178183034,191.76927685972));
#8836 = SURFACE_CURVE('',#8837,(#8841,#8848),.PCURVE_S1.);
#8837 = LINE('',#8838,#8839);
#8838 = CARTESIAN_POINT('',(-19.5,-14.94938319461,191.40273275296));
#8839 = VECTOR('',#8840,1.);
#8840 = DIRECTION('',(-1.010875050154E-16,8.579731234444E-02,
    0.996312612183));
#8841 = PCURVE('',#2015,#8842);
#8842 = DEFINITIONAL_REPRESENTATION('',(#8843),#8847);
#8843 = LINE('',#8844,#8845);
#8844 = CARTESIAN_POINT('',(14.949383194616,12.164763624134));
#8845 = VECTOR('',#8846,1.);
#8846 = DIRECTION('',(-8.579731234444E-02,0.996312612183));
#8847 = ( GEOMETRIC_REPRESENTATION_CONTEXT(2) 
PARAMETRIC_REPRESENTATION_CONTEXT() REPRESENTATION_CONTEXT('2D SPACE',''
  ) );
#8848 = PCURVE('',#2720,#8849);
#8849 = DEFINITIONAL_REPRESENTATION('',(#8850),#8854);
#8850 = LINE('',#8851,#8852);
#8851 = CARTESIAN_POINT('',(0.,0.));
#8852 = VECTOR('',#8853,1.);
#8853 = DIRECTION('',(1.,0.));
#8854 = ( GEOMETRIC_REPRESENTATION_CONTEXT(2) 
PARAMETRIC_REPRESENTATION_CONTEXT() REPRESENTATION_CONTEXT('2D SPACE',''
  ) );
#8855 = ORIENTED_EDGE('',*,*,#8856,.T.);
#8856 = EDGE_CURVE('',#8834,#8857,#8859,.T.);
#8857 = VERTEX_POINT('',#8858);
#8858 = CARTESIAN_POINT('',(-19.5,-14.87726747626,192.13493592905));
#8859 = SURFACE_CURVE('',#8860,(#8864,#8871),.PCURVE_S1.);
#8860 = LINE('',#8861,#8862);
#8861 = CARTESIAN_POINT('',(-19.5,-14.9178183034,191.76927685972));
#8862 = VECTOR('',#8863,1.);
#8863 = DIRECTION('',(-9.810871700694E-17,0.110222207294,0.993906970002)
  );
#8864 = PCURVE('',#2015,#8865);
#8865 = DEFINITIONAL_REPRESENTATION('',(#8866),#8870);
#8866 = LINE('',#8867,#8868);
#8867 = CARTESIAN_POINT('',(14.917818303404,12.531307730902));
#8868 = VECTOR('',#8869,1.);
#8869 = DIRECTION('',(-0.110222207294,0.993906970002));
#8870 = ( GEOMETRIC_REPRESENTATION_CONTEXT(2) 
PARAMETRIC_REPRESENTATION_CONTEXT() REPRESENTATION_CONTEXT('2D SPACE',''
  ) );
#8871 = PCURVE('',#2748,#8872);
#8872 = DEFINITIONAL_REPRESENTATION('',(#8873),#8877);
#8873 = LINE('',#8874,#8875);
#8874 = CARTESIAN_POINT('',(0.,0.));
#8875 = VECTOR('',#8876,1.);
#8876 = DIRECTION('',(1.,0.));
#8877 = ( GEOMETRIC_REPRESENTATION_CONTEXT(2) 
PARAMETRIC_REPRESENTATION_CONTEXT() REPRESENTATION_CONTEXT('2D SPACE',''
  ) );
#8878 = ORIENTED_EDGE('',*,*,#8879,.T.);
#8879 = EDGE_CURVE('',#8857,#8880,#8882,.T.);
#8880 = VERTEX_POINT('',#8881);
#8881 = CARTESIAN_POINT('',(-19.5,-14.82775513948,192.49948970159));
#8882 = SURFACE_CURVE('',#8883,(#8887,#8894),.PCURVE_S1.);
#8883 = LINE('',#8884,#8885);
#8884 = CARTESIAN_POINT('',(-19.5,-14.87726747626,192.13493592905));
#8885 = VECTOR('',#8886,1.);
#8886 = DIRECTION('',(-9.507083197587E-17,0.134580708507,0.990902635428)
  );
#8887 = PCURVE('',#2015,#8888);
#8888 = DEFINITIONAL_REPRESENTATION('',(#8889),#8893);
#8889 = LINE('',#8890,#8891);
#8890 = CARTESIAN_POINT('',(14.87726747626,12.896966800228));
#8891 = VECTOR('',#8892,1.);
#8892 = DIRECTION('',(-0.134580708507,0.990902635428));
#8893 = ( GEOMETRIC_REPRESENTATION_CONTEXT(2) 
PARAMETRIC_REPRESENTATION_CONTEXT() REPRESENTATION_CONTEXT('2D SPACE',''
  ) );
#8894 = PCURVE('',#2776,#8895);
#8895 = DEFINITIONAL_REPRESENTATION('',(#8896),#8900);
#8896 = LINE('',#8897,#8898);
#8897 = CARTESIAN_POINT('',(0.,0.));
#8898 = VECTOR('',#8899,1.);
#8899 = DIRECTION('',(1.,0.));
#8900 = ( GEOMETRIC_REPRESENTATION_CONTEXT(2) 
PARAMETRIC_REPRESENTATION_CONTEXT() REPRESENTATION_CONTEXT('2D SPACE',''
  ) );
#8901 = ORIENTED_EDGE('',*,*,#8902,.T.);
#8902 = EDGE_CURVE('',#8880,#8903,#8905,.T.);
#8903 = VERTEX_POINT('',#8904);
#8904 = CARTESIAN_POINT('',(-19.5,-14.76931111745,192.86271858377));
#8905 = SURFACE_CURVE('',#8906,(#8910,#8917),.PCURVE_S1.);
#8906 = LINE('',#8907,#8908);
#8907 = CARTESIAN_POINT('',(-19.5,-14.82775513948,192.49948970159));
#8908 = VECTOR('',#8909,1.);
#8909 = DIRECTION('',(-9.197567983055E-17,0.158858143334,0.987301418158)
  );
#8910 = PCURVE('',#2015,#8911);
#8911 = DEFINITIONAL_REPRESENTATION('',(#8912),#8916);
#8912 = LINE('',#8913,#8914);
#8913 = CARTESIAN_POINT('',(14.827755139484,13.261520572764));
#8914 = VECTOR('',#8915,1.);
#8915 = DIRECTION('',(-0.158858143334,0.987301418158));
#8916 = ( GEOMETRIC_REPRESENTATION_CONTEXT(2) 
PARAMETRIC_REPRESENTATION_CONTEXT() REPRESENTATION_CONTEXT('2D SPACE',''
  ) );
#8917 = PCURVE('',#2804,#8918);
#8918 = DEFINITIONAL_REPRESENTATION('',(#8919),#8923);
#8919 = LINE('',#8920,#8921);
#8920 = CARTESIAN_POINT('',(0.,0.));
#8921 = VECTOR('',#8922,1.);
#8922 = DIRECTION('',(1.,0.));
#8923 = ( GEOMETRIC_REPRESENTATION_CONTEXT(2) 
PARAMETRIC_REPRESENTATION_CONTEXT() REPRESENTATION_CONTEXT('2D SPACE',''
  ) );
#8924 = ORIENTED_EDGE('',*,*,#8925,.T.);
#8925 = EDGE_CURVE('',#8903,#8926,#8928,.T.);
#8926 = VERTEX_POINT('',#8927);
#8927 = CARTESIAN_POINT('',(-19.5,-14.70197061467,193.22440378011));
#8928 = SURFACE_CURVE('',#8929,(#8933,#8940),.PCURVE_S1.);
#8929 = LINE('',#8930,#8931);
#8930 = CARTESIAN_POINT('',(-19.5,-14.76931111745,192.86271858377));
#8931 = VECTOR('',#8932,1.);
#8932 = DIRECTION('',(-8.882512497489E-17,0.183039887955,0.983105487431)
  );
#8933 = PCURVE('',#2015,#8934);
#8934 = DEFINITIONAL_REPRESENTATION('',(#8935),#8939);
#8935 = LINE('',#8936,#8937);
#8936 = CARTESIAN_POINT('',(14.769311117458,13.624749454948));
#8937 = VECTOR('',#8938,1.);
#8938 = DIRECTION('',(-0.183039887955,0.983105487431));
#8939 = ( GEOMETRIC_REPRESENTATION_CONTEXT(2) 
PARAMETRIC_REPRESENTATION_CONTEXT() REPRESENTATION_CONTEXT('2D SPACE',''
  ) );
#8940 = PCURVE('',#2832,#8941);
#8941 = DEFINITIONAL_REPRESENTATION('',(#8942),#8946);
#8942 = LINE('',#8943,#8944);
#8943 = CARTESIAN_POINT('',(0.,0.));
#8944 = VECTOR('',#8945,1.);
#8945 = DIRECTION('',(1.,0.));
#8946 = ( GEOMETRIC_REPRESENTATION_CONTEXT(2) 
PARAMETRIC_REPRESENTATION_CONTEXT() REPRESENTATION_CONTEXT('2D SPACE',''
  ) );
#8947 = ORIENTED_EDGE('',*,*,#8948,.T.);
#8948 = EDGE_CURVE('',#8926,#8949,#8951,.T.);
#8949 = VERTEX_POINT('',#8950);
#8950 = CARTESIAN_POINT('',(-19.5,-14.62577419453,193.58432742496));
#8951 = SURFACE_CURVE('',#8952,(#8956,#8963),.PCURVE_S1.);
#8952 = LINE('',#8953,#8954);
#8953 = CARTESIAN_POINT('',(-19.5,-14.70197061467,193.22440378011));
#8954 = VECTOR('',#8955,1.);
#8955 = DIRECTION('',(-8.562106518533E-17,0.207111376192,0.97831737072)
  );
#8956 = PCURVE('',#2015,#8957);
#8957 = DEFINITIONAL_REPRESENTATION('',(#8958),#8962);
#8958 = LINE('',#8959,#8960);
#8959 = CARTESIAN_POINT('',(14.701970614676,13.986434651283));
#8960 = VECTOR('',#8961,1.);
#8961 = DIRECTION('',(-0.207111376192,0.97831737072));
#8962 = ( GEOMETRIC_REPRESENTATION_CONTEXT(2) 
PARAMETRIC_REPRESENTATION_CONTEXT() REPRESENTATION_CONTEXT('2D SPACE',''
  ) );
#8963 = PCURVE('',#2860,#8964);
#8964 = DEFINITIONAL_REPRESENTATION('',(#8965),#8969);
#8965 = LINE('',#8966,#8967);
#8966 = CARTESIAN_POINT('',(0.,0.));
#8967 = VECTOR('',#8968,1.);
#8968 = DIRECTION('',(1.,0.));
#8969 = ( GEOMETRIC_REPRESENTATION_CONTEXT(2) 
PARAMETRIC_REPRESENTATION_CONTEXT() REPRESENTATION_CONTEXT('2D SPACE',''
  ) );
#8970 = ORIENTED_EDGE('',*,*,#8971,.T.);
#8971 = EDGE_CURVE('',#8949,#8972,#8974,.T.);
#8972 = VERTEX_POINT('',#8973);
#8973 = CARTESIAN_POINT('',(-19.5,-14.54076775491,193.94227271377));
#8974 = SURFACE_CURVE('',#8975,(#8979,#8986),.PCURVE_S1.);
#8975 = LINE('',#8976,#8977);
#8976 = CARTESIAN_POINT('',(-19.5,-14.62577419453,193.58432742496));
#8977 = VECTOR('',#8978,1.);
#8978 = DIRECTION('',(-8.236543046768E-17,0.231058108281,0.972939952206)
  );
#8979 = PCURVE('',#2015,#8980);
#8980 = DEFINITIONAL_REPRESENTATION('',(#8981),#8985);
#8981 = LINE('',#8982,#8983);
#8982 = CARTESIAN_POINT('',(14.625774194536,14.346358296132));
#8983 = VECTOR('',#8984,1.);
#8984 = DIRECTION('',(-0.231058108281,0.972939952206));
#8985 = ( GEOMETRIC_REPRESENTATION_CONTEXT(2) 
PARAMETRIC_REPRESENTATION_CONTEXT() REPRESENTATION_CONTEXT('2D SPACE',''
  ) );
#8986 = PCURVE('',#2888,#8987);
#8987 = DEFINITIONAL_REPRESENTATION('',(#8988),#8992);
#8988 = LINE('',#8989,#8990);
#8989 = CARTESIAN_POINT('',(0.,0.));
#8990 = VECTOR('',#8991,1.);
#8991 = DIRECTION('',(1.,0.));
#8992 = ( GEOMETRIC_REPRESENTATION_CONTEXT(2) 
PARAMETRIC_REPRESENTATION_CONTEXT() REPRESENTATION_CONTEXT('2D SPACE',''
  ) );
#8993 = ORIENTED_EDGE('',*,*,#8994,.T.);
#8994 = EDGE_CURVE('',#8972,#8995,#8997,.T.);
#8995 = VERTEX_POINT('',#8996);
#8996 = CARTESIAN_POINT('',(-19.5,-14.44700250051,194.2980240337));
#8997 = SURFACE_CURVE('',#8998,(#9002,#9009),.PCURVE_S1.);
#8998 = LINE('',#8999,#9000);
#8999 = CARTESIAN_POINT('',(-19.5,-14.54076775491,193.94227271377));
#9000 = VECTOR('',#9001,1.);
#9001 = DIRECTION('',(-7.906018189456E-17,0.254865659605,0.966976471045)
  );
#9002 = PCURVE('',#2015,#9003);
#9003 = DEFINITIONAL_REPRESENTATION('',(#9004),#9008);
#9004 = LINE('',#9005,#9006);
#9005 = CARTESIAN_POINT('',(14.540767754916,14.704303584949));
#9006 = VECTOR('',#9007,1.);
#9007 = DIRECTION('',(-0.254865659605,0.966976471045));
#9008 = ( GEOMETRIC_REPRESENTATION_CONTEXT(2) 
PARAMETRIC_REPRESENTATION_CONTEXT() REPRESENTATION_CONTEXT('2D SPACE',''
  ) );
#9009 = PCURVE('',#2916,#9010);
#9010 = DEFINITIONAL_REPRESENTATION('',(#9011),#9015);
#9011 = LINE('',#9012,#9013);
#9012 = CARTESIAN_POINT('',(0.,0.));
#9013 = VECTOR('',#9014,1.);
#9014 = DIRECTION('',(1.,0.));
#9015 = ( GEOMETRIC_REPRESENTATION_CONTEXT(2) 
PARAMETRIC_REPRESENTATION_CONTEXT() REPRESENTATION_CONTEXT('2D SPACE',''
  ) );
#9016 = ORIENTED_EDGE('',*,*,#9017,.T.);
#9017 = EDGE_CURVE('',#8995,#9018,#9020,.T.);
#9018 = VERTEX_POINT('',#9019);
#9019 = CARTESIAN_POINT('',(-19.5,-14.34453491201,194.65136709344));
#9020 = SURFACE_CURVE('',#9021,(#9025,#9032),.PCURVE_S1.);
#9021 = LINE('',#9022,#9023);
#9022 = CARTESIAN_POINT('',(-19.5,-14.44700250051,194.2980240337));
#9023 = VECTOR('',#9024,1.);
#9024 = DIRECTION('',(-7.570731042411E-17,0.278519689385,0.960430519416)
  );
#9025 = PCURVE('',#2015,#9026);
#9026 = DEFINITIONAL_REPRESENTATION('',(#9027),#9031);
#9027 = LINE('',#9028,#9029);
#9028 = CARTESIAN_POINT('',(14.447002500513,15.060054904876));
#9029 = VECTOR('',#9030,1.);
#9030 = DIRECTION('',(-0.278519689385,0.960430519416));
#9031 = ( GEOMETRIC_REPRESENTATION_CONTEXT(2) 
PARAMETRIC_REPRESENTATION_CONTEXT() REPRESENTATION_CONTEXT('2D SPACE',''
  ) );
#9032 = PCURVE('',#2944,#9033);
#9033 = DEFINITIONAL_REPRESENTATION('',(#9034),#9038);
#9034 = LINE('',#9035,#9036);
#9035 = CARTESIAN_POINT('',(0.,0.));
#9036 = VECTOR('',#9037,1.);
#9037 = DIRECTION('',(1.,0.));
#9038 = ( GEOMETRIC_REPRESENTATION_CONTEXT(2) 
PARAMETRIC_REPRESENTATION_CONTEXT() REPRESENTATION_CONTEXT('2D SPACE',''
  ) );
#9039 = ORIENTED_EDGE('',*,*,#9040,.T.);
#9040 = EDGE_CURVE('',#9018,#9041,#9043,.T.);
#9041 = VERTEX_POINT('',#9042);
#9042 = CARTESIAN_POINT('',(-19.5,-14.23342671205,195.00208905236));
#9043 = SURFACE_CURVE('',#9044,(#9048,#9055),.PCURVE_S1.);
#9044 = LINE('',#9045,#9046);
#9045 = CARTESIAN_POINT('',(-19.5,-14.34453491201,194.65136709344));
#9046 = VECTOR('',#9047,1.);
#9047 = DIRECTION('',(-7.230883570075E-17,0.302005949319,0.953306040354)
  );
#9048 = PCURVE('',#2015,#9049);
#9049 = DEFINITIONAL_REPRESENTATION('',(#9050),#9054);
#9050 = LINE('',#9051,#9052);
#9051 = CARTESIAN_POINT('',(14.344534912013,15.413397964621));
#9052 = VECTOR('',#9053,1.);
#9053 = DIRECTION('',(-0.302005949319,0.953306040354));
#9054 = ( GEOMETRIC_REPRESENTATION_CONTEXT(2) 
PARAMETRIC_REPRESENTATION_CONTEXT() REPRESENTATION_CONTEXT('2D SPACE',''
  ) );
#9055 = PCURVE('',#2972,#9056);
#9056 = DEFINITIONAL_REPRESENTATION('',(#9057),#9061);
#9057 = LINE('',#9058,#9059);
#9058 = CARTESIAN_POINT('',(0.,0.));
#9059 = VECTOR('',#9060,1.);
#9060 = DIRECTION('',(1.,0.));
#9061 = ( GEOMETRIC_REPRESENTATION_CONTEXT(2) 
PARAMETRIC_REPRESENTATION_CONTEXT() REPRESENTATION_CONTEXT('2D SPACE',''
  ) );
#9062 = ORIENTED_EDGE('',*,*,#9063,.T.);
#9063 = EDGE_CURVE('',#9041,#9064,#9066,.T.);
#9064 = VERTEX_POINT('',#9065);
#9065 = CARTESIAN_POINT('',(-19.5,-14.11374482807,195.34997864865));
#9066 = SURFACE_CURVE('',#9067,(#9071,#9078),.PCURVE_S1.);
#9067 = LINE('',#9068,#9069);
#9068 = CARTESIAN_POINT('',(-19.5,-14.23342671205,195.00208905236));
#9069 = VECTOR('',#9070,1.);
#9070 = DIRECTION('',(-6.886680483856E-17,0.325310292162,0.945607325381)
  );
#9071 = PCURVE('',#2015,#9072);
#9072 = DEFINITIONAL_REPRESENTATION('',(#9073),#9077);
#9073 = LINE('',#9074,#9075);
#9074 = CARTESIAN_POINT('',(14.233426712059,15.764119923537));
#9075 = VECTOR('',#9076,1.);
#9076 = DIRECTION('',(-0.325310292162,0.945607325381));
#9077 = ( GEOMETRIC_REPRESENTATION_CONTEXT(2) 
PARAMETRIC_REPRESENTATION_CONTEXT() REPRESENTATION_CONTEXT('2D SPACE',''
  ) );
#9078 = PCURVE('',#3000,#9079);
#9079 = DEFINITIONAL_REPRESENTATION('',(#9080),#9084);
#9080 = LINE('',#9081,#9082);
#9081 = CARTESIAN_POINT('',(0.,0.));
#9082 = VECTOR('',#9083,1.);
#9083 = DIRECTION('',(1.,0.));
#9084 = ( GEOMETRIC_REPRESENTATION_CONTEXT(2) 
PARAMETRIC_REPRESENTATION_CONTEXT() REPRESENTATION_CONTEXT('2D SPACE',''
  ) );
#9085 = ORIENTED_EDGE('',*,*,#9086,.T.);
#9086 = EDGE_CURVE('',#9064,#9087,#9089,.T.);
#9087 = VERTEX_POINT('',#9088);
#9088 = CARTESIAN_POINT('',(-19.5,-13.98556135195,195.69482632664));
#9089 = SURFACE_CURVE('',#9090,(#9094,#9101),.PCURVE_S1.);
#9090 = LINE('',#9091,#9092);
#9091 = CARTESIAN_POINT('',(-19.5,-14.11374482807,195.34997864865));
#9092 = VECTOR('',#9093,1.);
#9093 = DIRECTION('',(-6.538329118823E-17,0.348418680249,0.937339011913)
  );
#9094 = PCURVE('',#2015,#9095);
#9095 = DEFINITIONAL_REPRESENTATION('',(#9096),#9100);
#9096 = LINE('',#9097,#9098);
#9097 = CARTESIAN_POINT('',(14.113744828075,16.112009519831));
#9098 = VECTOR('',#9099,1.);
#9099 = DIRECTION('',(-0.348418680249,0.937339011913));
#9100 = ( GEOMETRIC_REPRESENTATION_CONTEXT(2) 
PARAMETRIC_REPRESENTATION_CONTEXT() REPRESENTATION_CONTEXT('2D SPACE',''
  ) );
#9101 = PCURVE('',#3028,#9102);
#9102 = DEFINITIONAL_REPRESENTATION('',(#9103),#9107);
#9103 = LINE('',#9104,#9105);
#9104 = CARTESIAN_POINT('',(0.,0.));
#9105 = VECTOR('',#9106,1.);
#9106 = DIRECTION('',(1.,0.));
#9107 = ( GEOMETRIC_REPRESENTATION_CONTEXT(2) 
PARAMETRIC_REPRESENTATION_CONTEXT() REPRESENTATION_CONTEXT('2D SPACE',''
  ) );
#9108 = ORIENTED_EDGE('',*,*,#9109,.T.);
#9109 = EDGE_CURVE('',#9087,#9110,#9112,.T.);
#9110 = VERTEX_POINT('',#9111);
#9111 = CARTESIAN_POINT('',(-19.5,-13.84895349662,196.03642436297));
#9112 = SURFACE_CURVE('',#9113,(#9117,#9124),.PCURVE_S1.);
#9113 = LINE('',#9114,#9115);
#9114 = CARTESIAN_POINT('',(-19.5,-13.98556135195,195.69482632664));
#9115 = VECTOR('',#9116,1.);
#9116 = DIRECTION('',(-6.186039308813E-17,0.371317193952,0.928506080473)
  );
#9117 = PCURVE('',#2015,#9118);
#9118 = DEFINITIONAL_REPRESENTATION('',(#9119),#9123);
#9119 = LINE('',#9120,#9121);
#9120 = CARTESIAN_POINT('',(13.985561351953,16.456857197817));
#9121 = VECTOR('',#9122,1.);
#9122 = DIRECTION('',(-0.371317193952,0.928506080473));
#9123 = ( GEOMETRIC_REPRESENTATION_CONTEXT(2) 
PARAMETRIC_REPRESENTATION_CONTEXT() REPRESENTATION_CONTEXT('2D SPACE',''
  ) );
#9124 = PCURVE('',#3056,#9125);
#9125 = DEFINITIONAL_REPRESENTATION('',(#9126),#9130);
#9126 = LINE('',#9127,#9128);
#9127 = CARTESIAN_POINT('',(0.,0.));
#9128 = VECTOR('',#9129,1.);
#9129 = DIRECTION('',(1.,0.));
#9130 = ( GEOMETRIC_REPRESENTATION_CONTEXT(2) 
PARAMETRIC_REPRESENTATION_CONTEXT() REPRESENTATION_CONTEXT('2D SPACE',''
  ) );
#9131 = ORIENTED_EDGE('',*,*,#9132,.T.);
#9132 = EDGE_CURVE('',#9110,#9133,#9135,.T.);
#9133 = VERTEX_POINT('',#9134);
#9134 = CARTESIAN_POINT('',(-19.5,-13.70400354956,196.37456699177));
#9135 = SURFACE_CURVE('',#9136,(#9140,#9147),.PCURVE_S1.);
#9136 = LINE('',#9137,#9138);
#9137 = CARTESIAN_POINT('',(-19.5,-13.84895349662,196.03642436297));
#9138 = VECTOR('',#9139,1.);
#9139 = DIRECTION('',(-5.830023260034E-17,0.393992040061,0.91911385169)
  );
#9140 = PCURVE('',#2015,#9141);
#9141 = DEFINITIONAL_REPRESENTATION('',(#9142),#9146);
#9142 = LINE('',#9143,#9144);
#9143 = CARTESIAN_POINT('',(13.848953496627,16.79845523415));
#9144 = VECTOR('',#9145,1.);
#9145 = DIRECTION('',(-0.393992040061,0.91911385169));
#9146 = ( GEOMETRIC_REPRESENTATION_CONTEXT(2) 
PARAMETRIC_REPRESENTATION_CONTEXT() REPRESENTATION_CONTEXT('2D SPACE',''
  ) );
#9147 = PCURVE('',#3084,#9148);
#9148 = DEFINITIONAL_REPRESENTATION('',(#9149),#9153);
#9149 = LINE('',#9150,#9151);
#9150 = CARTESIAN_POINT('',(0.,0.));
#9151 = VECTOR('',#9152,1.);
#9152 = DIRECTION('',(1.,0.));
#9153 = ( GEOMETRIC_REPRESENTATION_CONTEXT(2) 
PARAMETRIC_REPRESENTATION_CONTEXT() REPRESENTATION_CONTEXT('2D SPACE',''
  ) );
#9154 = ORIENTED_EDGE('',*,*,#9155,.T.);
#9155 = EDGE_CURVE('',#9133,#9156,#9158,.T.);
#9156 = VERTEX_POINT('',#9157);
#9157 = CARTESIAN_POINT('',(-19.5,-13.55079882318,196.70905052855));
#9158 = SURFACE_CURVE('',#9159,(#9163,#9170),.PCURVE_S1.);
#9159 = LINE('',#9160,#9161);
#9160 = CARTESIAN_POINT('',(-19.5,-13.70400354956,196.37456699177));
#9161 = VECTOR('',#9162,1.);
#9162 = DIRECTION('',(-5.470495423242E-17,0.416429560098,0.909167983091)
  );
#9163 = PCURVE('',#2015,#9164);
#9164 = DEFINITIONAL_REPRESENTATION('',(#9165),#9169);
#9165 = LINE('',#9166,#9167);
#9166 = CARTESIAN_POINT('',(13.704003549561,17.136597862944));
#9167 = VECTOR('',#9168,1.);
#9168 = DIRECTION('',(-0.416429560098,0.909167983091));
#9169 = ( GEOMETRIC_REPRESENTATION_CONTEXT(2) 
PARAMETRIC_REPRESENTATION_CONTEXT() REPRESENTATION_CONTEXT('2D SPACE',''
  ) );
#9170 = PCURVE('',#3112,#9171);
#9171 = DEFINITIONAL_REPRESENTATION('',(#9172),#9176);
#9172 = LINE('',#9173,#9174);
#9173 = CARTESIAN_POINT('',(0.,0.));
#9174 = VECTOR('',#9175,1.);
#9175 = DIRECTION('',(1.,0.));
#9176 = ( GEOMETRIC_REPRESENTATION_CONTEXT(2) 
PARAMETRIC_REPRESENTATION_CONTEXT() REPRESENTATION_CONTEXT('2D SPACE',''
  ) );
#9177 = ORIENTED_EDGE('',*,*,#9178,.T.);
#9178 = EDGE_CURVE('',#9156,#9179,#9181,.T.);
#9179 = VERTEX_POINT('',#9180);
#9180 = CARTESIAN_POINT('',(-19.5,-13.38943160228,197.03967349294));
#9181 = SURFACE_CURVE('',#9182,(#9186,#9193),.PCURVE_S1.);
#9182 = LINE('',#9183,#9184);
#9183 = CARTESIAN_POINT('',(-19.5,-13.55079882318,196.70905052855));
#9184 = VECTOR('',#9185,1.);
#9185 = DIRECTION('',(-5.107672364562E-17,0.438616238539,0.898674465694)
  );
#9186 = PCURVE('',#2015,#9187);
#9187 = DEFINITIONAL_REPRESENTATION('',(#9188),#9192);
#9188 = LINE('',#9189,#9190);
#9189 = CARTESIAN_POINT('',(13.550798823182,17.471081399727));
#9190 = VECTOR('',#9191,1.);
#9191 = DIRECTION('',(-0.438616238539,0.898674465694));
#9192 = ( GEOMETRIC_REPRESENTATION_CONTEXT(2) 
PARAMETRIC_REPRESENTATION_CONTEXT() REPRESENTATION_CONTEXT('2D SPACE',''
  ) );
#9193 = PCURVE('',#3140,#9194);
#9194 = DEFINITIONAL_REPRESENTATION('',(#9195),#9199);
#9195 = LINE('',#9196,#9197);
#9196 = CARTESIAN_POINT('',(0.,0.));
#9197 = VECTOR('',#9198,1.);
#9198 = DIRECTION('',(1.,0.));
#9199 = ( GEOMETRIC_REPRESENTATION_CONTEXT(2) 
PARAMETRIC_REPRESENTATION_CONTEXT() REPRESENTATION_CONTEXT('2D SPACE',''
  ) );
#9200 = ORIENTED_EDGE('',*,*,#9201,.T.);
#9201 = EDGE_CURVE('',#9179,#9202,#9204,.T.);
#9202 = VERTEX_POINT('',#9203);
#9203 = CARTESIAN_POINT('',(-19.5,-13.21999908846,197.36623673004));
#9204 = SURFACE_CURVE('',#9205,(#9209,#9216),.PCURVE_S1.);
#9205 = LINE('',#9206,#9207);
#9206 = CARTESIAN_POINT('',(-19.5,-13.38943160228,197.03967349294));
#9207 = VECTOR('',#9208,1.);
#9208 = DIRECTION('',(-4.741772635038E-17,0.460538710958,0.887639620403)
  );
#9209 = PCURVE('',#2015,#9210);
#9210 = DEFINITIONAL_REPRESENTATION('',(#9211),#9215);
#9211 = LINE('',#9212,#9213);
#9212 = CARTESIAN_POINT('',(13.389431602289,17.80170436412));
#9213 = VECTOR('',#9214,1.);
#9214 = DIRECTION('',(-0.460538710958,0.887639620403));
#9215 = ( GEOMETRIC_REPRESENTATION_CONTEXT(2) 
PARAMETRIC_REPRESENTATION_CONTEXT() REPRESENTATION_CONTEXT('2D SPACE',''
  ) );
#9216 = PCURVE('',#3168,#9217);
#9217 = DEFINITIONAL_REPRESENTATION('',(#9218),#9222);
#9218 = LINE('',#9219,#9220);
#9219 = CARTESIAN_POINT('',(0.,0.));
#9220 = VECTOR('',#9221,1.);
#9221 = DIRECTION('',(1.,0.));
#9222 = ( GEOMETRIC_REPRESENTATION_CONTEXT(2) 
PARAMETRIC_REPRESENTATION_CONTEXT() REPRESENTATION_CONTEXT('2D SPACE',''
  ) );
#9223 = ORIENTED_EDGE('',*,*,#9224,.T.);
#9224 = EDGE_CURVE('',#9202,#9225,#9227,.T.);
#9225 = VERTEX_POINT('',#9226);
#9226 = CARTESIAN_POINT('',(-19.5,-13.04260334151,197.68854353035));
#9227 = SURFACE_CURVE('',#9228,(#9232,#9239),.PCURVE_S1.);
#9228 = LINE('',#9229,#9230);
#9229 = CARTESIAN_POINT('',(-19.5,-13.21999908846,197.36623673004));
#9230 = VECTOR('',#9231,1.);
#9231 = DIRECTION('',(-4.373016638983E-17,0.482183772079,0.876070094195)
  );
#9232 = PCURVE('',#2015,#9233);
#9233 = DEFINITIONAL_REPRESENTATION('',(#9234),#9238);
#9234 = LINE('',#9235,#9236);
#9235 = CARTESIAN_POINT('',(13.219999088461,18.128267601214));
#9236 = VECTOR('',#9237,1.);
#9237 = DIRECTION('',(-0.482183772079,0.876070094195));
#9238 = ( GEOMETRIC_REPRESENTATION_CONTEXT(2) 
PARAMETRIC_REPRESENTATION_CONTEXT() REPRESENTATION_CONTEXT('2D SPACE',''
  ) );
#9239 = PCURVE('',#3196,#9240);
#9240 = DEFINITIONAL_REPRESENTATION('',(#9241),#9245);
#9241 = LINE('',#9242,#9243);
#9242 = CARTESIAN_POINT('',(0.,0.));
#9243 = VECTOR('',#9244,1.);
#9244 = DIRECTION('',(1.,0.));
#9245 = ( GEOMETRIC_REPRESENTATION_CONTEXT(2) 
PARAMETRIC_REPRESENTATION_CONTEXT() REPRESENTATION_CONTEXT('2D SPACE',''
  ) );
#9246 = ORIENTED_EDGE('',*,*,#9247,.T.);
#9247 = EDGE_CURVE('',#9225,#9248,#9250,.T.);
#9248 = VERTEX_POINT('',#9249);
#9249 = CARTESIAN_POINT('',(-19.5,-12.857351218,198.00639974831));
#9250 = SURFACE_CURVE('',#9251,(#9255,#9262),.PCURVE_S1.);
#9251 = LINE('',#9252,#9253);
#9252 = CARTESIAN_POINT('',(-19.5,-13.04260334151,197.68854353035));
#9253 = VECTOR('',#9254,1.);
#9254 = DIRECTION('',(-4.001626501226E-17,0.503538383726,0.863972856122)
  );
#9255 = PCURVE('',#2015,#9256);
#9256 = DEFINITIONAL_REPRESENTATION('',(#9257),#9261);
#9257 = LINE('',#9258,#9259);
#9258 = CARTESIAN_POINT('',(13.042603341511,18.450574401525));
#9259 = VECTOR('',#9260,1.);
#9260 = DIRECTION('',(-0.503538383726,0.863972856122));
#9261 = ( GEOMETRIC_REPRESENTATION_CONTEXT(2) 
PARAMETRIC_REPRESENTATION_CONTEXT() REPRESENTATION_CONTEXT('2D SPACE',''
  ) );
#9262 = PCURVE('',#3224,#9263);
#9263 = DEFINITIONAL_REPRESENTATION('',(#9264),#9268);
#9264 = LINE('',#9265,#9266);
#9265 = CARTESIAN_POINT('',(0.,0.));
#9266 = VECTOR('',#9267,1.);
#9267 = DIRECTION('',(1.,0.));
#9268 = ( GEOMETRIC_REPRESENTATION_CONTEXT(2) 
PARAMETRIC_REPRESENTATION_CONTEXT() REPRESENTATION_CONTEXT('2D SPACE',''
  ) );
#9269 = ORIENTED_EDGE('',*,*,#9270,.T.);
#9270 = EDGE_CURVE('',#9248,#9271,#9273,.T.);
#9271 = VERTEX_POINT('',#9272);
#9272 = CARTESIAN_POINT('',(-19.5,-12.66435430688,198.31961391923));
#9273 = SURFACE_CURVE('',#9274,(#9278,#9285),.PCURVE_S1.);
#9274 = LINE('',#9275,#9276);
#9275 = CARTESIAN_POINT('',(-19.5,-12.857351218,198.00639974831));
#9276 = VECTOR('',#9277,1.);
#9277 = DIRECTION('',(-3.627825933292E-17,0.524589682678,0.851355193105)
  );
#9278 = PCURVE('',#2015,#9279);
#9279 = DEFINITIONAL_REPRESENTATION('',(#9280),#9284);
#9280 = LINE('',#9281,#9282);
#9281 = CARTESIAN_POINT('',(12.857351218002,18.768430619489));
#9282 = VECTOR('',#9283,1.);
#9283 = DIRECTION('',(-0.524589682678,0.851355193105));
#9284 = ( GEOMETRIC_REPRESENTATION_CONTEXT(2) 
PARAMETRIC_REPRESENTATION_CONTEXT() REPRESENTATION_CONTEXT('2D SPACE',''
  ) );
#9285 = PCURVE('',#3252,#9286);
#9286 = DEFINITIONAL_REPRESENTATION('',(#9287),#9291);
#9287 = LINE('',#9288,#9289);
#9288 = CARTESIAN_POINT('',(0.,0.));
#9289 = VECTOR('',#9290,1.);
#9290 = DIRECTION('',(1.,0.));
#9291 = ( GEOMETRIC_REPRESENTATION_CONTEXT(2) 
PARAMETRIC_REPRESENTATION_CONTEXT() REPRESENTATION_CONTEXT('2D SPACE',''
  ) );
#9292 = ORIENTED_EDGE('',*,*,#9293,.T.);
#9293 = EDGE_CURVE('',#9271,#9294,#9296,.T.);
#9294 = VERTEX_POINT('',#9295);
#9295 = CARTESIAN_POINT('',(-19.5,-12.46372886228,198.62799737459));
#9296 = SURFACE_CURVE('',#9297,(#9301,#9308),.PCURVE_S1.);
#9297 = LINE('',#9298,#9299);
#9298 = CARTESIAN_POINT('',(-19.5,-12.66435430688,198.31961391923));
#9299 = VECTOR('',#9300,1.);
#9300 = DIRECTION('',(-3.251840098671E-17,0.545324988422,0.838224705555)
  );
#9301 = PCURVE('',#2015,#9302);
#9302 = DEFINITIONAL_REPRESENTATION('',(#9303),#9307);
#9303 = LINE('',#9304,#9305);
#9304 = CARTESIAN_POINT('',(12.664354306886,19.081644790406));
#9305 = VECTOR('',#9306,1.);
#9306 = DIRECTION('',(-0.545324988422,0.838224705555));
#9307 = ( GEOMETRIC_REPRESENTATION_CONTEXT(2) 
PARAMETRIC_REPRESENTATION_CONTEXT() REPRESENTATION_CONTEXT('2D SPACE',''
  ) );
#9308 = PCURVE('',#3280,#9309);
#9309 = DEFINITIONAL_REPRESENTATION('',(#9310),#9314);
#9310 = LINE('',#9311,#9312);
#9311 = CARTESIAN_POINT('',(0.,0.));
#9312 = VECTOR('',#9313,1.);
#9313 = DIRECTION('',(1.,0.));
#9314 = ( GEOMETRIC_REPRESENTATION_CONTEXT(2) 
PARAMETRIC_REPRESENTATION_CONTEXT() REPRESENTATION_CONTEXT('2D SPACE',''
  ) );
#9315 = ORIENTED_EDGE('',*,*,#9316,.T.);
#9316 = EDGE_CURVE('',#9294,#9317,#9319,.T.);
#9317 = VERTEX_POINT('',#9318);
#9318 = CARTESIAN_POINT('',(-19.5,-12.25559573347,198.93136435574));
#9319 = SURFACE_CURVE('',#9320,(#9324,#9331),.PCURVE_S1.);
#9320 = LINE('',#9321,#9322);
#9321 = CARTESIAN_POINT('',(-19.5,-12.46372886228,198.62799737459));
#9322 = VECTOR('',#9323,1.);
#9323 = DIRECTION('',(-2.873895477166E-17,0.565731810784,0.824589302785)
  );
#9324 = PCURVE('',#2015,#9325);
#9325 = DEFINITIONAL_REPRESENTATION('',(#9326),#9330);
#9326 = LINE('',#9327,#9328);
#9327 = CARTESIAN_POINT('',(12.463728862287,19.39002824577));
#9328 = VECTOR('',#9329,1.);
#9329 = DIRECTION('',(-0.565731810784,0.824589302785));
#9330 = ( GEOMETRIC_REPRESENTATION_CONTEXT(2) 
PARAMETRIC_REPRESENTATION_CONTEXT() REPRESENTATION_CONTEXT('2D SPACE',''
  ) );
#9331 = PCURVE('',#3308,#9332);
#9332 = DEFINITIONAL_REPRESENTATION('',(#9333),#9337);
#9333 = LINE('',#9334,#9335);
#9334 = CARTESIAN_POINT('',(0.,0.));
#9335 = VECTOR('',#9336,1.);
#9336 = DIRECTION('',(1.,0.));
#9337 = ( GEOMETRIC_REPRESENTATION_CONTEXT(2) 
PARAMETRIC_REPRESENTATION_CONTEXT() REPRESENTATION_CONTEXT('2D SPACE',''
  ) );
#9338 = ORIENTED_EDGE('',*,*,#9339,.T.);
#9339 = EDGE_CURVE('',#9317,#9340,#9342,.T.);
#9340 = VERTEX_POINT('',#9341);
#9341 = CARTESIAN_POINT('',(-19.5,-12.04008029204,199.22953212575));
#9342 = SURFACE_CURVE('',#9343,(#9347,#9354),.PCURVE_S1.);
#9343 = LINE('',#9344,#9345);
#9344 = CARTESIAN_POINT('',(-19.5,-12.25559573347,198.93136435574));
#9345 = VECTOR('',#9346,1.);
#9346 = DIRECTION('',(-2.49421972849E-17,0.585797857456,0.810457198253)
  );
#9347 = PCURVE('',#2015,#9348);
#9348 = DEFINITIONAL_REPRESENTATION('',(#9349),#9353);
#9349 = LINE('',#9350,#9351);
#9350 = CARTESIAN_POINT('',(12.25559573347,19.69339522692));
#9351 = VECTOR('',#9352,1.);
#9352 = DIRECTION('',(-0.585797857456,0.810457198253));
#9353 = ( GEOMETRIC_REPRESENTATION_CONTEXT(2) 
PARAMETRIC_REPRESENTATION_CONTEXT() REPRESENTATION_CONTEXT('2D SPACE',''
  ) );
#9354 = PCURVE('',#3336,#9355);
#9355 = DEFINITIONAL_REPRESENTATION('',(#9356),#9360);
#9356 = LINE('',#9357,#9358);
#9357 = CARTESIAN_POINT('',(0.,0.));
#9358 = VECTOR('',#9359,1.);
#9359 = DIRECTION('',(1.,0.));
#9360 = ( GEOMETRIC_REPRESENTATION_CONTEXT(2) 
PARAMETRIC_REPRESENTATION_CONTEXT() REPRESENTATION_CONTEXT('2D SPACE',''
  ) );
#9361 = ORIENTED_EDGE('',*,*,#9362,.T.);
#9362 = EDGE_CURVE('',#9340,#9363,#9365,.T.);
#9363 = VERTEX_POINT('',#9364);
#9364 = CARTESIAN_POINT('',(-19.5,-11.81731235646,199.52232107951));
#9365 = SURFACE_CURVE('',#9366,(#9370,#9377),.PCURVE_S1.);
#9366 = LINE('',#9367,#9368);
#9367 = CARTESIAN_POINT('',(-19.5,-12.04008029204,199.22953212575));
#9368 = VECTOR('',#9369,1.);
#9369 = DIRECTION('',(-2.113041555114E-17,0.605511041404,0.795836904609)
  );
#9370 = PCURVE('',#2015,#9371);
#9371 = DEFINITIONAL_REPRESENTATION('',(#9372),#9376);
#9372 = LINE('',#9373,#9374);
#9373 = CARTESIAN_POINT('',(12.040080292049,19.991562996929));
#9374 = VECTOR('',#9375,1.);
#9375 = DIRECTION('',(-0.605511041404,0.795836904609));
#9376 = ( GEOMETRIC_REPRESENTATION_CONTEXT(2) 
PARAMETRIC_REPRESENTATION_CONTEXT() REPRESENTATION_CONTEXT('2D SPACE',''
  ) );
#9377 = PCURVE('',#3364,#9378);
#9378 = DEFINITIONAL_REPRESENTATION('',(#9379),#9383);
#9379 = LINE('',#9380,#9381);
#9380 = CARTESIAN_POINT('',(0.,0.));
#9381 = VECTOR('',#9382,1.);
#9382 = DIRECTION('',(1.,0.));
#9383 = ( GEOMETRIC_REPRESENTATION_CONTEXT(2) 
PARAMETRIC_REPRESENTATION_CONTEXT() REPRESENTATION_CONTEXT('2D SPACE',''
  ) );
#9384 = ORIENTED_EDGE('',*,*,#9385,.T.);
#9385 = EDGE_CURVE('',#9363,#9386,#9388,.T.);
#9386 = VERTEX_POINT('',#9387);
#9387 = CARTESIAN_POINT('',(-19.5,-11.5874261138,199.80955485189));
#9388 = SURFACE_CURVE('',#9389,(#9393,#9400),.PCURVE_S1.);
#9389 = LINE('',#9390,#9391);
#9390 = CARTESIAN_POINT('',(-19.5,-11.81731235646,199.52232107951));
#9391 = VECTOR('',#9392,1.);
#9392 = DIRECTION('',(-1.730590564515E-17,0.624859488142,0.780737228572)
  );
#9393 = PCURVE('',#2015,#9394);
#9394 = DEFINITIONAL_REPRESENTATION('',(#9395),#9399);
#9395 = LINE('',#9396,#9397);
#9396 = CARTESIAN_POINT('',(11.817312356467,20.284351950683));
#9397 = VECTOR('',#9398,1.);
#9398 = DIRECTION('',(-0.624859488142,0.780737228572));
#9399 = ( GEOMETRIC_REPRESENTATION_CONTEXT(2) 
PARAMETRIC_REPRESENTATION_CONTEXT() REPRESENTATION_CONTEXT('2D SPACE',''
  ) );
#9400 = PCURVE('',#3392,#9401);
#9401 = DEFINITIONAL_REPRESENTATION('',(#9402),#9406);
#9402 = LINE('',#9403,#9404);
#9403 = CARTESIAN_POINT('',(0.,0.));
#9404 = VECTOR('',#9405,1.);
#9405 = DIRECTION('',(1.,0.));
#9406 = ( GEOMETRIC_REPRESENTATION_CONTEXT(2) 
PARAMETRIC_REPRESENTATION_CONTEXT() REPRESENTATION_CONTEXT('2D SPACE',''
  ) );
#9407 = ORIENTED_EDGE('',*,*,#9408,.T.);
#9408 = EDGE_CURVE('',#9386,#9409,#9411,.T.);
#9409 = VERTEX_POINT('',#9410);
#9410 = CARTESIAN_POINT('',(-19.5,-11.35056003892,200.09106042401));
#9411 = SURFACE_CURVE('',#9412,(#9416,#9423),.PCURVE_S1.);
#9412 = LINE('',#9413,#9414);
#9413 = CARTESIAN_POINT('',(-19.5,-11.5874261138,199.80955485189));
#9414 = VECTOR('',#9415,1.);
#9415 = DIRECTION('',(-1.347097130874E-17,0.64383154289,0.765167265622)
  );
#9416 = PCURVE('',#2015,#9417);
#9417 = DEFINITIONAL_REPRESENTATION('',(#9418),#9422);
#9418 = LINE('',#9419,#9420);
#9419 = CARTESIAN_POINT('',(11.587426113801,20.571585723062));
#9420 = VECTOR('',#9421,1.);
#9421 = DIRECTION('',(-0.64383154289,0.765167265622));
#9422 = ( GEOMETRIC_REPRESENTATION_CONTEXT(2) 
PARAMETRIC_REPRESENTATION_CONTEXT() REPRESENTATION_CONTEXT('2D SPACE',''
  ) );
#9423 = PCURVE('',#3420,#9424);
#9424 = DEFINITIONAL_REPRESENTATION('',(#9425),#9429);
#9425 = LINE('',#9426,#9427);
#9426 = CARTESIAN_POINT('',(0.,0.));
#9427 = VECTOR('',#9428,1.);
#9428 = DIRECTION('',(1.,0.));
#9429 = ( GEOMETRIC_REPRESENTATION_CONTEXT(2) 
PARAMETRIC_REPRESENTATION_CONTEXT() REPRESENTATION_CONTEXT('2D SPACE',''
  ) );
#9430 = ORIENTED_EDGE('',*,*,#9431,.T.);
#9431 = EDGE_CURVE('',#9409,#9432,#9434,.T.);
#9432 = VERTEX_POINT('',#9433);
#9433 = CARTESIAN_POINT('',(-19.5,-11.1068568111,200.36666822744));
#9434 = SURFACE_CURVE('',#9435,(#9439,#9446),.PCURVE_S1.);
#9435 = LINE('',#9436,#9437);
#9436 = CARTESIAN_POINT('',(-19.5,-11.35056003892,200.09106042401));
#9437 = VECTOR('',#9438,1.);
#9438 = DIRECTION('',(-9.627922562894E-18,0.66241577759,0.749136394523)
  );
#9439 = PCURVE('',#2015,#9440);
#9440 = DEFINITIONAL_REPRESENTATION('',(#9441),#9445);
#9441 = LINE('',#9442,#9443);
#9442 = CARTESIAN_POINT('',(11.350560038925,20.853091295186));
#9443 = VECTOR('',#9444,1.);
#9444 = DIRECTION('',(-0.66241577759,0.749136394523));
#9445 = ( GEOMETRIC_REPRESENTATION_CONTEXT(2) 
PARAMETRIC_REPRESENTATION_CONTEXT() REPRESENTATION_CONTEXT('2D SPACE',''
  ) );
#9446 = PCURVE('',#3448,#9447);
#9447 = DEFINITIONAL_REPRESENTATION('',(#9448),#9452);
#9448 = LINE('',#9449,#9450);
#9449 = CARTESIAN_POINT('',(0.,0.));
#9450 = VECTOR('',#9451,1.);
#9451 = DIRECTION('',(1.,0.));
#9452 = ( GEOMETRIC_REPRESENTATION_CONTEXT(2) 
PARAMETRIC_REPRESENTATION_CONTEXT() REPRESENTATION_CONTEXT('2D SPACE',''
  ) );
#9453 = ORIENTED_EDGE('',*,*,#9454,.T.);
#9454 = EDGE_CURVE('',#9432,#9455,#9457,.T.);
#9455 = VERTEX_POINT('',#9456);
#9456 = CARTESIAN_POINT('',(-19.5,-10.85646322805,200.63621224635));
#9457 = SURFACE_CURVE('',#9458,(#9462,#9469),.PCURVE_S1.);
#9458 = LINE('',#9459,#9460);
#9459 = CARTESIAN_POINT('',(-19.5,-11.1068568111,200.36666822744));
#9460 = VECTOR('',#9461,1.);
#9461 = DIRECTION('',(-5.779074316537E-18,0.680600997795,0.732654271672)
  );
#9462 = PCURVE('',#2015,#9463);
#9463 = DEFINITIONAL_REPRESENTATION('',(#9464),#9468);
#9464 = LINE('',#9465,#9466);
#9465 = CARTESIAN_POINT('',(11.106856811107,21.128699098619));
#9466 = VECTOR('',#9467,1.);
#9467 = DIRECTION('',(-0.680600997795,0.732654271672));
#9468 = ( GEOMETRIC_REPRESENTATION_CONTEXT(2) 
PARAMETRIC_REPRESENTATION_CONTEXT() REPRESENTATION_CONTEXT('2D SPACE',''
  ) );
#9469 = PCURVE('',#3476,#9470);
#9470 = DEFINITIONAL_REPRESENTATION('',(#9471),#9475);
#9471 = LINE('',#9472,#9473);
#9472 = CARTESIAN_POINT('',(0.,0.));
#9473 = VECTOR('',#9474,1.);
#9474 = DIRECTION('',(1.,0.));
#9475 = ( GEOMETRIC_REPRESENTATION_CONTEXT(2) 
PARAMETRIC_REPRESENTATION_CONTEXT() REPRESENTATION_CONTEXT('2D SPACE',''
  ) );
#9476 = ORIENTED_EDGE('',*,*,#9477,.T.);
#9477 = EDGE_CURVE('',#9455,#9478,#9480,.T.);
#9478 = VERTEX_POINT('',#9479);
#9479 = CARTESIAN_POINT('',(-19.5,-10.5995301175,200.8995301175));
#9480 = SURFACE_CURVE('',#9481,(#9485,#9492),.PCURVE_S1.);
#9481 = LINE('',#9482,#9483);
#9482 = CARTESIAN_POINT('',(-19.5,-10.85646322805,200.63621224635));
#9483 = VECTOR('',#9484,1.);
#9484 = DIRECTION('',(-1.92674497189E-18,0.698376249409,0.715730825284)
  );
#9485 = PCURVE('',#2015,#9486);
#9486 = DEFINITIONAL_REPRESENTATION('',(#9487),#9491);
#9487 = LINE('',#9488,#9489);
#9488 = CARTESIAN_POINT('',(10.856463228056,21.398243117531));
#9489 = VECTOR('',#9490,1.);
#9490 = DIRECTION('',(-0.698376249409,0.715730825284));
#9491 = ( GEOMETRIC_REPRESENTATION_CONTEXT(2) 
PARAMETRIC_REPRESENTATION_CONTEXT() REPRESENTATION_CONTEXT('2D SPACE',''
  ) );
#9492 = PCURVE('',#3504,#9493);
#9493 = DEFINITIONAL_REPRESENTATION('',(#9494),#9498);
#9494 = LINE('',#9495,#9496);
#9495 = CARTESIAN_POINT('',(0.,0.));
#9496 = VECTOR('',#9497,1.);
#9497 = DIRECTION('',(1.,0.));
#9498 = ( GEOMETRIC_REPRESENTATION_CONTEXT(2) 
PARAMETRIC_REPRESENTATION_CONTEXT() REPRESENTATION_CONTEXT('2D SPACE',''
  ) );
#9499 = ORIENTED_EDGE('',*,*,#9500,.T.);
#9500 = EDGE_CURVE('',#9478,#9501,#9503,.T.);
#9501 = VERTEX_POINT('',#9502);
#9502 = CARTESIAN_POINT('',(-19.5,-10.33621224635,201.15646322805));
#9503 = SURFACE_CURVE('',#9504,(#9508,#9515),.PCURVE_S1.);
#9504 = LINE('',#9505,#9506);
#9505 = CARTESIAN_POINT('',(-19.5,-10.5995301175,200.8995301175));
#9506 = VECTOR('',#9507,1.);
#9507 = DIRECTION('',(1.926744971891E-18,0.715730825284,0.698376249409)
  );
#9508 = PCURVE('',#2015,#9509);
#9509 = DEFINITIONAL_REPRESENTATION('',(#9510),#9514);
#9510 = LINE('',#9511,#9512);
#9511 = CARTESIAN_POINT('',(10.599530117508,21.66156098868));
#9512 = VECTOR('',#9513,1.);
#9513 = DIRECTION('',(-0.715730825284,0.698376249409));
#9514 = ( GEOMETRIC_REPRESENTATION_CONTEXT(2) 
PARAMETRIC_REPRESENTATION_CONTEXT() REPRESENTATION_CONTEXT('2D SPACE',''
  ) );
#9515 = PCURVE('',#3532,#9516);
#9516 = DEFINITIONAL_REPRESENTATION('',(#9517),#9521);
#9517 = LINE('',#9518,#9519);
#9518 = CARTESIAN_POINT('',(0.,0.));
#9519 = VECTOR('',#9520,1.);
#9520 = DIRECTION('',(1.,0.));
#9521 = ( GEOMETRIC_REPRESENTATION_CONTEXT(2) 
PARAMETRIC_REPRESENTATION_CONTEXT() REPRESENTATION_CONTEXT('2D SPACE',''
  ) );
#9522 = ORIENTED_EDGE('',*,*,#9523,.T.);
#9523 = EDGE_CURVE('',#9501,#9524,#9526,.T.);
#9524 = VERTEX_POINT('',#9525);
#9525 = CARTESIAN_POINT('',(-19.5,-10.06666822744,201.4068568111));
#9526 = SURFACE_CURVE('',#9527,(#9531,#9538),.PCURVE_S1.);
#9527 = LINE('',#9528,#9529);
#9528 = CARTESIAN_POINT('',(-19.5,-10.33621224635,201.15646322805));
#9529 = VECTOR('',#9530,1.);
#9530 = DIRECTION('',(5.779074316531E-18,0.732654271672,0.680600997795)
  );
#9531 = PCURVE('',#2015,#9532);
#9532 = DEFINITIONAL_REPRESENTATION('',(#9533),#9537);
#9533 = LINE('',#9534,#9535);
#9534 = CARTESIAN_POINT('',(10.336212246358,21.918494099229));
#9535 = VECTOR('',#9536,1.);
#9536 = DIRECTION('',(-0.732654271672,0.680600997795));
#9537 = ( GEOMETRIC_REPRESENTATION_CONTEXT(2) 
PARAMETRIC_REPRESENTATION_CONTEXT() REPRESENTATION_CONTEXT('2D SPACE',''
  ) );
#9538 = PCURVE('',#3560,#9539);
#9539 = DEFINITIONAL_REPRESENTATION('',(#9540),#9544);
#9540 = LINE('',#9541,#9542);
#9541 = CARTESIAN_POINT('',(0.,0.));
#9542 = VECTOR('',#9543,1.);
#9543 = DIRECTION('',(1.,0.));
#9544 = ( GEOMETRIC_REPRESENTATION_CONTEXT(2) 
PARAMETRIC_REPRESENTATION_CONTEXT() REPRESENTATION_CONTEXT('2D SPACE',''
  ) );
#9545 = ORIENTED_EDGE('',*,*,#9546,.T.);
#9546 = EDGE_CURVE('',#9524,#9547,#9549,.T.);
#9547 = VERTEX_POINT('',#9548);
#9548 = CARTESIAN_POINT('',(-19.5,-9.791060424013,201.65056003892));
#9549 = SURFACE_CURVE('',#9550,(#9554,#9561),.PCURVE_S1.);
#9550 = LINE('',#9551,#9552);
#9551 = CARTESIAN_POINT('',(-19.5,-10.06666822744,201.4068568111));
#9552 = VECTOR('',#9553,1.);
#9553 = DIRECTION('',(9.627922562906E-18,0.749136394523,0.66241577759));
#9554 = PCURVE('',#2015,#9555);
#9555 = DEFINITIONAL_REPRESENTATION('',(#9556),#9560);
#9556 = LINE('',#9557,#9558);
#9557 = CARTESIAN_POINT('',(10.066668227447,22.168887682278));
#9558 = VECTOR('',#9559,1.);
#9559 = DIRECTION('',(-0.749136394523,0.66241577759));
#9560 = ( GEOMETRIC_REPRESENTATION_CONTEXT(2) 
PARAMETRIC_REPRESENTATION_CONTEXT() REPRESENTATION_CONTEXT('2D SPACE',''
  ) );
#9561 = PCURVE('',#3588,#9562);
#9562 = DEFINITIONAL_REPRESENTATION('',(#9563),#9567);
#9563 = LINE('',#9564,#9565);
#9564 = CARTESIAN_POINT('',(0.,0.));
#9565 = VECTOR('',#9566,1.);
#9566 = DIRECTION('',(1.,0.));
#9567 = ( GEOMETRIC_REPRESENTATION_CONTEXT(2) 
PARAMETRIC_REPRESENTATION_CONTEXT() REPRESENTATION_CONTEXT('2D SPACE',''
  ) );
#9568 = ORIENTED_EDGE('',*,*,#9569,.T.);
#9569 = EDGE_CURVE('',#9547,#9570,#9572,.T.);
#9570 = VERTEX_POINT('',#9571);
#9571 = CARTESIAN_POINT('',(-19.5,-9.50955485189,201.8874261138));
#9572 = SURFACE_CURVE('',#9573,(#9577,#9584),.PCURVE_S1.);
#9573 = LINE('',#9574,#9575);
#9574 = CARTESIAN_POINT('',(-19.5,-9.791060424013,201.65056003892));
#9575 = VECTOR('',#9576,1.);
#9576 = DIRECTION('',(1.347097130873E-17,0.765167265622,0.64383154289));
#9577 = PCURVE('',#2015,#9578);
#9578 = DEFINITIONAL_REPRESENTATION('',(#9579),#9583);
#9579 = LINE('',#9580,#9581);
#9580 = CARTESIAN_POINT('',(9.791060424013,22.412590910097));
#9581 = VECTOR('',#9582,1.);
#9582 = DIRECTION('',(-0.765167265622,0.64383154289));
#9583 = ( GEOMETRIC_REPRESENTATION_CONTEXT(2) 
PARAMETRIC_REPRESENTATION_CONTEXT() REPRESENTATION_CONTEXT('2D SPACE',''
  ) );
#9584 = PCURVE('',#3616,#9585);
#9585 = DEFINITIONAL_REPRESENTATION('',(#9586),#9590);
#9586 = LINE('',#9587,#9588);
#9587 = CARTESIAN_POINT('',(0.,0.));
#9588 = VECTOR('',#9589,1.);
#9589 = DIRECTION('',(1.,0.));
#9590 = ( GEOMETRIC_REPRESENTATION_CONTEXT(2) 
PARAMETRIC_REPRESENTATION_CONTEXT() REPRESENTATION_CONTEXT('2D SPACE',''
  ) );
#9591 = ORIENTED_EDGE('',*,*,#9592,.T.);
#9592 = EDGE_CURVE('',#9570,#9593,#9595,.T.);
#9593 = VERTEX_POINT('',#9594);
#9594 = CARTESIAN_POINT('',(-19.5,-9.222321079511,202.11731235646));
#9595 = SURFACE_CURVE('',#9596,(#9600,#9607),.PCURVE_S1.);
#9596 = LINE('',#9597,#9598);
#9597 = CARTESIAN_POINT('',(-19.5,-9.50955485189,201.8874261138));
#9598 = VECTOR('',#9599,1.);
#9599 = DIRECTION('',(1.730590564516E-17,0.780737228572,0.624859488142)
  );
#9600 = PCURVE('',#2015,#9601);
#9601 = DEFINITIONAL_REPRESENTATION('',(#9602),#9606);
#9602 = LINE('',#9603,#9604);
#9603 = CARTESIAN_POINT('',(9.50955485189,22.649456984973));
#9604 = VECTOR('',#9605,1.);
#9605 = DIRECTION('',(-0.780737228572,0.624859488142));
#9606 = ( GEOMETRIC_REPRESENTATION_CONTEXT(2) 
PARAMETRIC_REPRESENTATION_CONTEXT() REPRESENTATION_CONTEXT('2D SPACE',''
  ) );
#9607 = PCURVE('',#3644,#9608);
#9608 = DEFINITIONAL_REPRESENTATION('',(#9609),#9613);
#9609 = LINE('',#9610,#9611);
#9610 = CARTESIAN_POINT('',(0.,0.));
#9611 = VECTOR('',#9612,1.);
#9612 = DIRECTION('',(1.,0.));
#9613 = ( GEOMETRIC_REPRESENTATION_CONTEXT(2) 
PARAMETRIC_REPRESENTATION_CONTEXT() REPRESENTATION_CONTEXT('2D SPACE',''
  ) );
#9614 = ORIENTED_EDGE('',*,*,#9615,.T.);
#9615 = EDGE_CURVE('',#9593,#9616,#9618,.T.);
#9616 = VERTEX_POINT('',#9617);
#9617 = CARTESIAN_POINT('',(-19.5,-8.929532125757,202.34008029204));
#9618 = SURFACE_CURVE('',#9619,(#9623,#9630),.PCURVE_S1.);
#9619 = LINE('',#9620,#9621);
#9620 = CARTESIAN_POINT('',(-19.5,-9.222321079511,202.11731235646));
#9621 = VECTOR('',#9622,1.);
#9622 = DIRECTION('',(2.113041555114E-17,0.795836904609,0.605511041404)
  );
#9623 = PCURVE('',#2015,#9624);
#9624 = DEFINITIONAL_REPRESENTATION('',(#9625),#9629);
#9625 = LINE('',#9626,#9627);
#9626 = CARTESIAN_POINT('',(9.222321079511,22.87934322764));
#9627 = VECTOR('',#9628,1.);
#9628 = DIRECTION('',(-0.795836904609,0.605511041404));
#9629 = ( GEOMETRIC_REPRESENTATION_CONTEXT(2) 
PARAMETRIC_REPRESENTATION_CONTEXT() REPRESENTATION_CONTEXT('2D SPACE',''
  ) );
#9630 = PCURVE('',#3672,#9631);
#9631 = DEFINITIONAL_REPRESENTATION('',(#9632),#9636);
#9632 = LINE('',#9633,#9634);
#9633 = CARTESIAN_POINT('',(0.,0.));
#9634 = VECTOR('',#9635,1.);
#9635 = DIRECTION('',(1.,0.));
#9636 = ( GEOMETRIC_REPRESENTATION_CONTEXT(2) 
PARAMETRIC_REPRESENTATION_CONTEXT() REPRESENTATION_CONTEXT('2D SPACE',''
  ) );
#9637 = ORIENTED_EDGE('',*,*,#9638,.T.);
#9638 = EDGE_CURVE('',#9616,#9639,#9641,.T.);
#9639 = VERTEX_POINT('',#9640);
#9640 = CARTESIAN_POINT('',(-19.5,-8.631364355748,202.55559573346));
#9641 = SURFACE_CURVE('',#9642,(#9646,#9653),.PCURVE_S1.);
#9642 = LINE('',#9643,#9644);
#9643 = CARTESIAN_POINT('',(-19.5,-8.929532125757,202.34008029204));
#9644 = VECTOR('',#9645,1.);
#9645 = DIRECTION('',(2.49421972849E-17,0.810457198253,0.585797857456));
#9646 = PCURVE('',#2015,#9647);
#9647 = DEFINITIONAL_REPRESENTATION('',(#9648),#9652);
#9648 = LINE('',#9649,#9650);
#9649 = CARTESIAN_POINT('',(8.929532125757,23.102111163221));
#9650 = VECTOR('',#9651,1.);
#9651 = DIRECTION('',(-0.810457198253,0.585797857456));
#9652 = ( GEOMETRIC_REPRESENTATION_CONTEXT(2) 
PARAMETRIC_REPRESENTATION_CONTEXT() REPRESENTATION_CONTEXT('2D SPACE',''
  ) );
#9653 = PCURVE('',#3700,#9654);
#9654 = DEFINITIONAL_REPRESENTATION('',(#9655),#9659);
#9655 = LINE('',#9656,#9657);
#9656 = CARTESIAN_POINT('',(0.,0.));
#9657 = VECTOR('',#9658,1.);
#9658 = DIRECTION('',(1.,0.));
#9659 = ( GEOMETRIC_REPRESENTATION_CONTEXT(2) 
PARAMETRIC_REPRESENTATION_CONTEXT() REPRESENTATION_CONTEXT('2D SPACE',''
  ) );
#9660 = ORIENTED_EDGE('',*,*,#9661,.T.);
#9661 = EDGE_CURVE('',#9639,#9662,#9664,.T.);
#9662 = VERTEX_POINT('',#9663);
#9663 = CARTESIAN_POINT('',(-19.5,-8.327997374598,202.76372886228));
#9664 = SURFACE_CURVE('',#9665,(#9669,#9676),.PCURVE_S1.);
#9665 = LINE('',#9666,#9667);
#9666 = CARTESIAN_POINT('',(-19.5,-8.631364355748,202.55559573346));
#9667 = VECTOR('',#9668,1.);
#9668 = DIRECTION('',(2.873895477166E-17,0.824589302785,0.565731810784)
  );
#9669 = PCURVE('',#2015,#9670);
#9670 = DEFINITIONAL_REPRESENTATION('',(#9671),#9675);
#9671 = LINE('',#9672,#9673);
#9672 = CARTESIAN_POINT('',(8.631364355748,23.317626604641));
#9673 = VECTOR('',#9674,1.);
#9674 = DIRECTION('',(-0.824589302785,0.565731810784));
#9675 = ( GEOMETRIC_REPRESENTATION_CONTEXT(2) 
PARAMETRIC_REPRESENTATION_CONTEXT() REPRESENTATION_CONTEXT('2D SPACE',''
  ) );
#9676 = PCURVE('',#3728,#9677);
#9677 = DEFINITIONAL_REPRESENTATION('',(#9678),#9682);
#9678 = LINE('',#9679,#9680);
#9679 = CARTESIAN_POINT('',(0.,0.));
#9680 = VECTOR('',#9681,1.);
#9681 = DIRECTION('',(1.,0.));
#9682 = ( GEOMETRIC_REPRESENTATION_CONTEXT(2) 
PARAMETRIC_REPRESENTATION_CONTEXT() REPRESENTATION_CONTEXT('2D SPACE',''
  ) );
#9683 = ORIENTED_EDGE('',*,*,#9684,.T.);
#9684 = EDGE_CURVE('',#9662,#9685,#9687,.T.);
#9685 = VERTEX_POINT('',#9686);
#9686 = CARTESIAN_POINT('',(-19.5,-8.019613919234,202.96435430688));
#9687 = SURFACE_CURVE('',#9688,(#9692,#9699),.PCURVE_S1.);
#9688 = LINE('',#9689,#9690);
#9689 = CARTESIAN_POINT('',(-19.5,-8.327997374598,202.76372886228));
#9690 = VECTOR('',#9691,1.);
#9691 = DIRECTION('',(3.251840098671E-17,0.838224705555,0.545324988422)
  );
#9692 = PCURVE('',#2015,#9693);
#9693 = DEFINITIONAL_REPRESENTATION('',(#9694),#9698);
#9694 = LINE('',#9695,#9696);
#9695 = CARTESIAN_POINT('',(8.327997374598,23.525759733459));
#9696 = VECTOR('',#9697,1.);
#9697 = DIRECTION('',(-0.838224705555,0.545324988422));
#9698 = ( GEOMETRIC_REPRESENTATION_CONTEXT(2) 
PARAMETRIC_REPRESENTATION_CONTEXT() REPRESENTATION_CONTEXT('2D SPACE',''
  ) );
#9699 = PCURVE('',#3756,#9700);
#9700 = DEFINITIONAL_REPRESENTATION('',(#9701),#9705);
#9701 = LINE('',#9702,#9703);
#9702 = CARTESIAN_POINT('',(0.,0.));
#9703 = VECTOR('',#9704,1.);
#9704 = DIRECTION('',(1.,0.));
#9705 = ( GEOMETRIC_REPRESENTATION_CONTEXT(2) 
PARAMETRIC_REPRESENTATION_CONTEXT() REPRESENTATION_CONTEXT('2D SPACE',''
  ) );
#9706 = ORIENTED_EDGE('',*,*,#9707,.T.);
#9707 = EDGE_CURVE('',#9685,#9708,#9710,.T.);
#9708 = VERTEX_POINT('',#9709);
#9709 = CARTESIAN_POINT('',(-19.5,-7.706399748317,203.157351218));
#9710 = SURFACE_CURVE('',#9711,(#9715,#9722),.PCURVE_S1.);
#9711 = LINE('',#9712,#9713);
#9712 = CARTESIAN_POINT('',(-19.5,-8.019613919234,202.96435430688));
#9713 = VECTOR('',#9714,1.);
#9714 = DIRECTION('',(3.627825933292E-17,0.851355193105,0.524589682678)
  );
#9715 = PCURVE('',#2015,#9716);
#9716 = DEFINITIONAL_REPRESENTATION('',(#9717),#9721);
#9717 = LINE('',#9718,#9719);
#9718 = CARTESIAN_POINT('',(8.019613919234,23.726385178058));
#9719 = VECTOR('',#9720,1.);
#9720 = DIRECTION('',(-0.851355193105,0.524589682678));
#9721 = ( GEOMETRIC_REPRESENTATION_CONTEXT(2) 
PARAMETRIC_REPRESENTATION_CONTEXT() REPRESENTATION_CONTEXT('2D SPACE',''
  ) );
#9722 = PCURVE('',#3784,#9723);
#9723 = DEFINITIONAL_REPRESENTATION('',(#9724),#9728);
#9724 = LINE('',#9725,#9726);
#9725 = CARTESIAN_POINT('',(0.,0.));
#9726 = VECTOR('',#9727,1.);
#9727 = DIRECTION('',(1.,0.));
#9728 = ( GEOMETRIC_REPRESENTATION_CONTEXT(2) 
PARAMETRIC_REPRESENTATION_CONTEXT() REPRESENTATION_CONTEXT('2D SPACE',''
  ) );
#9729 = ORIENTED_EDGE('',*,*,#9730,.T.);
#9730 = EDGE_CURVE('',#9708,#9731,#9733,.T.);
#9731 = VERTEX_POINT('',#9732);
#9732 = CARTESIAN_POINT('',(-19.5,-7.388543530354,203.34260334151));
#9733 = SURFACE_CURVE('',#9734,(#9738,#9745),.PCURVE_S1.);
#9734 = LINE('',#9735,#9736);
#9735 = CARTESIAN_POINT('',(-19.5,-7.706399748317,203.157351218));
#9736 = VECTOR('',#9737,1.);
#9737 = DIRECTION('',(4.001626501226E-17,0.863972856122,0.503538383726)
  );
#9738 = PCURVE('',#2015,#9739);
#9739 = DEFINITIONAL_REPRESENTATION('',(#9740),#9744);
#9740 = LINE('',#9741,#9742);
#9741 = CARTESIAN_POINT('',(7.706399748317,23.919382089174));
#9742 = VECTOR('',#9743,1.);
#9743 = DIRECTION('',(-0.863972856122,0.503538383726));
#9744 = ( GEOMETRIC_REPRESENTATION_CONTEXT(2) 
PARAMETRIC_REPRESENTATION_CONTEXT() REPRESENTATION_CONTEXT('2D SPACE',''
  ) );
#9745 = PCURVE('',#3812,#9746);
#9746 = DEFINITIONAL_REPRESENTATION('',(#9747),#9751);
#9747 = LINE('',#9748,#9749);
#9748 = CARTESIAN_POINT('',(0.,0.));
#9749 = VECTOR('',#9750,1.);
#9750 = DIRECTION('',(1.,0.));
#9751 = ( GEOMETRIC_REPRESENTATION_CONTEXT(2) 
PARAMETRIC_REPRESENTATION_CONTEXT() REPRESENTATION_CONTEXT('2D SPACE',''
  ) );
#9752 = ORIENTED_EDGE('',*,*,#9753,.T.);
#9753 = EDGE_CURVE('',#9731,#9754,#9756,.T.);
#9754 = VERTEX_POINT('',#9755);
#9755 = CARTESIAN_POINT('',(-19.5,-7.066236730041,203.51999908846));
#9756 = SURFACE_CURVE('',#9757,(#9761,#9768),.PCURVE_S1.);
#9757 = LINE('',#9758,#9759);
#9758 = CARTESIAN_POINT('',(-19.5,-7.388543530354,203.34260334151));
#9759 = VECTOR('',#9760,1.);
#9760 = DIRECTION('',(4.373016638984E-17,0.876070094195,0.482183772079)
  );
#9761 = PCURVE('',#2015,#9762);
#9762 = DEFINITIONAL_REPRESENTATION('',(#9763),#9767);
#9763 = LINE('',#9764,#9765);
#9764 = CARTESIAN_POINT('',(7.388543530354,24.104634212683));
#9765 = VECTOR('',#9766,1.);
#9766 = DIRECTION('',(-0.876070094195,0.482183772079));
#9767 = ( GEOMETRIC_REPRESENTATION_CONTEXT(2) 
PARAMETRIC_REPRESENTATION_CONTEXT() REPRESENTATION_CONTEXT('2D SPACE',''
  ) );
#9768 = PCURVE('',#3840,#9769);
#9769 = DEFINITIONAL_REPRESENTATION('',(#9770),#9774);
#9770 = LINE('',#9771,#9772);
#9771 = CARTESIAN_POINT('',(0.,0.));
#9772 = VECTOR('',#9773,1.);
#9773 = DIRECTION('',(1.,0.));
#9774 = ( GEOMETRIC_REPRESENTATION_CONTEXT(2) 
PARAMETRIC_REPRESENTATION_CONTEXT() REPRESENTATION_CONTEXT('2D SPACE',''
  ) );
#9775 = ORIENTED_EDGE('',*,*,#9776,.T.);
#9776 = EDGE_CURVE('',#9754,#9777,#9779,.T.);
#9777 = VERTEX_POINT('',#9778);
#9778 = CARTESIAN_POINT('',(-19.5,-6.739673492948,203.68943160228));
#9779 = SURFACE_CURVE('',#9780,(#9784,#9791),.PCURVE_S1.);
#9780 = LINE('',#9781,#9782);
#9781 = CARTESIAN_POINT('',(-19.5,-7.066236730041,203.51999908846));
#9782 = VECTOR('',#9783,1.);
#9783 = DIRECTION('',(4.741772635038E-17,0.887639620403,0.460538710958)
  );
#9784 = PCURVE('',#2015,#9785);
#9785 = DEFINITIONAL_REPRESENTATION('',(#9786),#9790);
#9786 = LINE('',#9787,#9788);
#9787 = CARTESIAN_POINT('',(7.066236730041,24.282029959634));
#9788 = VECTOR('',#9789,1.);
#9789 = DIRECTION('',(-0.887639620403,0.460538710958));
#9790 = ( GEOMETRIC_REPRESENTATION_CONTEXT(2) 
PARAMETRIC_REPRESENTATION_CONTEXT() REPRESENTATION_CONTEXT('2D SPACE',''
  ) );
#9791 = PCURVE('',#3868,#9792);
#9792 = DEFINITIONAL_REPRESENTATION('',(#9793),#9797);
#9793 = LINE('',#9794,#9795);
#9794 = CARTESIAN_POINT('',(0.,0.));
#9795 = VECTOR('',#9796,1.);
#9796 = DIRECTION('',(1.,0.));
#9797 = ( GEOMETRIC_REPRESENTATION_CONTEXT(2) 
PARAMETRIC_REPRESENTATION_CONTEXT() REPRESENTATION_CONTEXT('2D SPACE',''
  ) );
#9798 = ORIENTED_EDGE('',*,*,#9799,.T.);
#9799 = EDGE_CURVE('',#9777,#9800,#9802,.T.);
#9800 = VERTEX_POINT('',#9801);
#9801 = CARTESIAN_POINT('',(-19.5,-6.409050528555,203.85079882318));
#9802 = SURFACE_CURVE('',#9803,(#9807,#9814),.PCURVE_S1.);
#9803 = LINE('',#9804,#9805);
#9804 = CARTESIAN_POINT('',(-19.5,-6.739673492948,203.68943160228));
#9805 = VECTOR('',#9806,1.);
#9806 = DIRECTION('',(5.107672364561E-17,0.898674465694,0.438616238539)
  );
#9807 = PCURVE('',#2015,#9808);
#9808 = DEFINITIONAL_REPRESENTATION('',(#9809),#9813);
#9809 = LINE('',#9810,#9811);
#9810 = CARTESIAN_POINT('',(6.739673492948,24.451462473461));
#9811 = VECTOR('',#9812,1.);
#9812 = DIRECTION('',(-0.898674465694,0.438616238539));
#9813 = ( GEOMETRIC_REPRESENTATION_CONTEXT(2) 
PARAMETRIC_REPRESENTATION_CONTEXT() REPRESENTATION_CONTEXT('2D SPACE',''
  ) );
#9814 = PCURVE('',#3896,#9815);
#9815 = DEFINITIONAL_REPRESENTATION('',(#9816),#9820);
#9816 = LINE('',#9817,#9818);
#9817 = CARTESIAN_POINT('',(0.,0.));
#9818 = VECTOR('',#9819,1.);
#9819 = DIRECTION('',(1.,0.));
#9820 = ( GEOMETRIC_REPRESENTATION_CONTEXT(2) 
PARAMETRIC_REPRESENTATION_CONTEXT() REPRESENTATION_CONTEXT('2D SPACE',''
  ) );
#9821 = ORIENTED_EDGE('',*,*,#9822,.T.);
#9822 = EDGE_CURVE('',#9800,#9823,#9825,.T.);
#9823 = VERTEX_POINT('',#9824);
#9824 = CARTESIAN_POINT('',(-19.5,-6.074566991773,204.00400354956));
#9825 = SURFACE_CURVE('',#9826,(#9830,#9837),.PCURVE_S1.);
#9826 = LINE('',#9827,#9828);
#9827 = CARTESIAN_POINT('',(-19.5,-6.409050528555,203.85079882318));
#9828 = VECTOR('',#9829,1.);
#9829 = DIRECTION('',(5.470495423243E-17,0.909167983091,0.416429560098)
  );
#9830 = PCURVE('',#2015,#9831);
#9831 = DEFINITIONAL_REPRESENTATION('',(#9832),#9836);
#9832 = LINE('',#9833,#9834);
#9833 = CARTESIAN_POINT('',(6.409050528555,24.612829694354));
#9834 = VECTOR('',#9835,1.);
#9835 = DIRECTION('',(-0.909167983091,0.416429560098));
#9836 = ( GEOMETRIC_REPRESENTATION_CONTEXT(2) 
PARAMETRIC_REPRESENTATION_CONTEXT() REPRESENTATION_CONTEXT('2D SPACE',''
  ) );
#9837 = PCURVE('',#3924,#9838);
#9838 = DEFINITIONAL_REPRESENTATION('',(#9839),#9843);
#9839 = LINE('',#9840,#9841);
#9840 = CARTESIAN_POINT('',(0.,0.));
#9841 = VECTOR('',#9842,1.);
#9842 = DIRECTION('',(1.,0.));
#9843 = ( GEOMETRIC_REPRESENTATION_CONTEXT(2) 
PARAMETRIC_REPRESENTATION_CONTEXT() REPRESENTATION_CONTEXT('2D SPACE',''
  ) );
#9844 = ORIENTED_EDGE('',*,*,#9845,.T.);
#9845 = EDGE_CURVE('',#9823,#9846,#9848,.T.);
#9846 = VERTEX_POINT('',#9847);
#9847 = CARTESIAN_POINT('',(-19.5,-5.736424362977,204.14895349662));
#9848 = SURFACE_CURVE('',#9849,(#9853,#9860),.PCURVE_S1.);
#9849 = LINE('',#9850,#9851);
#9850 = CARTESIAN_POINT('',(-19.5,-6.074566991773,204.00400354956));
#9851 = VECTOR('',#9852,1.);
#9852 = DIRECTION('',(5.830023260034E-17,0.91911385169,0.393992040061));
#9853 = PCURVE('',#2015,#9854);
#9854 = DEFINITIONAL_REPRESENTATION('',(#9855),#9859);
#9855 = LINE('',#9856,#9857);
#9856 = CARTESIAN_POINT('',(6.074566991773,24.766034420733));
#9857 = VECTOR('',#9858,1.);
#9858 = DIRECTION('',(-0.91911385169,0.393992040061));
#9859 = ( GEOMETRIC_REPRESENTATION_CONTEXT(2) 
PARAMETRIC_REPRESENTATION_CONTEXT() REPRESENTATION_CONTEXT('2D SPACE',''
  ) );
#9860 = PCURVE('',#3952,#9861);
#9861 = DEFINITIONAL_REPRESENTATION('',(#9862),#9866);
#9862 = LINE('',#9863,#9864);
#9863 = CARTESIAN_POINT('',(0.,0.));
#9864 = VECTOR('',#9865,1.);
#9865 = DIRECTION('',(1.,0.));
#9866 = ( GEOMETRIC_REPRESENTATION_CONTEXT(2) 
PARAMETRIC_REPRESENTATION_CONTEXT() REPRESENTATION_CONTEXT('2D SPACE',''
  ) );
#9867 = ORIENTED_EDGE('',*,*,#9868,.T.);
#9868 = EDGE_CURVE('',#9846,#9869,#9871,.T.);
#9869 = VERTEX_POINT('',#9870);
#9870 = CARTESIAN_POINT('',(-19.5,-5.394826326645,204.28556135195));
#9871 = SURFACE_CURVE('',#9872,(#9876,#9883),.PCURVE_S1.);
#9872 = LINE('',#9873,#9874);
#9873 = CARTESIAN_POINT('',(-19.5,-5.736424362977,204.14895349662));
#9874 = VECTOR('',#9875,1.);
#9875 = DIRECTION('',(6.186039308812E-17,0.928506080473,0.371317193952)
  );
#9876 = PCURVE('',#2015,#9877);
#9877 = DEFINITIONAL_REPRESENTATION('',(#9878),#9882);
#9878 = LINE('',#9879,#9880);
#9879 = CARTESIAN_POINT('',(5.736424362977,24.9109843678));
#9880 = VECTOR('',#9881,1.);
#9881 = DIRECTION('',(-0.928506080473,0.371317193952));
#9882 = ( GEOMETRIC_REPRESENTATION_CONTEXT(2) 
PARAMETRIC_REPRESENTATION_CONTEXT() REPRESENTATION_CONTEXT('2D SPACE',''
  ) );
#9883 = PCURVE('',#3980,#9884);
#9884 = DEFINITIONAL_REPRESENTATION('',(#9885),#9889);
#9885 = LINE('',#9886,#9887);
#9886 = CARTESIAN_POINT('',(0.,0.));
#9887 = VECTOR('',#9888,1.);
#9888 = DIRECTION('',(1.,0.));
#9889 = ( GEOMETRIC_REPRESENTATION_CONTEXT(2) 
PARAMETRIC_REPRESENTATION_CONTEXT() REPRESENTATION_CONTEXT('2D SPACE',''
  ) );
#9890 = ORIENTED_EDGE('',*,*,#9891,.T.);
#9891 = EDGE_CURVE('',#9869,#9892,#9894,.T.);
#9892 = VERTEX_POINT('',#9893);
#9893 = CARTESIAN_POINT('',(-19.5,-5.049978648658,204.41374482807));
#9894 = SURFACE_CURVE('',#9895,(#9899,#9906),.PCURVE_S1.);
#9895 = LINE('',#9896,#9897);
#9896 = CARTESIAN_POINT('',(-19.5,-5.394826326645,204.28556135195));
#9897 = VECTOR('',#9898,1.);
#9898 = DIRECTION('',(6.538329118825E-17,0.937339011913,0.348418680249)
  );
#9899 = PCURVE('',#2015,#9900);
#9900 = DEFINITIONAL_REPRESENTATION('',(#9901),#9905);
#9901 = LINE('',#9902,#9903);
#9902 = CARTESIAN_POINT('',(5.394826326645,25.047592223126));
#9903 = VECTOR('',#9904,1.);
#9904 = DIRECTION('',(-0.937339011913,0.348418680249));
#9905 = ( GEOMETRIC_REPRESENTATION_CONTEXT(2) 
PARAMETRIC_REPRESENTATION_CONTEXT() REPRESENTATION_CONTEXT('2D SPACE',''
  ) );
#9906 = PCURVE('',#4008,#9907);
#9907 = DEFINITIONAL_REPRESENTATION('',(#9908),#9912);
#9908 = LINE('',#9909,#9910);
#9909 = CARTESIAN_POINT('',(0.,0.));
#9910 = VECTOR('',#9911,1.);
#9911 = DIRECTION('',(1.,0.));
#9912 = ( GEOMETRIC_REPRESENTATION_CONTEXT(2) 
PARAMETRIC_REPRESENTATION_CONTEXT() REPRESENTATION_CONTEXT('2D SPACE',''
  ) );
#9913 = ORIENTED_EDGE('',*,*,#9914,.T.);
#9914 = EDGE_CURVE('',#9892,#9915,#9917,.T.);
#9915 = VERTEX_POINT('',#9916);
#9916 = CARTESIAN_POINT('',(-19.5,-4.702089052366,204.53342671205));
#9917 = SURFACE_CURVE('',#9918,(#9922,#9929),.PCURVE_S1.);
#9918 = LINE('',#9919,#9920);
#9919 = CARTESIAN_POINT('',(-19.5,-5.049978648658,204.41374482807));
#9920 = VECTOR('',#9921,1.);
#9921 = DIRECTION('',(6.886680483855E-17,0.945607325381,0.325310292162)
  );
#9922 = PCURVE('',#2015,#9923);
#9923 = DEFINITIONAL_REPRESENTATION('',(#9924),#9928);
#9924 = LINE('',#9925,#9926);
#9925 = CARTESIAN_POINT('',(5.049978648658,25.175775699247));
#9926 = VECTOR('',#9927,1.);
#9927 = DIRECTION('',(-0.945607325381,0.325310292162));
#9928 = ( GEOMETRIC_REPRESENTATION_CONTEXT(2) 
PARAMETRIC_REPRESENTATION_CONTEXT() REPRESENTATION_CONTEXT('2D SPACE',''
  ) );
#9929 = PCURVE('',#4036,#9930);
#9930 = DEFINITIONAL_REPRESENTATION('',(#9931),#9935);
#9931 = LINE('',#9932,#9933);
#9932 = CARTESIAN_POINT('',(0.,0.));
#9933 = VECTOR('',#9934,1.);
#9934 = DIRECTION('',(1.,0.));
#9935 = ( GEOMETRIC_REPRESENTATION_CONTEXT(2) 
PARAMETRIC_REPRESENTATION_CONTEXT() REPRESENTATION_CONTEXT('2D SPACE',''
  ) );
#9936 = ORIENTED_EDGE('',*,*,#9937,.T.);
#9937 = EDGE_CURVE('',#9915,#9938,#9940,.T.);
#9938 = VERTEX_POINT('',#9939);
#9939 = CARTESIAN_POINT('',(-19.5,-4.351367093449,204.64453491201));
#9940 = SURFACE_CURVE('',#9941,(#9945,#9952),.PCURVE_S1.);
#9941 = LINE('',#9942,#9943);
#9942 = CARTESIAN_POINT('',(-19.5,-4.702089052366,204.53342671205));
#9943 = VECTOR('',#9944,1.);
#9944 = DIRECTION('',(7.230883570074E-17,0.953306040354,0.302005949319)
  );
#9945 = PCURVE('',#2015,#9946);
#9946 = DEFINITIONAL_REPRESENTATION('',(#9947),#9951);
#9947 = LINE('',#9948,#9949);
#9948 = CARTESIAN_POINT('',(4.702089052366,25.29545758323));
#9949 = VECTOR('',#9950,1.);
#9950 = DIRECTION('',(-0.953306040354,0.302005949319));
#9951 = ( GEOMETRIC_REPRESENTATION_CONTEXT(2) 
PARAMETRIC_REPRESENTATION_CONTEXT() REPRESENTATION_CONTEXT('2D SPACE',''
  ) );
#9952 = PCURVE('',#4064,#9953);
#9953 = DEFINITIONAL_REPRESENTATION('',(#9954),#9958);
#9954 = LINE('',#9955,#9956);
#9955 = CARTESIAN_POINT('',(0.,0.));
#9956 = VECTOR('',#9957,1.);
#9957 = DIRECTION('',(1.,0.));
#9958 = ( GEOMETRIC_REPRESENTATION_CONTEXT(2) 
PARAMETRIC_REPRESENTATION_CONTEXT() REPRESENTATION_CONTEXT('2D SPACE',''
  ) );
#9959 = ORIENTED_EDGE('',*,*,#9960,.T.);
#9960 = EDGE_CURVE('',#9938,#9961,#9963,.T.);
#9961 = VERTEX_POINT('',#9962);
#9962 = CARTESIAN_POINT('',(-19.5,-3.998024033704,204.74700250051));
#9963 = SURFACE_CURVE('',#9964,(#9968,#9975),.PCURVE_S1.);
#9964 = LINE('',#9965,#9966);
#9965 = CARTESIAN_POINT('',(-19.5,-4.351367093449,204.64453491201));
#9966 = VECTOR('',#9967,1.);
#9967 = DIRECTION('',(7.570731042411E-17,0.960430519416,0.278519689385)
  );
#9968 = PCURVE('',#2015,#9969);
#9969 = DEFINITIONAL_REPRESENTATION('',(#9970),#9974);
#9970 = LINE('',#9971,#9972);
#9971 = CARTESIAN_POINT('',(4.351367093449,25.406565783185));
#9972 = VECTOR('',#9973,1.);
#9973 = DIRECTION('',(-0.960430519416,0.278519689385));
#9974 = ( GEOMETRIC_REPRESENTATION_CONTEXT(2) 
PARAMETRIC_REPRESENTATION_CONTEXT() REPRESENTATION_CONTEXT('2D SPACE',''
  ) );
#9975 = PCURVE('',#4092,#9976);
#9976 = DEFINITIONAL_REPRESENTATION('',(#9977),#9981);
#9977 = LINE('',#9978,#9979);
#9978 = CARTESIAN_POINT('',(0.,0.));
#9979 = VECTOR('',#9980,1.);
#9980 = DIRECTION('',(1.,6.162975822039E-33));
#9981 = ( GEOMETRIC_REPRESENTATION_CONTEXT(2) 
PARAMETRIC_REPRESENTATION_CONTEXT() REPRESENTATION_CONTEXT('2D SPACE',''
  ) );
#9982 = ORIENTED_EDGE('',*,*,#9983,.T.);
#9983 = EDGE_CURVE('',#9961,#9984,#9986,.T.);
#9984 = VERTEX_POINT('',#9985);
#9985 = CARTESIAN_POINT('',(-19.5,-3.642272713777,204.84076775491));
#9986 = SURFACE_CURVE('',#9987,(#9991,#9998),.PCURVE_S1.);
#9987 = LINE('',#9988,#9989);
#9988 = CARTESIAN_POINT('',(-19.5,-3.998024033704,204.74700250051));
#9989 = VECTOR('',#9990,1.);
#9990 = DIRECTION('',(7.906018189455E-17,0.966976471045,0.254865659605)
  );
#9991 = PCURVE('',#2015,#9992);
#9992 = DEFINITIONAL_REPRESENTATION('',(#9993),#9997);
#9993 = LINE('',#9994,#9995);
#9994 = CARTESIAN_POINT('',(3.998024033704,25.509033371685));
#9995 = VECTOR('',#9996,1.);
#9996 = DIRECTION('',(-0.966976471045,0.254865659605));
#9997 = ( GEOMETRIC_REPRESENTATION_CONTEXT(2) 
PARAMETRIC_REPRESENTATION_CONTEXT() REPRESENTATION_CONTEXT('2D SPACE',''
  ) );
#9998 = PCURVE('',#4120,#9999);
#9999 = DEFINITIONAL_REPRESENTATION('',(#10000),#10004);
#10000 = LINE('',#10001,#10002);
#10001 = CARTESIAN_POINT('',(0.,0.));
#10002 = VECTOR('',#10003,1.);
#10003 = DIRECTION('',(1.,0.));
#10004 = ( GEOMETRIC_REPRESENTATION_CONTEXT(2) 
PARAMETRIC_REPRESENTATION_CONTEXT() REPRESENTATION_CONTEXT('2D SPACE',''
  ) );
#10005 = ORIENTED_EDGE('',*,*,#10006,.T.);
#10006 = EDGE_CURVE('',#9984,#10007,#10009,.T.);
#10007 = VERTEX_POINT('',#10008);
#10008 = CARTESIAN_POINT('',(-19.5,-3.28432742496,204.92577419453));
#10009 = SURFACE_CURVE('',#10010,(#10014,#10021),.PCURVE_S1.);
#10010 = LINE('',#10011,#10012);
#10011 = CARTESIAN_POINT('',(-19.5,-3.642272713777,204.84076775491));
#10012 = VECTOR('',#10013,1.);
#10013 = DIRECTION('',(8.236543046768E-17,0.972939952206,0.231058108281)
  );
#10014 = PCURVE('',#2015,#10015);
#10015 = DEFINITIONAL_REPRESENTATION('',(#10016),#10020);
#10016 = LINE('',#10017,#10018);
#10017 = CARTESIAN_POINT('',(3.642272713777,25.602798626088));
#10018 = VECTOR('',#10019,1.);
#10019 = DIRECTION('',(-0.972939952206,0.231058108281));
#10020 = ( GEOMETRIC_REPRESENTATION_CONTEXT(2) 
PARAMETRIC_REPRESENTATION_CONTEXT() REPRESENTATION_CONTEXT('2D SPACE',''
  ) );
#10021 = PCURVE('',#4148,#10022);
#10022 = DEFINITIONAL_REPRESENTATION('',(#10023),#10027);
#10023 = LINE('',#10024,#10025);
#10024 = CARTESIAN_POINT('',(0.,0.));
#10025 = VECTOR('',#10026,1.);
#10026 = DIRECTION('',(1.,0.));
#10027 = ( GEOMETRIC_REPRESENTATION_CONTEXT(2) 
PARAMETRIC_REPRESENTATION_CONTEXT() REPRESENTATION_CONTEXT('2D SPACE',''
  ) );
#10028 = ORIENTED_EDGE('',*,*,#10029,.T.);
#10029 = EDGE_CURVE('',#10007,#10030,#10032,.T.);
#10030 = VERTEX_POINT('',#10031);
#10031 = CARTESIAN_POINT('',(-19.5,-2.924403780111,205.00197061467));
#10032 = SURFACE_CURVE('',#10033,(#10037,#10044),.PCURVE_S1.);
#10033 = LINE('',#10034,#10035);
#10034 = CARTESIAN_POINT('',(-19.5,-3.28432742496,204.92577419453));
#10035 = VECTOR('',#10036,1.);
#10036 = DIRECTION('',(8.562106518534E-17,0.97831737072,0.207111376192)
  );
#10037 = PCURVE('',#2015,#10038);
#10038 = DEFINITIONAL_REPRESENTATION('',(#10039),#10043);
#10039 = LINE('',#10040,#10041);
#10040 = CARTESIAN_POINT('',(3.28432742496,25.687805065709));
#10041 = VECTOR('',#10042,1.);
#10042 = DIRECTION('',(-0.97831737072,0.207111376192));
#10043 = ( GEOMETRIC_REPRESENTATION_CONTEXT(2) 
PARAMETRIC_REPRESENTATION_CONTEXT() REPRESENTATION_CONTEXT('2D SPACE',''
  ) );
#10044 = PCURVE('',#4176,#10045);
#10045 = DEFINITIONAL_REPRESENTATION('',(#10046),#10050);
#10046 = LINE('',#10047,#10048);
#10047 = CARTESIAN_POINT('',(0.,0.));
#10048 = VECTOR('',#10049,1.);
#10049 = DIRECTION('',(1.,6.162975822039E-33));
#10050 = ( GEOMETRIC_REPRESENTATION_CONTEXT(2) 
PARAMETRIC_REPRESENTATION_CONTEXT() REPRESENTATION_CONTEXT('2D SPACE',''
  ) );
#10051 = ORIENTED_EDGE('',*,*,#10052,.T.);
#10052 = EDGE_CURVE('',#10030,#10053,#10055,.T.);
#10053 = VERTEX_POINT('',#10054);
#10054 = CARTESIAN_POINT('',(-19.5,-2.562718583776,205.06931111745));
#10055 = SURFACE_CURVE('',#10056,(#10060,#10067),.PCURVE_S1.);
#10056 = LINE('',#10057,#10058);
#10057 = CARTESIAN_POINT('',(-19.5,-2.924403780111,205.00197061467));
#10058 = VECTOR('',#10059,1.);
#10059 = DIRECTION('',(8.882512497488E-17,0.983105487431,0.183039887955)
  );
#10060 = PCURVE('',#2015,#10061);
#10061 = DEFINITIONAL_REPRESENTATION('',(#10062),#10066);
#10062 = LINE('',#10063,#10064);
#10063 = CARTESIAN_POINT('',(2.924403780111,25.764001485848));
#10064 = VECTOR('',#10065,1.);
#10065 = DIRECTION('',(-0.983105487431,0.183039887955));
#10066 = ( GEOMETRIC_REPRESENTATION_CONTEXT(2) 
PARAMETRIC_REPRESENTATION_CONTEXT() REPRESENTATION_CONTEXT('2D SPACE',''
  ) );
#10067 = PCURVE('',#4204,#10068);
#10068 = DEFINITIONAL_REPRESENTATION('',(#10069),#10073);
#10069 = LINE('',#10070,#10071);
#10070 = CARTESIAN_POINT('',(0.,0.));
#10071 = VECTOR('',#10072,1.);
#10072 = DIRECTION('',(1.,3.08148791102E-33));
#10073 = ( GEOMETRIC_REPRESENTATION_CONTEXT(2) 
PARAMETRIC_REPRESENTATION_CONTEXT() REPRESENTATION_CONTEXT('2D SPACE',''
  ) );
#10074 = ORIENTED_EDGE('',*,*,#10075,.T.);
#10075 = EDGE_CURVE('',#10053,#10076,#10078,.T.);
#10076 = VERTEX_POINT('',#10077);
#10077 = CARTESIAN_POINT('',(-19.5,-2.199489701592,205.12775513948));
#10078 = SURFACE_CURVE('',#10079,(#10083,#10090),.PCURVE_S1.);
#10079 = LINE('',#10080,#10081);
#10080 = CARTESIAN_POINT('',(-19.5,-2.562718583776,205.06931111745));
#10081 = VECTOR('',#10082,1.);
#10082 = DIRECTION('',(9.197567983055E-17,0.987301418158,0.158858143334)
  );
#10083 = PCURVE('',#2015,#10084);
#10084 = DEFINITIONAL_REPRESENTATION('',(#10085),#10089);
#10085 = LINE('',#10086,#10087);
#10086 = CARTESIAN_POINT('',(2.562718583776,25.831341988631));
#10087 = VECTOR('',#10088,1.);
#10088 = DIRECTION('',(-0.987301418158,0.158858143334));
#10089 = ( GEOMETRIC_REPRESENTATION_CONTEXT(2) 
PARAMETRIC_REPRESENTATION_CONTEXT() REPRESENTATION_CONTEXT('2D SPACE',''
  ) );
#10090 = PCURVE('',#4232,#10091);
#10091 = DEFINITIONAL_REPRESENTATION('',(#10092),#10096);
#10092 = LINE('',#10093,#10094);
#10093 = CARTESIAN_POINT('',(0.,0.));
#10094 = VECTOR('',#10095,1.);
#10095 = DIRECTION('',(1.,-3.08148791102E-33));
#10096 = ( GEOMETRIC_REPRESENTATION_CONTEXT(2) 
PARAMETRIC_REPRESENTATION_CONTEXT() REPRESENTATION_CONTEXT('2D SPACE',''
  ) );
#10097 = ORIENTED_EDGE('',*,*,#10098,.T.);
#10098 = EDGE_CURVE('',#10076,#10099,#10101,.T.);
#10099 = VERTEX_POINT('',#10100);
#10100 = CARTESIAN_POINT('',(-19.5,-1.834935929056,205.17726747626));
#10101 = SURFACE_CURVE('',#10102,(#10106,#10113),.PCURVE_S1.);
#10102 = LINE('',#10103,#10104);
#10103 = CARTESIAN_POINT('',(-19.5,-2.199489701592,205.12775513948));
#10104 = VECTOR('',#10105,1.);
#10105 = DIRECTION('',(9.507083197587E-17,0.990902635428,0.134580708507)
  );
#10106 = PCURVE('',#2015,#10107);
#10107 = DEFINITIONAL_REPRESENTATION('',(#10108),#10112);
#10108 = LINE('',#10109,#10110);
#10109 = CARTESIAN_POINT('',(2.199489701592,25.889786010656));
#10110 = VECTOR('',#10111,1.);
#10111 = DIRECTION('',(-0.990902635428,0.134580708507));
#10112 = ( GEOMETRIC_REPRESENTATION_CONTEXT(2) 
PARAMETRIC_REPRESENTATION_CONTEXT() REPRESENTATION_CONTEXT('2D SPACE',''
  ) );
#10113 = PCURVE('',#4260,#10114);
#10114 = DEFINITIONAL_REPRESENTATION('',(#10115),#10119);
#10115 = LINE('',#10116,#10117);
#10116 = CARTESIAN_POINT('',(0.,0.));
#10117 = VECTOR('',#10118,1.);
#10118 = DIRECTION('',(1.,3.08148791102E-33));
#10119 = ( GEOMETRIC_REPRESENTATION_CONTEXT(2) 
PARAMETRIC_REPRESENTATION_CONTEXT() REPRESENTATION_CONTEXT('2D SPACE',''
  ) );
#10120 = ORIENTED_EDGE('',*,*,#10121,.T.);
#10121 = EDGE_CURVE('',#10099,#10122,#10124,.T.);
#10122 = VERTEX_POINT('',#10123);
#10123 = CARTESIAN_POINT('',(-19.5,-1.46927685973,205.2178183034));
#10124 = SURFACE_CURVE('',#10125,(#10129,#10136),.PCURVE_S1.);
#10125 = LINE('',#10126,#10127);
#10126 = CARTESIAN_POINT('',(-19.5,-1.834935929056,205.17726747626));
#10127 = VECTOR('',#10128,1.);
#10128 = DIRECTION('',(9.810871700693E-17,0.993906970002,0.110222207294)
  );
#10129 = PCURVE('',#2015,#10130);
#10130 = DEFINITIONAL_REPRESENTATION('',(#10131),#10135);
#10131 = LINE('',#10132,#10133);
#10132 = CARTESIAN_POINT('',(1.834935929056,25.939298347432));
#10133 = VECTOR('',#10134,1.);
#10134 = DIRECTION('',(-0.993906970002,0.110222207294));
#10135 = ( GEOMETRIC_REPRESENTATION_CONTEXT(2) 
PARAMETRIC_REPRESENTATION_CONTEXT() REPRESENTATION_CONTEXT('2D SPACE',''
  ) );
#10136 = PCURVE('',#4288,#10137);
#10137 = DEFINITIONAL_REPRESENTATION('',(#10138),#10142);
#10138 = LINE('',#10139,#10140);
#10139 = CARTESIAN_POINT('',(0.,0.));
#10140 = VECTOR('',#10141,1.);
#10141 = DIRECTION('',(1.,1.54074395551E-33));
#10142 = ( GEOMETRIC_REPRESENTATION_CONTEXT(2) 
PARAMETRIC_REPRESENTATION_CONTEXT() REPRESENTATION_CONTEXT('2D SPACE',''
  ) );
#10143 = ORIENTED_EDGE('',*,*,#10144,.T.);
#10144 = EDGE_CURVE('',#10122,#10145,#10147,.T.);
#10145 = VERTEX_POINT('',#10146);
#10146 = CARTESIAN_POINT('',(-19.5,-1.102732752963,205.24938319461));
#10147 = SURFACE_CURVE('',#10148,(#10152,#10159),.PCURVE_S1.);
#10148 = LINE('',#10149,#10150);
#10149 = CARTESIAN_POINT('',(-19.5,-1.46927685973,205.2178183034));
#10150 = VECTOR('',#10151,1.);
#10151 = DIRECTION('',(1.010875050154E-16,0.996312612183,
    8.579731234441E-02));
#10152 = PCURVE('',#2015,#10153);
#10153 = DEFINITIONAL_REPRESENTATION('',(#10154),#10158);
#10154 = LINE('',#10155,#10156);
#10155 = CARTESIAN_POINT('',(1.46927685973,25.979849174576));
#10156 = VECTOR('',#10157,1.);
#10157 = DIRECTION('',(-0.996312612183,8.579731234441E-02));
#10158 = ( GEOMETRIC_REPRESENTATION_CONTEXT(2) 
PARAMETRIC_REPRESENTATION_CONTEXT() REPRESENTATION_CONTEXT('2D SPACE',''
  ) );
#10159 = PCURVE('',#4316,#10160);
#10160 = DEFINITIONAL_REPRESENTATION('',(#10161),#10165);
#10161 = LINE('',#10162,#10163);
#10162 = CARTESIAN_POINT('',(0.,0.));
#10163 = VECTOR('',#10164,1.);
#10164 = DIRECTION('',(1.,-3.08148791102E-33));
#10165 = ( GEOMETRIC_REPRESENTATION_CONTEXT(2) 
PARAMETRIC_REPRESENTATION_CONTEXT() REPRESENTATION_CONTEXT('2D SPACE',''
  ) );
#10166 = ORIENTED_EDGE('',*,*,#10167,.T.);
#10167 = EDGE_CURVE('',#10145,#10168,#10170,.T.);
#10168 = VERTEX_POINT('',#10169);
#10169 = CARTESIAN_POINT('',(-19.5,-0.735524401218,205.27194313638));
#10170 = SURFACE_CURVE('',#10171,(#10175,#10182),.PCURVE_S1.);
#10171 = LINE('',#10172,#10173);
#10172 = CARTESIAN_POINT('',(-19.5,-1.102732752963,205.24938319461));
#10173 = VECTOR('',#10174,1.);
#10174 = DIRECTION('',(1.040054016907E-16,0.9981181129,6.13207363022E-02
    ));
#10175 = PCURVE('',#2015,#10176);
#10176 = DEFINITIONAL_REPRESENTATION('',(#10177),#10181);
#10177 = LINE('',#10178,#10179);
#10178 = CARTESIAN_POINT('',(1.102732752963,26.011414065788));
#10179 = VECTOR('',#10180,1.);
#10180 = DIRECTION('',(-0.9981181129,6.13207363022E-02));
#10181 = ( GEOMETRIC_REPRESENTATION_CONTEXT(2) 
PARAMETRIC_REPRESENTATION_CONTEXT() REPRESENTATION_CONTEXT('2D SPACE',''
  ) );
#10182 = PCURVE('',#4344,#10183);
#10183 = DEFINITIONAL_REPRESENTATION('',(#10184),#10188);
#10184 = LINE('',#10185,#10186);
#10185 = CARTESIAN_POINT('',(0.,0.));
#10186 = VECTOR('',#10187,1.);
#10187 = DIRECTION('',(1.,-4.622231866529E-33));
#10188 = ( GEOMETRIC_REPRESENTATION_CONTEXT(2) 
PARAMETRIC_REPRESENTATION_CONTEXT() REPRESENTATION_CONTEXT('2D SPACE',''
  ) );
#10189 = ORIENTED_EDGE('',*,*,#10190,.T.);
#10190 = EDGE_CURVE('',#10168,#10191,#10193,.T.);
#10191 = VERTEX_POINT('',#10192);
#10192 = CARTESIAN_POINT('',(-19.5,-0.367872997077,205.28548453944));
#10193 = SURFACE_CURVE('',#10194,(#10198,#10205),.PCURVE_S1.);
#10194 = LINE('',#10195,#10196);
#10195 = CARTESIAN_POINT('',(-19.5,-0.735524401218,205.27194313638));
#10196 = VECTOR('',#10197,1.);
#10197 = DIRECTION('',(1.068606494011E-16,0.999322384588,
    3.680722294145E-02));
#10198 = PCURVE('',#2015,#10199);
#10199 = DEFINITIONAL_REPRESENTATION('',(#10200),#10204);
#10200 = LINE('',#10201,#10202);
#10201 = CARTESIAN_POINT('',(0.735524401218,26.033974007556));
#10202 = VECTOR('',#10203,1.);
#10203 = DIRECTION('',(-0.999322384588,3.680722294145E-02));
#10204 = ( GEOMETRIC_REPRESENTATION_CONTEXT(2) 
PARAMETRIC_REPRESENTATION_CONTEXT() REPRESENTATION_CONTEXT('2D SPACE',''
  ) );
#10205 = PCURVE('',#4372,#10206);
#10206 = DEFINITIONAL_REPRESENTATION('',(#10207),#10211);
#10207 = LINE('',#10208,#10209);
#10208 = CARTESIAN_POINT('',(0.,0.));
#10209 = VECTOR('',#10210,1.);
#10210 = DIRECTION('',(1.,-7.703719777549E-34));
#10211 = ( GEOMETRIC_REPRESENTATION_CONTEXT(2) 
PARAMETRIC_REPRESENTATION_CONTEXT() REPRESENTATION_CONTEXT('2D SPACE',''
  ) );
#10212 = ORIENTED_EDGE('',*,*,#10213,.T.);
#10213 = EDGE_CURVE('',#10191,#10214,#10216,.T.);
#10214 = VERTEX_POINT('',#10215);
#10215 = CARTESIAN_POINT('',(-19.5,2.163124726436E-15,205.28999924696));
#10216 = SURFACE_CURVE('',#10217,(#10221,#10228),.PCURVE_S1.);
#10217 = LINE('',#10218,#10219);
#10218 = CARTESIAN_POINT('',(-19.5,-0.367872997077,205.28548453944));
#10219 = VECTOR('',#10220,1.);
#10220 = DIRECTION('',(1.096515282521E-16,0.999924701839,
    1.227153828568E-02));
#10221 = PCURVE('',#2015,#10222);
#10222 = DEFINITIONAL_REPRESENTATION('',(#10223),#10227);
#10223 = LINE('',#10224,#10225);
#10224 = CARTESIAN_POINT('',(0.367872997077,26.047515410617));
#10225 = VECTOR('',#10226,1.);
#10226 = DIRECTION('',(-0.999924701839,1.227153828568E-02));
#10227 = ( GEOMETRIC_REPRESENTATION_CONTEXT(2) 
PARAMETRIC_REPRESENTATION_CONTEXT() REPRESENTATION_CONTEXT('2D SPACE',''
  ) );
#10228 = PCURVE('',#4400,#10229);
#10229 = DEFINITIONAL_REPRESENTATION('',(#10230),#10234);
#10230 = LINE('',#10231,#10232);
#10231 = CARTESIAN_POINT('',(0.,0.));
#10232 = VECTOR('',#10233,1.);
#10233 = DIRECTION('',(1.,1.54074395551E-33));
#10234 = ( GEOMETRIC_REPRESENTATION_CONTEXT(2) 
PARAMETRIC_REPRESENTATION_CONTEXT() REPRESENTATION_CONTEXT('2D SPACE',''
  ) );
#10235 = ORIENTED_EDGE('',*,*,#10236,.T.);
#10236 = EDGE_CURVE('',#10214,#10237,#10239,.T.);
#10237 = VERTEX_POINT('',#10238);
#10238 = CARTESIAN_POINT('',(-19.5,0.367872997077,205.28548453944));
#10239 = SURFACE_CURVE('',#10240,(#10244,#10251),.PCURVE_S1.);
#10240 = LINE('',#10241,#10242);
#10241 = CARTESIAN_POINT('',(-19.5,2.163124726436E-15,205.28999924696));
#10242 = VECTOR('',#10243,1.);
#10243 = DIRECTION('',(1.123763571226E-16,0.999924701839,
    -1.227153828568E-02));
#10244 = PCURVE('',#2015,#10245);
#10245 = DEFINITIONAL_REPRESENTATION('',(#10246),#10250);
#10246 = LINE('',#10247,#10248);
#10247 = CARTESIAN_POINT('',(1.208702584351E-15,26.052030118134));
#10248 = VECTOR('',#10249,1.);
#10249 = DIRECTION('',(-0.999924701839,-1.227153828568E-02));
#10250 = ( GEOMETRIC_REPRESENTATION_CONTEXT(2) 
PARAMETRIC_REPRESENTATION_CONTEXT() REPRESENTATION_CONTEXT('2D SPACE',''
  ) );
#10251 = PCURVE('',#4428,#10252);
#10252 = DEFINITIONAL_REPRESENTATION('',(#10253),#10257);
#10253 = LINE('',#10254,#10255);
#10254 = CARTESIAN_POINT('',(0.,0.));
#10255 = VECTOR('',#10256,1.);
#10256 = DIRECTION('',(1.,6.548161810917E-33));
#10257 = ( GEOMETRIC_REPRESENTATION_CONTEXT(2) 
PARAMETRIC_REPRESENTATION_CONTEXT() REPRESENTATION_CONTEXT('2D SPACE',''
  ) );
#10258 = ORIENTED_EDGE('',*,*,#10259,.T.);
#10259 = EDGE_CURVE('',#10237,#10260,#10262,.T.);
#10260 = VERTEX_POINT('',#10261);
#10261 = CARTESIAN_POINT('',(-19.5,0.735524401218,205.27194313638));
#10262 = SURFACE_CURVE('',#10263,(#10267,#10274),.PCURVE_S1.);
#10263 = LINE('',#10264,#10265);
#10264 = CARTESIAN_POINT('',(-19.5,0.367872997077,205.28548453944));
#10265 = VECTOR('',#10266,1.);
#10266 = DIRECTION('',(1.150334946775E-16,0.999322384588,
    -3.680722294145E-02));
#10267 = PCURVE('',#2015,#10268);
#10268 = DEFINITIONAL_REPRESENTATION('',(#10269),#10273);
#10269 = LINE('',#10270,#10271);
#10270 = CARTESIAN_POINT('',(-0.367872997077,26.047515410617));
#10271 = VECTOR('',#10272,1.);
#10272 = DIRECTION('',(-0.999322384588,-3.680722294145E-02));
#10273 = ( GEOMETRIC_REPRESENTATION_CONTEXT(2) 
PARAMETRIC_REPRESENTATION_CONTEXT() REPRESENTATION_CONTEXT('2D SPACE',''
  ) );
#10274 = PCURVE('',#4456,#10275);
#10275 = DEFINITIONAL_REPRESENTATION('',(#10276),#10280);
#10276 = LINE('',#10277,#10278);
#10277 = CARTESIAN_POINT('',(0.,0.));
#10278 = VECTOR('',#10279,1.);
#10279 = DIRECTION('',(1.,-1.078520768857E-32));
#10280 = ( GEOMETRIC_REPRESENTATION_CONTEXT(2) 
PARAMETRIC_REPRESENTATION_CONTEXT() REPRESENTATION_CONTEXT('2D SPACE',''
  ) );
#10281 = ORIENTED_EDGE('',*,*,#10282,.T.);
#10282 = EDGE_CURVE('',#10260,#10283,#10285,.T.);
#10283 = VERTEX_POINT('',#10284);
#10284 = CARTESIAN_POINT('',(-19.5,1.102732752963,205.24938319461));
#10285 = SURFACE_CURVE('',#10286,(#10290,#10297),.PCURVE_S1.);
#10286 = LINE('',#10287,#10288);
#10287 = CARTESIAN_POINT('',(-19.5,0.735524401218,205.27194313638));
#10288 = VECTOR('',#10289,1.);
#10289 = DIRECTION('',(1.176213403567E-16,0.9981181129,
    -6.13207363022E-02));
#10290 = PCURVE('',#2015,#10291);
#10291 = DEFINITIONAL_REPRESENTATION('',(#10292),#10296);
#10292 = LINE('',#10293,#10294);
#10293 = CARTESIAN_POINT('',(-0.735524401218,26.033974007556));
#10294 = VECTOR('',#10295,1.);
#10295 = DIRECTION('',(-0.9981181129,-6.13207363022E-02));
#10296 = ( GEOMETRIC_REPRESENTATION_CONTEXT(2) 
PARAMETRIC_REPRESENTATION_CONTEXT() REPRESENTATION_CONTEXT('2D SPACE',''
  ) );
#10297 = PCURVE('',#4484,#10298);
#10298 = DEFINITIONAL_REPRESENTATION('',(#10299),#10303);
#10299 = LINE('',#10300,#10301);
#10300 = CARTESIAN_POINT('',(0.,0.));
#10301 = VECTOR('',#10302,1.);
#10302 = DIRECTION('',(1.,4.622231866529E-33));
#10303 = ( GEOMETRIC_REPRESENTATION_CONTEXT(2) 
PARAMETRIC_REPRESENTATION_CONTEXT() REPRESENTATION_CONTEXT('2D SPACE',''
  ) );
#10304 = ORIENTED_EDGE('',*,*,#10305,.T.);
#10305 = EDGE_CURVE('',#10283,#10306,#10308,.T.);
#10306 = VERTEX_POINT('',#10307);
#10307 = CARTESIAN_POINT('',(-19.5,1.46927685973,205.2178183034));
#10308 = SURFACE_CURVE('',#10309,(#10313,#10320),.PCURVE_S1.);
#10309 = LINE('',#10310,#10311);
#10310 = CARTESIAN_POINT('',(-19.5,1.102732752963,205.24938319461));
#10311 = VECTOR('',#10312,1.);
#10312 = DIRECTION('',(1.201383353385E-16,0.996312612183,
    -8.579731234441E-02));
#10313 = PCURVE('',#2015,#10314);
#10314 = DEFINITIONAL_REPRESENTATION('',(#10315),#10319);
#10315 = LINE('',#10316,#10317);
#10316 = CARTESIAN_POINT('',(-1.102732752963,26.011414065788));
#10317 = VECTOR('',#10318,1.);
#10318 = DIRECTION('',(-0.996312612183,-8.579731234441E-02));
#10319 = ( GEOMETRIC_REPRESENTATION_CONTEXT(2) 
PARAMETRIC_REPRESENTATION_CONTEXT() REPRESENTATION_CONTEXT('2D SPACE',''
  ) );
#10320 = PCURVE('',#4512,#10321);
#10321 = DEFINITIONAL_REPRESENTATION('',(#10322),#10326);
#10322 = LINE('',#10323,#10324);
#10323 = CARTESIAN_POINT('',(0.,0.));
#10324 = VECTOR('',#10325,1.);
#10325 = DIRECTION('',(1.,-1.54074395551E-33));
#10326 = ( GEOMETRIC_REPRESENTATION_CONTEXT(2) 
PARAMETRIC_REPRESENTATION_CONTEXT() REPRESENTATION_CONTEXT('2D SPACE',''
  ) );
#10327 = ORIENTED_EDGE('',*,*,#10328,.T.);
#10328 = EDGE_CURVE('',#10306,#10329,#10331,.T.);
#10329 = VERTEX_POINT('',#10330);
#10330 = CARTESIAN_POINT('',(-19.5,1.834935929056,205.17726747626));
#10331 = SURFACE_CURVE('',#10332,(#10336,#10343),.PCURVE_S1.);
#10332 = LINE('',#10333,#10334);
#10333 = CARTESIAN_POINT('',(-19.5,1.46927685973,205.2178183034));
#10334 = VECTOR('',#10335,1.);
#10335 = DIRECTION('',(1.225829634795E-16,0.993906970002,-0.110222207294
    ));
#10336 = PCURVE('',#2015,#10337);
#10337 = DEFINITIONAL_REPRESENTATION('',(#10338),#10342);
#10338 = LINE('',#10339,#10340);
#10339 = CARTESIAN_POINT('',(-1.46927685973,25.979849174576));
#10340 = VECTOR('',#10341,1.);
#10341 = DIRECTION('',(-0.993906970002,-0.110222207294));
#10342 = ( GEOMETRIC_REPRESENTATION_CONTEXT(2) 
PARAMETRIC_REPRESENTATION_CONTEXT() REPRESENTATION_CONTEXT('2D SPACE',''
  ) );
#10343 = PCURVE('',#4540,#10344);
#10344 = DEFINITIONAL_REPRESENTATION('',(#10345),#10349);
#10345 = LINE('',#10346,#10347);
#10346 = CARTESIAN_POINT('',(0.,0.));
#10347 = VECTOR('',#10348,1.);
#10348 = DIRECTION('',(1.,-1.54074395551E-33));
#10349 = ( GEOMETRIC_REPRESENTATION_CONTEXT(2) 
PARAMETRIC_REPRESENTATION_CONTEXT() REPRESENTATION_CONTEXT('2D SPACE',''
  ) );
#10350 = ORIENTED_EDGE('',*,*,#10351,.T.);
#10351 = EDGE_CURVE('',#10329,#10352,#10354,.T.);
#10352 = VERTEX_POINT('',#10353);
#10353 = CARTESIAN_POINT('',(-19.5,2.199489701592,205.12775513948));
#10354 = SURFACE_CURVE('',#10355,(#10359,#10366),.PCURVE_S1.);
#10355 = LINE('',#10356,#10357);
#10356 = CARTESIAN_POINT('',(-19.5,1.834935929056,205.17726747626));
#10357 = VECTOR('',#10358,1.);
#10358 = DIRECTION('',(1.249537522269E-16,0.990902635428,-0.134580708507
    ));
#10359 = PCURVE('',#2015,#10360);
#10360 = DEFINITIONAL_REPRESENTATION('',(#10361),#10365);
#10361 = LINE('',#10362,#10363);
#10362 = CARTESIAN_POINT('',(-1.834935929056,25.939298347432));
#10363 = VECTOR('',#10364,1.);
#10364 = DIRECTION('',(-0.990902635428,-0.134580708507));
#10365 = ( GEOMETRIC_REPRESENTATION_CONTEXT(2) 
PARAMETRIC_REPRESENTATION_CONTEXT() REPRESENTATION_CONTEXT('2D SPACE',''
  ) );
#10366 = PCURVE('',#4568,#10367);
#10367 = DEFINITIONAL_REPRESENTATION('',(#10368),#10372);
#10368 = LINE('',#10369,#10370);
#10369 = CARTESIAN_POINT('',(0.,0.));
#10370 = VECTOR('',#10371,1.);
#10371 = DIRECTION('',(1.,9.244463733059E-33));
#10372 = ( GEOMETRIC_REPRESENTATION_CONTEXT(2) 
PARAMETRIC_REPRESENTATION_CONTEXT() REPRESENTATION_CONTEXT('2D SPACE',''
  ) );
#10373 = ORIENTED_EDGE('',*,*,#10374,.T.);
#10374 = EDGE_CURVE('',#10352,#10375,#10377,.T.);
#10375 = VERTEX_POINT('',#10376);
#10376 = CARTESIAN_POINT('',(-19.5,2.562718583776,205.06931111745));
#10377 = SURFACE_CURVE('',#10378,(#10382,#10389),.PCURVE_S1.);
#10378 = LINE('',#10379,#10380);
#10379 = CARTESIAN_POINT('',(-19.5,2.199489701592,205.12775513948));
#10380 = VECTOR('',#10381,1.);
#10381 = DIRECTION('',(1.272492735062E-16,0.987301418158,-0.158858143334
    ));
#10382 = PCURVE('',#2015,#10383);
#10383 = DEFINITIONAL_REPRESENTATION('',(#10384),#10388);
#10384 = LINE('',#10385,#10386);
#10385 = CARTESIAN_POINT('',(-2.199489701592,25.889786010656));
#10386 = VECTOR('',#10387,1.);
#10387 = DIRECTION('',(-0.987301418158,-0.158858143334));
#10388 = ( GEOMETRIC_REPRESENTATION_CONTEXT(2) 
PARAMETRIC_REPRESENTATION_CONTEXT() REPRESENTATION_CONTEXT('2D SPACE',''
  ) );
#10389 = PCURVE('',#4596,#10390);
#10390 = DEFINITIONAL_REPRESENTATION('',(#10391),#10395);
#10391 = LINE('',#10392,#10393);
#10392 = CARTESIAN_POINT('',(0.,0.));
#10393 = VECTOR('',#10394,1.);
#10394 = DIRECTION('',(1.,0.));
#10395 = ( GEOMETRIC_REPRESENTATION_CONTEXT(2) 
PARAMETRIC_REPRESENTATION_CONTEXT() REPRESENTATION_CONTEXT('2D SPACE',''
  ) );
#10396 = ORIENTED_EDGE('',*,*,#10397,.T.);
#10397 = EDGE_CURVE('',#10375,#10398,#10400,.T.);
#10398 = VERTEX_POINT('',#10399);
#10399 = CARTESIAN_POINT('',(-19.5,2.924403780111,205.00197061467));
#10400 = SURFACE_CURVE('',#10401,(#10405,#10412),.PCURVE_S1.);
#10401 = LINE('',#10402,#10403);
#10402 = CARTESIAN_POINT('',(-19.5,2.562718583776,205.06931111745));
#10403 = VECTOR('',#10404,1.);
#10404 = DIRECTION('',(1.294681445814E-16,0.983105487431,-0.183039887955
    ));
#10405 = PCURVE('',#2015,#10406);
#10406 = DEFINITIONAL_REPRESENTATION('',(#10407),#10411);
#10407 = LINE('',#10408,#10409);
#10408 = CARTESIAN_POINT('',(-2.562718583776,25.831341988631));
#10409 = VECTOR('',#10410,1.);
#10410 = DIRECTION('',(-0.983105487431,-0.183039887955));
#10411 = ( GEOMETRIC_REPRESENTATION_CONTEXT(2) 
PARAMETRIC_REPRESENTATION_CONTEXT() REPRESENTATION_CONTEXT('2D SPACE',''
  ) );
#10412 = PCURVE('',#4624,#10413);
#10413 = DEFINITIONAL_REPRESENTATION('',(#10414),#10418);
#10414 = LINE('',#10415,#10416);
#10415 = CARTESIAN_POINT('',(0.,0.));
#10416 = VECTOR('',#10417,1.);
#10417 = DIRECTION('',(1.,-3.08148791102E-33));
#10418 = ( GEOMETRIC_REPRESENTATION_CONTEXT(2) 
PARAMETRIC_REPRESENTATION_CONTEXT() REPRESENTATION_CONTEXT('2D SPACE',''
  ) );
#10419 = ORIENTED_EDGE('',*,*,#10420,.T.);
#10420 = EDGE_CURVE('',#10398,#10421,#10423,.T.);
#10421 = VERTEX_POINT('',#10422);
#10422 = CARTESIAN_POINT('',(-19.5,3.28432742496,204.92577419453));
#10423 = SURFACE_CURVE('',#10424,(#10428,#10435),.PCURVE_S1.);
#10424 = LINE('',#10425,#10426);
#10425 = CARTESIAN_POINT('',(-19.5,2.924403780111,205.00197061467));
#10426 = VECTOR('',#10427,1.);
#10427 = DIRECTION('',(1.316090288874E-16,0.97831737072,-0.207111376192)
  );
#10428 = PCURVE('',#2015,#10429);
#10429 = DEFINITIONAL_REPRESENTATION('',(#10430),#10434);
#10430 = LINE('',#10431,#10432);
#10431 = CARTESIAN_POINT('',(-2.924403780111,25.764001485848));
#10432 = VECTOR('',#10433,1.);
#10433 = DIRECTION('',(-0.97831737072,-0.207111376192));
#10434 = ( GEOMETRIC_REPRESENTATION_CONTEXT(2) 
PARAMETRIC_REPRESENTATION_CONTEXT() REPRESENTATION_CONTEXT('2D SPACE',''
  ) );
#10435 = PCURVE('',#4652,#10436);
#10436 = DEFINITIONAL_REPRESENTATION('',(#10437),#10441);
#10437 = LINE('',#10438,#10439);
#10438 = CARTESIAN_POINT('',(0.,0.));
#10439 = VECTOR('',#10440,1.);
#10440 = DIRECTION('',(1.,-6.162975822039E-33));
#10441 = ( GEOMETRIC_REPRESENTATION_CONTEXT(2) 
PARAMETRIC_REPRESENTATION_CONTEXT() REPRESENTATION_CONTEXT('2D SPACE',''
  ) );
#10442 = ORIENTED_EDGE('',*,*,#10443,.T.);
#10443 = EDGE_CURVE('',#10421,#10444,#10446,.T.);
#10444 = VERTEX_POINT('',#10445);
#10445 = CARTESIAN_POINT('',(-19.5,3.642272713777,204.84076775491));
#10446 = SURFACE_CURVE('',#10447,(#10451,#10458),.PCURVE_S1.);
#10447 = LINE('',#10448,#10449);
#10448 = CARTESIAN_POINT('',(-19.5,3.28432742496,204.92577419453));
#10449 = VECTOR('',#10450,1.);
#10450 = DIRECTION('',(1.336706368356E-16,0.972939952206,-0.231058108281
    ));
#10451 = PCURVE('',#2015,#10452);
#10452 = DEFINITIONAL_REPRESENTATION('',(#10453),#10457);
#10453 = LINE('',#10454,#10455);
#10454 = CARTESIAN_POINT('',(-3.28432742496,25.687805065709));
#10455 = VECTOR('',#10456,1.);
#10456 = DIRECTION('',(-0.972939952206,-0.231058108281));
#10457 = ( GEOMETRIC_REPRESENTATION_CONTEXT(2) 
PARAMETRIC_REPRESENTATION_CONTEXT() REPRESENTATION_CONTEXT('2D SPACE',''
  ) );
#10458 = PCURVE('',#4680,#10459);
#10459 = DEFINITIONAL_REPRESENTATION('',(#10460),#10464);
#10460 = LINE('',#10461,#10462);
#10461 = CARTESIAN_POINT('',(0.,0.));
#10462 = VECTOR('',#10463,1.);
#10463 = DIRECTION('',(1.,-3.08148791102E-33));
#10464 = ( GEOMETRIC_REPRESENTATION_CONTEXT(2) 
PARAMETRIC_REPRESENTATION_CONTEXT() REPRESENTATION_CONTEXT('2D SPACE',''
  ) );
#10465 = ORIENTED_EDGE('',*,*,#10466,.T.);
#10466 = EDGE_CURVE('',#10444,#10467,#10469,.T.);
#10467 = VERTEX_POINT('',#10468);
#10468 = CARTESIAN_POINT('',(-19.5,3.998024033704,204.74700250051));
#10469 = SURFACE_CURVE('',#10470,(#10474,#10481),.PCURVE_S1.);
#10470 = LINE('',#10471,#10472);
#10471 = CARTESIAN_POINT('',(-19.5,3.642272713777,204.84076775491));
#10472 = VECTOR('',#10473,1.);
#10473 = DIRECTION('',(1.356517265904E-16,0.966976471045,-0.254865659605
    ));
#10474 = PCURVE('',#2015,#10475);
#10475 = DEFINITIONAL_REPRESENTATION('',(#10476),#10480);
#10476 = LINE('',#10477,#10478);
#10477 = CARTESIAN_POINT('',(-3.642272713777,25.602798626088));
#10478 = VECTOR('',#10479,1.);
#10479 = DIRECTION('',(-0.966976471045,-0.254865659605));
#10480 = ( GEOMETRIC_REPRESENTATION_CONTEXT(2) 
PARAMETRIC_REPRESENTATION_CONTEXT() REPRESENTATION_CONTEXT('2D SPACE',''
  ) );
#10481 = PCURVE('',#4708,#10482);
#10482 = DEFINITIONAL_REPRESENTATION('',(#10483),#10487);
#10483 = LINE('',#10484,#10485);
#10484 = CARTESIAN_POINT('',(0.,0.));
#10485 = VECTOR('',#10486,1.);
#10486 = DIRECTION('',(1.,6.162975822039E-33));
#10487 = ( GEOMETRIC_REPRESENTATION_CONTEXT(2) 
PARAMETRIC_REPRESENTATION_CONTEXT() REPRESENTATION_CONTEXT('2D SPACE',''
  ) );
#10488 = ORIENTED_EDGE('',*,*,#10489,.T.);
#10489 = EDGE_CURVE('',#10467,#10490,#10492,.T.);
#10490 = VERTEX_POINT('',#10491);
#10491 = CARTESIAN_POINT('',(-19.5,4.351367093449,204.64453491201));
#10492 = SURFACE_CURVE('',#10493,(#10497,#10504),.PCURVE_S1.);
#10493 = LINE('',#10494,#10495);
#10494 = CARTESIAN_POINT('',(-19.5,3.998024033704,204.74700250051));
#10495 = VECTOR('',#10496,1.);
#10496 = DIRECTION('',(1.375511048175E-16,0.960430519416,-0.278519689385
    ));
#10497 = PCURVE('',#2015,#10498);
#10498 = DEFINITIONAL_REPRESENTATION('',(#10499),#10503);
#10499 = LINE('',#10500,#10501);
#10500 = CARTESIAN_POINT('',(-3.998024033704,25.509033371685));
#10501 = VECTOR('',#10502,1.);
#10502 = DIRECTION('',(-0.960430519416,-0.278519689385));
#10503 = ( GEOMETRIC_REPRESENTATION_CONTEXT(2) 
PARAMETRIC_REPRESENTATION_CONTEXT() REPRESENTATION_CONTEXT('2D SPACE',''
  ) );
#10504 = PCURVE('',#4736,#10505);
#10505 = DEFINITIONAL_REPRESENTATION('',(#10506),#10510);
#10506 = LINE('',#10507,#10508);
#10507 = CARTESIAN_POINT('',(0.,0.));
#10508 = VECTOR('',#10509,1.);
#10509 = DIRECTION('',(1.,6.162975822039E-33));
#10510 = ( GEOMETRIC_REPRESENTATION_CONTEXT(2) 
PARAMETRIC_REPRESENTATION_CONTEXT() REPRESENTATION_CONTEXT('2D SPACE',''
  ) );
#10511 = ORIENTED_EDGE('',*,*,#10512,.T.);
#10512 = EDGE_CURVE('',#10490,#10513,#10515,.T.);
#10513 = VERTEX_POINT('',#10514);
#10514 = CARTESIAN_POINT('',(-19.5,4.702089052366,204.53342671205));
#10515 = SURFACE_CURVE('',#10516,(#10520,#10527),.PCURVE_S1.);
#10516 = LINE('',#10517,#10518);
#10517 = CARTESIAN_POINT('',(-19.5,4.351367093449,204.64453491201));
#10518 = VECTOR('',#10519,1.);
#10519 = DIRECTION('',(1.393676274023E-16,0.953306040354,-0.302005949319
    ));
#10520 = PCURVE('',#2015,#10521);
#10521 = DEFINITIONAL_REPRESENTATION('',(#10522),#10526);
#10522 = LINE('',#10523,#10524);
#10523 = CARTESIAN_POINT('',(-4.351367093449,25.406565783185));
#10524 = VECTOR('',#10525,1.);
#10525 = DIRECTION('',(-0.953306040354,-0.302005949319));
#10526 = ( GEOMETRIC_REPRESENTATION_CONTEXT(2) 
PARAMETRIC_REPRESENTATION_CONTEXT() REPRESENTATION_CONTEXT('2D SPACE',''
  ) );
#10527 = PCURVE('',#4764,#10528);
#10528 = DEFINITIONAL_REPRESENTATION('',(#10529),#10533);
#10529 = LINE('',#10530,#10531);
#10530 = CARTESIAN_POINT('',(0.,0.));
#10531 = VECTOR('',#10532,1.);
#10532 = DIRECTION('',(1.,6.162975822039E-33));
#10533 = ( GEOMETRIC_REPRESENTATION_CONTEXT(2) 
PARAMETRIC_REPRESENTATION_CONTEXT() REPRESENTATION_CONTEXT('2D SPACE',''
  ) );
#10534 = ORIENTED_EDGE('',*,*,#10535,.T.);
#10535 = EDGE_CURVE('',#10513,#10536,#10538,.T.);
#10536 = VERTEX_POINT('',#10537);
#10537 = CARTESIAN_POINT('',(-19.5,5.049978648658,204.41374482807));
#10538 = SURFACE_CURVE('',#10539,(#10543,#10550),.PCURVE_S1.);
#10539 = LINE('',#10540,#10541);
#10540 = CARTESIAN_POINT('',(-19.5,4.702089052366,204.53342671205));
#10541 = VECTOR('',#10542,1.);
#10542 = DIRECTION('',(1.411002001398E-16,0.945607325381,-0.325310292162
    ));
#10543 = PCURVE('',#2015,#10544);
#10544 = DEFINITIONAL_REPRESENTATION('',(#10545),#10549);
#10545 = LINE('',#10546,#10547);
#10546 = CARTESIAN_POINT('',(-4.702089052366,25.29545758323));
#10547 = VECTOR('',#10548,1.);
#10548 = DIRECTION('',(-0.945607325381,-0.325310292162));
#10549 = ( GEOMETRIC_REPRESENTATION_CONTEXT(2) 
PARAMETRIC_REPRESENTATION_CONTEXT() REPRESENTATION_CONTEXT('2D SPACE',''
  ) );
#10550 = PCURVE('',#4792,#10551);
#10551 = DEFINITIONAL_REPRESENTATION('',(#10552),#10556);
#10552 = LINE('',#10553,#10554);
#10553 = CARTESIAN_POINT('',(0.,0.));
#10554 = VECTOR('',#10555,1.);
#10555 = DIRECTION('',(1.,-6.162975822039E-33));
#10556 = ( GEOMETRIC_REPRESENTATION_CONTEXT(2) 
PARAMETRIC_REPRESENTATION_CONTEXT() REPRESENTATION_CONTEXT('2D SPACE',''
  ) );
#10557 = ORIENTED_EDGE('',*,*,#10558,.T.);
#10558 = EDGE_CURVE('',#10536,#10559,#10561,.T.);
#10559 = VERTEX_POINT('',#10560);
#10560 = CARTESIAN_POINT('',(-19.5,5.394826326645,204.28556135195));
#10561 = SURFACE_CURVE('',#10562,(#10566,#10573),.PCURVE_S1.);
#10562 = LINE('',#10563,#10564);
#10563 = CARTESIAN_POINT('',(-19.5,5.049978648658,204.41374482807));
#10564 = VECTOR('',#10565,1.);
#10565 = DIRECTION('',(1.427477793927E-16,0.937339011913,-0.348418680249
    ));
#10566 = PCURVE('',#2015,#10567);
#10567 = DEFINITIONAL_REPRESENTATION('',(#10568),#10572);
#10568 = LINE('',#10569,#10570);
#10569 = CARTESIAN_POINT('',(-5.049978648658,25.175775699247));
#10570 = VECTOR('',#10571,1.);
#10571 = DIRECTION('',(-0.937339011913,-0.348418680249));
#10572 = ( GEOMETRIC_REPRESENTATION_CONTEXT(2) 
PARAMETRIC_REPRESENTATION_CONTEXT() REPRESENTATION_CONTEXT('2D SPACE',''
  ) );
#10573 = PCURVE('',#4820,#10574);
#10574 = DEFINITIONAL_REPRESENTATION('',(#10575),#10579);
#10575 = LINE('',#10576,#10577);
#10576 = CARTESIAN_POINT('',(0.,0.));
#10577 = VECTOR('',#10578,1.);
#10578 = DIRECTION('',(1.,-6.162975822039E-33));
#10579 = ( GEOMETRIC_REPRESENTATION_CONTEXT(2) 
PARAMETRIC_REPRESENTATION_CONTEXT() REPRESENTATION_CONTEXT('2D SPACE',''
  ) );
#10580 = ORIENTED_EDGE('',*,*,#10581,.T.);
#10581 = EDGE_CURVE('',#10559,#10582,#10584,.T.);
#10582 = VERTEX_POINT('',#10583);
#10583 = CARTESIAN_POINT('',(-19.5,5.736424362977,204.14895349662));
#10584 = SURFACE_CURVE('',#10585,(#10589,#10596),.PCURVE_S1.);
#10585 = LINE('',#10586,#10587);
#10586 = CARTESIAN_POINT('',(-19.5,5.394826326645,204.28556135195));
#10587 = VECTOR('',#10588,1.);
#10588 = DIRECTION('',(1.44309372721E-16,0.928506080473,-0.371317193952)
  );
#10589 = PCURVE('',#2015,#10590);
#10590 = DEFINITIONAL_REPRESENTATION('',(#10591),#10595);
#10591 = LINE('',#10592,#10593);
#10592 = CARTESIAN_POINT('',(-5.394826326645,25.047592223126));
#10593 = VECTOR('',#10594,1.);
#10594 = DIRECTION('',(-0.928506080473,-0.371317193952));
#10595 = ( GEOMETRIC_REPRESENTATION_CONTEXT(2) 
PARAMETRIC_REPRESENTATION_CONTEXT() REPRESENTATION_CONTEXT('2D SPACE',''
  ) );
#10596 = PCURVE('',#4848,#10597);
#10597 = DEFINITIONAL_REPRESENTATION('',(#10598),#10602);
#10598 = LINE('',#10599,#10600);
#10599 = CARTESIAN_POINT('',(0.,0.));
#10600 = VECTOR('',#10601,1.);
#10601 = DIRECTION('',(1.,0.));
#10602 = ( GEOMETRIC_REPRESENTATION_CONTEXT(2) 
PARAMETRIC_REPRESENTATION_CONTEXT() REPRESENTATION_CONTEXT('2D SPACE',''
  ) );
#10603 = ORIENTED_EDGE('',*,*,#10604,.T.);
#10604 = EDGE_CURVE('',#10582,#10605,#10607,.T.);
#10605 = VERTEX_POINT('',#10606);
#10606 = CARTESIAN_POINT('',(-19.5,6.074566991773,204.00400354956));
#10607 = SURFACE_CURVE('',#10608,(#10612,#10619),.PCURVE_S1.);
#10608 = LINE('',#10609,#10610);
#10609 = CARTESIAN_POINT('',(-19.5,5.736424362977,204.14895349662));
#10610 = VECTOR('',#10611,1.);
#10611 = DIRECTION('',(1.457840394793E-16,0.91911385169,-0.393992040061)
  );
#10612 = PCURVE('',#2015,#10613);
#10613 = DEFINITIONAL_REPRESENTATION('',(#10614),#10618);
#10614 = LINE('',#10615,#10616);
#10615 = CARTESIAN_POINT('',(-5.736424362977,24.9109843678));
#10616 = VECTOR('',#10617,1.);
#10617 = DIRECTION('',(-0.91911385169,-0.393992040061));
#10618 = ( GEOMETRIC_REPRESENTATION_CONTEXT(2) 
PARAMETRIC_REPRESENTATION_CONTEXT() REPRESENTATION_CONTEXT('2D SPACE',''
  ) );
#10619 = PCURVE('',#4876,#10620);
#10620 = DEFINITIONAL_REPRESENTATION('',(#10621),#10625);
#10621 = LINE('',#10622,#10623);
#10622 = CARTESIAN_POINT('',(0.,0.));
#10623 = VECTOR('',#10624,1.);
#10624 = DIRECTION('',(1.,1.232595164408E-32));
#10625 = ( GEOMETRIC_REPRESENTATION_CONTEXT(2) 
PARAMETRIC_REPRESENTATION_CONTEXT() REPRESENTATION_CONTEXT('2D SPACE',''
  ) );
#10626 = ORIENTED_EDGE('',*,*,#10627,.T.);
#10627 = EDGE_CURVE('',#10605,#10628,#10630,.T.);
#10628 = VERTEX_POINT('',#10629);
#10629 = CARTESIAN_POINT('',(-19.5,6.409050528555,203.85079882318));
#10630 = SURFACE_CURVE('',#10631,(#10635,#10642),.PCURVE_S1.);
#10631 = LINE('',#10632,#10633);
#10632 = CARTESIAN_POINT('',(-19.5,6.074566991773,204.00400354956));
#10633 = VECTOR('',#10634,1.);
#10634 = DIRECTION('',(1.471708913834E-16,0.909167983091,-0.416429560098
    ));
#10635 = PCURVE('',#2015,#10636);
#10636 = DEFINITIONAL_REPRESENTATION('',(#10637),#10641);
#10637 = LINE('',#10638,#10639);
#10638 = CARTESIAN_POINT('',(-6.074566991773,24.766034420733));
#10639 = VECTOR('',#10640,1.);
#10640 = DIRECTION('',(-0.909167983091,-0.416429560098));
#10641 = ( GEOMETRIC_REPRESENTATION_CONTEXT(2) 
PARAMETRIC_REPRESENTATION_CONTEXT() REPRESENTATION_CONTEXT('2D SPACE',''
  ) );
#10642 = PCURVE('',#4904,#10643);
#10643 = DEFINITIONAL_REPRESENTATION('',(#10644),#10648);
#10644 = LINE('',#10645,#10646);
#10645 = CARTESIAN_POINT('',(0.,0.));
#10646 = VECTOR('',#10647,1.);
#10647 = DIRECTION('',(1.,6.162975822039E-33));
#10648 = ( GEOMETRIC_REPRESENTATION_CONTEXT(2) 
PARAMETRIC_REPRESENTATION_CONTEXT() REPRESENTATION_CONTEXT('2D SPACE',''
  ) );
#10649 = ORIENTED_EDGE('',*,*,#10650,.T.);
#10650 = EDGE_CURVE('',#10628,#10651,#10653,.T.);
#10651 = VERTEX_POINT('',#10652);
#10652 = CARTESIAN_POINT('',(-19.5,6.739673492948,203.68943160228));
#10653 = SURFACE_CURVE('',#10654,(#10658,#10665),.PCURVE_S1.);
#10654 = LINE('',#10655,#10656);
#10655 = CARTESIAN_POINT('',(-19.5,6.409050528555,203.85079882318));
#10656 = VECTOR('',#10657,1.);
#10657 = DIRECTION('',(1.484690930456E-16,0.898674465694,-0.438616238539
    ));
#10658 = PCURVE('',#2015,#10659);
#10659 = DEFINITIONAL_REPRESENTATION('',(#10660),#10664);
#10660 = LINE('',#10661,#10662);
#10661 = CARTESIAN_POINT('',(-6.409050528555,24.612829694354));
#10662 = VECTOR('',#10663,1.);
#10663 = DIRECTION('',(-0.898674465694,-0.438616238539));
#10664 = ( GEOMETRIC_REPRESENTATION_CONTEXT(2) 
PARAMETRIC_REPRESENTATION_CONTEXT() REPRESENTATION_CONTEXT('2D SPACE',''
  ) );
#10665 = PCURVE('',#4932,#10666);
#10666 = DEFINITIONAL_REPRESENTATION('',(#10667),#10671);
#10667 = LINE('',#10668,#10669);
#10668 = CARTESIAN_POINT('',(0.,0.));
#10669 = VECTOR('',#10670,1.);
#10670 = DIRECTION('',(1.,6.162975822039E-33));
#10671 = ( GEOMETRIC_REPRESENTATION_CONTEXT(2) 
PARAMETRIC_REPRESENTATION_CONTEXT() REPRESENTATION_CONTEXT('2D SPACE',''
  ) );
#10672 = ORIENTED_EDGE('',*,*,#10673,.T.);
#10673 = EDGE_CURVE('',#10651,#10674,#10676,.T.);
#10674 = VERTEX_POINT('',#10675);
#10675 = CARTESIAN_POINT('',(-19.5,7.066236730041,203.51999908846));
#10676 = SURFACE_CURVE('',#10677,(#10681,#10688),.PCURVE_S1.);
#10677 = LINE('',#10678,#10679);
#10678 = CARTESIAN_POINT('',(-19.5,6.739673492948,203.68943160228));
#10679 = VECTOR('',#10680,1.);
#10680 = DIRECTION('',(1.496778624778E-16,0.887639620403,-0.460538710958
    ));
#10681 = PCURVE('',#2015,#10682);
#10682 = DEFINITIONAL_REPRESENTATION('',(#10683),#10687);
#10683 = LINE('',#10684,#10685);
#10684 = CARTESIAN_POINT('',(-6.739673492948,24.451462473461));
#10685 = VECTOR('',#10686,1.);
#10686 = DIRECTION('',(-0.887639620403,-0.460538710958));
#10687 = ( GEOMETRIC_REPRESENTATION_CONTEXT(2) 
PARAMETRIC_REPRESENTATION_CONTEXT() REPRESENTATION_CONTEXT('2D SPACE',''
  ) );
#10688 = PCURVE('',#4960,#10689);
#10689 = DEFINITIONAL_REPRESENTATION('',(#10690),#10694);
#10690 = LINE('',#10691,#10692);
#10691 = CARTESIAN_POINT('',(0.,0.));
#10692 = VECTOR('',#10693,1.);
#10693 = DIRECTION('',(1.,0.));
#10694 = ( GEOMETRIC_REPRESENTATION_CONTEXT(2) 
PARAMETRIC_REPRESENTATION_CONTEXT() REPRESENTATION_CONTEXT('2D SPACE',''
  ) );
#10695 = ORIENTED_EDGE('',*,*,#10696,.T.);
#10696 = EDGE_CURVE('',#10674,#10697,#10699,.T.);
#10697 = VERTEX_POINT('',#10698);
#10698 = CARTESIAN_POINT('',(-19.5,7.388543530354,203.34260334151));
#10699 = SURFACE_CURVE('',#10700,(#10704,#10711),.PCURVE_S1.);
#10700 = LINE('',#10701,#10702);
#10701 = CARTESIAN_POINT('',(-19.5,7.066236730041,203.51999908846));
#10702 = VECTOR('',#10703,1.);
#10703 = DIRECTION('',(1.507964715624E-16,0.876070094195,-0.482183772079
    ));
#10704 = PCURVE('',#2015,#10705);
#10705 = DEFINITIONAL_REPRESENTATION('',(#10706),#10710);
#10706 = LINE('',#10707,#10708);
#10707 = CARTESIAN_POINT('',(-7.066236730041,24.282029959634));
#10708 = VECTOR('',#10709,1.);
#10709 = DIRECTION('',(-0.876070094195,-0.482183772079));
#10710 = ( GEOMETRIC_REPRESENTATION_CONTEXT(2) 
PARAMETRIC_REPRESENTATION_CONTEXT() REPRESENTATION_CONTEXT('2D SPACE',''
  ) );
#10711 = PCURVE('',#4988,#10712);
#10712 = DEFINITIONAL_REPRESENTATION('',(#10713),#10717);
#10713 = LINE('',#10714,#10715);
#10714 = CARTESIAN_POINT('',(0.,0.));
#10715 = VECTOR('',#10716,1.);
#10716 = DIRECTION('',(1.,-6.162975822039E-33));
#10717 = ( GEOMETRIC_REPRESENTATION_CONTEXT(2) 
PARAMETRIC_REPRESENTATION_CONTEXT() REPRESENTATION_CONTEXT('2D SPACE',''
  ) );
#10718 = ORIENTED_EDGE('',*,*,#10719,.T.);
#10719 = EDGE_CURVE('',#10697,#10720,#10722,.T.);
#10720 = VERTEX_POINT('',#10721);
#10721 = CARTESIAN_POINT('',(-19.5,7.706399748317,203.157351218));
#10722 = SURFACE_CURVE('',#10723,(#10727,#10734),.PCURVE_S1.);
#10723 = LINE('',#10724,#10725);
#10724 = CARTESIAN_POINT('',(-19.5,7.388543530354,203.34260334151));
#10725 = VECTOR('',#10726,1.);
#10726 = DIRECTION('',(1.518242464912E-16,0.863972856122,-0.503538383726
    ));
#10727 = PCURVE('',#2015,#10728);
#10728 = DEFINITIONAL_REPRESENTATION('',(#10729),#10733);
#10729 = LINE('',#10730,#10731);
#10730 = CARTESIAN_POINT('',(-7.388543530354,24.104634212683));
#10731 = VECTOR('',#10732,1.);
#10732 = DIRECTION('',(-0.863972856122,-0.503538383726));
#10733 = ( GEOMETRIC_REPRESENTATION_CONTEXT(2) 
PARAMETRIC_REPRESENTATION_CONTEXT() REPRESENTATION_CONTEXT('2D SPACE',''
  ) );
#10734 = PCURVE('',#5016,#10735);
#10735 = DEFINITIONAL_REPRESENTATION('',(#10736),#10740);
#10736 = LINE('',#10737,#10738);
#10737 = CARTESIAN_POINT('',(0.,0.));
#10738 = VECTOR('',#10739,1.);
#10739 = DIRECTION('',(1.,1.232595164408E-32));
#10740 = ( GEOMETRIC_REPRESENTATION_CONTEXT(2) 
PARAMETRIC_REPRESENTATION_CONTEXT() REPRESENTATION_CONTEXT('2D SPACE',''
  ) );
#10741 = ORIENTED_EDGE('',*,*,#10742,.T.);
#10742 = EDGE_CURVE('',#10720,#10743,#10745,.T.);
#10743 = VERTEX_POINT('',#10744);
#10744 = CARTESIAN_POINT('',(-19.5,8.019613919234,202.96435430688));
#10745 = SURFACE_CURVE('',#10746,(#10750,#10757),.PCURVE_S1.);
#10746 = LINE('',#10747,#10748);
#10747 = CARTESIAN_POINT('',(-19.5,7.706399748317,203.157351218));
#10748 = VECTOR('',#10749,1.);
#10749 = DIRECTION('',(1.52760568171E-16,0.851355193105,-0.524589682678)
  );
#10750 = PCURVE('',#2015,#10751);
#10751 = DEFINITIONAL_REPRESENTATION('',(#10752),#10756);
#10752 = LINE('',#10753,#10754);
#10753 = CARTESIAN_POINT('',(-7.706399748317,23.919382089174));
#10754 = VECTOR('',#10755,1.);
#10755 = DIRECTION('',(-0.851355193105,-0.524589682678));
#10756 = ( GEOMETRIC_REPRESENTATION_CONTEXT(2) 
PARAMETRIC_REPRESENTATION_CONTEXT() REPRESENTATION_CONTEXT('2D SPACE',''
  ) );
#10757 = PCURVE('',#5044,#10758);
#10758 = DEFINITIONAL_REPRESENTATION('',(#10759),#10763);
#10759 = LINE('',#10760,#10761);
#10760 = CARTESIAN_POINT('',(0.,0.));
#10761 = VECTOR('',#10762,1.);
#10762 = DIRECTION('',(1.,0.));
#10763 = ( GEOMETRIC_REPRESENTATION_CONTEXT(2) 
PARAMETRIC_REPRESENTATION_CONTEXT() REPRESENTATION_CONTEXT('2D SPACE',''
  ) );
#10764 = ORIENTED_EDGE('',*,*,#10765,.T.);
#10765 = EDGE_CURVE('',#10743,#10766,#10768,.T.);
#10766 = VERTEX_POINT('',#10767);
#10767 = CARTESIAN_POINT('',(-19.5,8.327997374598,202.76372886228));
#10768 = SURFACE_CURVE('',#10769,(#10773,#10780),.PCURVE_S1.);
#10769 = LINE('',#10770,#10771);
#10770 = CARTESIAN_POINT('',(-19.5,8.019613919234,202.96435430688));
#10771 = VECTOR('',#10772,1.);
#10772 = DIRECTION('',(1.536048725966E-16,0.838224705555,-0.545324988422
    ));
#10773 = PCURVE('',#2015,#10774);
#10774 = DEFINITIONAL_REPRESENTATION('',(#10775),#10779);
#10775 = LINE('',#10776,#10777);
#10776 = CARTESIAN_POINT('',(-8.019613919234,23.726385178058));
#10777 = VECTOR('',#10778,1.);
#10778 = DIRECTION('',(-0.838224705555,-0.545324988422));
#10779 = ( GEOMETRIC_REPRESENTATION_CONTEXT(2) 
PARAMETRIC_REPRESENTATION_CONTEXT() REPRESENTATION_CONTEXT('2D SPACE',''
  ) );
#10780 = PCURVE('',#5072,#10781);
#10781 = DEFINITIONAL_REPRESENTATION('',(#10782),#10786);
#10782 = LINE('',#10783,#10784);
#10783 = CARTESIAN_POINT('',(0.,0.));
#10784 = VECTOR('',#10785,1.);
#10785 = DIRECTION('',(1.,0.));
#10786 = ( GEOMETRIC_REPRESENTATION_CONTEXT(2) 
PARAMETRIC_REPRESENTATION_CONTEXT() REPRESENTATION_CONTEXT('2D SPACE',''
  ) );
#10787 = ORIENTED_EDGE('',*,*,#10788,.T.);
#10788 = EDGE_CURVE('',#10766,#10789,#10791,.T.);
#10789 = VERTEX_POINT('',#10790);
#10790 = CARTESIAN_POINT('',(-19.5,8.631364355748,202.55559573346));
#10791 = SURFACE_CURVE('',#10792,(#10796,#10803),.PCURVE_S1.);
#10792 = LINE('',#10793,#10794);
#10793 = CARTESIAN_POINT('',(-19.5,8.327997374598,202.76372886228));
#10794 = VECTOR('',#10795,1.);
#10795 = DIRECTION('',(1.543566511906E-16,0.824589302785,-0.565731810784
    ));
#10796 = PCURVE('',#2015,#10797);
#10797 = DEFINITIONAL_REPRESENTATION('',(#10798),#10802);
#10798 = LINE('',#10799,#10800);
#10799 = CARTESIAN_POINT('',(-8.327997374598,23.525759733459));
#10800 = VECTOR('',#10801,1.);
#10801 = DIRECTION('',(-0.824589302785,-0.565731810784));
#10802 = ( GEOMETRIC_REPRESENTATION_CONTEXT(2) 
PARAMETRIC_REPRESENTATION_CONTEXT() REPRESENTATION_CONTEXT('2D SPACE',''
  ) );
#10803 = PCURVE('',#5100,#10804);
#10804 = DEFINITIONAL_REPRESENTATION('',(#10805),#10809);
#10805 = LINE('',#10806,#10807);
#10806 = CARTESIAN_POINT('',(0.,0.));
#10807 = VECTOR('',#10808,1.);
#10808 = DIRECTION('',(1.,1.232595164408E-32));
#10809 = ( GEOMETRIC_REPRESENTATION_CONTEXT(2) 
PARAMETRIC_REPRESENTATION_CONTEXT() REPRESENTATION_CONTEXT('2D SPACE',''
  ) );
#10810 = ORIENTED_EDGE('',*,*,#10811,.T.);
#10811 = EDGE_CURVE('',#10789,#10812,#10814,.T.);
#10812 = VERTEX_POINT('',#10813);
#10813 = CARTESIAN_POINT('',(-19.5,8.929532125757,202.34008029204));
#10814 = SURFACE_CURVE('',#10815,(#10819,#10826),.PCURVE_S1.);
#10815 = LINE('',#10816,#10817);
#10816 = CARTESIAN_POINT('',(-19.5,8.631364355748,202.55559573346));
#10817 = VECTOR('',#10818,1.);
#10818 = DIRECTION('',(1.550154511097E-16,0.810457198253,-0.585797857456
    ));
#10819 = PCURVE('',#2015,#10820);
#10820 = DEFINITIONAL_REPRESENTATION('',(#10821),#10825);
#10821 = LINE('',#10822,#10823);
#10822 = CARTESIAN_POINT('',(-8.631364355748,23.317626604641));
#10823 = VECTOR('',#10824,1.);
#10824 = DIRECTION('',(-0.810457198253,-0.585797857456));
#10825 = ( GEOMETRIC_REPRESENTATION_CONTEXT(2) 
PARAMETRIC_REPRESENTATION_CONTEXT() REPRESENTATION_CONTEXT('2D SPACE',''
  ) );
#10826 = PCURVE('',#5128,#10827);
#10827 = DEFINITIONAL_REPRESENTATION('',(#10828),#10832);
#10828 = LINE('',#10829,#10830);
#10829 = CARTESIAN_POINT('',(0.,0.));
#10830 = VECTOR('',#10831,1.);
#10831 = DIRECTION('',(1.,0.));
#10832 = ( GEOMETRIC_REPRESENTATION_CONTEXT(2) 
PARAMETRIC_REPRESENTATION_CONTEXT() REPRESENTATION_CONTEXT('2D SPACE',''
  ) );
#10833 = ORIENTED_EDGE('',*,*,#10834,.T.);
#10834 = EDGE_CURVE('',#10812,#10835,#10837,.T.);
#10835 = VERTEX_POINT('',#10836);
#10836 = CARTESIAN_POINT('',(-19.5,9.222321079511,202.11731235646));
#10837 = SURFACE_CURVE('',#10838,(#10842,#10849),.PCURVE_S1.);
#10838 = LINE('',#10839,#10840);
#10839 = CARTESIAN_POINT('',(-19.5,8.929532125757,202.34008029204));
#10840 = VECTOR('',#10841,1.);
#10841 = DIRECTION('',(1.555808755175E-16,0.795836904609,-0.605511041404
    ));
#10842 = PCURVE('',#2015,#10843);
#10843 = DEFINITIONAL_REPRESENTATION('',(#10844),#10848);
#10844 = LINE('',#10845,#10846);
#10845 = CARTESIAN_POINT('',(-8.929532125757,23.102111163221));
#10846 = VECTOR('',#10847,1.);
#10847 = DIRECTION('',(-0.795836904609,-0.605511041404));
#10848 = ( GEOMETRIC_REPRESENTATION_CONTEXT(2) 
PARAMETRIC_REPRESENTATION_CONTEXT() REPRESENTATION_CONTEXT('2D SPACE',''
  ) );
#10849 = PCURVE('',#5156,#10850);
#10850 = DEFINITIONAL_REPRESENTATION('',(#10851),#10855);
#10851 = LINE('',#10852,#10853);
#10852 = CARTESIAN_POINT('',(0.,0.));
#10853 = VECTOR('',#10854,1.);
#10854 = DIRECTION('',(1.,0.));
#10855 = ( GEOMETRIC_REPRESENTATION_CONTEXT(2) 
PARAMETRIC_REPRESENTATION_CONTEXT() REPRESENTATION_CONTEXT('2D SPACE',''
  ) );
#10856 = ORIENTED_EDGE('',*,*,#10857,.T.);
#10857 = EDGE_CURVE('',#10835,#10858,#10860,.T.);
#10858 = VERTEX_POINT('',#10859);
#10859 = CARTESIAN_POINT('',(-19.5,9.50955485189,201.8874261138));
#10860 = SURFACE_CURVE('',#10861,(#10865,#10872),.PCURVE_S1.);
#10861 = LINE('',#10862,#10863);
#10862 = CARTESIAN_POINT('',(-19.5,9.222321079511,202.11731235646));
#10863 = VECTOR('',#10864,1.);
#10864 = DIRECTION('',(1.560525838234E-16,0.780737228572,-0.624859488142
    ));
#10865 = PCURVE('',#2015,#10866);
#10866 = DEFINITIONAL_REPRESENTATION('',(#10867),#10871);
#10867 = LINE('',#10868,#10869);
#10868 = CARTESIAN_POINT('',(-9.222321079511,22.87934322764));
#10869 = VECTOR('',#10870,1.);
#10870 = DIRECTION('',(-0.780737228572,-0.624859488142));
#10871 = ( GEOMETRIC_REPRESENTATION_CONTEXT(2) 
PARAMETRIC_REPRESENTATION_CONTEXT() REPRESENTATION_CONTEXT('2D SPACE',''
  ) );
#10872 = PCURVE('',#5184,#10873);
#10873 = DEFINITIONAL_REPRESENTATION('',(#10874),#10878);
#10874 = LINE('',#10875,#10876);
#10875 = CARTESIAN_POINT('',(0.,0.));
#10876 = VECTOR('',#10877,1.);
#10877 = DIRECTION('',(1.,1.232595164408E-32));
#10878 = ( GEOMETRIC_REPRESENTATION_CONTEXT(2) 
PARAMETRIC_REPRESENTATION_CONTEXT() REPRESENTATION_CONTEXT('2D SPACE',''
  ) );
#10879 = ORIENTED_EDGE('',*,*,#10880,.T.);
#10880 = EDGE_CURVE('',#10858,#10881,#10883,.T.);
#10881 = VERTEX_POINT('',#10882);
#10882 = CARTESIAN_POINT('',(-19.5,9.791060424013,201.65056003892));
#10883 = SURFACE_CURVE('',#10884,(#10888,#10895),.PCURVE_S1.);
#10884 = LINE('',#10885,#10886);
#10885 = CARTESIAN_POINT('',(-19.5,9.50955485189,201.8874261138));
#10886 = VECTOR('',#10887,1.);
#10887 = DIRECTION('',(1.56430291888E-16,0.765167265622,-0.64383154289)
  );
#10888 = PCURVE('',#2015,#10889);
#10889 = DEFINITIONAL_REPRESENTATION('',(#10890),#10894);
#10890 = LINE('',#10891,#10892);
#10891 = CARTESIAN_POINT('',(-9.50955485189,22.649456984973));
#10892 = VECTOR('',#10893,1.);
#10893 = DIRECTION('',(-0.765167265622,-0.64383154289));
#10894 = ( GEOMETRIC_REPRESENTATION_CONTEXT(2) 
PARAMETRIC_REPRESENTATION_CONTEXT() REPRESENTATION_CONTEXT('2D SPACE',''
  ) );
#10895 = PCURVE('',#5212,#10896);
#10896 = DEFINITIONAL_REPRESENTATION('',(#10897),#10901);
#10897 = LINE('',#10898,#10899);
#10898 = CARTESIAN_POINT('',(0.,0.));
#10899 = VECTOR('',#10900,1.);
#10900 = DIRECTION('',(1.,0.));
#10901 = ( GEOMETRIC_REPRESENTATION_CONTEXT(2) 
PARAMETRIC_REPRESENTATION_CONTEXT() REPRESENTATION_CONTEXT('2D SPACE',''
  ) );
#10902 = ORIENTED_EDGE('',*,*,#10903,.T.);
#10903 = EDGE_CURVE('',#10881,#10904,#10906,.T.);
#10904 = VERTEX_POINT('',#10905);
#10905 = CARTESIAN_POINT('',(-19.5,10.066668227447,201.4068568111));
#10906 = SURFACE_CURVE('',#10907,(#10911,#10918),.PCURVE_S1.);
#10907 = LINE('',#10908,#10909);
#10908 = CARTESIAN_POINT('',(-19.5,9.791060424013,201.65056003892));
#10909 = VECTOR('',#10910,1.);
#10910 = DIRECTION('',(1.56713772194E-16,0.749136394523,-0.66241577759)
  );
#10911 = PCURVE('',#2015,#10912);
#10912 = DEFINITIONAL_REPRESENTATION('',(#10913),#10917);
#10913 = LINE('',#10914,#10915);
#10914 = CARTESIAN_POINT('',(-9.791060424013,22.412590910097));
#10915 = VECTOR('',#10916,1.);
#10916 = DIRECTION('',(-0.749136394523,-0.66241577759));
#10917 = ( GEOMETRIC_REPRESENTATION_CONTEXT(2) 
PARAMETRIC_REPRESENTATION_CONTEXT() REPRESENTATION_CONTEXT('2D SPACE',''
  ) );
#10918 = PCURVE('',#5240,#10919);
#10919 = DEFINITIONAL_REPRESENTATION('',(#10920),#10924);
#10920 = LINE('',#10921,#10922);
#10921 = CARTESIAN_POINT('',(0.,0.));
#10922 = VECTOR('',#10923,1.);
#10923 = DIRECTION('',(1.,0.));
#10924 = ( GEOMETRIC_REPRESENTATION_CONTEXT(2) 
PARAMETRIC_REPRESENTATION_CONTEXT() REPRESENTATION_CONTEXT('2D SPACE',''
  ) );
#10925 = ORIENTED_EDGE('',*,*,#10926,.T.);
#10926 = EDGE_CURVE('',#10904,#10927,#10929,.T.);
#10927 = VERTEX_POINT('',#10928);
#10928 = CARTESIAN_POINT('',(-19.5,10.336212246358,201.15646322805));
#10929 = SURFACE_CURVE('',#10930,(#10934,#10941),.PCURVE_S1.);
#10930 = LINE('',#10931,#10932);
#10931 = CARTESIAN_POINT('',(-19.5,10.066668227447,201.4068568111));
#10932 = VECTOR('',#10933,1.);
#10933 = DIRECTION('',(1.569028539836E-16,0.732654271672,-0.680600997795
    ));
#10934 = PCURVE('',#2015,#10935);
#10935 = DEFINITIONAL_REPRESENTATION('',(#10936),#10940);
#10936 = LINE('',#10937,#10938);
#10937 = CARTESIAN_POINT('',(-10.06666822744,22.168887682278));
#10938 = VECTOR('',#10939,1.);
#10939 = DIRECTION('',(-0.732654271672,-0.680600997795));
#10940 = ( GEOMETRIC_REPRESENTATION_CONTEXT(2) 
PARAMETRIC_REPRESENTATION_CONTEXT() REPRESENTATION_CONTEXT('2D SPACE',''
  ) );
#10941 = PCURVE('',#5268,#10942);
#10942 = DEFINITIONAL_REPRESENTATION('',(#10943),#10947);
#10943 = LINE('',#10944,#10945);
#10944 = CARTESIAN_POINT('',(0.,0.));
#10945 = VECTOR('',#10946,1.);
#10946 = DIRECTION('',(1.,0.));
#10947 = ( GEOMETRIC_REPRESENTATION_CONTEXT(2) 
PARAMETRIC_REPRESENTATION_CONTEXT() REPRESENTATION_CONTEXT('2D SPACE',''
  ) );
#10948 = ORIENTED_EDGE('',*,*,#10949,.T.);
#10949 = EDGE_CURVE('',#10927,#10950,#10952,.T.);
#10950 = VERTEX_POINT('',#10951);
#10951 = CARTESIAN_POINT('',(-19.5,10.599530117508,200.8995301175));
#10952 = SURFACE_CURVE('',#10953,(#10957,#10964),.PCURVE_S1.);
#10953 = LINE('',#10954,#10955);
#10954 = CARTESIAN_POINT('',(-19.5,10.336212246358,201.15646322805));
#10955 = VECTOR('',#10956,1.);
#10956 = DIRECTION('',(1.569974233609E-16,0.715730825284,-0.698376249409
    ));
#10957 = PCURVE('',#2015,#10958);
#10958 = DEFINITIONAL_REPRESENTATION('',(#10959),#10963);
#10959 = LINE('',#10960,#10961);
#10960 = CARTESIAN_POINT('',(-10.33621224635,21.918494099229));
#10961 = VECTOR('',#10962,1.);
#10962 = DIRECTION('',(-0.715730825284,-0.698376249409));
#10963 = ( GEOMETRIC_REPRESENTATION_CONTEXT(2) 
PARAMETRIC_REPRESENTATION_CONTEXT() REPRESENTATION_CONTEXT('2D SPACE',''
  ) );
#10964 = PCURVE('',#5296,#10965);
#10965 = DEFINITIONAL_REPRESENTATION('',(#10966),#10970);
#10966 = LINE('',#10967,#10968);
#10967 = CARTESIAN_POINT('',(0.,0.));
#10968 = VECTOR('',#10969,1.);
#10969 = DIRECTION('',(1.,-1.232595164408E-32));
#10970 = ( GEOMETRIC_REPRESENTATION_CONTEXT(2) 
PARAMETRIC_REPRESENTATION_CONTEXT() REPRESENTATION_CONTEXT('2D SPACE',''
  ) );
#10971 = ORIENTED_EDGE('',*,*,#10972,.T.);
#10972 = EDGE_CURVE('',#10950,#10973,#10975,.T.);
#10973 = VERTEX_POINT('',#10974);
#10974 = CARTESIAN_POINT('',(-19.5,10.856463228056,200.63621224635));
#10975 = SURFACE_CURVE('',#10976,(#10980,#10987),.PCURVE_S1.);
#10976 = LINE('',#10977,#10978);
#10977 = CARTESIAN_POINT('',(-19.5,10.599530117508,200.8995301175));
#10978 = VECTOR('',#10979,1.);
#10979 = DIRECTION('',(1.569974233609E-16,0.698376249409,-0.715730825284
    ));
#10980 = PCURVE('',#2015,#10981);
#10981 = DEFINITIONAL_REPRESENTATION('',(#10982),#10986);
#10982 = LINE('',#10983,#10984);
#10983 = CARTESIAN_POINT('',(-10.5995301175,21.66156098868));
#10984 = VECTOR('',#10985,1.);
#10985 = DIRECTION('',(-0.698376249409,-0.715730825284));
#10986 = ( GEOMETRIC_REPRESENTATION_CONTEXT(2) 
PARAMETRIC_REPRESENTATION_CONTEXT() REPRESENTATION_CONTEXT('2D SPACE',''
  ) );
#10987 = PCURVE('',#5324,#10988);
#10988 = DEFINITIONAL_REPRESENTATION('',(#10989),#10993);
#10989 = LINE('',#10990,#10991);
#10990 = CARTESIAN_POINT('',(0.,0.));
#10991 = VECTOR('',#10992,1.);
#10992 = DIRECTION('',(1.,1.232595164408E-32));
#10993 = ( GEOMETRIC_REPRESENTATION_CONTEXT(2) 
PARAMETRIC_REPRESENTATION_CONTEXT() REPRESENTATION_CONTEXT('2D SPACE',''
  ) );
#10994 = ORIENTED_EDGE('',*,*,#10995,.T.);
#10995 = EDGE_CURVE('',#10973,#10996,#10998,.T.);
#10996 = VERTEX_POINT('',#10997);
#10997 = CARTESIAN_POINT('',(-19.5,11.106856811107,200.36666822744));
#10998 = SURFACE_CURVE('',#10999,(#11003,#11010),.PCURVE_S1.);
#10999 = LINE('',#11000,#11001);
#11000 = CARTESIAN_POINT('',(-19.5,10.856463228056,200.63621224635));
#11001 = VECTOR('',#11002,1.);
#11002 = DIRECTION('',(1.569028539836E-16,0.680600997795,-0.732654271672
    ));
#11003 = PCURVE('',#2015,#11004);
#11004 = DEFINITIONAL_REPRESENTATION('',(#11005),#11009);
#11005 = LINE('',#11006,#11007);
#11006 = CARTESIAN_POINT('',(-10.85646322805,21.398243117531));
#11007 = VECTOR('',#11008,1.);
#11008 = DIRECTION('',(-0.680600997795,-0.732654271672));
#11009 = ( GEOMETRIC_REPRESENTATION_CONTEXT(2) 
PARAMETRIC_REPRESENTATION_CONTEXT() REPRESENTATION_CONTEXT('2D SPACE',''
  ) );
#11010 = PCURVE('',#5352,#11011);
#11011 = DEFINITIONAL_REPRESENTATION('',(#11012),#11016);
#11012 = LINE('',#11013,#11014);
#11013 = CARTESIAN_POINT('',(0.,0.));
#11014 = VECTOR('',#11015,1.);
#11015 = DIRECTION('',(1.,0.));
#11016 = ( GEOMETRIC_REPRESENTATION_CONTEXT(2) 
PARAMETRIC_REPRESENTATION_CONTEXT() REPRESENTATION_CONTEXT('2D SPACE',''
  ) );
#11017 = ORIENTED_EDGE('',*,*,#11018,.T.);
#11018 = EDGE_CURVE('',#10996,#11019,#11021,.T.);
#11019 = VERTEX_POINT('',#11020);
#11020 = CARTESIAN_POINT('',(-19.5,11.350560038925,200.09106042401));
#11021 = SURFACE_CURVE('',#11022,(#11026,#11033),.PCURVE_S1.);
#11022 = LINE('',#11023,#11024);
#11023 = CARTESIAN_POINT('',(-19.5,11.106856811107,200.36666822744));
#11024 = VECTOR('',#11025,1.);
#11025 = DIRECTION('',(1.56713772194E-16,0.66241577759,-0.749136394523)
  );
#11026 = PCURVE('',#2015,#11027);
#11027 = DEFINITIONAL_REPRESENTATION('',(#11028),#11032);
#11028 = LINE('',#11029,#11030);
#11029 = CARTESIAN_POINT('',(-11.1068568111,21.128699098619));
#11030 = VECTOR('',#11031,1.);
#11031 = DIRECTION('',(-0.66241577759,-0.749136394523));
#11032 = ( GEOMETRIC_REPRESENTATION_CONTEXT(2) 
PARAMETRIC_REPRESENTATION_CONTEXT() REPRESENTATION_CONTEXT('2D SPACE',''
  ) );
#11033 = PCURVE('',#5380,#11034);
#11034 = DEFINITIONAL_REPRESENTATION('',(#11035),#11039);
#11035 = LINE('',#11036,#11037);
#11036 = CARTESIAN_POINT('',(0.,0.));
#11037 = VECTOR('',#11038,1.);
#11038 = DIRECTION('',(1.,0.));
#11039 = ( GEOMETRIC_REPRESENTATION_CONTEXT(2) 
PARAMETRIC_REPRESENTATION_CONTEXT() REPRESENTATION_CONTEXT('2D SPACE',''
  ) );
#11040 = ORIENTED_EDGE('',*,*,#11041,.T.);
#11041 = EDGE_CURVE('',#11019,#11042,#11044,.T.);
#11042 = VERTEX_POINT('',#11043);
#11043 = CARTESIAN_POINT('',(-19.5,11.587426113801,199.80955485189));
#11044 = SURFACE_CURVE('',#11045,(#11049,#11056),.PCURVE_S1.);
#11045 = LINE('',#11046,#11047);
#11046 = CARTESIAN_POINT('',(-19.5,11.350560038925,200.09106042401));
#11047 = VECTOR('',#11048,1.);
#11048 = DIRECTION('',(1.56430291888E-16,0.64383154289,-0.765167265622)
  );
#11049 = PCURVE('',#2015,#11050);
#11050 = DEFINITIONAL_REPRESENTATION('',(#11051),#11055);
#11051 = LINE('',#11052,#11053);
#11052 = CARTESIAN_POINT('',(-11.35056003892,20.853091295186));
#11053 = VECTOR('',#11054,1.);
#11054 = DIRECTION('',(-0.64383154289,-0.765167265622));
#11055 = ( GEOMETRIC_REPRESENTATION_CONTEXT(2) 
PARAMETRIC_REPRESENTATION_CONTEXT() REPRESENTATION_CONTEXT('2D SPACE',''
  ) );
#11056 = PCURVE('',#5408,#11057);
#11057 = DEFINITIONAL_REPRESENTATION('',(#11058),#11062);
#11058 = LINE('',#11059,#11060);
#11059 = CARTESIAN_POINT('',(0.,0.));
#11060 = VECTOR('',#11061,1.);
#11061 = DIRECTION('',(1.,-1.232595164408E-32));
#11062 = ( GEOMETRIC_REPRESENTATION_CONTEXT(2) 
PARAMETRIC_REPRESENTATION_CONTEXT() REPRESENTATION_CONTEXT('2D SPACE',''
  ) );
#11063 = ORIENTED_EDGE('',*,*,#11064,.T.);
#11064 = EDGE_CURVE('',#11042,#11065,#11067,.T.);
#11065 = VERTEX_POINT('',#11066);
#11066 = CARTESIAN_POINT('',(-19.5,11.817312356467,199.52232107951));
#11067 = SURFACE_CURVE('',#11068,(#11072,#11079),.PCURVE_S1.);
#11068 = LINE('',#11069,#11070);
#11069 = CARTESIAN_POINT('',(-19.5,11.587426113801,199.80955485189));
#11070 = VECTOR('',#11071,1.);
#11071 = DIRECTION('',(1.560525838234E-16,0.624859488142,-0.780737228572
    ));
#11072 = PCURVE('',#2015,#11073);
#11073 = DEFINITIONAL_REPRESENTATION('',(#11074),#11078);
#11074 = LINE('',#11075,#11076);
#11075 = CARTESIAN_POINT('',(-11.5874261138,20.571585723062));
#11076 = VECTOR('',#11077,1.);
#11077 = DIRECTION('',(-0.624859488142,-0.780737228572));
#11078 = ( GEOMETRIC_REPRESENTATION_CONTEXT(2) 
PARAMETRIC_REPRESENTATION_CONTEXT() REPRESENTATION_CONTEXT('2D SPACE',''
  ) );
#11079 = PCURVE('',#5436,#11080);
#11080 = DEFINITIONAL_REPRESENTATION('',(#11081),#11085);
#11081 = LINE('',#11082,#11083);
#11082 = CARTESIAN_POINT('',(0.,0.));
#11083 = VECTOR('',#11084,1.);
#11084 = DIRECTION('',(1.,-1.232595164408E-32));
#11085 = ( GEOMETRIC_REPRESENTATION_CONTEXT(2) 
PARAMETRIC_REPRESENTATION_CONTEXT() REPRESENTATION_CONTEXT('2D SPACE',''
  ) );
#11086 = ORIENTED_EDGE('',*,*,#11087,.T.);
#11087 = EDGE_CURVE('',#11065,#11088,#11090,.T.);
#11088 = VERTEX_POINT('',#11089);
#11089 = CARTESIAN_POINT('',(-19.5,12.040080292049,199.22953212575));
#11090 = SURFACE_CURVE('',#11091,(#11095,#11102),.PCURVE_S1.);
#11091 = LINE('',#11092,#11093);
#11092 = CARTESIAN_POINT('',(-19.5,11.817312356467,199.52232107951));
#11093 = VECTOR('',#11094,1.);
#11094 = DIRECTION('',(1.555808755175E-16,0.605511041404,-0.795836904609
    ));
#11095 = PCURVE('',#2015,#11096);
#11096 = DEFINITIONAL_REPRESENTATION('',(#11097),#11101);
#11097 = LINE('',#11098,#11099);
#11098 = CARTESIAN_POINT('',(-11.81731235646,20.284351950683));
#11099 = VECTOR('',#11100,1.);
#11100 = DIRECTION('',(-0.605511041404,-0.795836904609));
#11101 = ( GEOMETRIC_REPRESENTATION_CONTEXT(2) 
PARAMETRIC_REPRESENTATION_CONTEXT() REPRESENTATION_CONTEXT('2D SPACE',''
  ) );
#11102 = PCURVE('',#5464,#11103);
#11103 = DEFINITIONAL_REPRESENTATION('',(#11104),#11108);
#11104 = LINE('',#11105,#11106);
#11105 = CARTESIAN_POINT('',(0.,0.));
#11106 = VECTOR('',#11107,1.);
#11107 = DIRECTION('',(1.,0.));
#11108 = ( GEOMETRIC_REPRESENTATION_CONTEXT(2) 
PARAMETRIC_REPRESENTATION_CONTEXT() REPRESENTATION_CONTEXT('2D SPACE',''
  ) );
#11109 = ORIENTED_EDGE('',*,*,#11110,.T.);
#11110 = EDGE_CURVE('',#11088,#11111,#11113,.T.);
#11111 = VERTEX_POINT('',#11112);
#11112 = CARTESIAN_POINT('',(-19.5,12.25559573347,198.93136435574));
#11113 = SURFACE_CURVE('',#11114,(#11118,#11125),.PCURVE_S1.);
#11114 = LINE('',#11115,#11116);
#11115 = CARTESIAN_POINT('',(-19.5,12.040080292049,199.22953212575));
#11116 = VECTOR('',#11117,1.);
#11117 = DIRECTION('',(1.550154511097E-16,0.585797857456,-0.810457198253
    ));
#11118 = PCURVE('',#2015,#11119);
#11119 = DEFINITIONAL_REPRESENTATION('',(#11120),#11124);
#11120 = LINE('',#11121,#11122);
#11121 = CARTESIAN_POINT('',(-12.04008029204,19.991562996929));
#11122 = VECTOR('',#11123,1.);
#11123 = DIRECTION('',(-0.585797857456,-0.810457198253));
#11124 = ( GEOMETRIC_REPRESENTATION_CONTEXT(2) 
PARAMETRIC_REPRESENTATION_CONTEXT() REPRESENTATION_CONTEXT('2D SPACE',''
  ) );
#11125 = PCURVE('',#5492,#11126);
#11126 = DEFINITIONAL_REPRESENTATION('',(#11127),#11131);
#11127 = LINE('',#11128,#11129);
#11128 = CARTESIAN_POINT('',(0.,0.));
#11129 = VECTOR('',#11130,1.);
#11130 = DIRECTION('',(1.,0.));
#11131 = ( GEOMETRIC_REPRESENTATION_CONTEXT(2) 
PARAMETRIC_REPRESENTATION_CONTEXT() REPRESENTATION_CONTEXT('2D SPACE',''
  ) );
#11132 = ORIENTED_EDGE('',*,*,#11133,.T.);
#11133 = EDGE_CURVE('',#11111,#11134,#11136,.T.);
#11134 = VERTEX_POINT('',#11135);
#11135 = CARTESIAN_POINT('',(-19.5,12.463728862287,198.62799737459));
#11136 = SURFACE_CURVE('',#11137,(#11141,#11148),.PCURVE_S1.);
#11137 = LINE('',#11138,#11139);
#11138 = CARTESIAN_POINT('',(-19.5,12.25559573347,198.93136435574));
#11139 = VECTOR('',#11140,1.);
#11140 = DIRECTION('',(1.543566511906E-16,0.565731810784,-0.824589302785
    ));
#11141 = PCURVE('',#2015,#11142);
#11142 = DEFINITIONAL_REPRESENTATION('',(#11143),#11147);
#11143 = LINE('',#11144,#11145);
#11144 = CARTESIAN_POINT('',(-12.25559573347,19.69339522692));
#11145 = VECTOR('',#11146,1.);
#11146 = DIRECTION('',(-0.565731810784,-0.824589302785));
#11147 = ( GEOMETRIC_REPRESENTATION_CONTEXT(2) 
PARAMETRIC_REPRESENTATION_CONTEXT() REPRESENTATION_CONTEXT('2D SPACE',''
  ) );
#11148 = PCURVE('',#5520,#11149);
#11149 = DEFINITIONAL_REPRESENTATION('',(#11150),#11154);
#11150 = LINE('',#11151,#11152);
#11151 = CARTESIAN_POINT('',(0.,0.));
#11152 = VECTOR('',#11153,1.);
#11153 = DIRECTION('',(1.,1.232595164408E-32));
#11154 = ( GEOMETRIC_REPRESENTATION_CONTEXT(2) 
PARAMETRIC_REPRESENTATION_CONTEXT() REPRESENTATION_CONTEXT('2D SPACE',''
  ) );
#11155 = ORIENTED_EDGE('',*,*,#11156,.T.);
#11156 = EDGE_CURVE('',#11134,#11157,#11159,.T.);
#11157 = VERTEX_POINT('',#11158);
#11158 = CARTESIAN_POINT('',(-19.5,12.664354306886,198.31961391923));
#11159 = SURFACE_CURVE('',#11160,(#11164,#11171),.PCURVE_S1.);
#11160 = LINE('',#11161,#11162);
#11161 = CARTESIAN_POINT('',(-19.5,12.463728862287,198.62799737459));
#11162 = VECTOR('',#11163,1.);
#11163 = DIRECTION('',(1.536048725966E-16,0.545324988422,-0.838224705555
    ));
#11164 = PCURVE('',#2015,#11165);
#11165 = DEFINITIONAL_REPRESENTATION('',(#11166),#11170);
#11166 = LINE('',#11167,#11168);
#11167 = CARTESIAN_POINT('',(-12.46372886228,19.39002824577));
#11168 = VECTOR('',#11169,1.);
#11169 = DIRECTION('',(-0.545324988422,-0.838224705555));
#11170 = ( GEOMETRIC_REPRESENTATION_CONTEXT(2) 
PARAMETRIC_REPRESENTATION_CONTEXT() REPRESENTATION_CONTEXT('2D SPACE',''
  ) );
#11171 = PCURVE('',#5548,#11172);
#11172 = DEFINITIONAL_REPRESENTATION('',(#11173),#11177);
#11173 = LINE('',#11174,#11175);
#11174 = CARTESIAN_POINT('',(0.,0.));
#11175 = VECTOR('',#11176,1.);
#11176 = DIRECTION('',(1.,-1.232595164408E-32));
#11177 = ( GEOMETRIC_REPRESENTATION_CONTEXT(2) 
PARAMETRIC_REPRESENTATION_CONTEXT() REPRESENTATION_CONTEXT('2D SPACE',''
  ) );
#11178 = ORIENTED_EDGE('',*,*,#11179,.T.);
#11179 = EDGE_CURVE('',#11157,#11180,#11182,.T.);
#11180 = VERTEX_POINT('',#11181);
#11181 = CARTESIAN_POINT('',(-19.5,12.857351218002,198.00639974831));
#11182 = SURFACE_CURVE('',#11183,(#11187,#11194),.PCURVE_S1.);
#11183 = LINE('',#11184,#11185);
#11184 = CARTESIAN_POINT('',(-19.5,12.664354306886,198.31961391923));
#11185 = VECTOR('',#11186,1.);
#11186 = DIRECTION('',(1.52760568171E-16,0.524589682678,-0.851355193105)
  );
#11187 = PCURVE('',#2015,#11188);
#11188 = DEFINITIONAL_REPRESENTATION('',(#11189),#11193);
#11189 = LINE('',#11190,#11191);
#11190 = CARTESIAN_POINT('',(-12.66435430688,19.081644790406));
#11191 = VECTOR('',#11192,1.);
#11192 = DIRECTION('',(-0.524589682678,-0.851355193105));
#11193 = ( GEOMETRIC_REPRESENTATION_CONTEXT(2) 
PARAMETRIC_REPRESENTATION_CONTEXT() REPRESENTATION_CONTEXT('2D SPACE',''
  ) );
#11194 = PCURVE('',#5576,#11195);
#11195 = DEFINITIONAL_REPRESENTATION('',(#11196),#11200);
#11196 = LINE('',#11197,#11198);
#11197 = CARTESIAN_POINT('',(0.,0.));
#11198 = VECTOR('',#11199,1.);
#11199 = DIRECTION('',(1.,1.232595164408E-32));
#11200 = ( GEOMETRIC_REPRESENTATION_CONTEXT(2) 
PARAMETRIC_REPRESENTATION_CONTEXT() REPRESENTATION_CONTEXT('2D SPACE',''
  ) );
#11201 = ORIENTED_EDGE('',*,*,#11202,.T.);
#11202 = EDGE_CURVE('',#11180,#11203,#11205,.T.);
#11203 = VERTEX_POINT('',#11204);
#11204 = CARTESIAN_POINT('',(-19.5,13.042603341511,197.68854353035));
#11205 = SURFACE_CURVE('',#11206,(#11210,#11217),.PCURVE_S1.);
#11206 = LINE('',#11207,#11208);
#11207 = CARTESIAN_POINT('',(-19.5,12.857351218002,198.00639974831));
#11208 = VECTOR('',#11209,1.);
#11209 = DIRECTION('',(1.518242464912E-16,0.503538383726,-0.863972856122
    ));
#11210 = PCURVE('',#2015,#11211);
#11211 = DEFINITIONAL_REPRESENTATION('',(#11212),#11216);
#11212 = LINE('',#11213,#11214);
#11213 = CARTESIAN_POINT('',(-12.857351218,18.768430619489));
#11214 = VECTOR('',#11215,1.);
#11215 = DIRECTION('',(-0.503538383726,-0.863972856122));
#11216 = ( GEOMETRIC_REPRESENTATION_CONTEXT(2) 
PARAMETRIC_REPRESENTATION_CONTEXT() REPRESENTATION_CONTEXT('2D SPACE',''
  ) );
#11217 = PCURVE('',#5604,#11218);
#11218 = DEFINITIONAL_REPRESENTATION('',(#11219),#11223);
#11219 = LINE('',#11220,#11221);
#11220 = CARTESIAN_POINT('',(0.,0.));
#11221 = VECTOR('',#11222,1.);
#11222 = DIRECTION('',(1.,0.));
#11223 = ( GEOMETRIC_REPRESENTATION_CONTEXT(2) 
PARAMETRIC_REPRESENTATION_CONTEXT() REPRESENTATION_CONTEXT('2D SPACE',''
  ) );
#11224 = ORIENTED_EDGE('',*,*,#11225,.T.);
#11225 = EDGE_CURVE('',#11203,#11226,#11228,.T.);
#11226 = VERTEX_POINT('',#11227);
#11227 = CARTESIAN_POINT('',(-19.5,13.219999088461,197.36623673004));
#11228 = SURFACE_CURVE('',#11229,(#11233,#11240),.PCURVE_S1.);
#11229 = LINE('',#11230,#11231);
#11230 = CARTESIAN_POINT('',(-19.5,13.042603341511,197.68854353035));
#11231 = VECTOR('',#11232,1.);
#11232 = DIRECTION('',(1.507964715624E-16,0.482183772079,-0.876070094195
    ));
#11233 = PCURVE('',#2015,#11234);
#11234 = DEFINITIONAL_REPRESENTATION('',(#11235),#11239);
#11235 = LINE('',#11236,#11237);
#11236 = CARTESIAN_POINT('',(-13.04260334151,18.450574401525));
#11237 = VECTOR('',#11238,1.);
#11238 = DIRECTION('',(-0.482183772079,-0.876070094195));
#11239 = ( GEOMETRIC_REPRESENTATION_CONTEXT(2) 
PARAMETRIC_REPRESENTATION_CONTEXT() REPRESENTATION_CONTEXT('2D SPACE',''
  ) );
#11240 = PCURVE('',#5632,#11241);
#11241 = DEFINITIONAL_REPRESENTATION('',(#11242),#11246);
#11242 = LINE('',#11243,#11244);
#11243 = CARTESIAN_POINT('',(0.,0.));
#11244 = VECTOR('',#11245,1.);
#11245 = DIRECTION('',(1.,0.));
#11246 = ( GEOMETRIC_REPRESENTATION_CONTEXT(2) 
PARAMETRIC_REPRESENTATION_CONTEXT() REPRESENTATION_CONTEXT('2D SPACE',''
  ) );
#11247 = ORIENTED_EDGE('',*,*,#11248,.T.);
#11248 = EDGE_CURVE('',#11226,#11249,#11251,.T.);
#11249 = VERTEX_POINT('',#11250);
#11250 = CARTESIAN_POINT('',(-19.5,13.389431602289,197.03967349294));
#11251 = SURFACE_CURVE('',#11252,(#11256,#11263),.PCURVE_S1.);
#11252 = LINE('',#11253,#11254);
#11253 = CARTESIAN_POINT('',(-19.5,13.219999088461,197.36623673004));
#11254 = VECTOR('',#11255,1.);
#11255 = DIRECTION('',(1.496778624778E-16,0.460538710958,-0.887639620403
    ));
#11256 = PCURVE('',#2015,#11257);
#11257 = DEFINITIONAL_REPRESENTATION('',(#11258),#11262);
#11258 = LINE('',#11259,#11260);
#11259 = CARTESIAN_POINT('',(-13.21999908846,18.128267601214));
#11260 = VECTOR('',#11261,1.);
#11261 = DIRECTION('',(-0.460538710958,-0.887639620403));
#11262 = ( GEOMETRIC_REPRESENTATION_CONTEXT(2) 
PARAMETRIC_REPRESENTATION_CONTEXT() REPRESENTATION_CONTEXT('2D SPACE',''
  ) );
#11263 = PCURVE('',#5660,#11264);
#11264 = DEFINITIONAL_REPRESENTATION('',(#11265),#11269);
#11265 = LINE('',#11266,#11267);
#11266 = CARTESIAN_POINT('',(0.,0.));
#11267 = VECTOR('',#11268,1.);
#11268 = DIRECTION('',(1.,0.));
#11269 = ( GEOMETRIC_REPRESENTATION_CONTEXT(2) 
PARAMETRIC_REPRESENTATION_CONTEXT() REPRESENTATION_CONTEXT('2D SPACE',''
  ) );
#11270 = ORIENTED_EDGE('',*,*,#11271,.T.);
#11271 = EDGE_CURVE('',#11249,#11272,#11274,.T.);
#11272 = VERTEX_POINT('',#11273);
#11273 = CARTESIAN_POINT('',(-19.5,13.550798823182,196.70905052855));
#11274 = SURFACE_CURVE('',#11275,(#11279,#11286),.PCURVE_S1.);
#11275 = LINE('',#11276,#11277);
#11276 = CARTESIAN_POINT('',(-19.5,13.389431602289,197.03967349294));
#11277 = VECTOR('',#11278,1.);
#11278 = DIRECTION('',(1.484690930456E-16,0.438616238539,-0.898674465694
    ));
#11279 = PCURVE('',#2015,#11280);
#11280 = DEFINITIONAL_REPRESENTATION('',(#11281),#11285);
#11281 = LINE('',#11282,#11283);
#11282 = CARTESIAN_POINT('',(-13.38943160228,17.80170436412));
#11283 = VECTOR('',#11284,1.);
#11284 = DIRECTION('',(-0.438616238539,-0.898674465694));
#11285 = ( GEOMETRIC_REPRESENTATION_CONTEXT(2) 
PARAMETRIC_REPRESENTATION_CONTEXT() REPRESENTATION_CONTEXT('2D SPACE',''
  ) );
#11286 = PCURVE('',#5688,#11287);
#11287 = DEFINITIONAL_REPRESENTATION('',(#11288),#11292);
#11288 = LINE('',#11289,#11290);
#11289 = CARTESIAN_POINT('',(0.,0.));
#11290 = VECTOR('',#11291,1.);
#11291 = DIRECTION('',(1.,0.));
#11292 = ( GEOMETRIC_REPRESENTATION_CONTEXT(2) 
PARAMETRIC_REPRESENTATION_CONTEXT() REPRESENTATION_CONTEXT('2D SPACE',''
  ) );
#11293 = ORIENTED_EDGE('',*,*,#11294,.T.);
#11294 = EDGE_CURVE('',#11272,#11295,#11297,.T.);
#11295 = VERTEX_POINT('',#11296);
#11296 = CARTESIAN_POINT('',(-19.5,13.704003549561,196.37456699177));
#11297 = SURFACE_CURVE('',#11298,(#11302,#11309),.PCURVE_S1.);
#11298 = LINE('',#11299,#11300);
#11299 = CARTESIAN_POINT('',(-19.5,13.550798823182,196.70905052855));
#11300 = VECTOR('',#11301,1.);
#11301 = DIRECTION('',(1.471708913834E-16,0.416429560098,-0.909167983091
    ));
#11302 = PCURVE('',#2015,#11303);
#11303 = DEFINITIONAL_REPRESENTATION('',(#11304),#11308);
#11304 = LINE('',#11305,#11306);
#11305 = CARTESIAN_POINT('',(-13.55079882318,17.471081399727));
#11306 = VECTOR('',#11307,1.);
#11307 = DIRECTION('',(-0.416429560098,-0.909167983091));
#11308 = ( GEOMETRIC_REPRESENTATION_CONTEXT(2) 
PARAMETRIC_REPRESENTATION_CONTEXT() REPRESENTATION_CONTEXT('2D SPACE',''
  ) );
#11309 = PCURVE('',#5716,#11310);
#11310 = DEFINITIONAL_REPRESENTATION('',(#11311),#11315);
#11311 = LINE('',#11312,#11313);
#11312 = CARTESIAN_POINT('',(0.,0.));
#11313 = VECTOR('',#11314,1.);
#11314 = DIRECTION('',(1.,-1.232595164408E-32));
#11315 = ( GEOMETRIC_REPRESENTATION_CONTEXT(2) 
PARAMETRIC_REPRESENTATION_CONTEXT() REPRESENTATION_CONTEXT('2D SPACE',''
  ) );
#11316 = ORIENTED_EDGE('',*,*,#11317,.T.);
#11317 = EDGE_CURVE('',#11295,#11318,#11320,.T.);
#11318 = VERTEX_POINT('',#11319);
#11319 = CARTESIAN_POINT('',(-19.5,13.848953496627,196.03642436297));
#11320 = SURFACE_CURVE('',#11321,(#11325,#11332),.PCURVE_S1.);
#11321 = LINE('',#11322,#11323);
#11322 = CARTESIAN_POINT('',(-19.5,13.704003549561,196.37456699177));
#11323 = VECTOR('',#11324,1.);
#11324 = DIRECTION('',(1.457840394793E-16,0.393992040061,-0.91911385169)
  );
#11325 = PCURVE('',#2015,#11326);
#11326 = DEFINITIONAL_REPRESENTATION('',(#11327),#11331);
#11327 = LINE('',#11328,#11329);
#11328 = CARTESIAN_POINT('',(-13.70400354956,17.136597862944));
#11329 = VECTOR('',#11330,1.);
#11330 = DIRECTION('',(-0.393992040061,-0.91911385169));
#11331 = ( GEOMETRIC_REPRESENTATION_CONTEXT(2) 
PARAMETRIC_REPRESENTATION_CONTEXT() REPRESENTATION_CONTEXT('2D SPACE',''
  ) );
#11332 = PCURVE('',#5744,#11333);
#11333 = DEFINITIONAL_REPRESENTATION('',(#11334),#11338);
#11334 = LINE('',#11335,#11336);
#11335 = CARTESIAN_POINT('',(0.,0.));
#11336 = VECTOR('',#11337,1.);
#11337 = DIRECTION('',(1.,0.));
#11338 = ( GEOMETRIC_REPRESENTATION_CONTEXT(2) 
PARAMETRIC_REPRESENTATION_CONTEXT() REPRESENTATION_CONTEXT('2D SPACE',''
  ) );
#11339 = ORIENTED_EDGE('',*,*,#11340,.T.);
#11340 = EDGE_CURVE('',#11318,#11341,#11343,.T.);
#11341 = VERTEX_POINT('',#11342);
#11342 = CARTESIAN_POINT('',(-19.5,13.985561351953,195.69482632664));
#11343 = SURFACE_CURVE('',#11344,(#11348,#11355),.PCURVE_S1.);
#11344 = LINE('',#11345,#11346);
#11345 = CARTESIAN_POINT('',(-19.5,13.848953496627,196.03642436297));
#11346 = VECTOR('',#11347,1.);
#11347 = DIRECTION('',(1.44309372721E-16,0.371317193952,-0.928506080473)
  );
#11348 = PCURVE('',#2015,#11349);
#11349 = DEFINITIONAL_REPRESENTATION('',(#11350),#11354);
#11350 = LINE('',#11351,#11352);
#11351 = CARTESIAN_POINT('',(-13.84895349662,16.79845523415));
#11352 = VECTOR('',#11353,1.);
#11353 = DIRECTION('',(-0.371317193952,-0.928506080473));
#11354 = ( GEOMETRIC_REPRESENTATION_CONTEXT(2) 
PARAMETRIC_REPRESENTATION_CONTEXT() REPRESENTATION_CONTEXT('2D SPACE',''
  ) );
#11355 = PCURVE('',#5772,#11356);
#11356 = DEFINITIONAL_REPRESENTATION('',(#11357),#11361);
#11357 = LINE('',#11358,#11359);
#11358 = CARTESIAN_POINT('',(0.,0.));
#11359 = VECTOR('',#11360,1.);
#11360 = DIRECTION('',(1.,-1.232595164408E-32));
#11361 = ( GEOMETRIC_REPRESENTATION_CONTEXT(2) 
PARAMETRIC_REPRESENTATION_CONTEXT() REPRESENTATION_CONTEXT('2D SPACE',''
  ) );
#11362 = ORIENTED_EDGE('',*,*,#11363,.T.);
#11363 = EDGE_CURVE('',#11341,#11364,#11366,.T.);
#11364 = VERTEX_POINT('',#11365);
#11365 = CARTESIAN_POINT('',(-19.5,14.113744828075,195.34997864865));
#11366 = SURFACE_CURVE('',#11367,(#11371,#11378),.PCURVE_S1.);
#11367 = LINE('',#11368,#11369);
#11368 = CARTESIAN_POINT('',(-19.5,13.985561351953,195.69482632664));
#11369 = VECTOR('',#11370,1.);
#11370 = DIRECTION('',(1.427477793927E-16,0.348418680249,-0.937339011913
    ));
#11371 = PCURVE('',#2015,#11372);
#11372 = DEFINITIONAL_REPRESENTATION('',(#11373),#11377);
#11373 = LINE('',#11374,#11375);
#11374 = CARTESIAN_POINT('',(-13.98556135195,16.456857197817));
#11375 = VECTOR('',#11376,1.);
#11376 = DIRECTION('',(-0.348418680249,-0.937339011913));
#11377 = ( GEOMETRIC_REPRESENTATION_CONTEXT(2) 
PARAMETRIC_REPRESENTATION_CONTEXT() REPRESENTATION_CONTEXT('2D SPACE',''
  ) );
#11378 = PCURVE('',#5800,#11379);
#11379 = DEFINITIONAL_REPRESENTATION('',(#11380),#11384);
#11380 = LINE('',#11381,#11382);
#11381 = CARTESIAN_POINT('',(0.,0.));
#11382 = VECTOR('',#11383,1.);
#11383 = DIRECTION('',(1.,0.));
#11384 = ( GEOMETRIC_REPRESENTATION_CONTEXT(2) 
PARAMETRIC_REPRESENTATION_CONTEXT() REPRESENTATION_CONTEXT('2D SPACE',''
  ) );
#11385 = ORIENTED_EDGE('',*,*,#11386,.T.);
#11386 = EDGE_CURVE('',#11364,#11387,#11389,.T.);
#11387 = VERTEX_POINT('',#11388);
#11388 = CARTESIAN_POINT('',(-19.5,14.233426712059,195.00208905236));
#11389 = SURFACE_CURVE('',#11390,(#11394,#11401),.PCURVE_S1.);
#11390 = LINE('',#11391,#11392);
#11391 = CARTESIAN_POINT('',(-19.5,14.113744828075,195.34997864865));
#11392 = VECTOR('',#11393,1.);
#11393 = DIRECTION('',(1.411002001398E-16,0.325310292162,-0.945607325381
    ));
#11394 = PCURVE('',#2015,#11395);
#11395 = DEFINITIONAL_REPRESENTATION('',(#11396),#11400);
#11396 = LINE('',#11397,#11398);
#11397 = CARTESIAN_POINT('',(-14.11374482807,16.112009519831));
#11398 = VECTOR('',#11399,1.);
#11399 = DIRECTION('',(-0.325310292162,-0.945607325381));
#11400 = ( GEOMETRIC_REPRESENTATION_CONTEXT(2) 
PARAMETRIC_REPRESENTATION_CONTEXT() REPRESENTATION_CONTEXT('2D SPACE',''
  ) );
#11401 = PCURVE('',#5828,#11402);
#11402 = DEFINITIONAL_REPRESENTATION('',(#11403),#11407);
#11403 = LINE('',#11404,#11405);
#11404 = CARTESIAN_POINT('',(0.,0.));
#11405 = VECTOR('',#11406,1.);
#11406 = DIRECTION('',(1.,1.232595164408E-32));
#11407 = ( GEOMETRIC_REPRESENTATION_CONTEXT(2) 
PARAMETRIC_REPRESENTATION_CONTEXT() REPRESENTATION_CONTEXT('2D SPACE',''
  ) );
#11408 = ORIENTED_EDGE('',*,*,#11409,.T.);
#11409 = EDGE_CURVE('',#11387,#11410,#11412,.T.);
#11410 = VERTEX_POINT('',#11411);
#11411 = CARTESIAN_POINT('',(-19.5,14.344534912013,194.65136709344));
#11412 = SURFACE_CURVE('',#11413,(#11417,#11424),.PCURVE_S1.);
#11413 = LINE('',#11414,#11415);
#11414 = CARTESIAN_POINT('',(-19.5,14.233426712059,195.00208905236));
#11415 = VECTOR('',#11416,1.);
#11416 = DIRECTION('',(1.393676274023E-16,0.302005949319,-0.953306040354
    ));
#11417 = PCURVE('',#2015,#11418);
#11418 = DEFINITIONAL_REPRESENTATION('',(#11419),#11423);
#11419 = LINE('',#11420,#11421);
#11420 = CARTESIAN_POINT('',(-14.23342671205,15.764119923537));
#11421 = VECTOR('',#11422,1.);
#11422 = DIRECTION('',(-0.302005949319,-0.953306040354));
#11423 = ( GEOMETRIC_REPRESENTATION_CONTEXT(2) 
PARAMETRIC_REPRESENTATION_CONTEXT() REPRESENTATION_CONTEXT('2D SPACE',''
  ) );
#11424 = PCURVE('',#5856,#11425);
#11425 = DEFINITIONAL_REPRESENTATION('',(#11426),#11430);
#11426 = LINE('',#11427,#11428);
#11427 = CARTESIAN_POINT('',(0.,0.));
#11428 = VECTOR('',#11429,1.);
#11429 = DIRECTION('',(1.,0.));
#11430 = ( GEOMETRIC_REPRESENTATION_CONTEXT(2) 
PARAMETRIC_REPRESENTATION_CONTEXT() REPRESENTATION_CONTEXT('2D SPACE',''
  ) );
#11431 = ORIENTED_EDGE('',*,*,#11432,.T.);
#11432 = EDGE_CURVE('',#11410,#11433,#11435,.T.);
#11433 = VERTEX_POINT('',#11434);
#11434 = CARTESIAN_POINT('',(-19.5,14.447002500513,194.2980240337));
#11435 = SURFACE_CURVE('',#11436,(#11440,#11447),.PCURVE_S1.);
#11436 = LINE('',#11437,#11438);
#11437 = CARTESIAN_POINT('',(-19.5,14.344534912013,194.65136709344));
#11438 = VECTOR('',#11439,1.);
#11439 = DIRECTION('',(1.375511048175E-16,0.278519689385,-0.960430519416
    ));
#11440 = PCURVE('',#2015,#11441);
#11441 = DEFINITIONAL_REPRESENTATION('',(#11442),#11446);
#11442 = LINE('',#11443,#11444);
#11443 = CARTESIAN_POINT('',(-14.34453491201,15.413397964621));
#11444 = VECTOR('',#11445,1.);
#11445 = DIRECTION('',(-0.278519689385,-0.960430519416));
#11446 = ( GEOMETRIC_REPRESENTATION_CONTEXT(2) 
PARAMETRIC_REPRESENTATION_CONTEXT() REPRESENTATION_CONTEXT('2D SPACE',''
  ) );
#11447 = PCURVE('',#5884,#11448);
#11448 = DEFINITIONAL_REPRESENTATION('',(#11449),#11453);
#11449 = LINE('',#11450,#11451);
#11450 = CARTESIAN_POINT('',(0.,0.));
#11451 = VECTOR('',#11452,1.);
#11452 = DIRECTION('',(1.,0.));
#11453 = ( GEOMETRIC_REPRESENTATION_CONTEXT(2) 
PARAMETRIC_REPRESENTATION_CONTEXT() REPRESENTATION_CONTEXT('2D SPACE',''
  ) );
#11454 = ORIENTED_EDGE('',*,*,#11455,.T.);
#11455 = EDGE_CURVE('',#11433,#11456,#11458,.T.);
#11456 = VERTEX_POINT('',#11457);
#11457 = CARTESIAN_POINT('',(-19.5,14.540767754916,193.94227271377));
#11458 = SURFACE_CURVE('',#11459,(#11463,#11470),.PCURVE_S1.);
#11459 = LINE('',#11460,#11461);
#11460 = CARTESIAN_POINT('',(-19.5,14.447002500513,194.2980240337));
#11461 = VECTOR('',#11462,1.);
#11462 = DIRECTION('',(1.356517265904E-16,0.254865659605,-0.966976471045
    ));
#11463 = PCURVE('',#2015,#11464);
#11464 = DEFINITIONAL_REPRESENTATION('',(#11465),#11469);
#11465 = LINE('',#11466,#11467);
#11466 = CARTESIAN_POINT('',(-14.44700250051,15.060054904876));
#11467 = VECTOR('',#11468,1.);
#11468 = DIRECTION('',(-0.254865659605,-0.966976471045));
#11469 = ( GEOMETRIC_REPRESENTATION_CONTEXT(2) 
PARAMETRIC_REPRESENTATION_CONTEXT() REPRESENTATION_CONTEXT('2D SPACE',''
  ) );
#11470 = PCURVE('',#5912,#11471);
#11471 = DEFINITIONAL_REPRESENTATION('',(#11472),#11476);
#11472 = LINE('',#11473,#11474);
#11473 = CARTESIAN_POINT('',(0.,0.));
#11474 = VECTOR('',#11475,1.);
#11475 = DIRECTION('',(1.,1.232595164408E-32));
#11476 = ( GEOMETRIC_REPRESENTATION_CONTEXT(2) 
PARAMETRIC_REPRESENTATION_CONTEXT() REPRESENTATION_CONTEXT('2D SPACE',''
  ) );
#11477 = ORIENTED_EDGE('',*,*,#11478,.T.);
#11478 = EDGE_CURVE('',#11456,#11479,#11481,.T.);
#11479 = VERTEX_POINT('',#11480);
#11480 = CARTESIAN_POINT('',(-19.5,14.625774194536,193.58432742496));
#11481 = SURFACE_CURVE('',#11482,(#11486,#11493),.PCURVE_S1.);
#11482 = LINE('',#11483,#11484);
#11483 = CARTESIAN_POINT('',(-19.5,14.540767754916,193.94227271377));
#11484 = VECTOR('',#11485,1.);
#11485 = DIRECTION('',(1.336706368356E-16,0.231058108281,-0.972939952206
    ));
#11486 = PCURVE('',#2015,#11487);
#11487 = DEFINITIONAL_REPRESENTATION('',(#11488),#11492);
#11488 = LINE('',#11489,#11490);
#11489 = CARTESIAN_POINT('',(-14.54076775491,14.704303584949));
#11490 = VECTOR('',#11491,1.);
#11491 = DIRECTION('',(-0.231058108281,-0.972939952206));
#11492 = ( GEOMETRIC_REPRESENTATION_CONTEXT(2) 
PARAMETRIC_REPRESENTATION_CONTEXT() REPRESENTATION_CONTEXT('2D SPACE',''
  ) );
#11493 = PCURVE('',#5940,#11494);
#11494 = DEFINITIONAL_REPRESENTATION('',(#11495),#11499);
#11495 = LINE('',#11496,#11497);
#11496 = CARTESIAN_POINT('',(0.,0.));
#11497 = VECTOR('',#11498,1.);
#11498 = DIRECTION('',(1.,0.));
#11499 = ( GEOMETRIC_REPRESENTATION_CONTEXT(2) 
PARAMETRIC_REPRESENTATION_CONTEXT() REPRESENTATION_CONTEXT('2D SPACE',''
  ) );
#11500 = ORIENTED_EDGE('',*,*,#11501,.T.);
#11501 = EDGE_CURVE('',#11479,#11502,#11504,.T.);
#11502 = VERTEX_POINT('',#11503);
#11503 = CARTESIAN_POINT('',(-19.5,14.701970614676,193.22440378011));
#11504 = SURFACE_CURVE('',#11505,(#11509,#11516),.PCURVE_S1.);
#11505 = LINE('',#11506,#11507);
#11506 = CARTESIAN_POINT('',(-19.5,14.625774194536,193.58432742496));
#11507 = VECTOR('',#11508,1.);
#11508 = DIRECTION('',(1.316090288874E-16,0.207111376192,-0.97831737072)
  );
#11509 = PCURVE('',#2015,#11510);
#11510 = DEFINITIONAL_REPRESENTATION('',(#11511),#11515);
#11511 = LINE('',#11512,#11513);
#11512 = CARTESIAN_POINT('',(-14.62577419453,14.346358296132));
#11513 = VECTOR('',#11514,1.);
#11514 = DIRECTION('',(-0.207111376192,-0.97831737072));
#11515 = ( GEOMETRIC_REPRESENTATION_CONTEXT(2) 
PARAMETRIC_REPRESENTATION_CONTEXT() REPRESENTATION_CONTEXT('2D SPACE',''
  ) );
#11516 = PCURVE('',#5968,#11517);
#11517 = DEFINITIONAL_REPRESENTATION('',(#11518),#11522);
#11518 = LINE('',#11519,#11520);
#11519 = CARTESIAN_POINT('',(0.,0.));
#11520 = VECTOR('',#11521,1.);
#11521 = DIRECTION('',(1.,1.232595164408E-32));
#11522 = ( GEOMETRIC_REPRESENTATION_CONTEXT(2) 
PARAMETRIC_REPRESENTATION_CONTEXT() REPRESENTATION_CONTEXT('2D SPACE',''
  ) );
#11523 = ORIENTED_EDGE('',*,*,#11524,.T.);
#11524 = EDGE_CURVE('',#11502,#11525,#11527,.T.);
#11525 = VERTEX_POINT('',#11526);
#11526 = CARTESIAN_POINT('',(-19.5,14.769311117458,192.86271858377));
#11527 = SURFACE_CURVE('',#11528,(#11532,#11539),.PCURVE_S1.);
#11528 = LINE('',#11529,#11530);
#11529 = CARTESIAN_POINT('',(-19.5,14.701970614676,193.22440378011));
#11530 = VECTOR('',#11531,1.);
#11531 = DIRECTION('',(1.294681445814E-16,0.183039887955,-0.983105487431
    ));
#11532 = PCURVE('',#2015,#11533);
#11533 = DEFINITIONAL_REPRESENTATION('',(#11534),#11538);
#11534 = LINE('',#11535,#11536);
#11535 = CARTESIAN_POINT('',(-14.70197061467,13.986434651283));
#11536 = VECTOR('',#11537,1.);
#11537 = DIRECTION('',(-0.183039887955,-0.983105487431));
#11538 = ( GEOMETRIC_REPRESENTATION_CONTEXT(2) 
PARAMETRIC_REPRESENTATION_CONTEXT() REPRESENTATION_CONTEXT('2D SPACE',''
  ) );
#11539 = PCURVE('',#5996,#11540);
#11540 = DEFINITIONAL_REPRESENTATION('',(#11541),#11545);
#11541 = LINE('',#11542,#11543);
#11542 = CARTESIAN_POINT('',(0.,0.));
#11543 = VECTOR('',#11544,1.);
#11544 = DIRECTION('',(1.,0.));
#11545 = ( GEOMETRIC_REPRESENTATION_CONTEXT(2) 
PARAMETRIC_REPRESENTATION_CONTEXT() REPRESENTATION_CONTEXT('2D SPACE',''
  ) );
#11546 = ORIENTED_EDGE('',*,*,#11547,.T.);
#11547 = EDGE_CURVE('',#11525,#11548,#11550,.T.);
#11548 = VERTEX_POINT('',#11549);
#11549 = CARTESIAN_POINT('',(-19.5,14.827755139484,192.49948970159));
#11550 = SURFACE_CURVE('',#11551,(#11555,#11562),.PCURVE_S1.);
#11551 = LINE('',#11552,#11553);
#11552 = CARTESIAN_POINT('',(-19.5,14.769311117458,192.86271858377));
#11553 = VECTOR('',#11554,1.);
#11554 = DIRECTION('',(1.272492735062E-16,0.158858143334,-0.987301418158
    ));
#11555 = PCURVE('',#2015,#11556);
#11556 = DEFINITIONAL_REPRESENTATION('',(#11557),#11561);
#11557 = LINE('',#11558,#11559);
#11558 = CARTESIAN_POINT('',(-14.76931111745,13.624749454948));
#11559 = VECTOR('',#11560,1.);
#11560 = DIRECTION('',(-0.158858143334,-0.987301418158));
#11561 = ( GEOMETRIC_REPRESENTATION_CONTEXT(2) 
PARAMETRIC_REPRESENTATION_CONTEXT() REPRESENTATION_CONTEXT('2D SPACE',''
  ) );
#11562 = PCURVE('',#6024,#11563);
#11563 = DEFINITIONAL_REPRESENTATION('',(#11564),#11568);
#11564 = LINE('',#11565,#11566);
#11565 = CARTESIAN_POINT('',(0.,0.));
#11566 = VECTOR('',#11567,1.);
#11567 = DIRECTION('',(1.,0.));
#11568 = ( GEOMETRIC_REPRESENTATION_CONTEXT(2) 
PARAMETRIC_REPRESENTATION_CONTEXT() REPRESENTATION_CONTEXT('2D SPACE',''
  ) );
#11569 = ORIENTED_EDGE('',*,*,#11570,.T.);
#11570 = EDGE_CURVE('',#11548,#11571,#11573,.T.);
#11571 = VERTEX_POINT('',#11572);
#11572 = CARTESIAN_POINT('',(-19.5,14.87726747626,192.13493592905));
#11573 = SURFACE_CURVE('',#11574,(#11578,#11585),.PCURVE_S1.);
#11574 = LINE('',#11575,#11576);
#11575 = CARTESIAN_POINT('',(-19.5,14.827755139484,192.49948970159));
#11576 = VECTOR('',#11577,1.);
#11577 = DIRECTION('',(1.249537522269E-16,0.134580708507,-0.990902635428
    ));
#11578 = PCURVE('',#2015,#11579);
#11579 = DEFINITIONAL_REPRESENTATION('',(#11580),#11584);
#11580 = LINE('',#11581,#11582);
#11581 = CARTESIAN_POINT('',(-14.82775513948,13.261520572764));
#11582 = VECTOR('',#11583,1.);
#11583 = DIRECTION('',(-0.134580708507,-0.990902635428));
#11584 = ( GEOMETRIC_REPRESENTATION_CONTEXT(2) 
PARAMETRIC_REPRESENTATION_CONTEXT() REPRESENTATION_CONTEXT('2D SPACE',''
  ) );
#11585 = PCURVE('',#6052,#11586);
#11586 = DEFINITIONAL_REPRESENTATION('',(#11587),#11591);
#11587 = LINE('',#11588,#11589);
#11588 = CARTESIAN_POINT('',(0.,0.));
#11589 = VECTOR('',#11590,1.);
#11590 = DIRECTION('',(1.,1.232595164408E-32));
#11591 = ( GEOMETRIC_REPRESENTATION_CONTEXT(2) 
PARAMETRIC_REPRESENTATION_CONTEXT() REPRESENTATION_CONTEXT('2D SPACE',''
  ) );
#11592 = ORIENTED_EDGE('',*,*,#11593,.T.);
#11593 = EDGE_CURVE('',#11571,#11594,#11596,.T.);
#11594 = VERTEX_POINT('',#11595);
#11595 = CARTESIAN_POINT('',(-19.5,14.917818303404,191.76927685972));
#11596 = SURFACE_CURVE('',#11597,(#11601,#11608),.PCURVE_S1.);
#11597 = LINE('',#11598,#11599);
#11598 = CARTESIAN_POINT('',(-19.5,14.87726747626,192.13493592905));
#11599 = VECTOR('',#11600,1.);
#11600 = DIRECTION('',(1.225829634795E-16,0.110222207294,-0.993906970002
    ));
#11601 = PCURVE('',#2015,#11602);
#11602 = DEFINITIONAL_REPRESENTATION('',(#11603),#11607);
#11603 = LINE('',#11604,#11605);
#11604 = CARTESIAN_POINT('',(-14.87726747626,12.896966800228));
#11605 = VECTOR('',#11606,1.);
#11606 = DIRECTION('',(-0.110222207294,-0.993906970002));
#11607 = ( GEOMETRIC_REPRESENTATION_CONTEXT(2) 
PARAMETRIC_REPRESENTATION_CONTEXT() REPRESENTATION_CONTEXT('2D SPACE',''
  ) );
#11608 = PCURVE('',#6080,#11609);
#11609 = DEFINITIONAL_REPRESENTATION('',(#11610),#11614);
#11610 = LINE('',#11611,#11612);
#11611 = CARTESIAN_POINT('',(0.,0.));
#11612 = VECTOR('',#11613,1.);
#11613 = DIRECTION('',(1.,1.232595164408E-32));
#11614 = ( GEOMETRIC_REPRESENTATION_CONTEXT(2) 
PARAMETRIC_REPRESENTATION_CONTEXT() REPRESENTATION_CONTEXT('2D SPACE',''
  ) );
#11615 = ORIENTED_EDGE('',*,*,#11616,.T.);
#11616 = EDGE_CURVE('',#11594,#11617,#11619,.T.);
#11617 = VERTEX_POINT('',#11618);
#11618 = CARTESIAN_POINT('',(-19.5,14.949383194616,191.40273275296));
#11619 = SURFACE_CURVE('',#11620,(#11624,#11631),.PCURVE_S1.);
#11620 = LINE('',#11621,#11622);
#11621 = CARTESIAN_POINT('',(-19.5,14.917818303404,191.76927685972));
#11622 = VECTOR('',#11623,1.);
#11623 = DIRECTION('',(1.201383353386E-16,8.579731234444E-02,
    -0.996312612183));
#11624 = PCURVE('',#2015,#11625);
#11625 = DEFINITIONAL_REPRESENTATION('',(#11626),#11630);
#11626 = LINE('',#11627,#11628);
#11627 = CARTESIAN_POINT('',(-14.9178183034,12.531307730902));
#11628 = VECTOR('',#11629,1.);
#11629 = DIRECTION('',(-8.579731234444E-02,-0.996312612183));
#11630 = ( GEOMETRIC_REPRESENTATION_CONTEXT(2) 
PARAMETRIC_REPRESENTATION_CONTEXT() REPRESENTATION_CONTEXT('2D SPACE',''
  ) );
#11631 = PCURVE('',#6108,#11632);
#11632 = DEFINITIONAL_REPRESENTATION('',(#11633),#11637);
#11633 = LINE('',#11634,#11635);
#11634 = CARTESIAN_POINT('',(0.,0.));
#11635 = VECTOR('',#11636,1.);
#11636 = DIRECTION('',(1.,1.232595164408E-32));
#11637 = ( GEOMETRIC_REPRESENTATION_CONTEXT(2) 
PARAMETRIC_REPRESENTATION_CONTEXT() REPRESENTATION_CONTEXT('2D SPACE',''
  ) );
#11638 = ORIENTED_EDGE('',*,*,#11639,.T.);
#11639 = EDGE_CURVE('',#11617,#11640,#11642,.T.);
#11640 = VERTEX_POINT('',#11641);
#11641 = CARTESIAN_POINT('',(-19.5,14.971943136384,191.03552440121));
#11642 = SURFACE_CURVE('',#11643,(#11647,#11654),.PCURVE_S1.);
#11643 = LINE('',#11644,#11645);
#11644 = CARTESIAN_POINT('',(-19.5,14.949383194616,191.40273275296));
#11645 = VECTOR('',#11646,1.);
#11646 = DIRECTION('',(1.176213403567E-16,6.132073630221E-02,
    -0.9981181129));
#11647 = PCURVE('',#2015,#11648);
#11648 = DEFINITIONAL_REPRESENTATION('',(#11649),#11653);
#11649 = LINE('',#11650,#11651);
#11650 = CARTESIAN_POINT('',(-14.94938319461,12.164763624134));
#11651 = VECTOR('',#11652,1.);
#11652 = DIRECTION('',(-6.132073630221E-02,-0.9981181129));
#11653 = ( GEOMETRIC_REPRESENTATION_CONTEXT(2) 
PARAMETRIC_REPRESENTATION_CONTEXT() REPRESENTATION_CONTEXT('2D SPACE',''
  ) );
#11654 = PCURVE('',#6136,#11655);
#11655 = DEFINITIONAL_REPRESENTATION('',(#11656),#11660);
#11656 = LINE('',#11657,#11658);
#11657 = CARTESIAN_POINT('',(0.,0.));
#11658 = VECTOR('',#11659,1.);
#11659 = DIRECTION('',(1.,0.));
#11660 = ( GEOMETRIC_REPRESENTATION_CONTEXT(2) 
PARAMETRIC_REPRESENTATION_CONTEXT() REPRESENTATION_CONTEXT('2D SPACE',''
  ) );
#11661 = ORIENTED_EDGE('',*,*,#11662,.T.);
#11662 = EDGE_CURVE('',#11640,#11663,#11665,.T.);
#11663 = VERTEX_POINT('',#11664);
#11664 = CARTESIAN_POINT('',(-19.5,14.985484539445,190.66787299707));
#11665 = SURFACE_CURVE('',#11666,(#11670,#11677),.PCURVE_S1.);
#11666 = LINE('',#11667,#11668);
#11667 = CARTESIAN_POINT('',(-19.5,14.971943136384,191.03552440121));
#11668 = VECTOR('',#11669,1.);
#11669 = DIRECTION('',(1.150334946775E-16,3.680722294136E-02,
    -0.999322384588));
#11670 = PCURVE('',#2015,#11671);
#11671 = DEFINITIONAL_REPRESENTATION('',(#11672),#11676);
#11672 = LINE('',#11673,#11674);
#11673 = CARTESIAN_POINT('',(-14.97194313638,11.79755527239));
#11674 = VECTOR('',#11675,1.);
#11675 = DIRECTION('',(-3.680722294136E-02,-0.999322384588));
#11676 = ( GEOMETRIC_REPRESENTATION_CONTEXT(2) 
PARAMETRIC_REPRESENTATION_CONTEXT() REPRESENTATION_CONTEXT('2D SPACE',''
  ) );
#11677 = PCURVE('',#6164,#11678);
#11678 = DEFINITIONAL_REPRESENTATION('',(#11679),#11683);
#11679 = LINE('',#11680,#11681);
#11680 = CARTESIAN_POINT('',(0.,0.));
#11681 = VECTOR('',#11682,1.);
#11682 = DIRECTION('',(1.,1.232595164408E-32));
#11683 = ( GEOMETRIC_REPRESENTATION_CONTEXT(2) 
PARAMETRIC_REPRESENTATION_CONTEXT() REPRESENTATION_CONTEXT('2D SPACE',''
  ) );
#11684 = ORIENTED_EDGE('',*,*,#11685,.T.);
#11685 = EDGE_CURVE('',#11663,#11686,#11688,.T.);
#11686 = VERTEX_POINT('',#11687);
#11687 = CARTESIAN_POINT('',(-19.5,14.989999246962,190.3));
#11688 = SURFACE_CURVE('',#11689,(#11693,#11700),.PCURVE_S1.);
#11689 = LINE('',#11690,#11691);
#11690 = CARTESIAN_POINT('',(-19.5,14.985484539445,190.66787299707));
#11691 = VECTOR('',#11692,1.);
#11692 = DIRECTION('',(1.123763571226E-16,1.227153828572E-02,
    -0.999924701839));
#11693 = PCURVE('',#2015,#11694);
#11694 = DEFINITIONAL_REPRESENTATION('',(#11695),#11699);
#11695 = LINE('',#11696,#11697);
#11696 = CARTESIAN_POINT('',(-14.98548453944,11.42990386825));
#11697 = VECTOR('',#11698,1.);
#11698 = DIRECTION('',(-1.227153828572E-02,-0.999924701839));
#11699 = ( GEOMETRIC_REPRESENTATION_CONTEXT(2) 
PARAMETRIC_REPRESENTATION_CONTEXT() REPRESENTATION_CONTEXT('2D SPACE',''
  ) );
#11700 = PCURVE('',#6192,#11701);
#11701 = DEFINITIONAL_REPRESENTATION('',(#11702),#11706);
#11702 = LINE('',#11703,#11704);
#11703 = CARTESIAN_POINT('',(0.,0.));
#11704 = VECTOR('',#11705,1.);
#11705 = DIRECTION('',(1.,-1.232595164408E-32));
#11706 = ( GEOMETRIC_REPRESENTATION_CONTEXT(2) 
PARAMETRIC_REPRESENTATION_CONTEXT() REPRESENTATION_CONTEXT('2D SPACE',''
  ) );
#11707 = ORIENTED_EDGE('',*,*,#11708,.T.);
#11708 = EDGE_CURVE('',#11686,#11709,#11711,.T.);
#11709 = VERTEX_POINT('',#11710);
#11710 = CARTESIAN_POINT('',(-19.5,14.985484539445,189.93212700292));
#11711 = SURFACE_CURVE('',#11712,(#11716,#11723),.PCURVE_S1.);
#11712 = LINE('',#11713,#11714);
#11713 = CARTESIAN_POINT('',(-19.5,14.989999246962,190.3));
#11714 = VECTOR('',#11715,1.);
#11715 = DIRECTION('',(1.096515282521E-16,-1.227153828572E-02,
    -0.999924701839));
#11716 = PCURVE('',#2015,#11717);
#11717 = DEFINITIONAL_REPRESENTATION('',(#11718),#11722);
#11718 = LINE('',#11719,#11720);
#11719 = CARTESIAN_POINT('',(-14.98999924696,11.062030871172));
#11720 = VECTOR('',#11721,1.);
#11721 = DIRECTION('',(1.227153828572E-02,-0.999924701839));
#11722 = ( GEOMETRIC_REPRESENTATION_CONTEXT(2) 
PARAMETRIC_REPRESENTATION_CONTEXT() REPRESENTATION_CONTEXT('2D SPACE',''
  ) );
#11723 = PCURVE('',#6220,#11724);
#11724 = DEFINITIONAL_REPRESENTATION('',(#11725),#11729);
#11725 = LINE('',#11726,#11727);
#11726 = CARTESIAN_POINT('',(0.,0.));
#11727 = VECTOR('',#11728,1.);
#11728 = DIRECTION('',(1.,0.));
#11729 = ( GEOMETRIC_REPRESENTATION_CONTEXT(2) 
PARAMETRIC_REPRESENTATION_CONTEXT() REPRESENTATION_CONTEXT('2D SPACE',''
  ) );
#11730 = ORIENTED_EDGE('',*,*,#11731,.T.);
#11731 = EDGE_CURVE('',#11709,#11732,#11734,.T.);
#11732 = VERTEX_POINT('',#11733);
#11733 = CARTESIAN_POINT('',(-19.5,14.971943136384,189.56447559878));
#11734 = SURFACE_CURVE('',#11735,(#11739,#11746),.PCURVE_S1.);
#11735 = LINE('',#11736,#11737);
#11736 = CARTESIAN_POINT('',(-19.5,14.985484539445,189.93212700292));
#11737 = VECTOR('',#11738,1.);
#11738 = DIRECTION('',(1.068606494011E-16,-3.680722294136E-02,
    -0.999322384588));
#11739 = PCURVE('',#2015,#11740);
#11740 = DEFINITIONAL_REPRESENTATION('',(#11741),#11745);
#11741 = LINE('',#11742,#11743);
#11742 = CARTESIAN_POINT('',(-14.98548453944,10.694157874094));
#11743 = VECTOR('',#11744,1.);
#11744 = DIRECTION('',(3.680722294136E-02,-0.999322384588));
#11745 = ( GEOMETRIC_REPRESENTATION_CONTEXT(2) 
PARAMETRIC_REPRESENTATION_CONTEXT() REPRESENTATION_CONTEXT('2D SPACE',''
  ) );
#11746 = PCURVE('',#6248,#11747);
#11747 = DEFINITIONAL_REPRESENTATION('',(#11748),#11752);
#11748 = LINE('',#11749,#11750);
#11749 = CARTESIAN_POINT('',(0.,0.));
#11750 = VECTOR('',#11751,1.);
#11751 = DIRECTION('',(1.,0.));
#11752 = ( GEOMETRIC_REPRESENTATION_CONTEXT(2) 
PARAMETRIC_REPRESENTATION_CONTEXT() REPRESENTATION_CONTEXT('2D SPACE',''
  ) );
#11753 = ORIENTED_EDGE('',*,*,#11754,.T.);
#11754 = EDGE_CURVE('',#11732,#11755,#11757,.T.);
#11755 = VERTEX_POINT('',#11756);
#11756 = CARTESIAN_POINT('',(-19.5,14.949383194616,189.19726724703));
#11757 = SURFACE_CURVE('',#11758,(#11762,#11769),.PCURVE_S1.);
#11758 = LINE('',#11759,#11760);
#11759 = CARTESIAN_POINT('',(-19.5,14.971943136384,189.56447559878));
#11760 = VECTOR('',#11761,1.);
#11761 = DIRECTION('',(1.040054016907E-16,-6.132073630221E-02,
    -0.9981181129));
#11762 = PCURVE('',#2015,#11763);
#11763 = DEFINITIONAL_REPRESENTATION('',(#11764),#11768);
#11764 = LINE('',#11765,#11766);
#11765 = CARTESIAN_POINT('',(-14.97194313638,10.326506469954));
#11766 = VECTOR('',#11767,1.);
#11767 = DIRECTION('',(6.132073630221E-02,-0.9981181129));
#11768 = ( GEOMETRIC_REPRESENTATION_CONTEXT(2) 
PARAMETRIC_REPRESENTATION_CONTEXT() REPRESENTATION_CONTEXT('2D SPACE',''
  ) );
#11769 = PCURVE('',#6276,#11770);
#11770 = DEFINITIONAL_REPRESENTATION('',(#11771),#11775);
#11771 = LINE('',#11772,#11773);
#11772 = CARTESIAN_POINT('',(0.,0.));
#11773 = VECTOR('',#11774,1.);
#11774 = DIRECTION('',(1.,0.));
#11775 = ( GEOMETRIC_REPRESENTATION_CONTEXT(2) 
PARAMETRIC_REPRESENTATION_CONTEXT() REPRESENTATION_CONTEXT('2D SPACE',''
  ) );
#11776 = ORIENTED_EDGE('',*,*,#11777,.T.);
#11777 = EDGE_CURVE('',#11755,#11778,#11780,.T.);
#11778 = VERTEX_POINT('',#11779);
#11779 = CARTESIAN_POINT('',(-19.5,14.917818303404,188.83072314027));
#11780 = SURFACE_CURVE('',#11781,(#11785,#11792),.PCURVE_S1.);
#11781 = LINE('',#11782,#11783);
#11782 = CARTESIAN_POINT('',(-19.5,14.949383194616,189.19726724703));
#11783 = VECTOR('',#11784,1.);
#11784 = DIRECTION('',(1.010875050154E-16,-8.579731234444E-02,
    -0.996312612183));
#11785 = PCURVE('',#2015,#11786);
#11786 = DEFINITIONAL_REPRESENTATION('',(#11787),#11791);
#11787 = LINE('',#11788,#11789);
#11788 = CARTESIAN_POINT('',(-14.94938319461,9.95929811821));
#11789 = VECTOR('',#11790,1.);
#11790 = DIRECTION('',(8.579731234444E-02,-0.996312612183));
#11791 = ( GEOMETRIC_REPRESENTATION_CONTEXT(2) 
PARAMETRIC_REPRESENTATION_CONTEXT() REPRESENTATION_CONTEXT('2D SPACE',''
  ) );
#11792 = PCURVE('',#6304,#11793);
#11793 = DEFINITIONAL_REPRESENTATION('',(#11794),#11798);
#11794 = LINE('',#11795,#11796);
#11795 = CARTESIAN_POINT('',(0.,0.));
#11796 = VECTOR('',#11797,1.);
#11797 = DIRECTION('',(1.,0.));
#11798 = ( GEOMETRIC_REPRESENTATION_CONTEXT(2) 
PARAMETRIC_REPRESENTATION_CONTEXT() REPRESENTATION_CONTEXT('2D SPACE',''
  ) );
#11799 = ORIENTED_EDGE('',*,*,#11800,.T.);
#11800 = EDGE_CURVE('',#11778,#11801,#11803,.T.);
#11801 = VERTEX_POINT('',#11802);
#11802 = CARTESIAN_POINT('',(-19.5,14.87726747626,188.46506407094));
#11803 = SURFACE_CURVE('',#11804,(#11808,#11815),.PCURVE_S1.);
#11804 = LINE('',#11805,#11806);
#11805 = CARTESIAN_POINT('',(-19.5,14.917818303404,188.83072314027));
#11806 = VECTOR('',#11807,1.);
#11807 = DIRECTION('',(9.810871700694E-17,-0.110222207294,
    -0.993906970002));
#11808 = PCURVE('',#2015,#11809);
#11809 = DEFINITIONAL_REPRESENTATION('',(#11810),#11814);
#11810 = LINE('',#11811,#11812);
#11811 = CARTESIAN_POINT('',(-14.9178183034,9.592754011443));
#11812 = VECTOR('',#11813,1.);
#11813 = DIRECTION('',(0.110222207294,-0.993906970002));
#11814 = ( GEOMETRIC_REPRESENTATION_CONTEXT(2) 
PARAMETRIC_REPRESENTATION_CONTEXT() REPRESENTATION_CONTEXT('2D SPACE',''
  ) );
#11815 = PCURVE('',#6332,#11816);
#11816 = DEFINITIONAL_REPRESENTATION('',(#11817),#11821);
#11817 = LINE('',#11818,#11819);
#11818 = CARTESIAN_POINT('',(0.,0.));
#11819 = VECTOR('',#11820,1.);
#11820 = DIRECTION('',(1.,0.));
#11821 = ( GEOMETRIC_REPRESENTATION_CONTEXT(2) 
PARAMETRIC_REPRESENTATION_CONTEXT() REPRESENTATION_CONTEXT('2D SPACE',''
  ) );
#11822 = ORIENTED_EDGE('',*,*,#11823,.T.);
#11823 = EDGE_CURVE('',#11801,#11824,#11826,.T.);
#11824 = VERTEX_POINT('',#11825);
#11825 = CARTESIAN_POINT('',(-19.5,14.827755139484,188.1005102984));
#11826 = SURFACE_CURVE('',#11827,(#11831,#11838),.PCURVE_S1.);
#11827 = LINE('',#11828,#11829);
#11828 = CARTESIAN_POINT('',(-19.5,14.87726747626,188.46506407094));
#11829 = VECTOR('',#11830,1.);
#11830 = DIRECTION('',(9.507083197587E-17,-0.134580708507,
    -0.990902635428));
#11831 = PCURVE('',#2015,#11832);
#11832 = DEFINITIONAL_REPRESENTATION('',(#11833),#11837);
#11833 = LINE('',#11834,#11835);
#11834 = CARTESIAN_POINT('',(-14.87726747626,9.227094942116));
#11835 = VECTOR('',#11836,1.);
#11836 = DIRECTION('',(0.134580708507,-0.990902635428));
#11837 = ( GEOMETRIC_REPRESENTATION_CONTEXT(2) 
PARAMETRIC_REPRESENTATION_CONTEXT() REPRESENTATION_CONTEXT('2D SPACE',''
  ) );
#11838 = PCURVE('',#6360,#11839);
#11839 = DEFINITIONAL_REPRESENTATION('',(#11840),#11844);
#11840 = LINE('',#11841,#11842);
#11841 = CARTESIAN_POINT('',(0.,0.));
#11842 = VECTOR('',#11843,1.);
#11843 = DIRECTION('',(1.,0.));
#11844 = ( GEOMETRIC_REPRESENTATION_CONTEXT(2) 
PARAMETRIC_REPRESENTATION_CONTEXT() REPRESENTATION_CONTEXT('2D SPACE',''
  ) );
#11845 = ORIENTED_EDGE('',*,*,#11846,.T.);
#11846 = EDGE_CURVE('',#11824,#2271,#11847,.T.);
#11847 = SURFACE_CURVE('',#11848,(#11852,#11859),.PCURVE_S1.);
#11848 = LINE('',#11849,#11850);
#11849 = CARTESIAN_POINT('',(-19.5,14.827755139484,188.1005102984));
#11850 = VECTOR('',#11851,1.);
#11851 = DIRECTION('',(9.197567983055E-17,-0.158858143334,
    -0.987301418158));
#11852 = PCURVE('',#2015,#11853);
#11853 = DEFINITIONAL_REPRESENTATION('',(#11854),#11858);
#11854 = LINE('',#11855,#11856);
#11855 = CARTESIAN_POINT('',(-14.82775513948,8.86254116958));
#11856 = VECTOR('',#11857,1.);
#11857 = DIRECTION('',(0.158858143334,-0.987301418158));
#11858 = ( GEOMETRIC_REPRESENTATION_CONTEXT(2) 
PARAMETRIC_REPRESENTATION_CONTEXT() REPRESENTATION_CONTEXT('2D SPACE',''
  ) );
#11859 = PCURVE('',#2309,#11860);
#11860 = DEFINITIONAL_REPRESENTATION('',(#11861),#11865);
#11861 = LINE('',#11862,#11863);
#11862 = CARTESIAN_POINT('',(0.,0.));
#11863 = VECTOR('',#11864,1.);
#11864 = DIRECTION('',(1.,0.));
#11865 = ( GEOMETRIC_REPRESENTATION_CONTEXT(2) 
PARAMETRIC_REPRESENTATION_CONTEXT() REPRESENTATION_CONTEXT('2D SPACE',''
  ) );
#11866 = ORIENTED_EDGE('',*,*,#2270,.T.);
#11867 = ORIENTED_EDGE('',*,*,#2221,.T.);
#11868 = ORIENTED_EDGE('',*,*,#2172,.T.);
#11869 = ORIENTED_EDGE('',*,*,#2123,.T.);
#11870 = ORIENTED_EDGE('',*,*,#2074,.T.);
#11871 = ORIENTED_EDGE('',*,*,#1997,.T.);
#11872 = ORIENTED_EDGE('',*,*,#8002,.T.);
#11873 = ORIENTED_EDGE('',*,*,#7953,.T.);
#11874 = ORIENTED_EDGE('',*,*,#7904,.T.);
#11875 = ORIENTED_EDGE('',*,*,#7855,.T.);
#11876 = ORIENTED_EDGE('',*,*,#7806,.T.);
#11877 = ORIENTED_EDGE('',*,*,#7757,.T.);
#11878 = ORIENTED_EDGE('',*,*,#7708,.T.);
#11879 = FACE_BOUND('',#11880,.T.);
#11880 = EDGE_LOOP('',(#11881));
#11881 = ORIENTED_EDGE('',*,*,#11882,.F.);
#11882 = EDGE_CURVE('',#11883,#11883,#11885,.T.);
#11883 = VERTEX_POINT('',#11884);
#11884 = CARTESIAN_POINT('',(-19.5,8.3,162.3));
#11885 = SURFACE_CURVE('',#11886,(#11891,#11898),.PCURVE_S1.);
#11886 = CIRCLE('',#11887,1.3);
#11887 = AXIS2_PLACEMENT_3D('',#11888,#11889,#11890);
#11888 = CARTESIAN_POINT('',(-19.5,7.,162.3));
#11889 = DIRECTION('',(-1.,1.110223024625E-16,0.));
#11890 = DIRECTION('',(1.110223024625E-16,1.,0.));
#11891 = PCURVE('',#2015,#11892);
#11892 = DEFINITIONAL_REPRESENTATION('',(#11893),#11897);
#11893 = CIRCLE('',#11894,1.3);
#11894 = AXIS2_PLACEMENT_2D('',#11895,#11896);
#11895 = CARTESIAN_POINT('',(-7.,-16.93796912882));
#11896 = DIRECTION('',(-1.,0.));
#11897 = ( GEOMETRIC_REPRESENTATION_CONTEXT(2) 
PARAMETRIC_REPRESENTATION_CONTEXT() REPRESENTATION_CONTEXT('2D SPACE',''
  ) );
#11898 = PCURVE('',#11899,#11904);
#11899 = CYLINDRICAL_SURFACE('',#11900,1.3);
#11900 = AXIS2_PLACEMENT_3D('',#11901,#11902,#11903);
#11901 = CARTESIAN_POINT('',(-20.5,7.,162.3));
#11902 = DIRECTION('',(-1.,1.110223024625E-16,0.));
#11903 = DIRECTION('',(1.110223024625E-16,1.,0.));
#11904 = DEFINITIONAL_REPRESENTATION('',(#11905),#11909);
#11905 = LINE('',#11906,#11907);
#11906 = CARTESIAN_POINT('',(-6.28318530718,-1.));
#11907 = VECTOR('',#11908,1.);
#11908 = DIRECTION('',(1.,-0.));
#11909 = ( GEOMETRIC_REPRESENTATION_CONTEXT(2) 
PARAMETRIC_REPRESENTATION_CONTEXT() REPRESENTATION_CONTEXT('2D SPACE',''
  ) );
#11910 = FACE_BOUND('',#11911,.T.);
#11911 = EDGE_LOOP('',(#11912));
#11912 = ORIENTED_EDGE('',*,*,#11913,.F.);
#11913 = EDGE_CURVE('',#11914,#11914,#11916,.T.);
#11914 = VERTEX_POINT('',#11915);
#11915 = CARTESIAN_POINT('',(-19.5,-5.7,162.3));
#11916 = SURFACE_CURVE('',#11917,(#11922,#11929),.PCURVE_S1.);
#11917 = CIRCLE('',#11918,1.3);
#11918 = AXIS2_PLACEMENT_3D('',#11919,#11920,#11921);
#11919 = CARTESIAN_POINT('',(-19.5,-7.,162.3));
#11920 = DIRECTION('',(-1.,1.110223024625E-16,0.));
#11921 = DIRECTION('',(1.110223024625E-16,1.,0.));
#11922 = PCURVE('',#2015,#11923);
#11923 = DEFINITIONAL_REPRESENTATION('',(#11924),#11928);
#11924 = CIRCLE('',#11925,1.3);
#11925 = AXIS2_PLACEMENT_2D('',#11926,#11927);
#11926 = CARTESIAN_POINT('',(7.,-16.93796912882));
#11927 = DIRECTION('',(-1.,0.));
#11928 = ( GEOMETRIC_REPRESENTATION_CONTEXT(2) 
PARAMETRIC_REPRESENTATION_CONTEXT() REPRESENTATION_CONTEXT('2D SPACE',''
  ) );
#11929 = PCURVE('',#11930,#11935);
#11930 = CYLINDRICAL_SURFACE('',#11931,1.3);
#11931 = AXIS2_PLACEMENT_3D('',#11932,#11933,#11934);
#11932 = CARTESIAN_POINT('',(-20.5,-7.,162.3));
#11933 = DIRECTION('',(-1.,1.110223024625E-16,0.));
#11934 = DIRECTION('',(1.110223024625E-16,1.,0.));
#11935 = DEFINITIONAL_REPRESENTATION('',(#11936),#11940);
#11936 = LINE('',#11937,#11938);
#11937 = CARTESIAN_POINT('',(-6.28318530718,-1.));
#11938 = VECTOR('',#11939,1.);
#11939 = DIRECTION('',(1.,-0.));
#11940 = ( GEOMETRIC_REPRESENTATION_CONTEXT(2) 
PARAMETRIC_REPRESENTATION_CONTEXT() REPRESENTATION_CONTEXT('2D SPACE',''
  ) );
#11941 = FACE_BOUND('',#11942,.T.);
#11942 = EDGE_LOOP('',(#11943,#11973,#12001,#12029));
#11943 = ORIENTED_EDGE('',*,*,#11944,.F.);
#11944 = EDGE_CURVE('',#11945,#11947,#11949,.T.);
#11945 = VERTEX_POINT('',#11946);
#11946 = CARTESIAN_POINT('',(-19.5,-6.4,201.55));
#11947 = VERTEX_POINT('',#11948);
#11948 = CARTESIAN_POINT('',(-19.5,6.4,201.55));
#11949 = SURFACE_CURVE('',#11950,(#11954,#11961),.PCURVE_S1.);
#11950 = LINE('',#11951,#11952);
#11951 = CARTESIAN_POINT('',(-19.5,-3.2,201.55));
#11952 = VECTOR('',#11953,1.);
#11953 = DIRECTION('',(1.110223024625E-16,1.,0.));
#11954 = PCURVE('',#2015,#11955);
#11955 = DEFINITIONAL_REPRESENTATION('',(#11956),#11960);
#11956 = LINE('',#11957,#11958);
#11957 = CARTESIAN_POINT('',(3.2,22.312030871172));
#11958 = VECTOR('',#11959,1.);
#11959 = DIRECTION('',(-1.,0.));
#11960 = ( GEOMETRIC_REPRESENTATION_CONTEXT(2) 
PARAMETRIC_REPRESENTATION_CONTEXT() REPRESENTATION_CONTEXT('2D SPACE',''
  ) );
#11961 = PCURVE('',#11962,#11967);
#11962 = PLANE('',#11963);
#11963 = AXIS2_PLACEMENT_3D('',#11964,#11965,#11966);
#11964 = CARTESIAN_POINT('',(11.6,-6.4,201.55));
#11965 = DIRECTION('',(0.,0.,1.));
#11966 = DIRECTION('',(1.110223024625E-16,1.,0.));
#11967 = DEFINITIONAL_REPRESENTATION('',(#11968),#11972);
#11968 = LINE('',#11969,#11970);
#11969 = CARTESIAN_POINT('',(3.2,31.1));
#11970 = VECTOR('',#11971,1.);
#11971 = DIRECTION('',(1.,0.));
#11972 = ( GEOMETRIC_REPRESENTATION_CONTEXT(2) 
PARAMETRIC_REPRESENTATION_CONTEXT() REPRESENTATION_CONTEXT('2D SPACE',''
  ) );
#11973 = ORIENTED_EDGE('',*,*,#11974,.T.);
#11974 = EDGE_CURVE('',#11945,#11975,#11977,.T.);
#11975 = VERTEX_POINT('',#11976);
#11976 = CARTESIAN_POINT('',(-19.5,-6.4,168.25));
#11977 = SURFACE_CURVE('',#11978,(#11982,#11989),.PCURVE_S1.);
#11978 = LINE('',#11979,#11980);
#11979 = CARTESIAN_POINT('',(-19.5,-6.4,173.74398456441));
#11980 = VECTOR('',#11981,1.);
#11981 = DIRECTION('',(1.110223024625E-16,-1.232595164408E-32,-1.));
#11982 = PCURVE('',#2015,#11983);
#11983 = DEFINITIONAL_REPRESENTATION('',(#11984),#11988);
#11984 = LINE('',#11985,#11986);
#11985 = CARTESIAN_POINT('',(6.4,-5.493984564414));
#11986 = VECTOR('',#11987,1.);
#11987 = DIRECTION('',(0.,-1.));
#11988 = ( GEOMETRIC_REPRESENTATION_CONTEXT(2) 
PARAMETRIC_REPRESENTATION_CONTEXT() REPRESENTATION_CONTEXT('2D SPACE',''
  ) );
#11989 = PCURVE('',#11990,#11995);
#11990 = PLANE('',#11991);
#11991 = AXIS2_PLACEMENT_3D('',#11992,#11993,#11994);
#11992 = CARTESIAN_POINT('',(11.6,-6.4,168.25));
#11993 = DIRECTION('',(1.110223024625E-16,1.,0.));
#11994 = DIRECTION('',(0.,0.,1.));
#11995 = DEFINITIONAL_REPRESENTATION('',(#11996),#12000);
#11996 = LINE('',#11997,#11998);
#11997 = CARTESIAN_POINT('',(5.493984564414,-31.1));
#11998 = VECTOR('',#11999,1.);
#11999 = DIRECTION('',(-1.,1.110223024625E-16));
#12000 = ( GEOMETRIC_REPRESENTATION_CONTEXT(2) 
PARAMETRIC_REPRESENTATION_CONTEXT() REPRESENTATION_CONTEXT('2D SPACE',''
  ) );
#12001 = ORIENTED_EDGE('',*,*,#12002,.T.);
#12002 = EDGE_CURVE('',#11975,#12003,#12005,.T.);
#12003 = VERTEX_POINT('',#12004);
#12004 = CARTESIAN_POINT('',(-19.5,6.4,168.25));
#12005 = SURFACE_CURVE('',#12006,(#12010,#12017),.PCURVE_S1.);
#12006 = LINE('',#12007,#12008);
#12007 = CARTESIAN_POINT('',(-19.5,-3.2,168.25));
#12008 = VECTOR('',#12009,1.);
#12009 = DIRECTION('',(1.110223024625E-16,1.,0.));
#12010 = PCURVE('',#2015,#12011);
#12011 = DEFINITIONAL_REPRESENTATION('',(#12012),#12016);
#12012 = LINE('',#12013,#12014);
#12013 = CARTESIAN_POINT('',(3.2,-10.98796912882));
#12014 = VECTOR('',#12015,1.);
#12015 = DIRECTION('',(-1.,0.));
#12016 = ( GEOMETRIC_REPRESENTATION_CONTEXT(2) 
PARAMETRIC_REPRESENTATION_CONTEXT() REPRESENTATION_CONTEXT('2D SPACE',''
  ) );
#12017 = PCURVE('',#12018,#12023);
#12018 = PLANE('',#12019);
#12019 = AXIS2_PLACEMENT_3D('',#12020,#12021,#12022);
#12020 = CARTESIAN_POINT('',(11.6,-6.4,168.25));
#12021 = DIRECTION('',(0.,0.,1.));
#12022 = DIRECTION('',(1.110223024625E-16,1.,0.));
#12023 = DEFINITIONAL_REPRESENTATION('',(#12024),#12028);
#12024 = LINE('',#12025,#12026);
#12025 = CARTESIAN_POINT('',(3.2,31.1));
#12026 = VECTOR('',#12027,1.);
#12027 = DIRECTION('',(1.,0.));
#12028 = ( GEOMETRIC_REPRESENTATION_CONTEXT(2) 
PARAMETRIC_REPRESENTATION_CONTEXT() REPRESENTATION_CONTEXT('2D SPACE',''
  ) );
#12029 = ORIENTED_EDGE('',*,*,#12030,.F.);
#12030 = EDGE_CURVE('',#11947,#12003,#12031,.T.);
#12031 = SURFACE_CURVE('',#12032,(#12036,#12043),.PCURVE_S1.);
#12032 = LINE('',#12033,#12034);
#12033 = CARTESIAN_POINT('',(-19.5,6.4,173.74398456441));
#12034 = VECTOR('',#12035,1.);
#12035 = DIRECTION('',(1.110223024625E-16,-1.232595164408E-32,-1.));
#12036 = PCURVE('',#2015,#12037);
#12037 = DEFINITIONAL_REPRESENTATION('',(#12038),#12042);
#12038 = LINE('',#12039,#12040);
#12039 = CARTESIAN_POINT('',(-6.4,-5.493984564414));
#12040 = VECTOR('',#12041,1.);
#12041 = DIRECTION('',(0.,-1.));
#12042 = ( GEOMETRIC_REPRESENTATION_CONTEXT(2) 
PARAMETRIC_REPRESENTATION_CONTEXT() REPRESENTATION_CONTEXT('2D SPACE',''
  ) );
#12043 = PCURVE('',#12044,#12049);
#12044 = PLANE('',#12045);
#12045 = AXIS2_PLACEMENT_3D('',#12046,#12047,#12048);
#12046 = CARTESIAN_POINT('',(11.6,6.4,168.25));
#12047 = DIRECTION('',(1.110223024625E-16,1.,0.));
#12048 = DIRECTION('',(0.,0.,1.));
#12049 = DEFINITIONAL_REPRESENTATION('',(#12050),#12054);
#12050 = LINE('',#12051,#12052);
#12051 = CARTESIAN_POINT('',(5.493984564414,-31.1));
#12052 = VECTOR('',#12053,1.);
#12053 = DIRECTION('',(-1.,1.110223024625E-16));
#12054 = ( GEOMETRIC_REPRESENTATION_CONTEXT(2) 
PARAMETRIC_REPRESENTATION_CONTEXT() REPRESENTATION_CONTEXT('2D SPACE',''
  ) );
#12055 = ADVANCED_FACE('',(#12056),#2309,.T.);
#12056 = FACE_BOUND('',#12057,.T.);
#12057 = EDGE_LOOP('',(#12058,#12079,#12080,#12081));
#12058 = ORIENTED_EDGE('',*,*,#12059,.T.);
#12059 = EDGE_CURVE('',#11824,#6345,#12060,.T.);
#12060 = SURFACE_CURVE('',#12061,(#12065,#12072),.PCURVE_S1.);
#12061 = LINE('',#12062,#12063);
#12062 = CARTESIAN_POINT('',(-19.5,14.827755139484,188.1005102984));
#12063 = VECTOR('',#12064,1.);
#12064 = DIRECTION('',(1.,-1.110223024625E-16,1.110223024625E-16));
#12065 = PCURVE('',#2309,#12066);
#12066 = DEFINITIONAL_REPRESENTATION('',(#12067),#12071);
#12067 = LINE('',#12068,#12069);
#12068 = CARTESIAN_POINT('',(0.,0.));
#12069 = VECTOR('',#12070,1.);
#12070 = DIRECTION('',(0.,-1.));
#12071 = ( GEOMETRIC_REPRESENTATION_CONTEXT(2) 
PARAMETRIC_REPRESENTATION_CONTEXT() REPRESENTATION_CONTEXT('2D SPACE',''
  ) );
#12072 = PCURVE('',#6360,#12073);
#12073 = DEFINITIONAL_REPRESENTATION('',(#12074),#12078);
#12074 = LINE('',#12075,#12076);
#12075 = CARTESIAN_POINT('',(0.367900699324,3.497662556923E-17));
#12076 = VECTOR('',#12077,1.);
#12077 = DIRECTION('',(0.,-1.));
#12078 = ( GEOMETRIC_REPRESENTATION_CONTEXT(2) 
PARAMETRIC_REPRESENTATION_CONTEXT() REPRESENTATION_CONTEXT('2D SPACE',''
  ) );
#12079 = ORIENTED_EDGE('',*,*,#6372,.T.);
#12080 = ORIENTED_EDGE('',*,*,#2293,.F.);
#12081 = ORIENTED_EDGE('',*,*,#11846,.F.);
#12082 = ADVANCED_FACE('',(#12083),#6360,.T.);
#12083 = FACE_BOUND('',#12084,.T.);
#12084 = EDGE_LOOP('',(#12085,#12106,#12107,#12108));
#12085 = ORIENTED_EDGE('',*,*,#12086,.T.);
#12086 = EDGE_CURVE('',#11801,#6317,#12087,.T.);
#12087 = SURFACE_CURVE('',#12088,(#12092,#12099),.PCURVE_S1.);
#12088 = LINE('',#12089,#12090);
#12089 = CARTESIAN_POINT('',(-19.5,14.87726747626,188.46506407094));
#12090 = VECTOR('',#12091,1.);
#12091 = DIRECTION('',(1.,-1.110223024625E-16,1.110223024625E-16));
#12092 = PCURVE('',#6360,#12093);
#12093 = DEFINITIONAL_REPRESENTATION('',(#12094),#12098);
#12094 = LINE('',#12095,#12096);
#12095 = CARTESIAN_POINT('',(0.,0.));
#12096 = VECTOR('',#12097,1.);
#12097 = DIRECTION('',(0.,-1.));
#12098 = ( GEOMETRIC_REPRESENTATION_CONTEXT(2) 
PARAMETRIC_REPRESENTATION_CONTEXT() REPRESENTATION_CONTEXT('2D SPACE',''
  ) );
#12099 = PCURVE('',#6332,#12100);
#12100 = DEFINITIONAL_REPRESENTATION('',(#12101),#12105);
#12101 = LINE('',#12102,#12103);
#12102 = CARTESIAN_POINT('',(0.367900699324,3.609426559664E-17));
#12103 = VECTOR('',#12104,1.);
#12104 = DIRECTION('',(0.,-1.));
#12105 = ( GEOMETRIC_REPRESENTATION_CONTEXT(2) 
PARAMETRIC_REPRESENTATION_CONTEXT() REPRESENTATION_CONTEXT('2D SPACE',''
  ) );
#12106 = ORIENTED_EDGE('',*,*,#6344,.T.);
#12107 = ORIENTED_EDGE('',*,*,#12059,.F.);
#12108 = ORIENTED_EDGE('',*,*,#11823,.F.);
#12109 = ADVANCED_FACE('',(#12110),#6332,.T.);
#12110 = FACE_BOUND('',#12111,.T.);
#12111 = EDGE_LOOP('',(#12112,#12133,#12134,#12135));
#12112 = ORIENTED_EDGE('',*,*,#12113,.T.);
#12113 = EDGE_CURVE('',#11778,#6289,#12114,.T.);
#12114 = SURFACE_CURVE('',#12115,(#12119,#12126),.PCURVE_S1.);
#12115 = LINE('',#12116,#12117);
#12116 = CARTESIAN_POINT('',(-19.5,14.917818303404,188.83072314027));
#12117 = VECTOR('',#12118,1.);
#12118 = DIRECTION('',(1.,-1.110223024625E-16,1.110223024625E-16));
#12119 = PCURVE('',#6332,#12120);
#12120 = DEFINITIONAL_REPRESENTATION('',(#12121),#12125);
#12121 = LINE('',#12122,#12123);
#12122 = CARTESIAN_POINT('',(0.,0.));
#12123 = VECTOR('',#12124,1.);
#12124 = DIRECTION('',(0.,-1.));
#12125 = ( GEOMETRIC_REPRESENTATION_CONTEXT(2) 
PARAMETRIC_REPRESENTATION_CONTEXT() REPRESENTATION_CONTEXT('2D SPACE',''
  ) );
#12126 = PCURVE('',#6304,#12127);
#12127 = DEFINITIONAL_REPRESENTATION('',(#12128),#12132);
#12128 = LINE('',#12129,#12130);
#12129 = CARTESIAN_POINT('',(0.367900699324,3.719016378808E-17));
#12130 = VECTOR('',#12131,1.);
#12131 = DIRECTION('',(0.,-1.));
#12132 = ( GEOMETRIC_REPRESENTATION_CONTEXT(2) 
PARAMETRIC_REPRESENTATION_CONTEXT() REPRESENTATION_CONTEXT('2D SPACE',''
  ) );
#12133 = ORIENTED_EDGE('',*,*,#6316,.T.);
#12134 = ORIENTED_EDGE('',*,*,#12086,.F.);
#12135 = ORIENTED_EDGE('',*,*,#11800,.F.);
#12136 = ADVANCED_FACE('',(#12137),#6304,.T.);
#12137 = FACE_BOUND('',#12138,.T.);
#12138 = EDGE_LOOP('',(#12139,#12160,#12161,#12162));
#12139 = ORIENTED_EDGE('',*,*,#12140,.T.);
#12140 = EDGE_CURVE('',#11755,#6261,#12141,.T.);
#12141 = SURFACE_CURVE('',#12142,(#12146,#12153),.PCURVE_S1.);
#12142 = LINE('',#12143,#12144);
#12143 = CARTESIAN_POINT('',(-19.5,14.949383194616,189.19726724703));
#12144 = VECTOR('',#12145,1.);
#12145 = DIRECTION('',(1.,-1.110223024625E-16,1.110223024625E-16));
#12146 = PCURVE('',#6304,#12147);
#12147 = DEFINITIONAL_REPRESENTATION('',(#12148),#12152);
#12148 = LINE('',#12149,#12150);
#12149 = CARTESIAN_POINT('',(0.,0.));
#12150 = VECTOR('',#12151,1.);
#12151 = DIRECTION('',(0.,-1.));
#12152 = ( GEOMETRIC_REPRESENTATION_CONTEXT(2) 
PARAMETRIC_REPRESENTATION_CONTEXT() REPRESENTATION_CONTEXT('2D SPACE',''
  ) );
#12153 = PCURVE('',#6276,#12154);
#12154 = DEFINITIONAL_REPRESENTATION('',(#12155),#12159);
#12155 = LINE('',#12156,#12157);
#12156 = CARTESIAN_POINT('',(0.367900699324,3.82636600155E-17));
#12157 = VECTOR('',#12158,1.);
#12158 = DIRECTION('',(0.,-1.));
#12159 = ( GEOMETRIC_REPRESENTATION_CONTEXT(2) 
PARAMETRIC_REPRESENTATION_CONTEXT() REPRESENTATION_CONTEXT('2D SPACE',''
  ) );
#12160 = ORIENTED_EDGE('',*,*,#6288,.T.);
#12161 = ORIENTED_EDGE('',*,*,#12113,.F.);
#12162 = ORIENTED_EDGE('',*,*,#11777,.F.);
#12163 = ADVANCED_FACE('',(#12164),#6276,.T.);
#12164 = FACE_BOUND('',#12165,.T.);
#12165 = EDGE_LOOP('',(#12166,#12187,#12188,#12189));
#12166 = ORIENTED_EDGE('',*,*,#12167,.T.);
#12167 = EDGE_CURVE('',#11732,#6233,#12168,.T.);
#12168 = SURFACE_CURVE('',#12169,(#12173,#12180),.PCURVE_S1.);
#12169 = LINE('',#12170,#12171);
#12170 = CARTESIAN_POINT('',(-19.5,14.971943136384,189.56447559878));
#12171 = VECTOR('',#12172,1.);
#12172 = DIRECTION('',(1.,-1.110223024625E-16,1.110223024625E-16));
#12173 = PCURVE('',#6276,#12174);
#12174 = DEFINITIONAL_REPRESENTATION('',(#12175),#12179);
#12175 = LINE('',#12176,#12177);
#12176 = CARTESIAN_POINT('',(0.,0.));
#12177 = VECTOR('',#12178,1.);
#12178 = DIRECTION('',(0.,-1.));
#12179 = ( GEOMETRIC_REPRESENTATION_CONTEXT(2) 
PARAMETRIC_REPRESENTATION_CONTEXT() REPRESENTATION_CONTEXT('2D SPACE',''
  ) );
#12180 = PCURVE('',#6248,#12181);
#12181 = DEFINITIONAL_REPRESENTATION('',(#12182),#12186);
#12182 = LINE('',#12183,#12184);
#12183 = CARTESIAN_POINT('',(0.367900699324,3.931410764489E-17));
#12184 = VECTOR('',#12185,1.);
#12185 = DIRECTION('',(0.,-1.));
#12186 = ( GEOMETRIC_REPRESENTATION_CONTEXT(2) 
PARAMETRIC_REPRESENTATION_CONTEXT() REPRESENTATION_CONTEXT('2D SPACE',''
  ) );
#12187 = ORIENTED_EDGE('',*,*,#6260,.T.);
#12188 = ORIENTED_EDGE('',*,*,#12140,.F.);
#12189 = ORIENTED_EDGE('',*,*,#11754,.F.);
#12190 = ADVANCED_FACE('',(#12191),#6248,.T.);
#12191 = FACE_BOUND('',#12192,.T.);
#12192 = EDGE_LOOP('',(#12193,#12214,#12215,#12216));
#12193 = ORIENTED_EDGE('',*,*,#12194,.T.);
#12194 = EDGE_CURVE('',#11709,#6205,#12195,.T.);
#12195 = SURFACE_CURVE('',#12196,(#12200,#12207),.PCURVE_S1.);
#12196 = LINE('',#12197,#12198);
#12197 = CARTESIAN_POINT('',(-19.5,14.985484539445,189.93212700292));
#12198 = VECTOR('',#12199,1.);
#12199 = DIRECTION('',(1.,-1.110223024625E-16,1.110223024625E-16));
#12200 = PCURVE('',#6248,#12201);
#12201 = DEFINITIONAL_REPRESENTATION('',(#12202),#12206);
#12202 = LINE('',#12203,#12204);
#12203 = CARTESIAN_POINT('',(0.,0.));
#12204 = VECTOR('',#12205,1.);
#12205 = DIRECTION('',(0.,-1.));
#12206 = ( GEOMETRIC_REPRESENTATION_CONTEXT(2) 
PARAMETRIC_REPRESENTATION_CONTEXT() REPRESENTATION_CONTEXT('2D SPACE',''
  ) );
#12207 = PCURVE('',#6220,#12208);
#12208 = DEFINITIONAL_REPRESENTATION('',(#12209),#12213);
#12209 = LINE('',#12210,#12211);
#12210 = CARTESIAN_POINT('',(0.367900699324,4.034087392589E-17));
#12211 = VECTOR('',#12212,1.);
#12212 = DIRECTION('',(0.,-1.));
#12213 = ( GEOMETRIC_REPRESENTATION_CONTEXT(2) 
PARAMETRIC_REPRESENTATION_CONTEXT() REPRESENTATION_CONTEXT('2D SPACE',''
  ) );
#12214 = ORIENTED_EDGE('',*,*,#6232,.T.);
#12215 = ORIENTED_EDGE('',*,*,#12167,.F.);
#12216 = ORIENTED_EDGE('',*,*,#11731,.F.);
#12217 = ADVANCED_FACE('',(#12218),#6220,.T.);
#12218 = FACE_BOUND('',#12219,.T.);
#12219 = EDGE_LOOP('',(#12220,#12241,#12242,#12243));
#12220 = ORIENTED_EDGE('',*,*,#12221,.T.);
#12221 = EDGE_CURVE('',#11686,#6177,#12222,.T.);
#12222 = SURFACE_CURVE('',#12223,(#12227,#12234),.PCURVE_S1.);
#12223 = LINE('',#12224,#12225);
#12224 = CARTESIAN_POINT('',(-19.5,14.989999246962,190.3));
#12225 = VECTOR('',#12226,1.);
#12226 = DIRECTION('',(1.,-1.110223024625E-16,1.110223024625E-16));
#12227 = PCURVE('',#6220,#12228);
#12228 = DEFINITIONAL_REPRESENTATION('',(#12229),#12233);
#12229 = LINE('',#12230,#12231);
#12230 = CARTESIAN_POINT('',(0.,0.));
#12231 = VECTOR('',#12232,1.);
#12232 = DIRECTION('',(0.,-1.));
#12233 = ( GEOMETRIC_REPRESENTATION_CONTEXT(2) 
PARAMETRIC_REPRESENTATION_CONTEXT() REPRESENTATION_CONTEXT('2D SPACE',''
  ) );
#12234 = PCURVE('',#6192,#12235);
#12235 = DEFINITIONAL_REPRESENTATION('',(#12236),#12240);
#12236 = LINE('',#12237,#12238);
#12237 = CARTESIAN_POINT('',(0.367900699324,4.134334037288E-17));
#12238 = VECTOR('',#12239,1.);
#12239 = DIRECTION('',(1.232595164408E-32,-1.));
#12240 = ( GEOMETRIC_REPRESENTATION_CONTEXT(2) 
PARAMETRIC_REPRESENTATION_CONTEXT() REPRESENTATION_CONTEXT('2D SPACE',''
  ) );
#12241 = ORIENTED_EDGE('',*,*,#6204,.T.);
#12242 = ORIENTED_EDGE('',*,*,#12194,.F.);
#12243 = ORIENTED_EDGE('',*,*,#11708,.F.);
#12244 = ADVANCED_FACE('',(#12245),#6192,.T.);
#12245 = FACE_BOUND('',#12246,.T.);
#12246 = EDGE_LOOP('',(#12247,#12268,#12269,#12270));
#12247 = ORIENTED_EDGE('',*,*,#12248,.T.);
#12248 = EDGE_CURVE('',#11663,#6149,#12249,.T.);
#12249 = SURFACE_CURVE('',#12250,(#12254,#12261),.PCURVE_S1.);
#12250 = LINE('',#12251,#12252);
#12251 = CARTESIAN_POINT('',(-19.5,14.985484539445,190.66787299707));
#12252 = VECTOR('',#12253,1.);
#12253 = DIRECTION('',(1.,-1.110223024625E-16,1.110223024625E-16));
#12254 = PCURVE('',#6192,#12255);
#12255 = DEFINITIONAL_REPRESENTATION('',(#12256),#12260);
#12256 = LINE('',#12257,#12258);
#12257 = CARTESIAN_POINT('',(0.,0.));
#12258 = VECTOR('',#12259,1.);
#12259 = DIRECTION('',(1.232595164408E-32,-1.));
#12260 = ( GEOMETRIC_REPRESENTATION_CONTEXT(2) 
PARAMETRIC_REPRESENTATION_CONTEXT() REPRESENTATION_CONTEXT('2D SPACE',''
  ) );
#12261 = PCURVE('',#6164,#12262);
#12262 = DEFINITIONAL_REPRESENTATION('',(#12263),#12267);
#12263 = LINE('',#12264,#12265);
#12264 = CARTESIAN_POINT('',(0.367900699324,4.232090313755E-17));
#12265 = VECTOR('',#12266,1.);
#12266 = DIRECTION('',(-1.232595164408E-32,-1.));
#12267 = ( GEOMETRIC_REPRESENTATION_CONTEXT(2) 
PARAMETRIC_REPRESENTATION_CONTEXT() REPRESENTATION_CONTEXT('2D SPACE',''
  ) );
#12268 = ORIENTED_EDGE('',*,*,#6176,.T.);
#12269 = ORIENTED_EDGE('',*,*,#12221,.F.);
#12270 = ORIENTED_EDGE('',*,*,#11685,.F.);
#12271 = ADVANCED_FACE('',(#12272),#6164,.T.);
#12272 = FACE_BOUND('',#12273,.T.);
#12273 = EDGE_LOOP('',(#12274,#12295,#12296,#12297));
#12274 = ORIENTED_EDGE('',*,*,#12275,.T.);
#12275 = EDGE_CURVE('',#11640,#6121,#12276,.T.);
#12276 = SURFACE_CURVE('',#12277,(#12281,#12288),.PCURVE_S1.);
#12277 = LINE('',#12278,#12279);
#12278 = CARTESIAN_POINT('',(-19.5,14.971943136384,191.03552440121));
#12279 = VECTOR('',#12280,1.);
#12280 = DIRECTION('',(1.,-1.110223024625E-16,1.110223024625E-16));
#12281 = PCURVE('',#6164,#12282);
#12282 = DEFINITIONAL_REPRESENTATION('',(#12283),#12287);
#12283 = LINE('',#12284,#12285);
#12284 = CARTESIAN_POINT('',(0.,0.));
#12285 = VECTOR('',#12286,1.);
#12286 = DIRECTION('',(-1.232595164408E-32,-1.));
#12287 = ( GEOMETRIC_REPRESENTATION_CONTEXT(2) 
PARAMETRIC_REPRESENTATION_CONTEXT() REPRESENTATION_CONTEXT('2D SPACE',''
  ) );
#12288 = PCURVE('',#6136,#12289);
#12289 = DEFINITIONAL_REPRESENTATION('',(#12290),#12294);
#12290 = LINE('',#12291,#12292);
#12291 = CARTESIAN_POINT('',(0.367900699324,4.327297337265E-17));
#12292 = VECTOR('',#12293,1.);
#12293 = DIRECTION('',(0.,-1.));
#12294 = ( GEOMETRIC_REPRESENTATION_CONTEXT(2) 
PARAMETRIC_REPRESENTATION_CONTEXT() REPRESENTATION_CONTEXT('2D SPACE',''
  ) );
#12295 = ORIENTED_EDGE('',*,*,#6148,.T.);
#12296 = ORIENTED_EDGE('',*,*,#12248,.F.);
#12297 = ORIENTED_EDGE('',*,*,#11662,.F.);
#12298 = ADVANCED_FACE('',(#12299),#6136,.T.);
#12299 = FACE_BOUND('',#12300,.T.);
#12300 = EDGE_LOOP('',(#12301,#12322,#12323,#12324));
#12301 = ORIENTED_EDGE('',*,*,#12302,.T.);
#12302 = EDGE_CURVE('',#11617,#6093,#12303,.T.);
#12303 = SURFACE_CURVE('',#12304,(#12308,#12315),.PCURVE_S1.);
#12304 = LINE('',#12305,#12306);
#12305 = CARTESIAN_POINT('',(-19.5,14.949383194616,191.40273275296));
#12306 = VECTOR('',#12307,1.);
#12307 = DIRECTION('',(1.,-1.110223024625E-16,1.110223024625E-16));
#12308 = PCURVE('',#6136,#12309);
#12309 = DEFINITIONAL_REPRESENTATION('',(#12310),#12314);
#12310 = LINE('',#12311,#12312);
#12311 = CARTESIAN_POINT('',(0.,0.));
#12312 = VECTOR('',#12313,1.);
#12313 = DIRECTION('',(0.,-1.));
#12314 = ( GEOMETRIC_REPRESENTATION_CONTEXT(2) 
PARAMETRIC_REPRESENTATION_CONTEXT() REPRESENTATION_CONTEXT('2D SPACE',''
  ) );
#12315 = PCURVE('',#6108,#12316);
#12316 = DEFINITIONAL_REPRESENTATION('',(#12317),#12321);
#12317 = LINE('',#12318,#12319);
#12318 = CARTESIAN_POINT('',(0.367900699324,4.419897758667E-17));
#12319 = VECTOR('',#12320,1.);
#12320 = DIRECTION('',(-1.232595164408E-32,-1.));
#12321 = ( GEOMETRIC_REPRESENTATION_CONTEXT(2) 
PARAMETRIC_REPRESENTATION_CONTEXT() REPRESENTATION_CONTEXT('2D SPACE',''
  ) );
#12322 = ORIENTED_EDGE('',*,*,#6120,.T.);
#12323 = ORIENTED_EDGE('',*,*,#12275,.F.);
#12324 = ORIENTED_EDGE('',*,*,#11639,.F.);
#12325 = ADVANCED_FACE('',(#12326),#6108,.T.);
#12326 = FACE_BOUND('',#12327,.T.);
#12327 = EDGE_LOOP('',(#12328,#12349,#12350,#12351));
#12328 = ORIENTED_EDGE('',*,*,#12329,.T.);
#12329 = EDGE_CURVE('',#11594,#6065,#12330,.T.);
#12330 = SURFACE_CURVE('',#12331,(#12335,#12342),.PCURVE_S1.);
#12331 = LINE('',#12332,#12333);
#12332 = CARTESIAN_POINT('',(-19.5,14.917818303404,191.76927685972));
#12333 = VECTOR('',#12334,1.);
#12334 = DIRECTION('',(1.,-1.110223024625E-16,1.110223024625E-16));
#12335 = PCURVE('',#6108,#12336);
#12336 = DEFINITIONAL_REPRESENTATION('',(#12337),#12341);
#12337 = LINE('',#12338,#12339);
#12338 = CARTESIAN_POINT('',(0.,0.));
#12339 = VECTOR('',#12340,1.);
#12340 = DIRECTION('',(-1.232595164408E-32,-1.));
#12341 = ( GEOMETRIC_REPRESENTATION_CONTEXT(2) 
PARAMETRIC_REPRESENTATION_CONTEXT() REPRESENTATION_CONTEXT('2D SPACE',''
  ) );
#12342 = PCURVE('',#6080,#12343);
#12343 = DEFINITIONAL_REPRESENTATION('',(#12344),#12348);
#12344 = LINE('',#12345,#12346);
#12345 = CARTESIAN_POINT('',(0.367900699324,4.509835798931E-17));
#12346 = VECTOR('',#12347,1.);
#12347 = DIRECTION('',(-1.232595164408E-32,-1.));
#12348 = ( GEOMETRIC_REPRESENTATION_CONTEXT(2) 
PARAMETRIC_REPRESENTATION_CONTEXT() REPRESENTATION_CONTEXT('2D SPACE',''
  ) );
#12349 = ORIENTED_EDGE('',*,*,#6092,.T.);
#12350 = ORIENTED_EDGE('',*,*,#12302,.F.);
#12351 = ORIENTED_EDGE('',*,*,#11616,.F.);
#12352 = ADVANCED_FACE('',(#12353),#6080,.T.);
#12353 = FACE_BOUND('',#12354,.T.);
#12354 = EDGE_LOOP('',(#12355,#12376,#12377,#12378));
#12355 = ORIENTED_EDGE('',*,*,#12356,.T.);
#12356 = EDGE_CURVE('',#11571,#6037,#12357,.T.);
#12357 = SURFACE_CURVE('',#12358,(#12362,#12369),.PCURVE_S1.);
#12358 = LINE('',#12359,#12360);
#12359 = CARTESIAN_POINT('',(-19.5,14.87726747626,192.13493592905));
#12360 = VECTOR('',#12361,1.);
#12361 = DIRECTION('',(1.,-1.110223024625E-16,1.110223024625E-16));
#12362 = PCURVE('',#6080,#12363);
#12363 = DEFINITIONAL_REPRESENTATION('',(#12364),#12368);
#12364 = LINE('',#12365,#12366);
#12365 = CARTESIAN_POINT('',(0.,0.));
#12366 = VECTOR('',#12367,1.);
#12367 = DIRECTION('',(-1.232595164408E-32,-1.));
#12368 = ( GEOMETRIC_REPRESENTATION_CONTEXT(2) 
PARAMETRIC_REPRESENTATION_CONTEXT() REPRESENTATION_CONTEXT('2D SPACE',''
  ) );
#12369 = PCURVE('',#6052,#12370);
#12370 = DEFINITIONAL_REPRESENTATION('',(#12371),#12375);
#12371 = LINE('',#12372,#12373);
#12372 = CARTESIAN_POINT('',(0.367900699324,4.597057282742E-17));
#12373 = VECTOR('',#12374,1.);
#12374 = DIRECTION('',(-1.232595164408E-32,-1.));
#12375 = ( GEOMETRIC_REPRESENTATION_CONTEXT(2) 
PARAMETRIC_REPRESENTATION_CONTEXT() REPRESENTATION_CONTEXT('2D SPACE',''
  ) );
#12376 = ORIENTED_EDGE('',*,*,#6064,.T.);
#12377 = ORIENTED_EDGE('',*,*,#12329,.F.);
#12378 = ORIENTED_EDGE('',*,*,#11593,.F.);
#12379 = ADVANCED_FACE('',(#12380),#6052,.T.);
#12380 = FACE_BOUND('',#12381,.T.);
#12381 = EDGE_LOOP('',(#12382,#12403,#12404,#12405));
#12382 = ORIENTED_EDGE('',*,*,#12383,.T.);
#12383 = EDGE_CURVE('',#11548,#6009,#12384,.T.);
#12384 = SURFACE_CURVE('',#12385,(#12389,#12396),.PCURVE_S1.);
#12385 = LINE('',#12386,#12387);
#12386 = CARTESIAN_POINT('',(-19.5,14.827755139484,192.49948970159));
#12387 = VECTOR('',#12388,1.);
#12388 = DIRECTION('',(1.,-1.110223024625E-16,1.110223024625E-16));
#12389 = PCURVE('',#6052,#12390);
#12390 = DEFINITIONAL_REPRESENTATION('',(#12391),#12395);
#12391 = LINE('',#12392,#12393);
#12392 = CARTESIAN_POINT('',(0.,0.));
#12393 = VECTOR('',#12394,1.);
#12394 = DIRECTION('',(-1.232595164408E-32,-1.));
#12395 = ( GEOMETRIC_REPRESENTATION_CONTEXT(2) 
PARAMETRIC_REPRESENTATION_CONTEXT() REPRESENTATION_CONTEXT('2D SPACE',''
  ) );
#12396 = PCURVE('',#6024,#12397);
#12397 = DEFINITIONAL_REPRESENTATION('',(#12398),#12402);
#12398 = LINE('',#12399,#12400);
#12399 = CARTESIAN_POINT('',(0.367900699324,4.681509671143E-17));
#12400 = VECTOR('',#12401,1.);
#12401 = DIRECTION('',(0.,-1.));
#12402 = ( GEOMETRIC_REPRESENTATION_CONTEXT(2) 
PARAMETRIC_REPRESENTATION_CONTEXT() REPRESENTATION_CONTEXT('2D SPACE',''
  ) );
#12403 = ORIENTED_EDGE('',*,*,#6036,.T.);
#12404 = ORIENTED_EDGE('',*,*,#12356,.F.);
#12405 = ORIENTED_EDGE('',*,*,#11570,.F.);
#12406 = ADVANCED_FACE('',(#12407),#6024,.T.);
#12407 = FACE_BOUND('',#12408,.T.);
#12408 = EDGE_LOOP('',(#12409,#12430,#12431,#12432));
#12409 = ORIENTED_EDGE('',*,*,#12410,.T.);
#12410 = EDGE_CURVE('',#11525,#5981,#12411,.T.);
#12411 = SURFACE_CURVE('',#12412,(#12416,#12423),.PCURVE_S1.);
#12412 = LINE('',#12413,#12414);
#12413 = CARTESIAN_POINT('',(-19.5,14.769311117458,192.86271858377));
#12414 = VECTOR('',#12415,1.);
#12415 = DIRECTION('',(1.,-1.110223024625E-16,1.110223024625E-16));
#12416 = PCURVE('',#6024,#12417);
#12417 = DEFINITIONAL_REPRESENTATION('',(#12418),#12422);
#12418 = LINE('',#12419,#12420);
#12419 = CARTESIAN_POINT('',(0.,0.));
#12420 = VECTOR('',#12421,1.);
#12421 = DIRECTION('',(0.,-1.));
#12422 = ( GEOMETRIC_REPRESENTATION_CONTEXT(2) 
PARAMETRIC_REPRESENTATION_CONTEXT() REPRESENTATION_CONTEXT('2D SPACE',''
  ) );
#12423 = PCURVE('',#5996,#12424);
#12424 = DEFINITIONAL_REPRESENTATION('',(#12425),#12429);
#12425 = LINE('',#12426,#12427);
#12426 = CARTESIAN_POINT('',(0.367900699324,4.763142093166E-17));
#12427 = VECTOR('',#12428,1.);
#12428 = DIRECTION('',(0.,-1.));
#12429 = ( GEOMETRIC_REPRESENTATION_CONTEXT(2) 
PARAMETRIC_REPRESENTATION_CONTEXT() REPRESENTATION_CONTEXT('2D SPACE',''
  ) );
#12430 = ORIENTED_EDGE('',*,*,#6008,.T.);
#12431 = ORIENTED_EDGE('',*,*,#12383,.F.);
#12432 = ORIENTED_EDGE('',*,*,#11547,.F.);
#12433 = ADVANCED_FACE('',(#12434),#5996,.T.);
#12434 = FACE_BOUND('',#12435,.T.);
#12435 = EDGE_LOOP('',(#12436,#12457,#12458,#12459));
#12436 = ORIENTED_EDGE('',*,*,#12437,.T.);
#12437 = EDGE_CURVE('',#11502,#5953,#12438,.T.);
#12438 = SURFACE_CURVE('',#12439,(#12443,#12450),.PCURVE_S1.);
#12439 = LINE('',#12440,#12441);
#12440 = CARTESIAN_POINT('',(-19.5,14.701970614676,193.22440378011));
#12441 = VECTOR('',#12442,1.);
#12442 = DIRECTION('',(1.,-1.110223024625E-16,1.110223024625E-16));
#12443 = PCURVE('',#5996,#12444);
#12444 = DEFINITIONAL_REPRESENTATION('',(#12445),#12449);
#12445 = LINE('',#12446,#12447);
#12446 = CARTESIAN_POINT('',(0.,0.));
#12447 = VECTOR('',#12448,1.);
#12448 = DIRECTION('',(0.,-1.));
#12449 = ( GEOMETRIC_REPRESENTATION_CONTEXT(2) 
PARAMETRIC_REPRESENTATION_CONTEXT() REPRESENTATION_CONTEXT('2D SPACE',''
  ) );
#12450 = PCURVE('',#5968,#12451);
#12451 = DEFINITIONAL_REPRESENTATION('',(#12452),#12456);
#12452 = LINE('',#12453,#12454);
#12453 = CARTESIAN_POINT('',(0.367900699324,4.841905376505E-17));
#12454 = VECTOR('',#12455,1.);
#12455 = DIRECTION('',(-1.232595164408E-32,-1.));
#12456 = ( GEOMETRIC_REPRESENTATION_CONTEXT(2) 
PARAMETRIC_REPRESENTATION_CONTEXT() REPRESENTATION_CONTEXT('2D SPACE',''
  ) );
#12457 = ORIENTED_EDGE('',*,*,#5980,.T.);
#12458 = ORIENTED_EDGE('',*,*,#12410,.F.);
#12459 = ORIENTED_EDGE('',*,*,#11524,.F.);
#12460 = ADVANCED_FACE('',(#12461),#5968,.T.);
#12461 = FACE_BOUND('',#12462,.T.);
#12462 = EDGE_LOOP('',(#12463,#12484,#12485,#12486));
#12463 = ORIENTED_EDGE('',*,*,#12464,.T.);
#12464 = EDGE_CURVE('',#11479,#5925,#12465,.T.);
#12465 = SURFACE_CURVE('',#12466,(#12470,#12477),.PCURVE_S1.);
#12466 = LINE('',#12467,#12468);
#12467 = CARTESIAN_POINT('',(-19.5,14.625774194536,193.58432742496));
#12468 = VECTOR('',#12469,1.);
#12469 = DIRECTION('',(1.,-1.110223024625E-16,1.110223024625E-16));
#12470 = PCURVE('',#5968,#12471);
#12471 = DEFINITIONAL_REPRESENTATION('',(#12472),#12476);
#12472 = LINE('',#12473,#12474);
#12473 = CARTESIAN_POINT('',(0.,0.));
#12474 = VECTOR('',#12475,1.);
#12475 = DIRECTION('',(-1.232595164408E-32,-1.));
#12476 = ( GEOMETRIC_REPRESENTATION_CONTEXT(2) 
PARAMETRIC_REPRESENTATION_CONTEXT() REPRESENTATION_CONTEXT('2D SPACE',''
  ) );
#12477 = PCURVE('',#5940,#12478);
#12478 = DEFINITIONAL_REPRESENTATION('',(#12479),#12483);
#12479 = LINE('',#12480,#12481);
#12480 = CARTESIAN_POINT('',(0.367900699324,4.91775207709E-17));
#12481 = VECTOR('',#12482,1.);
#12482 = DIRECTION('',(0.,-1.));
#12483 = ( GEOMETRIC_REPRESENTATION_CONTEXT(2) 
PARAMETRIC_REPRESENTATION_CONTEXT() REPRESENTATION_CONTEXT('2D SPACE',''
  ) );
#12484 = ORIENTED_EDGE('',*,*,#5952,.T.);
#12485 = ORIENTED_EDGE('',*,*,#12437,.F.);
#12486 = ORIENTED_EDGE('',*,*,#11501,.F.);
#12487 = ADVANCED_FACE('',(#12488),#5940,.T.);
#12488 = FACE_BOUND('',#12489,.T.);
#12489 = EDGE_LOOP('',(#12490,#12511,#12512,#12513));
#12490 = ORIENTED_EDGE('',*,*,#12491,.T.);
#12491 = EDGE_CURVE('',#11456,#5897,#12492,.T.);
#12492 = SURFACE_CURVE('',#12493,(#12497,#12504),.PCURVE_S1.);
#12493 = LINE('',#12494,#12495);
#12494 = CARTESIAN_POINT('',(-19.5,14.540767754916,193.94227271377));
#12495 = VECTOR('',#12496,1.);
#12496 = DIRECTION('',(1.,-1.110223024625E-16,1.110223024625E-16));
#12497 = PCURVE('',#5940,#12498);
#12498 = DEFINITIONAL_REPRESENTATION('',(#12499),#12503);
#12499 = LINE('',#12500,#12501);
#12500 = CARTESIAN_POINT('',(0.,0.));
#12501 = VECTOR('',#12502,1.);
#12502 = DIRECTION('',(0.,-1.));
#12503 = ( GEOMETRIC_REPRESENTATION_CONTEXT(2) 
PARAMETRIC_REPRESENTATION_CONTEXT() REPRESENTATION_CONTEXT('2D SPACE',''
  ) );
#12504 = PCURVE('',#5912,#12505);
#12505 = DEFINITIONAL_REPRESENTATION('',(#12506),#12510);
#12506 = LINE('',#12507,#12508);
#12507 = CARTESIAN_POINT('',(0.367900699324,4.990636507711E-17));
#12508 = VECTOR('',#12509,1.);
#12509 = DIRECTION('',(-1.232595164408E-32,-1.));
#12510 = ( GEOMETRIC_REPRESENTATION_CONTEXT(2) 
PARAMETRIC_REPRESENTATION_CONTEXT() REPRESENTATION_CONTEXT('2D SPACE',''
  ) );
#12511 = ORIENTED_EDGE('',*,*,#5924,.T.);
#12512 = ORIENTED_EDGE('',*,*,#12464,.F.);
#12513 = ORIENTED_EDGE('',*,*,#11478,.F.);
#12514 = ADVANCED_FACE('',(#12515),#5912,.T.);
#12515 = FACE_BOUND('',#12516,.T.);
#12516 = EDGE_LOOP('',(#12517,#12538,#12539,#12540));
#12517 = ORIENTED_EDGE('',*,*,#12518,.T.);
#12518 = EDGE_CURVE('',#11433,#5869,#12519,.T.);
#12519 = SURFACE_CURVE('',#12520,(#12524,#12531),.PCURVE_S1.);
#12520 = LINE('',#12521,#12522);
#12521 = CARTESIAN_POINT('',(-19.5,14.447002500513,194.2980240337));
#12522 = VECTOR('',#12523,1.);
#12523 = DIRECTION('',(1.,-1.110223024625E-16,1.110223024625E-16));
#12524 = PCURVE('',#5912,#12525);
#12525 = DEFINITIONAL_REPRESENTATION('',(#12526),#12530);
#12526 = LINE('',#12527,#12528);
#12527 = CARTESIAN_POINT('',(0.,0.));
#12528 = VECTOR('',#12529,1.);
#12529 = DIRECTION('',(-1.232595164408E-32,-1.));
#12530 = ( GEOMETRIC_REPRESENTATION_CONTEXT(2) 
PARAMETRIC_REPRESENTATION_CONTEXT() REPRESENTATION_CONTEXT('2D SPACE',''
  ) );
#12531 = PCURVE('',#5884,#12532);
#12532 = DEFINITIONAL_REPRESENTATION('',(#12533),#12537);
#12533 = LINE('',#12534,#12535);
#12534 = CARTESIAN_POINT('',(0.367900699324,5.060514765514E-17));
#12535 = VECTOR('',#12536,1.);
#12536 = DIRECTION('',(0.,-1.));
#12537 = ( GEOMETRIC_REPRESENTATION_CONTEXT(2) 
PARAMETRIC_REPRESENTATION_CONTEXT() REPRESENTATION_CONTEXT('2D SPACE',''
  ) );
#12538 = ORIENTED_EDGE('',*,*,#5896,.T.);
#12539 = ORIENTED_EDGE('',*,*,#12491,.F.);
#12540 = ORIENTED_EDGE('',*,*,#11455,.F.);
#12541 = ADVANCED_FACE('',(#12542),#5884,.T.);
#12542 = FACE_BOUND('',#12543,.T.);
#12543 = EDGE_LOOP('',(#12544,#12565,#12566,#12567));
#12544 = ORIENTED_EDGE('',*,*,#12545,.T.);
#12545 = EDGE_CURVE('',#11410,#5841,#12546,.T.);
#12546 = SURFACE_CURVE('',#12547,(#12551,#12558),.PCURVE_S1.);
#12547 = LINE('',#12548,#12549);
#12548 = CARTESIAN_POINT('',(-19.5,14.344534912013,194.65136709344));
#12549 = VECTOR('',#12550,1.);
#12550 = DIRECTION('',(1.,-1.110223024625E-16,1.110223024625E-16));
#12551 = PCURVE('',#5884,#12552);
#12552 = DEFINITIONAL_REPRESENTATION('',(#12553),#12557);
#12553 = LINE('',#12554,#12555);
#12554 = CARTESIAN_POINT('',(0.,0.));
#12555 = VECTOR('',#12556,1.);
#12556 = DIRECTION('',(0.,-1.));
#12557 = ( GEOMETRIC_REPRESENTATION_CONTEXT(2) 
PARAMETRIC_REPRESENTATION_CONTEXT() REPRESENTATION_CONTEXT('2D SPACE',''
  ) );
#12558 = PCURVE('',#5856,#12559);
#12559 = DEFINITIONAL_REPRESENTATION('',(#12560),#12564);
#12560 = LINE('',#12561,#12562);
#12561 = CARTESIAN_POINT('',(0.367900699324,5.127344758443E-17));
#12562 = VECTOR('',#12563,1.);
#12563 = DIRECTION('',(0.,-1.));
#12564 = ( GEOMETRIC_REPRESENTATION_CONTEXT(2) 
PARAMETRIC_REPRESENTATION_CONTEXT() REPRESENTATION_CONTEXT('2D SPACE',''
  ) );
#12565 = ORIENTED_EDGE('',*,*,#5868,.T.);
#12566 = ORIENTED_EDGE('',*,*,#12518,.F.);
#12567 = ORIENTED_EDGE('',*,*,#11432,.F.);
#12568 = ADVANCED_FACE('',(#12569),#5856,.T.);
#12569 = FACE_BOUND('',#12570,.T.);
#12570 = EDGE_LOOP('',(#12571,#12592,#12593,#12594));
#12571 = ORIENTED_EDGE('',*,*,#12572,.T.);
#12572 = EDGE_CURVE('',#11387,#5813,#12573,.T.);
#12573 = SURFACE_CURVE('',#12574,(#12578,#12585),.PCURVE_S1.);
#12574 = LINE('',#12575,#12576);
#12575 = CARTESIAN_POINT('',(-19.5,14.233426712059,195.00208905236));
#12576 = VECTOR('',#12577,1.);
#12577 = DIRECTION('',(1.,-1.110223024625E-16,1.110223024625E-16));
#12578 = PCURVE('',#5856,#12579);
#12579 = DEFINITIONAL_REPRESENTATION('',(#12580),#12584);
#12580 = LINE('',#12581,#12582);
#12581 = CARTESIAN_POINT('',(0.,0.));
#12582 = VECTOR('',#12583,1.);
#12583 = DIRECTION('',(0.,-1.));
#12584 = ( GEOMETRIC_REPRESENTATION_CONTEXT(2) 
PARAMETRIC_REPRESENTATION_CONTEXT() REPRESENTATION_CONTEXT('2D SPACE',''
  ) );
#12585 = PCURVE('',#5828,#12586);
#12586 = DEFINITIONAL_REPRESENTATION('',(#12587),#12591);
#12587 = LINE('',#12588,#12589);
#12588 = CARTESIAN_POINT('',(0.367900699324,5.191086230621E-17));
#12589 = VECTOR('',#12590,1.);
#12590 = DIRECTION('',(-1.232595164408E-32,-1.));
#12591 = ( GEOMETRIC_REPRESENTATION_CONTEXT(2) 
PARAMETRIC_REPRESENTATION_CONTEXT() REPRESENTATION_CONTEXT('2D SPACE',''
  ) );
#12592 = ORIENTED_EDGE('',*,*,#5840,.T.);
#12593 = ORIENTED_EDGE('',*,*,#12545,.F.);
#12594 = ORIENTED_EDGE('',*,*,#11409,.F.);
#12595 = ADVANCED_FACE('',(#12596),#5828,.T.);
#12596 = FACE_BOUND('',#12597,.T.);
#12597 = EDGE_LOOP('',(#12598,#12619,#12620,#12621));
#12598 = ORIENTED_EDGE('',*,*,#12599,.T.);
#12599 = EDGE_CURVE('',#11364,#5785,#12600,.T.);
#12600 = SURFACE_CURVE('',#12601,(#12605,#12612),.PCURVE_S1.);
#12601 = LINE('',#12602,#12603);
#12602 = CARTESIAN_POINT('',(-19.5,14.113744828075,195.34997864865));
#12603 = VECTOR('',#12604,1.);
#12604 = DIRECTION('',(1.,-1.110223024625E-16,1.110223024625E-16));
#12605 = PCURVE('',#5828,#12606);
#12606 = DEFINITIONAL_REPRESENTATION('',(#12607),#12611);
#12607 = LINE('',#12608,#12609);
#12608 = CARTESIAN_POINT('',(0.,0.));
#12609 = VECTOR('',#12610,1.);
#12610 = DIRECTION('',(-1.232595164408E-32,-1.));
#12611 = ( GEOMETRIC_REPRESENTATION_CONTEXT(2) 
PARAMETRIC_REPRESENTATION_CONTEXT() REPRESENTATION_CONTEXT('2D SPACE',''
  ) );
#12612 = PCURVE('',#5800,#12613);
#12613 = DEFINITIONAL_REPRESENTATION('',(#12614),#12618);
#12614 = LINE('',#12615,#12616);
#12615 = CARTESIAN_POINT('',(0.367900699324,5.251700786551E-17));
#12616 = VECTOR('',#12617,1.);
#12617 = DIRECTION('',(0.,-1.));
#12618 = ( GEOMETRIC_REPRESENTATION_CONTEXT(2) 
PARAMETRIC_REPRESENTATION_CONTEXT() REPRESENTATION_CONTEXT('2D SPACE',''
  ) );
#12619 = ORIENTED_EDGE('',*,*,#5812,.T.);
#12620 = ORIENTED_EDGE('',*,*,#12572,.F.);
#12621 = ORIENTED_EDGE('',*,*,#11386,.F.);
#12622 = ADVANCED_FACE('',(#12623),#5800,.T.);
#12623 = FACE_BOUND('',#12624,.T.);
#12624 = EDGE_LOOP('',(#12625,#12646,#12647,#12648));
#12625 = ORIENTED_EDGE('',*,*,#12626,.T.);
#12626 = EDGE_CURVE('',#11341,#5757,#12627,.T.);
#12627 = SURFACE_CURVE('',#12628,(#12632,#12639),.PCURVE_S1.);
#12628 = LINE('',#12629,#12630);
#12629 = CARTESIAN_POINT('',(-19.5,13.985561351953,195.69482632664));
#12630 = VECTOR('',#12631,1.);
#12631 = DIRECTION('',(1.,-1.110223024625E-16,1.110223024625E-16));
#12632 = PCURVE('',#5800,#12633);
#12633 = DEFINITIONAL_REPRESENTATION('',(#12634),#12638);
#12634 = LINE('',#12635,#12636);
#12635 = CARTESIAN_POINT('',(0.,0.));
#12636 = VECTOR('',#12637,1.);
#12637 = DIRECTION('',(0.,-1.));
#12638 = ( GEOMETRIC_REPRESENTATION_CONTEXT(2) 
PARAMETRIC_REPRESENTATION_CONTEXT() REPRESENTATION_CONTEXT('2D SPACE',''
  ) );
#12639 = PCURVE('',#5772,#12640);
#12640 = DEFINITIONAL_REPRESENTATION('',(#12641),#12645);
#12641 = LINE('',#12642,#12643);
#12642 = CARTESIAN_POINT('',(0.367900699324,5.309151914313E-17));
#12643 = VECTOR('',#12644,1.);
#12644 = DIRECTION('',(1.232595164408E-32,-1.));
#12645 = ( GEOMETRIC_REPRESENTATION_CONTEXT(2) 
PARAMETRIC_REPRESENTATION_CONTEXT() REPRESENTATION_CONTEXT('2D SPACE',''
  ) );
#12646 = ORIENTED_EDGE('',*,*,#5784,.T.);
#12647 = ORIENTED_EDGE('',*,*,#12599,.F.);
#12648 = ORIENTED_EDGE('',*,*,#11363,.F.);
#12649 = ADVANCED_FACE('',(#12650),#5772,.T.);
#12650 = FACE_BOUND('',#12651,.T.);
#12651 = EDGE_LOOP('',(#12652,#12673,#12674,#12675));
#12652 = ORIENTED_EDGE('',*,*,#12653,.T.);
#12653 = EDGE_CURVE('',#11318,#5729,#12654,.T.);
#12654 = SURFACE_CURVE('',#12655,(#12659,#12666),.PCURVE_S1.);
#12655 = LINE('',#12656,#12657);
#12656 = CARTESIAN_POINT('',(-19.5,13.848953496627,196.03642436297));
#12657 = VECTOR('',#12658,1.);
#12658 = DIRECTION('',(1.,-1.110223024625E-16,1.110223024625E-16));
#12659 = PCURVE('',#5772,#12660);
#12660 = DEFINITIONAL_REPRESENTATION('',(#12661),#12665);
#12661 = LINE('',#12662,#12663);
#12662 = CARTESIAN_POINT('',(0.,0.));
#12663 = VECTOR('',#12664,1.);
#12664 = DIRECTION('',(1.232595164408E-32,-1.));
#12665 = ( GEOMETRIC_REPRESENTATION_CONTEXT(2) 
PARAMETRIC_REPRESENTATION_CONTEXT() REPRESENTATION_CONTEXT('2D SPACE',''
  ) );
#12666 = PCURVE('',#5744,#12667);
#12667 = DEFINITIONAL_REPRESENTATION('',(#12668),#12672);
#12668 = LINE('',#12669,#12670);
#12669 = CARTESIAN_POINT('',(0.367900699323,5.363405007461E-17));
#12670 = VECTOR('',#12671,1.);
#12671 = DIRECTION('',(0.,-1.));
#12672 = ( GEOMETRIC_REPRESENTATION_CONTEXT(2) 
PARAMETRIC_REPRESENTATION_CONTEXT() REPRESENTATION_CONTEXT('2D SPACE',''
  ) );
#12673 = ORIENTED_EDGE('',*,*,#5756,.T.);
#12674 = ORIENTED_EDGE('',*,*,#12626,.F.);
#12675 = ORIENTED_EDGE('',*,*,#11340,.F.);
#12676 = ADVANCED_FACE('',(#12677),#5744,.T.);
#12677 = FACE_BOUND('',#12678,.T.);
#12678 = EDGE_LOOP('',(#12679,#12700,#12701,#12702));
#12679 = ORIENTED_EDGE('',*,*,#12680,.T.);
#12680 = EDGE_CURVE('',#11295,#5701,#12681,.T.);
#12681 = SURFACE_CURVE('',#12682,(#12686,#12693),.PCURVE_S1.);
#12682 = LINE('',#12683,#12684);
#12683 = CARTESIAN_POINT('',(-19.5,13.704003549561,196.37456699177));
#12684 = VECTOR('',#12685,1.);
#12685 = DIRECTION('',(1.,-1.110223024625E-16,1.110223024625E-16));
#12686 = PCURVE('',#5744,#12687);
#12687 = DEFINITIONAL_REPRESENTATION('',(#12688),#12692);
#12688 = LINE('',#12689,#12690);
#12689 = CARTESIAN_POINT('',(0.,0.));
#12690 = VECTOR('',#12691,1.);
#12691 = DIRECTION('',(0.,-1.));
#12692 = ( GEOMETRIC_REPRESENTATION_CONTEXT(2) 
PARAMETRIC_REPRESENTATION_CONTEXT() REPRESENTATION_CONTEXT('2D SPACE',''
  ) );
#12693 = PCURVE('',#5716,#12694);
#12694 = DEFINITIONAL_REPRESENTATION('',(#12695),#12699);
#12695 = LINE('',#12696,#12697);
#12696 = CARTESIAN_POINT('',(0.367900699325,5.414427386022E-17));
#12697 = VECTOR('',#12698,1.);
#12698 = DIRECTION('',(1.232595164408E-32,-1.));
#12699 = ( GEOMETRIC_REPRESENTATION_CONTEXT(2) 
PARAMETRIC_REPRESENTATION_CONTEXT() REPRESENTATION_CONTEXT('2D SPACE',''
  ) );
#12700 = ORIENTED_EDGE('',*,*,#5728,.T.);
#12701 = ORIENTED_EDGE('',*,*,#12653,.F.);
#12702 = ORIENTED_EDGE('',*,*,#11317,.F.);
#12703 = ADVANCED_FACE('',(#12704),#5716,.T.);
#12704 = FACE_BOUND('',#12705,.T.);
#12705 = EDGE_LOOP('',(#12706,#12727,#12728,#12729));
#12706 = ORIENTED_EDGE('',*,*,#12707,.T.);
#12707 = EDGE_CURVE('',#11272,#5673,#12708,.T.);
#12708 = SURFACE_CURVE('',#12709,(#12713,#12720),.PCURVE_S1.);
#12709 = LINE('',#12710,#12711);
#12710 = CARTESIAN_POINT('',(-19.5,13.550798823182,196.70905052855));
#12711 = VECTOR('',#12712,1.);
#12712 = DIRECTION('',(1.,-1.110223024625E-16,1.110223024625E-16));
#12713 = PCURVE('',#5716,#12714);
#12714 = DEFINITIONAL_REPRESENTATION('',(#12715),#12719);
#12715 = LINE('',#12716,#12717);
#12716 = CARTESIAN_POINT('',(0.,0.));
#12717 = VECTOR('',#12718,1.);
#12718 = DIRECTION('',(1.232595164408E-32,-1.));
#12719 = ( GEOMETRIC_REPRESENTATION_CONTEXT(2) 
PARAMETRIC_REPRESENTATION_CONTEXT() REPRESENTATION_CONTEXT('2D SPACE',''
  ) );
#12720 = PCURVE('',#5688,#12721);
#12721 = DEFINITIONAL_REPRESENTATION('',(#12722),#12726);
#12722 = LINE('',#12723,#12724);
#12723 = CARTESIAN_POINT('',(0.367900699323,5.462188315935E-17));
#12724 = VECTOR('',#12725,1.);
#12725 = DIRECTION('',(0.,-1.));
#12726 = ( GEOMETRIC_REPRESENTATION_CONTEXT(2) 
PARAMETRIC_REPRESENTATION_CONTEXT() REPRESENTATION_CONTEXT('2D SPACE',''
  ) );
#12727 = ORIENTED_EDGE('',*,*,#5700,.T.);
#12728 = ORIENTED_EDGE('',*,*,#12680,.F.);
#12729 = ORIENTED_EDGE('',*,*,#11294,.F.);
#12730 = ADVANCED_FACE('',(#12731),#5688,.T.);
#12731 = FACE_BOUND('',#12732,.T.);
#12732 = EDGE_LOOP('',(#12733,#12754,#12755,#12756));
#12733 = ORIENTED_EDGE('',*,*,#12734,.T.);
#12734 = EDGE_CURVE('',#11249,#5645,#12735,.T.);
#12735 = SURFACE_CURVE('',#12736,(#12740,#12747),.PCURVE_S1.);
#12736 = LINE('',#12737,#12738);
#12737 = CARTESIAN_POINT('',(-19.5,13.389431602289,197.03967349294));
#12738 = VECTOR('',#12739,1.);
#12739 = DIRECTION('',(1.,-1.110223024625E-16,1.110223024625E-16));
#12740 = PCURVE('',#5688,#12741);
#12741 = DEFINITIONAL_REPRESENTATION('',(#12742),#12746);
#12742 = LINE('',#12743,#12744);
#12743 = CARTESIAN_POINT('',(0.,0.));
#12744 = VECTOR('',#12745,1.);
#12745 = DIRECTION('',(0.,-1.));
#12746 = ( GEOMETRIC_REPRESENTATION_CONTEXT(2) 
PARAMETRIC_REPRESENTATION_CONTEXT() REPRESENTATION_CONTEXT('2D SPACE',''
  ) );
#12747 = PCURVE('',#5660,#12748);
#12748 = DEFINITIONAL_REPRESENTATION('',(#12749),#12753);
#12749 = LINE('',#12750,#12751);
#12750 = CARTESIAN_POINT('',(0.367900699325,5.506659027902E-17));
#12751 = VECTOR('',#12752,1.);
#12752 = DIRECTION('',(0.,-1.));
#12753 = ( GEOMETRIC_REPRESENTATION_CONTEXT(2) 
PARAMETRIC_REPRESENTATION_CONTEXT() REPRESENTATION_CONTEXT('2D SPACE',''
  ) );
#12754 = ORIENTED_EDGE('',*,*,#5672,.T.);
#12755 = ORIENTED_EDGE('',*,*,#12707,.F.);
#12756 = ORIENTED_EDGE('',*,*,#11271,.F.);
#12757 = ADVANCED_FACE('',(#12758),#5660,.T.);
#12758 = FACE_BOUND('',#12759,.T.);
#12759 = EDGE_LOOP('',(#12760,#12781,#12782,#12783));
#12760 = ORIENTED_EDGE('',*,*,#12761,.T.);
#12761 = EDGE_CURVE('',#11226,#5617,#12762,.T.);
#12762 = SURFACE_CURVE('',#12763,(#12767,#12774),.PCURVE_S1.);
#12763 = LINE('',#12764,#12765);
#12764 = CARTESIAN_POINT('',(-19.5,13.219999088461,197.36623673004));
#12765 = VECTOR('',#12766,1.);
#12766 = DIRECTION('',(1.,-1.110223024625E-16,1.110223024625E-16));
#12767 = PCURVE('',#5660,#12768);
#12768 = DEFINITIONAL_REPRESENTATION('',(#12769),#12773);
#12769 = LINE('',#12770,#12771);
#12770 = CARTESIAN_POINT('',(0.,0.));
#12771 = VECTOR('',#12772,1.);
#12772 = DIRECTION('',(0.,-1.));
#12773 = ( GEOMETRIC_REPRESENTATION_CONTEXT(2) 
PARAMETRIC_REPRESENTATION_CONTEXT() REPRESENTATION_CONTEXT('2D SPACE',''
  ) );
#12774 = PCURVE('',#5632,#12775);
#12775 = DEFINITIONAL_REPRESENTATION('',(#12776),#12780);
#12776 = LINE('',#12777,#12778);
#12777 = CARTESIAN_POINT('',(0.367900699324,5.547812734334E-17));
#12778 = VECTOR('',#12779,1.);
#12779 = DIRECTION('',(0.,-1.));
#12780 = ( GEOMETRIC_REPRESENTATION_CONTEXT(2) 
PARAMETRIC_REPRESENTATION_CONTEXT() REPRESENTATION_CONTEXT('2D SPACE',''
  ) );
#12781 = ORIENTED_EDGE('',*,*,#5644,.T.);
#12782 = ORIENTED_EDGE('',*,*,#12734,.F.);
#12783 = ORIENTED_EDGE('',*,*,#11248,.F.);
#12784 = ADVANCED_FACE('',(#12785),#5632,.T.);
#12785 = FACE_BOUND('',#12786,.T.);
#12786 = EDGE_LOOP('',(#12787,#12808,#12809,#12810));
#12787 = ORIENTED_EDGE('',*,*,#12788,.T.);
#12788 = EDGE_CURVE('',#11203,#5589,#12789,.T.);
#12789 = SURFACE_CURVE('',#12790,(#12794,#12801),.PCURVE_S1.);
#12790 = LINE('',#12791,#12792);
#12791 = CARTESIAN_POINT('',(-19.5,13.042603341511,197.68854353035));
#12792 = VECTOR('',#12793,1.);
#12793 = DIRECTION('',(1.,-1.110223024625E-16,1.110223024625E-16));
#12794 = PCURVE('',#5632,#12795);
#12795 = DEFINITIONAL_REPRESENTATION('',(#12796),#12800);
#12796 = LINE('',#12797,#12798);
#12797 = CARTESIAN_POINT('',(0.,0.));
#12798 = VECTOR('',#12799,1.);
#12799 = DIRECTION('',(0.,-1.));
#12800 = ( GEOMETRIC_REPRESENTATION_CONTEXT(2) 
PARAMETRIC_REPRESENTATION_CONTEXT() REPRESENTATION_CONTEXT('2D SPACE',''
  ) );
#12801 = PCURVE('',#5604,#12802);
#12802 = DEFINITIONAL_REPRESENTATION('',(#12803),#12807);
#12803 = LINE('',#12804,#12805);
#12804 = CARTESIAN_POINT('',(0.367900699324,5.585624645847E-17));
#12805 = VECTOR('',#12806,1.);
#12806 = DIRECTION('',(0.,-1.));
#12807 = ( GEOMETRIC_REPRESENTATION_CONTEXT(2) 
PARAMETRIC_REPRESENTATION_CONTEXT() REPRESENTATION_CONTEXT('2D SPACE',''
  ) );
#12808 = ORIENTED_EDGE('',*,*,#5616,.T.);
#12809 = ORIENTED_EDGE('',*,*,#12761,.F.);
#12810 = ORIENTED_EDGE('',*,*,#11225,.F.);
#12811 = ADVANCED_FACE('',(#12812),#5604,.T.);
#12812 = FACE_BOUND('',#12813,.T.);
#12813 = EDGE_LOOP('',(#12814,#12835,#12836,#12837));
#12814 = ORIENTED_EDGE('',*,*,#12815,.T.);
#12815 = EDGE_CURVE('',#11180,#5561,#12816,.T.);
#12816 = SURFACE_CURVE('',#12817,(#12821,#12828),.PCURVE_S1.);
#12817 = LINE('',#12818,#12819);
#12818 = CARTESIAN_POINT('',(-19.5,12.857351218002,198.00639974831));
#12819 = VECTOR('',#12820,1.);
#12820 = DIRECTION('',(1.,-1.110223024625E-16,1.110223024625E-16));
#12821 = PCURVE('',#5604,#12822);
#12822 = DEFINITIONAL_REPRESENTATION('',(#12823),#12827);
#12823 = LINE('',#12824,#12825);
#12824 = CARTESIAN_POINT('',(0.,0.));
#12825 = VECTOR('',#12826,1.);
#12826 = DIRECTION('',(0.,-1.));
#12827 = ( GEOMETRIC_REPRESENTATION_CONTEXT(2) 
PARAMETRIC_REPRESENTATION_CONTEXT() REPRESENTATION_CONTEXT('2D SPACE',''
  ) );
#12828 = PCURVE('',#5576,#12829);
#12829 = DEFINITIONAL_REPRESENTATION('',(#12830),#12834);
#12830 = LINE('',#12831,#12832);
#12831 = CARTESIAN_POINT('',(0.367900699324,5.62007198592E-17));
#12832 = VECTOR('',#12833,1.);
#12833 = DIRECTION('',(-1.232595164408E-32,-1.));
#12834 = ( GEOMETRIC_REPRESENTATION_CONTEXT(2) 
PARAMETRIC_REPRESENTATION_CONTEXT() REPRESENTATION_CONTEXT('2D SPACE',''
  ) );
#12835 = ORIENTED_EDGE('',*,*,#5588,.T.);
#12836 = ORIENTED_EDGE('',*,*,#12788,.F.);
#12837 = ORIENTED_EDGE('',*,*,#11202,.F.);
#12838 = ADVANCED_FACE('',(#12839),#5576,.T.);
#12839 = FACE_BOUND('',#12840,.T.);
#12840 = EDGE_LOOP('',(#12841,#12862,#12863,#12864));
#12841 = ORIENTED_EDGE('',*,*,#12842,.T.);
#12842 = EDGE_CURVE('',#11157,#5533,#12843,.T.);
#12843 = SURFACE_CURVE('',#12844,(#12848,#12855),.PCURVE_S1.);
#12844 = LINE('',#12845,#12846);
#12845 = CARTESIAN_POINT('',(-19.5,12.664354306886,198.31961391923));
#12846 = VECTOR('',#12847,1.);
#12847 = DIRECTION('',(1.,-1.110223024625E-16,1.110223024625E-16));
#12848 = PCURVE('',#5576,#12849);
#12849 = DEFINITIONAL_REPRESENTATION('',(#12850),#12854);
#12850 = LINE('',#12851,#12852);
#12851 = CARTESIAN_POINT('',(0.,0.));
#12852 = VECTOR('',#12853,1.);
#12853 = DIRECTION('',(-1.232595164408E-32,-1.));
#12854 = ( GEOMETRIC_REPRESENTATION_CONTEXT(2) 
PARAMETRIC_REPRESENTATION_CONTEXT() REPRESENTATION_CONTEXT('2D SPACE',''
  ) );
#12855 = PCURVE('',#5548,#12856);
#12856 = DEFINITIONAL_REPRESENTATION('',(#12857),#12861);
#12857 = LINE('',#12858,#12859);
#12858 = CARTESIAN_POINT('',(0.367900699324,5.651134004794E-17));
#12859 = VECTOR('',#12860,1.);
#12860 = DIRECTION('',(1.232595164408E-32,-1.));
#12861 = ( GEOMETRIC_REPRESENTATION_CONTEXT(2) 
PARAMETRIC_REPRESENTATION_CONTEXT() REPRESENTATION_CONTEXT('2D SPACE',''
  ) );
#12862 = ORIENTED_EDGE('',*,*,#5560,.T.);
#12863 = ORIENTED_EDGE('',*,*,#12815,.F.);
#12864 = ORIENTED_EDGE('',*,*,#11179,.F.);
#12865 = ADVANCED_FACE('',(#12866),#5548,.T.);
#12866 = FACE_BOUND('',#12867,.T.);
#12867 = EDGE_LOOP('',(#12868,#12889,#12890,#12891));
#12868 = ORIENTED_EDGE('',*,*,#12869,.T.);
#12869 = EDGE_CURVE('',#11134,#5505,#12870,.T.);
#12870 = SURFACE_CURVE('',#12871,(#12875,#12882),.PCURVE_S1.);
#12871 = LINE('',#12872,#12873);
#12872 = CARTESIAN_POINT('',(-19.5,12.463728862287,198.62799737459));
#12873 = VECTOR('',#12874,1.);
#12874 = DIRECTION('',(1.,-1.110223024625E-16,1.110223024625E-16));
#12875 = PCURVE('',#5548,#12876);
#12876 = DEFINITIONAL_REPRESENTATION('',(#12877),#12881);
#12877 = LINE('',#12878,#12879);
#12878 = CARTESIAN_POINT('',(0.,0.));
#12879 = VECTOR('',#12880,1.);
#12880 = DIRECTION('',(1.232595164408E-32,-1.));
#12881 = ( GEOMETRIC_REPRESENTATION_CONTEXT(2) 
PARAMETRIC_REPRESENTATION_CONTEXT() REPRESENTATION_CONTEXT('2D SPACE',''
  ) );
#12882 = PCURVE('',#5520,#12883);
#12883 = DEFINITIONAL_REPRESENTATION('',(#12884),#12888);
#12884 = LINE('',#12885,#12886);
#12885 = CARTESIAN_POINT('',(0.367900699324,5.67879199183E-17));
#12886 = VECTOR('',#12887,1.);
#12887 = DIRECTION('',(-1.232595164408E-32,-1.));
#12888 = ( GEOMETRIC_REPRESENTATION_CONTEXT(2) 
PARAMETRIC_REPRESENTATION_CONTEXT() REPRESENTATION_CONTEXT('2D SPACE',''
  ) );
#12889 = ORIENTED_EDGE('',*,*,#5532,.T.);
#12890 = ORIENTED_EDGE('',*,*,#12842,.F.);
#12891 = ORIENTED_EDGE('',*,*,#11156,.F.);
#12892 = ADVANCED_FACE('',(#12893),#5520,.T.);
#12893 = FACE_BOUND('',#12894,.T.);
#12894 = EDGE_LOOP('',(#12895,#12916,#12917,#12918));
#12895 = ORIENTED_EDGE('',*,*,#12896,.T.);
#12896 = EDGE_CURVE('',#11111,#5477,#12897,.T.);
#12897 = SURFACE_CURVE('',#12898,(#12902,#12909),.PCURVE_S1.);
#12898 = LINE('',#12899,#12900);
#12899 = CARTESIAN_POINT('',(-19.5,12.25559573347,198.93136435574));
#12900 = VECTOR('',#12901,1.);
#12901 = DIRECTION('',(1.,-1.110223024625E-16,1.110223024625E-16));
#12902 = PCURVE('',#5520,#12903);
#12903 = DEFINITIONAL_REPRESENTATION('',(#12904),#12908);
#12904 = LINE('',#12905,#12906);
#12905 = CARTESIAN_POINT('',(0.,0.));
#12906 = VECTOR('',#12907,1.);
#12907 = DIRECTION('',(-1.232595164408E-32,-1.));
#12908 = ( GEOMETRIC_REPRESENTATION_CONTEXT(2) 
PARAMETRIC_REPRESENTATION_CONTEXT() REPRESENTATION_CONTEXT('2D SPACE',''
  ) );
#12909 = PCURVE('',#5492,#12910);
#12910 = DEFINITIONAL_REPRESENTATION('',(#12911),#12915);
#12911 = LINE('',#12912,#12913);
#12912 = CARTESIAN_POINT('',(0.367900699324,5.70302928693E-17));
#12913 = VECTOR('',#12914,1.);
#12914 = DIRECTION('',(0.,-1.));
#12915 = ( GEOMETRIC_REPRESENTATION_CONTEXT(2) 
PARAMETRIC_REPRESENTATION_CONTEXT() REPRESENTATION_CONTEXT('2D SPACE',''
  ) );
#12916 = ORIENTED_EDGE('',*,*,#5504,.T.);
#12917 = ORIENTED_EDGE('',*,*,#12869,.F.);
#12918 = ORIENTED_EDGE('',*,*,#11133,.F.);
#12919 = ADVANCED_FACE('',(#12920),#5492,.T.);
#12920 = FACE_BOUND('',#12921,.T.);
#12921 = EDGE_LOOP('',(#12922,#12943,#12944,#12945));
#12922 = ORIENTED_EDGE('',*,*,#12923,.T.);
#12923 = EDGE_CURVE('',#11088,#5449,#12924,.T.);
#12924 = SURFACE_CURVE('',#12925,(#12929,#12936),.PCURVE_S1.);
#12925 = LINE('',#12926,#12927);
#12926 = CARTESIAN_POINT('',(-19.5,12.040080292049,199.22953212575));
#12927 = VECTOR('',#12928,1.);
#12928 = DIRECTION('',(1.,-1.110223024625E-16,1.110223024625E-16));
#12929 = PCURVE('',#5492,#12930);
#12930 = DEFINITIONAL_REPRESENTATION('',(#12931),#12935);
#12931 = LINE('',#12932,#12933);
#12932 = CARTESIAN_POINT('',(0.,0.));
#12933 = VECTOR('',#12934,1.);
#12934 = DIRECTION('',(0.,-1.));
#12935 = ( GEOMETRIC_REPRESENTATION_CONTEXT(2) 
PARAMETRIC_REPRESENTATION_CONTEXT() REPRESENTATION_CONTEXT('2D SPACE',''
  ) );
#12936 = PCURVE('',#5464,#12937);
#12937 = DEFINITIONAL_REPRESENTATION('',(#12938),#12942);
#12938 = LINE('',#12939,#12940);
#12939 = CARTESIAN_POINT('',(0.367900699325,5.723831290442E-17));
#12940 = VECTOR('',#12941,1.);
#12941 = DIRECTION('',(0.,-1.));
#12942 = ( GEOMETRIC_REPRESENTATION_CONTEXT(2) 
PARAMETRIC_REPRESENTATION_CONTEXT() REPRESENTATION_CONTEXT('2D SPACE',''
  ) );
#12943 = ORIENTED_EDGE('',*,*,#5476,.T.);
#12944 = ORIENTED_EDGE('',*,*,#12896,.F.);
#12945 = ORIENTED_EDGE('',*,*,#11110,.F.);
#12946 = ADVANCED_FACE('',(#12947),#5464,.T.);
#12947 = FACE_BOUND('',#12948,.T.);
#12948 = EDGE_LOOP('',(#12949,#12970,#12971,#12972));
#12949 = ORIENTED_EDGE('',*,*,#12950,.T.);
#12950 = EDGE_CURVE('',#11065,#5421,#12951,.T.);
#12951 = SURFACE_CURVE('',#12952,(#12956,#12963),.PCURVE_S1.);
#12952 = LINE('',#12953,#12954);
#12953 = CARTESIAN_POINT('',(-19.5,11.817312356467,199.52232107951));
#12954 = VECTOR('',#12955,1.);
#12955 = DIRECTION('',(1.,-1.110223024625E-16,1.110223024625E-16));
#12956 = PCURVE('',#5464,#12957);
#12957 = DEFINITIONAL_REPRESENTATION('',(#12958),#12962);
#12958 = LINE('',#12959,#12960);
#12959 = CARTESIAN_POINT('',(0.,0.));
#12960 = VECTOR('',#12961,1.);
#12961 = DIRECTION('',(0.,-1.));
#12962 = ( GEOMETRIC_REPRESENTATION_CONTEXT(2) 
PARAMETRIC_REPRESENTATION_CONTEXT() REPRESENTATION_CONTEXT('2D SPACE',''
  ) );
#12963 = PCURVE('',#5436,#12964);
#12964 = DEFINITIONAL_REPRESENTATION('',(#12965),#12969);
#12965 = LINE('',#12966,#12967);
#12966 = CARTESIAN_POINT('',(0.367900699323,5.741185471979E-17));
#12967 = VECTOR('',#12968,1.);
#12968 = DIRECTION('',(1.232595164408E-32,-1.));
#12969 = ( GEOMETRIC_REPRESENTATION_CONTEXT(2) 
PARAMETRIC_REPRESENTATION_CONTEXT() REPRESENTATION_CONTEXT('2D SPACE',''
  ) );
#12970 = ORIENTED_EDGE('',*,*,#5448,.T.);
#12971 = ORIENTED_EDGE('',*,*,#12923,.F.);
#12972 = ORIENTED_EDGE('',*,*,#11087,.F.);
#12973 = ADVANCED_FACE('',(#12974),#5436,.T.);
#12974 = FACE_BOUND('',#12975,.T.);
#12975 = EDGE_LOOP('',(#12976,#12997,#12998,#12999));
#12976 = ORIENTED_EDGE('',*,*,#12977,.T.);
#12977 = EDGE_CURVE('',#11042,#5393,#12978,.T.);
#12978 = SURFACE_CURVE('',#12979,(#12983,#12990),.PCURVE_S1.);
#12979 = LINE('',#12980,#12981);
#12980 = CARTESIAN_POINT('',(-19.5,11.587426113801,199.80955485189));
#12981 = VECTOR('',#12982,1.);
#12982 = DIRECTION('',(1.,-1.110223024625E-16,1.110223024625E-16));
#12983 = PCURVE('',#5436,#12984);
#12984 = DEFINITIONAL_REPRESENTATION('',(#12985),#12989);
#12985 = LINE('',#12986,#12987);
#12986 = CARTESIAN_POINT('',(0.,0.));
#12987 = VECTOR('',#12988,1.);
#12988 = DIRECTION('',(1.232595164408E-32,-1.));
#12989 = ( GEOMETRIC_REPRESENTATION_CONTEXT(2) 
PARAMETRIC_REPRESENTATION_CONTEXT() REPRESENTATION_CONTEXT('2D SPACE',''
  ) );
#12990 = PCURVE('',#5408,#12991);
#12991 = DEFINITIONAL_REPRESENTATION('',(#12992),#12996);
#12992 = LINE('',#12993,#12994);
#12993 = CARTESIAN_POINT('',(0.367900699325,5.755081378123E-17));
#12994 = VECTOR('',#12995,1.);
#12995 = DIRECTION('',(1.232595164408E-32,-1.));
#12996 = ( GEOMETRIC_REPRESENTATION_CONTEXT(2) 
PARAMETRIC_REPRESENTATION_CONTEXT() REPRESENTATION_CONTEXT('2D SPACE',''
  ) );
#12997 = ORIENTED_EDGE('',*,*,#5420,.T.);
#12998 = ORIENTED_EDGE('',*,*,#12950,.F.);
#12999 = ORIENTED_EDGE('',*,*,#11064,.F.);
#13000 = ADVANCED_FACE('',(#13001),#5408,.T.);
#13001 = FACE_BOUND('',#13002,.T.);
#13002 = EDGE_LOOP('',(#13003,#13024,#13025,#13026));
#13003 = ORIENTED_EDGE('',*,*,#13004,.T.);
#13004 = EDGE_CURVE('',#11019,#5365,#13005,.T.);
#13005 = SURFACE_CURVE('',#13006,(#13010,#13017),.PCURVE_S1.);
#13006 = LINE('',#13007,#13008);
#13007 = CARTESIAN_POINT('',(-19.5,11.350560038925,200.09106042401));
#13008 = VECTOR('',#13009,1.);
#13009 = DIRECTION('',(1.,-1.110223024625E-16,1.110223024625E-16));
#13010 = PCURVE('',#5408,#13011);
#13011 = DEFINITIONAL_REPRESENTATION('',(#13012),#13016);
#13012 = LINE('',#13013,#13014);
#13013 = CARTESIAN_POINT('',(0.,0.));
#13014 = VECTOR('',#13015,1.);
#13015 = DIRECTION('',(1.232595164408E-32,-1.));
#13016 = ( GEOMETRIC_REPRESENTATION_CONTEXT(2) 
PARAMETRIC_REPRESENTATION_CONTEXT() REPRESENTATION_CONTEXT('2D SPACE',''
  ) );
#13017 = PCURVE('',#5380,#13018);
#13018 = DEFINITIONAL_REPRESENTATION('',(#13019),#13023);
#13019 = LINE('',#13020,#13021);
#13020 = CARTESIAN_POINT('',(0.367900699323,5.765510638369E-17));
#13021 = VECTOR('',#13022,1.);
#13022 = DIRECTION('',(0.,-1.));
#13023 = ( GEOMETRIC_REPRESENTATION_CONTEXT(2) 
PARAMETRIC_REPRESENTATION_CONTEXT() REPRESENTATION_CONTEXT('2D SPACE',''
  ) );
#13024 = ORIENTED_EDGE('',*,*,#5392,.T.);
#13025 = ORIENTED_EDGE('',*,*,#12977,.F.);
#13026 = ORIENTED_EDGE('',*,*,#11041,.F.);
#13027 = ADVANCED_FACE('',(#13028),#5380,.T.);
#13028 = FACE_BOUND('',#13029,.T.);
#13029 = EDGE_LOOP('',(#13030,#13051,#13052,#13053));
#13030 = ORIENTED_EDGE('',*,*,#13031,.T.);
#13031 = EDGE_CURVE('',#10996,#5337,#13032,.T.);
#13032 = SURFACE_CURVE('',#13033,(#13037,#13044),.PCURVE_S1.);
#13033 = LINE('',#13034,#13035);
#13034 = CARTESIAN_POINT('',(-19.5,11.106856811107,200.36666822744));
#13035 = VECTOR('',#13036,1.);
#13036 = DIRECTION('',(1.,-1.110223024625E-16,1.110223024625E-16));
#13037 = PCURVE('',#5380,#13038);
#13038 = DEFINITIONAL_REPRESENTATION('',(#13039),#13043);
#13039 = LINE('',#13040,#13041);
#13040 = CARTESIAN_POINT('',(0.,0.));
#13041 = VECTOR('',#13042,1.);
#13042 = DIRECTION('',(0.,-1.));
#13043 = ( GEOMETRIC_REPRESENTATION_CONTEXT(2) 
PARAMETRIC_REPRESENTATION_CONTEXT() REPRESENTATION_CONTEXT('2D SPACE',''
  ) );
#13044 = PCURVE('',#5352,#13045);
#13045 = DEFINITIONAL_REPRESENTATION('',(#13046),#13050);
#13046 = LINE('',#13047,#13048);
#13047 = CARTESIAN_POINT('',(0.367900699325,5.772466970665E-17));
#13048 = VECTOR('',#13049,1.);
#13049 = DIRECTION('',(0.,-1.));
#13050 = ( GEOMETRIC_REPRESENTATION_CONTEXT(2) 
PARAMETRIC_REPRESENTATION_CONTEXT() REPRESENTATION_CONTEXT('2D SPACE',''
  ) );
#13051 = ORIENTED_EDGE('',*,*,#5364,.T.);
#13052 = ORIENTED_EDGE('',*,*,#13004,.F.);
#13053 = ORIENTED_EDGE('',*,*,#11018,.F.);
#13054 = ADVANCED_FACE('',(#13055),#5352,.T.);
#13055 = FACE_BOUND('',#13056,.T.);
#13056 = EDGE_LOOP('',(#13057,#13078,#13079,#13080));
#13057 = ORIENTED_EDGE('',*,*,#13058,.T.);
#13058 = EDGE_CURVE('',#10973,#5309,#13059,.T.);
#13059 = SURFACE_CURVE('',#13060,(#13064,#13071),.PCURVE_S1.);
#13060 = LINE('',#13061,#13062);
#13061 = CARTESIAN_POINT('',(-19.5,10.856463228056,200.63621224635));
#13062 = VECTOR('',#13063,1.);
#13063 = DIRECTION('',(1.,-1.110223024625E-16,1.110223024625E-16));
#13064 = PCURVE('',#5352,#13065);
#13065 = DEFINITIONAL_REPRESENTATION('',(#13066),#13070);
#13066 = LINE('',#13067,#13068);
#13067 = CARTESIAN_POINT('',(0.,0.));
#13068 = VECTOR('',#13069,1.);
#13069 = DIRECTION('',(0.,-1.));
#13070 = ( GEOMETRIC_REPRESENTATION_CONTEXT(2) 
PARAMETRIC_REPRESENTATION_CONTEXT() REPRESENTATION_CONTEXT('2D SPACE',''
  ) );
#13071 = PCURVE('',#5324,#13072);
#13072 = DEFINITIONAL_REPRESENTATION('',(#13073),#13077);
#13073 = LINE('',#13074,#13075);
#13074 = CARTESIAN_POINT('',(0.367900699324,5.775946184653E-17));
#13075 = VECTOR('',#13076,1.);
#13076 = DIRECTION('',(-1.232595164408E-32,-1.));
#13077 = ( GEOMETRIC_REPRESENTATION_CONTEXT(2) 
PARAMETRIC_REPRESENTATION_CONTEXT() REPRESENTATION_CONTEXT('2D SPACE',''
  ) );
#13078 = ORIENTED_EDGE('',*,*,#5336,.T.);
#13079 = ORIENTED_EDGE('',*,*,#13031,.F.);
#13080 = ORIENTED_EDGE('',*,*,#10995,.F.);
#13081 = ADVANCED_FACE('',(#13082),#5324,.T.);
#13082 = FACE_BOUND('',#13083,.T.);
#13083 = EDGE_LOOP('',(#13084,#13105,#13106,#13107));
#13084 = ORIENTED_EDGE('',*,*,#13085,.T.);
#13085 = EDGE_CURVE('',#10950,#5281,#13086,.T.);
#13086 = SURFACE_CURVE('',#13087,(#13091,#13098),.PCURVE_S1.);
#13087 = LINE('',#13088,#13089);
#13088 = CARTESIAN_POINT('',(-19.5,10.599530117508,200.8995301175));
#13089 = VECTOR('',#13090,1.);
#13090 = DIRECTION('',(1.,-1.110223024625E-16,1.110223024625E-16));
#13091 = PCURVE('',#5324,#13092);
#13092 = DEFINITIONAL_REPRESENTATION('',(#13093),#13097);
#13093 = LINE('',#13094,#13095);
#13094 = CARTESIAN_POINT('',(0.,0.));
#13095 = VECTOR('',#13096,1.);
#13096 = DIRECTION('',(-1.232595164408E-32,-1.));
#13097 = ( GEOMETRIC_REPRESENTATION_CONTEXT(2) 
PARAMETRIC_REPRESENTATION_CONTEXT() REPRESENTATION_CONTEXT('2D SPACE',''
  ) );
#13098 = PCURVE('',#5296,#13099);
#13099 = DEFINITIONAL_REPRESENTATION('',(#13100),#13104);
#13100 = LINE('',#13101,#13102);
#13101 = CARTESIAN_POINT('',(0.367900699323,5.775946184647E-17));
#13102 = VECTOR('',#13103,1.);
#13103 = DIRECTION('',(1.232595164408E-32,-1.));
#13104 = ( GEOMETRIC_REPRESENTATION_CONTEXT(2) 
PARAMETRIC_REPRESENTATION_CONTEXT() REPRESENTATION_CONTEXT('2D SPACE',''
  ) );
#13105 = ORIENTED_EDGE('',*,*,#5308,.T.);
#13106 = ORIENTED_EDGE('',*,*,#13058,.F.);
#13107 = ORIENTED_EDGE('',*,*,#10972,.F.);
#13108 = ADVANCED_FACE('',(#13109),#5296,.T.);
#13109 = FACE_BOUND('',#13110,.T.);
#13110 = EDGE_LOOP('',(#13111,#13132,#13133,#13134));
#13111 = ORIENTED_EDGE('',*,*,#13112,.T.);
#13112 = EDGE_CURVE('',#10927,#5253,#13113,.T.);
#13113 = SURFACE_CURVE('',#13114,(#13118,#13125),.PCURVE_S1.);
#13114 = LINE('',#13115,#13116);
#13115 = CARTESIAN_POINT('',(-19.5,10.336212246358,201.15646322805));
#13116 = VECTOR('',#13117,1.);
#13117 = DIRECTION('',(1.,-1.110223024625E-16,1.110223024625E-16));
#13118 = PCURVE('',#5296,#13119);
#13119 = DEFINITIONAL_REPRESENTATION('',(#13120),#13124);
#13120 = LINE('',#13121,#13122);
#13121 = CARTESIAN_POINT('',(0.,0.));
#13122 = VECTOR('',#13123,1.);
#13123 = DIRECTION('',(1.232595164408E-32,-1.));
#13124 = ( GEOMETRIC_REPRESENTATION_CONTEXT(2) 
PARAMETRIC_REPRESENTATION_CONTEXT() REPRESENTATION_CONTEXT('2D SPACE',''
  ) );
#13125 = PCURVE('',#5268,#13126);
#13126 = DEFINITIONAL_REPRESENTATION('',(#13127),#13131);
#13127 = LINE('',#13128,#13129);
#13128 = CARTESIAN_POINT('',(0.367900699324,5.772466970656E-17));
#13129 = VECTOR('',#13130,1.);
#13130 = DIRECTION('',(0.,-1.));
#13131 = ( GEOMETRIC_REPRESENTATION_CONTEXT(2) 
PARAMETRIC_REPRESENTATION_CONTEXT() REPRESENTATION_CONTEXT('2D SPACE',''
  ) );
#13132 = ORIENTED_EDGE('',*,*,#5280,.T.);
#13133 = ORIENTED_EDGE('',*,*,#13085,.F.);
#13134 = ORIENTED_EDGE('',*,*,#10949,.F.);
#13135 = ADVANCED_FACE('',(#13136),#5268,.T.);
#13136 = FACE_BOUND('',#13137,.T.);
#13137 = EDGE_LOOP('',(#13138,#13159,#13160,#13161));
#13138 = ORIENTED_EDGE('',*,*,#13139,.T.);
#13139 = EDGE_CURVE('',#10904,#5225,#13140,.T.);
#13140 = SURFACE_CURVE('',#13141,(#13145,#13152),.PCURVE_S1.);
#13141 = LINE('',#13142,#13143);
#13142 = CARTESIAN_POINT('',(-19.5,10.066668227447,201.4068568111));
#13143 = VECTOR('',#13144,1.);
#13144 = DIRECTION('',(1.,-1.110223024625E-16,1.110223024625E-16));
#13145 = PCURVE('',#5268,#13146);
#13146 = DEFINITIONAL_REPRESENTATION('',(#13147),#13151);
#13147 = LINE('',#13148,#13149);
#13148 = CARTESIAN_POINT('',(0.,0.));
#13149 = VECTOR('',#13150,1.);
#13150 = DIRECTION('',(0.,-1.));
#13151 = ( GEOMETRIC_REPRESENTATION_CONTEXT(2) 
PARAMETRIC_REPRESENTATION_CONTEXT() REPRESENTATION_CONTEXT('2D SPACE',''
  ) );
#13152 = PCURVE('',#5240,#13153);
#13153 = DEFINITIONAL_REPRESENTATION('',(#13154),#13158);
#13154 = LINE('',#13155,#13156);
#13155 = CARTESIAN_POINT('',(0.367900699324,5.765510638381E-17));
#13156 = VECTOR('',#13157,1.);
#13157 = DIRECTION('',(0.,-1.));
#13158 = ( GEOMETRIC_REPRESENTATION_CONTEXT(2) 
PARAMETRIC_REPRESENTATION_CONTEXT() REPRESENTATION_CONTEXT('2D SPACE',''
  ) );
#13159 = ORIENTED_EDGE('',*,*,#5252,.T.);
#13160 = ORIENTED_EDGE('',*,*,#13112,.F.);
#13161 = ORIENTED_EDGE('',*,*,#10926,.F.);
#13162 = ADVANCED_FACE('',(#13163),#5240,.T.);
#13163 = FACE_BOUND('',#13164,.T.);
#13164 = EDGE_LOOP('',(#13165,#13186,#13187,#13188));
#13165 = ORIENTED_EDGE('',*,*,#13166,.T.);
#13166 = EDGE_CURVE('',#10881,#5197,#13167,.T.);
#13167 = SURFACE_CURVE('',#13168,(#13172,#13179),.PCURVE_S1.);
#13168 = LINE('',#13169,#13170);
#13169 = CARTESIAN_POINT('',(-19.5,9.791060424013,201.65056003892));
#13170 = VECTOR('',#13171,1.);
#13171 = DIRECTION('',(1.,-1.110223024625E-16,1.110223024625E-16));
#13172 = PCURVE('',#5240,#13173);
#13173 = DEFINITIONAL_REPRESENTATION('',(#13174),#13178);
#13174 = LINE('',#13175,#13176);
#13175 = CARTESIAN_POINT('',(0.,0.));
#13176 = VECTOR('',#13177,1.);
#13177 = DIRECTION('',(0.,-1.));
#13178 = ( GEOMETRIC_REPRESENTATION_CONTEXT(2) 
PARAMETRIC_REPRESENTATION_CONTEXT() REPRESENTATION_CONTEXT('2D SPACE',''
  ) );
#13179 = PCURVE('',#5212,#13180);
#13180 = DEFINITIONAL_REPRESENTATION('',(#13181),#13185);
#13181 = LINE('',#13182,#13183);
#13182 = CARTESIAN_POINT('',(0.367900699325,5.755081378115E-17));
#13183 = VECTOR('',#13184,1.);
#13184 = DIRECTION('',(0.,-1.));
#13185 = ( GEOMETRIC_REPRESENTATION_CONTEXT(2) 
PARAMETRIC_REPRESENTATION_CONTEXT() REPRESENTATION_CONTEXT('2D SPACE',''
  ) );
#13186 = ORIENTED_EDGE('',*,*,#5224,.T.);
#13187 = ORIENTED_EDGE('',*,*,#13139,.F.);
#13188 = ORIENTED_EDGE('',*,*,#10903,.F.);
#13189 = ADVANCED_FACE('',(#13190),#5212,.T.);
#13190 = FACE_BOUND('',#13191,.T.);
#13191 = EDGE_LOOP('',(#13192,#13213,#13214,#13215));
#13192 = ORIENTED_EDGE('',*,*,#13193,.T.);
#13193 = EDGE_CURVE('',#10858,#5169,#13194,.T.);
#13194 = SURFACE_CURVE('',#13195,(#13199,#13206),.PCURVE_S1.);
#13195 = LINE('',#13196,#13197);
#13196 = CARTESIAN_POINT('',(-19.5,9.50955485189,201.8874261138));
#13197 = VECTOR('',#13198,1.);
#13198 = DIRECTION('',(1.,-1.110223024625E-16,1.110223024625E-16));
#13199 = PCURVE('',#5212,#13200);
#13200 = DEFINITIONAL_REPRESENTATION('',(#13201),#13205);
#13201 = LINE('',#13202,#13203);
#13202 = CARTESIAN_POINT('',(0.,0.));
#13203 = VECTOR('',#13204,1.);
#13204 = DIRECTION('',(0.,-1.));
#13205 = ( GEOMETRIC_REPRESENTATION_CONTEXT(2) 
PARAMETRIC_REPRESENTATION_CONTEXT() REPRESENTATION_CONTEXT('2D SPACE',''
  ) );
#13206 = PCURVE('',#5184,#13207);
#13207 = DEFINITIONAL_REPRESENTATION('',(#13208),#13212);
#13208 = LINE('',#13209,#13210);
#13209 = CARTESIAN_POINT('',(0.367900699324,5.74118547199E-17));
#13210 = VECTOR('',#13211,1.);
#13211 = DIRECTION('',(-1.232595164408E-32,-1.));
#13212 = ( GEOMETRIC_REPRESENTATION_CONTEXT(2) 
PARAMETRIC_REPRESENTATION_CONTEXT() REPRESENTATION_CONTEXT('2D SPACE',''
  ) );
#13213 = ORIENTED_EDGE('',*,*,#5196,.T.);
#13214 = ORIENTED_EDGE('',*,*,#13166,.F.);
#13215 = ORIENTED_EDGE('',*,*,#10880,.F.);
#13216 = ADVANCED_FACE('',(#13217),#5184,.T.);
#13217 = FACE_BOUND('',#13218,.T.);
#13218 = EDGE_LOOP('',(#13219,#13240,#13241,#13242));
#13219 = ORIENTED_EDGE('',*,*,#13220,.T.);
#13220 = EDGE_CURVE('',#10835,#5141,#13221,.T.);
#13221 = SURFACE_CURVE('',#13222,(#13226,#13233),.PCURVE_S1.);
#13222 = LINE('',#13223,#13224);
#13223 = CARTESIAN_POINT('',(-19.5,9.222321079511,202.11731235646));
#13224 = VECTOR('',#13225,1.);
#13225 = DIRECTION('',(1.,-1.110223024625E-16,1.110223024625E-16));
#13226 = PCURVE('',#5184,#13227);
#13227 = DEFINITIONAL_REPRESENTATION('',(#13228),#13232);
#13228 = LINE('',#13229,#13230);
#13229 = CARTESIAN_POINT('',(0.,0.));
#13230 = VECTOR('',#13231,1.);
#13231 = DIRECTION('',(-1.232595164408E-32,-1.));
#13232 = ( GEOMETRIC_REPRESENTATION_CONTEXT(2) 
PARAMETRIC_REPRESENTATION_CONTEXT() REPRESENTATION_CONTEXT('2D SPACE',''
  ) );
#13233 = PCURVE('',#5156,#13234);
#13234 = DEFINITIONAL_REPRESENTATION('',(#13235),#13239);
#13235 = LINE('',#13236,#13237);
#13236 = CARTESIAN_POINT('',(0.367900699324,5.723831290434E-17));
#13237 = VECTOR('',#13238,1.);
#13238 = DIRECTION('',(0.,-1.));
#13239 = ( GEOMETRIC_REPRESENTATION_CONTEXT(2) 
PARAMETRIC_REPRESENTATION_CONTEXT() REPRESENTATION_CONTEXT('2D SPACE',''
  ) );
#13240 = ORIENTED_EDGE('',*,*,#5168,.T.);
#13241 = ORIENTED_EDGE('',*,*,#13193,.F.);
#13242 = ORIENTED_EDGE('',*,*,#10857,.F.);
#13243 = ADVANCED_FACE('',(#13244),#5156,.T.);
#13244 = FACE_BOUND('',#13245,.T.);
#13245 = EDGE_LOOP('',(#13246,#13267,#13268,#13269));
#13246 = ORIENTED_EDGE('',*,*,#13247,.T.);
#13247 = EDGE_CURVE('',#10812,#5113,#13248,.T.);
#13248 = SURFACE_CURVE('',#13249,(#13253,#13260),.PCURVE_S1.);
#13249 = LINE('',#13250,#13251);
#13250 = CARTESIAN_POINT('',(-19.5,8.929532125757,202.34008029204));
#13251 = VECTOR('',#13252,1.);
#13252 = DIRECTION('',(1.,-1.110223024625E-16,1.110223024625E-16));
#13253 = PCURVE('',#5156,#13254);
#13254 = DEFINITIONAL_REPRESENTATION('',(#13255),#13259);
#13255 = LINE('',#13256,#13257);
#13256 = CARTESIAN_POINT('',(0.,0.));
#13257 = VECTOR('',#13258,1.);
#13258 = DIRECTION('',(0.,-1.));
#13259 = ( GEOMETRIC_REPRESENTATION_CONTEXT(2) 
PARAMETRIC_REPRESENTATION_CONTEXT() REPRESENTATION_CONTEXT('2D SPACE',''
  ) );
#13260 = PCURVE('',#5128,#13261);
#13261 = DEFINITIONAL_REPRESENTATION('',(#13262),#13266);
#13262 = LINE('',#13263,#13264);
#13263 = CARTESIAN_POINT('',(0.367900699324,5.703029286924E-17));
#13264 = VECTOR('',#13265,1.);
#13265 = DIRECTION('',(0.,-1.));
#13266 = ( GEOMETRIC_REPRESENTATION_CONTEXT(2) 
PARAMETRIC_REPRESENTATION_CONTEXT() REPRESENTATION_CONTEXT('2D SPACE',''
  ) );
#13267 = ORIENTED_EDGE('',*,*,#5140,.T.);
#13268 = ORIENTED_EDGE('',*,*,#13220,.F.);
#13269 = ORIENTED_EDGE('',*,*,#10834,.F.);
#13270 = ADVANCED_FACE('',(#13271),#5128,.T.);
#13271 = FACE_BOUND('',#13272,.T.);
#13272 = EDGE_LOOP('',(#13273,#13294,#13295,#13296));
#13273 = ORIENTED_EDGE('',*,*,#13274,.T.);
#13274 = EDGE_CURVE('',#10789,#5085,#13275,.T.);
#13275 = SURFACE_CURVE('',#13276,(#13280,#13287),.PCURVE_S1.);
#13276 = LINE('',#13277,#13278);
#13277 = CARTESIAN_POINT('',(-19.5,8.631364355748,202.55559573346));
#13278 = VECTOR('',#13279,1.);
#13279 = DIRECTION('',(1.,-1.110223024625E-16,1.110223024625E-16));
#13280 = PCURVE('',#5128,#13281);
#13281 = DEFINITIONAL_REPRESENTATION('',(#13282),#13286);
#13282 = LINE('',#13283,#13284);
#13283 = CARTESIAN_POINT('',(0.,0.));
#13284 = VECTOR('',#13285,1.);
#13285 = DIRECTION('',(0.,-1.));
#13286 = ( GEOMETRIC_REPRESENTATION_CONTEXT(2) 
PARAMETRIC_REPRESENTATION_CONTEXT() REPRESENTATION_CONTEXT('2D SPACE',''
  ) );
#13287 = PCURVE('',#5100,#13288);
#13288 = DEFINITIONAL_REPRESENTATION('',(#13289),#13293);
#13289 = LINE('',#13290,#13291);
#13290 = CARTESIAN_POINT('',(0.367900699325,5.678791991845E-17));
#13291 = VECTOR('',#13292,1.);
#13292 = DIRECTION('',(-1.232595164408E-32,-1.));
#13293 = ( GEOMETRIC_REPRESENTATION_CONTEXT(2) 
PARAMETRIC_REPRESENTATION_CONTEXT() REPRESENTATION_CONTEXT('2D SPACE',''
  ) );
#13294 = ORIENTED_EDGE('',*,*,#5112,.T.);
#13295 = ORIENTED_EDGE('',*,*,#13247,.F.);
#13296 = ORIENTED_EDGE('',*,*,#10811,.F.);
#13297 = ADVANCED_FACE('',(#13298),#5100,.T.);
#13298 = FACE_BOUND('',#13299,.T.);
#13299 = EDGE_LOOP('',(#13300,#13321,#13322,#13323));
#13300 = ORIENTED_EDGE('',*,*,#13301,.T.);
#13301 = EDGE_CURVE('',#10766,#5057,#13302,.T.);
#13302 = SURFACE_CURVE('',#13303,(#13307,#13314),.PCURVE_S1.);
#13303 = LINE('',#13304,#13305);
#13304 = CARTESIAN_POINT('',(-19.5,8.327997374598,202.76372886228));
#13305 = VECTOR('',#13306,1.);
#13306 = DIRECTION('',(1.,-1.110223024625E-16,1.110223024625E-16));
#13307 = PCURVE('',#5100,#13308);
#13308 = DEFINITIONAL_REPRESENTATION('',(#13309),#13313);
#13309 = LINE('',#13310,#13311);
#13310 = CARTESIAN_POINT('',(0.,0.));
#13311 = VECTOR('',#13312,1.);
#13312 = DIRECTION('',(-1.232595164408E-32,-1.));
#13313 = ( GEOMETRIC_REPRESENTATION_CONTEXT(2) 
PARAMETRIC_REPRESENTATION_CONTEXT() REPRESENTATION_CONTEXT('2D SPACE',''
  ) );
#13314 = PCURVE('',#5072,#13315);
#13315 = DEFINITIONAL_REPRESENTATION('',(#13316),#13320);
#13316 = LINE('',#13317,#13318);
#13317 = CARTESIAN_POINT('',(0.367900699323,5.651134004779E-17));
#13318 = VECTOR('',#13319,1.);
#13319 = DIRECTION('',(0.,-1.));
#13320 = ( GEOMETRIC_REPRESENTATION_CONTEXT(2) 
PARAMETRIC_REPRESENTATION_CONTEXT() REPRESENTATION_CONTEXT('2D SPACE',''
  ) );
#13321 = ORIENTED_EDGE('',*,*,#5084,.T.);
#13322 = ORIENTED_EDGE('',*,*,#13274,.F.);
#13323 = ORIENTED_EDGE('',*,*,#10788,.F.);
#13324 = ADVANCED_FACE('',(#13325),#5072,.T.);
#13325 = FACE_BOUND('',#13326,.T.);
#13326 = EDGE_LOOP('',(#13327,#13348,#13349,#13350));
#13327 = ORIENTED_EDGE('',*,*,#13328,.T.);
#13328 = EDGE_CURVE('',#10743,#5029,#13329,.T.);
#13329 = SURFACE_CURVE('',#13330,(#13334,#13341),.PCURVE_S1.);
#13330 = LINE('',#13331,#13332);
#13331 = CARTESIAN_POINT('',(-19.5,8.019613919234,202.96435430688));
#13332 = VECTOR('',#13333,1.);
#13333 = DIRECTION('',(1.,-1.110223024625E-16,1.110223024625E-16));
#13334 = PCURVE('',#5072,#13335);
#13335 = DEFINITIONAL_REPRESENTATION('',(#13336),#13340);
#13336 = LINE('',#13337,#13338);
#13337 = CARTESIAN_POINT('',(0.,0.));
#13338 = VECTOR('',#13339,1.);
#13339 = DIRECTION('',(0.,-1.));
#13340 = ( GEOMETRIC_REPRESENTATION_CONTEXT(2) 
PARAMETRIC_REPRESENTATION_CONTEXT() REPRESENTATION_CONTEXT('2D SPACE',''
  ) );
#13341 = PCURVE('',#5044,#13342);
#13342 = DEFINITIONAL_REPRESENTATION('',(#13343),#13347);
#13343 = LINE('',#13344,#13345);
#13344 = CARTESIAN_POINT('',(0.367900699325,5.620071985937E-17));
#13345 = VECTOR('',#13346,1.);
#13346 = DIRECTION('',(0.,-1.));
#13347 = ( GEOMETRIC_REPRESENTATION_CONTEXT(2) 
PARAMETRIC_REPRESENTATION_CONTEXT() REPRESENTATION_CONTEXT('2D SPACE',''
  ) );
#13348 = ORIENTED_EDGE('',*,*,#5056,.T.);
#13349 = ORIENTED_EDGE('',*,*,#13301,.F.);
#13350 = ORIENTED_EDGE('',*,*,#10765,.F.);
#13351 = ADVANCED_FACE('',(#13352),#5044,.T.);
#13352 = FACE_BOUND('',#13353,.T.);
#13353 = EDGE_LOOP('',(#13354,#13375,#13376,#13377));
#13354 = ORIENTED_EDGE('',*,*,#13355,.T.);
#13355 = EDGE_CURVE('',#10720,#5001,#13356,.T.);
#13356 = SURFACE_CURVE('',#13357,(#13361,#13368),.PCURVE_S1.);
#13357 = LINE('',#13358,#13359);
#13358 = CARTESIAN_POINT('',(-19.5,7.706399748317,203.157351218));
#13359 = VECTOR('',#13360,1.);
#13360 = DIRECTION('',(1.,-1.110223024625E-16,1.110223024625E-16));
#13361 = PCURVE('',#5044,#13362);
#13362 = DEFINITIONAL_REPRESENTATION('',(#13363),#13367);
#13363 = LINE('',#13364,#13365);
#13364 = CARTESIAN_POINT('',(0.,0.));
#13365 = VECTOR('',#13366,1.);
#13366 = DIRECTION('',(0.,-1.));
#13367 = ( GEOMETRIC_REPRESENTATION_CONTEXT(2) 
PARAMETRIC_REPRESENTATION_CONTEXT() REPRESENTATION_CONTEXT('2D SPACE',''
  ) );
#13368 = PCURVE('',#5016,#13369);
#13369 = DEFINITIONAL_REPRESENTATION('',(#13370),#13374);
#13370 = LINE('',#13371,#13372);
#13371 = CARTESIAN_POINT('',(0.367900699323,5.585624645827E-17));
#13372 = VECTOR('',#13373,1.);
#13373 = DIRECTION('',(-1.232595164408E-32,-1.));
#13374 = ( GEOMETRIC_REPRESENTATION_CONTEXT(2) 
PARAMETRIC_REPRESENTATION_CONTEXT() REPRESENTATION_CONTEXT('2D SPACE',''
  ) );
#13375 = ORIENTED_EDGE('',*,*,#5028,.T.);
#13376 = ORIENTED_EDGE('',*,*,#13328,.F.);
#13377 = ORIENTED_EDGE('',*,*,#10742,.F.);
#13378 = ADVANCED_FACE('',(#13379),#5016,.T.);
#13379 = FACE_BOUND('',#13380,.T.);
#13380 = EDGE_LOOP('',(#13381,#13402,#13403,#13404));
#13381 = ORIENTED_EDGE('',*,*,#13382,.T.);
#13382 = EDGE_CURVE('',#10697,#4973,#13383,.T.);
#13383 = SURFACE_CURVE('',#13384,(#13388,#13395),.PCURVE_S1.);
#13384 = LINE('',#13385,#13386);
#13385 = CARTESIAN_POINT('',(-19.5,7.388543530354,203.34260334151));
#13386 = VECTOR('',#13387,1.);
#13387 = DIRECTION('',(1.,-1.110223024625E-16,1.110223024625E-16));
#13388 = PCURVE('',#5016,#13389);
#13389 = DEFINITIONAL_REPRESENTATION('',(#13390),#13394);
#13390 = LINE('',#13391,#13392);
#13391 = CARTESIAN_POINT('',(0.,0.));
#13392 = VECTOR('',#13393,1.);
#13393 = DIRECTION('',(-1.232595164408E-32,-1.));
#13394 = ( GEOMETRIC_REPRESENTATION_CONTEXT(2) 
PARAMETRIC_REPRESENTATION_CONTEXT() REPRESENTATION_CONTEXT('2D SPACE',''
  ) );
#13395 = PCURVE('',#4988,#13396);
#13396 = DEFINITIONAL_REPRESENTATION('',(#13397),#13401);
#13397 = LINE('',#13398,#13399);
#13398 = CARTESIAN_POINT('',(0.367900699325,5.547812734362E-17));
#13399 = VECTOR('',#13400,1.);
#13400 = DIRECTION('',(0.,-1.));
#13401 = ( GEOMETRIC_REPRESENTATION_CONTEXT(2) 
PARAMETRIC_REPRESENTATION_CONTEXT() REPRESENTATION_CONTEXT('2D SPACE',''
  ) );
#13402 = ORIENTED_EDGE('',*,*,#5000,.T.);
#13403 = ORIENTED_EDGE('',*,*,#13355,.F.);
#13404 = ORIENTED_EDGE('',*,*,#10719,.F.);
#13405 = ADVANCED_FACE('',(#13406),#4988,.T.);
#13406 = FACE_BOUND('',#13407,.T.);
#13407 = EDGE_LOOP('',(#13408,#13429,#13430,#13431));
#13408 = ORIENTED_EDGE('',*,*,#13409,.T.);
#13409 = EDGE_CURVE('',#10674,#4945,#13410,.T.);
#13410 = SURFACE_CURVE('',#13411,(#13415,#13422),.PCURVE_S1.);
#13411 = LINE('',#13412,#13413);
#13412 = CARTESIAN_POINT('',(-19.5,7.066236730041,203.51999908846));
#13413 = VECTOR('',#13414,1.);
#13414 = DIRECTION('',(1.,-1.110223024625E-16,1.110223024625E-16));
#13415 = PCURVE('',#4988,#13416);
#13416 = DEFINITIONAL_REPRESENTATION('',(#13417),#13421);
#13417 = LINE('',#13418,#13419);
#13418 = CARTESIAN_POINT('',(0.,0.));
#13419 = VECTOR('',#13420,1.);
#13420 = DIRECTION('',(0.,-1.));
#13421 = ( GEOMETRIC_REPRESENTATION_CONTEXT(2) 
PARAMETRIC_REPRESENTATION_CONTEXT() REPRESENTATION_CONTEXT('2D SPACE',''
  ) );
#13422 = PCURVE('',#4960,#13423);
#13423 = DEFINITIONAL_REPRESENTATION('',(#13424),#13428);
#13424 = LINE('',#13425,#13426);
#13425 = CARTESIAN_POINT('',(0.367900699323,5.506659027873E-17));
#13426 = VECTOR('',#13427,1.);
#13427 = DIRECTION('',(0.,-1.));
#13428 = ( GEOMETRIC_REPRESENTATION_CONTEXT(2) 
PARAMETRIC_REPRESENTATION_CONTEXT() REPRESENTATION_CONTEXT('2D SPACE',''
  ) );
#13429 = ORIENTED_EDGE('',*,*,#4972,.T.);
#13430 = ORIENTED_EDGE('',*,*,#13382,.F.);
#13431 = ORIENTED_EDGE('',*,*,#10696,.F.);
#13432 = ADVANCED_FACE('',(#13433),#4960,.T.);
#13433 = FACE_BOUND('',#13434,.T.);
#13434 = EDGE_LOOP('',(#13435,#13456,#13457,#13458));
#13435 = ORIENTED_EDGE('',*,*,#13436,.T.);
#13436 = EDGE_CURVE('',#10651,#4917,#13437,.T.);
#13437 = SURFACE_CURVE('',#13438,(#13442,#13449),.PCURVE_S1.);
#13438 = LINE('',#13439,#13440);
#13439 = CARTESIAN_POINT('',(-19.5,6.739673492948,203.68943160228));
#13440 = VECTOR('',#13441,1.);
#13441 = DIRECTION('',(1.,-1.110223024625E-16,1.110223024625E-16));
#13442 = PCURVE('',#4960,#13443);
#13443 = DEFINITIONAL_REPRESENTATION('',(#13444),#13448);
#13444 = LINE('',#13445,#13446);
#13445 = CARTESIAN_POINT('',(0.,0.));
#13446 = VECTOR('',#13447,1.);
#13447 = DIRECTION('',(0.,-1.));
#13448 = ( GEOMETRIC_REPRESENTATION_CONTEXT(2) 
PARAMETRIC_REPRESENTATION_CONTEXT() REPRESENTATION_CONTEXT('2D SPACE',''
  ) );
#13449 = PCURVE('',#4932,#13450);
#13450 = DEFINITIONAL_REPRESENTATION('',(#13451),#13455);
#13451 = LINE('',#13452,#13453);
#13452 = CARTESIAN_POINT('',(0.367900699324,5.462188315954E-17));
#13453 = VECTOR('',#13454,1.);
#13454 = DIRECTION('',(-6.162975822039E-33,-1.));
#13455 = ( GEOMETRIC_REPRESENTATION_CONTEXT(2) 
PARAMETRIC_REPRESENTATION_CONTEXT() REPRESENTATION_CONTEXT('2D SPACE',''
  ) );
#13456 = ORIENTED_EDGE('',*,*,#4944,.T.);
#13457 = ORIENTED_EDGE('',*,*,#13409,.F.);
#13458 = ORIENTED_EDGE('',*,*,#10673,.F.);
#13459 = ADVANCED_FACE('',(#13460),#4932,.T.);
#13460 = FACE_BOUND('',#13461,.T.);
#13461 = EDGE_LOOP('',(#13462,#13483,#13484,#13485));
#13462 = ORIENTED_EDGE('',*,*,#13463,.T.);
#13463 = EDGE_CURVE('',#10628,#4889,#13464,.T.);
#13464 = SURFACE_CURVE('',#13465,(#13469,#13476),.PCURVE_S1.);
#13465 = LINE('',#13466,#13467);
#13466 = CARTESIAN_POINT('',(-19.5,6.409050528555,203.85079882318));
#13467 = VECTOR('',#13468,1.);
#13468 = DIRECTION('',(1.,-1.110223024625E-16,1.110223024625E-16));
#13469 = PCURVE('',#4932,#13470);
#13470 = DEFINITIONAL_REPRESENTATION('',(#13471),#13475);
#13471 = LINE('',#13472,#13473);
#13472 = CARTESIAN_POINT('',(0.,0.));
#13473 = VECTOR('',#13474,1.);
#13474 = DIRECTION('',(-6.162975822039E-33,-1.));
#13475 = ( GEOMETRIC_REPRESENTATION_CONTEXT(2) 
PARAMETRIC_REPRESENTATION_CONTEXT() REPRESENTATION_CONTEXT('2D SPACE',''
  ) );
#13476 = PCURVE('',#4904,#13477);
#13477 = DEFINITIONAL_REPRESENTATION('',(#13478),#13482);
#13478 = LINE('',#13479,#13480);
#13479 = CARTESIAN_POINT('',(0.367900699323,5.414427386001E-17));
#13480 = VECTOR('',#13481,1.);
#13481 = DIRECTION('',(-6.162975822039E-33,-1.));
#13482 = ( GEOMETRIC_REPRESENTATION_CONTEXT(2) 
PARAMETRIC_REPRESENTATION_CONTEXT() REPRESENTATION_CONTEXT('2D SPACE',''
  ) );
#13483 = ORIENTED_EDGE('',*,*,#4916,.T.);
#13484 = ORIENTED_EDGE('',*,*,#13436,.F.);
#13485 = ORIENTED_EDGE('',*,*,#10650,.F.);
#13486 = ADVANCED_FACE('',(#13487),#4904,.T.);
#13487 = FACE_BOUND('',#13488,.T.);
#13488 = EDGE_LOOP('',(#13489,#13510,#13511,#13512));
#13489 = ORIENTED_EDGE('',*,*,#13490,.T.);
#13490 = EDGE_CURVE('',#10605,#4861,#13491,.T.);
#13491 = SURFACE_CURVE('',#13492,(#13496,#13503),.PCURVE_S1.);
#13492 = LINE('',#13493,#13494);
#13493 = CARTESIAN_POINT('',(-19.5,6.074566991773,204.00400354956));
#13494 = VECTOR('',#13495,1.);
#13495 = DIRECTION('',(1.,-1.110223024625E-16,1.110223024625E-16));
#13496 = PCURVE('',#4904,#13497);
#13497 = DEFINITIONAL_REPRESENTATION('',(#13498),#13502);
#13498 = LINE('',#13499,#13500);
#13499 = CARTESIAN_POINT('',(0.,0.));
#13500 = VECTOR('',#13501,1.);
#13501 = DIRECTION('',(-6.162975822039E-33,-1.));
#13502 = ( GEOMETRIC_REPRESENTATION_CONTEXT(2) 
PARAMETRIC_REPRESENTATION_CONTEXT() REPRESENTATION_CONTEXT('2D SPACE',''
  ) );
#13503 = PCURVE('',#4876,#13504);
#13504 = DEFINITIONAL_REPRESENTATION('',(#13505),#13509);
#13505 = LINE('',#13506,#13507);
#13506 = CARTESIAN_POINT('',(0.367900699325,5.363405007487E-17));
#13507 = VECTOR('',#13508,1.);
#13508 = DIRECTION('',(-1.232595164408E-32,-1.));
#13509 = ( GEOMETRIC_REPRESENTATION_CONTEXT(2) 
PARAMETRIC_REPRESENTATION_CONTEXT() REPRESENTATION_CONTEXT('2D SPACE',''
  ) );
#13510 = ORIENTED_EDGE('',*,*,#4888,.T.);
#13511 = ORIENTED_EDGE('',*,*,#13463,.F.);
#13512 = ORIENTED_EDGE('',*,*,#10627,.F.);
#13513 = ADVANCED_FACE('',(#13514),#4876,.T.);
#13514 = FACE_BOUND('',#13515,.T.);
#13515 = EDGE_LOOP('',(#13516,#13537,#13538,#13539));
#13516 = ORIENTED_EDGE('',*,*,#13517,.T.);
#13517 = EDGE_CURVE('',#10582,#4833,#13518,.T.);
#13518 = SURFACE_CURVE('',#13519,(#13523,#13530),.PCURVE_S1.);
#13519 = LINE('',#13520,#13521);
#13520 = CARTESIAN_POINT('',(-19.5,5.736424362977,204.14895349662));
#13521 = VECTOR('',#13522,1.);
#13522 = DIRECTION('',(1.,-1.110223024625E-16,1.110223024625E-16));
#13523 = PCURVE('',#4876,#13524);
#13524 = DEFINITIONAL_REPRESENTATION('',(#13525),#13529);
#13525 = LINE('',#13526,#13527);
#13526 = CARTESIAN_POINT('',(0.,0.));
#13527 = VECTOR('',#13528,1.);
#13528 = DIRECTION('',(-1.232595164408E-32,-1.));
#13529 = ( GEOMETRIC_REPRESENTATION_CONTEXT(2) 
PARAMETRIC_REPRESENTATION_CONTEXT() REPRESENTATION_CONTEXT('2D SPACE',''
  ) );
#13530 = PCURVE('',#4848,#13531);
#13531 = DEFINITIONAL_REPRESENTATION('',(#13532),#13536);
#13532 = LINE('',#13533,#13534);
#13533 = CARTESIAN_POINT('',(0.367900699323,5.3091519143E-17));
#13534 = VECTOR('',#13535,1.);
#13535 = DIRECTION('',(0.,-1.));
#13536 = ( GEOMETRIC_REPRESENTATION_CONTEXT(2) 
PARAMETRIC_REPRESENTATION_CONTEXT() REPRESENTATION_CONTEXT('2D SPACE',''
  ) );
#13537 = ORIENTED_EDGE('',*,*,#4860,.T.);
#13538 = ORIENTED_EDGE('',*,*,#13490,.F.);
#13539 = ORIENTED_EDGE('',*,*,#10604,.F.);
#13540 = ADVANCED_FACE('',(#13541),#4848,.T.);
#13541 = FACE_BOUND('',#13542,.T.);
#13542 = EDGE_LOOP('',(#13543,#13564,#13565,#13566));
#13543 = ORIENTED_EDGE('',*,*,#13544,.T.);
#13544 = EDGE_CURVE('',#10559,#4805,#13545,.T.);
#13545 = SURFACE_CURVE('',#13546,(#13550,#13557),.PCURVE_S1.);
#13546 = LINE('',#13547,#13548);
#13547 = CARTESIAN_POINT('',(-19.5,5.394826326645,204.28556135195));
#13548 = VECTOR('',#13549,1.);
#13549 = DIRECTION('',(1.,-1.110223024625E-16,1.110223024625E-16));
#13550 = PCURVE('',#4848,#13551);
#13551 = DEFINITIONAL_REPRESENTATION('',(#13552),#13556);
#13552 = LINE('',#13553,#13554);
#13553 = CARTESIAN_POINT('',(0.,0.));
#13554 = VECTOR('',#13555,1.);
#13555 = DIRECTION('',(0.,-1.));
#13556 = ( GEOMETRIC_REPRESENTATION_CONTEXT(2) 
PARAMETRIC_REPRESENTATION_CONTEXT() REPRESENTATION_CONTEXT('2D SPACE',''
  ) );
#13557 = PCURVE('',#4820,#13558);
#13558 = DEFINITIONAL_REPRESENTATION('',(#13559),#13563);
#13559 = LINE('',#13560,#13561);
#13560 = CARTESIAN_POINT('',(0.367900699324,5.251700786554E-17));
#13561 = VECTOR('',#13562,1.);
#13562 = DIRECTION('',(1.232595164408E-32,-1.));
#13563 = ( GEOMETRIC_REPRESENTATION_CONTEXT(2) 
PARAMETRIC_REPRESENTATION_CONTEXT() REPRESENTATION_CONTEXT('2D SPACE',''
  ) );
#13564 = ORIENTED_EDGE('',*,*,#4832,.T.);
#13565 = ORIENTED_EDGE('',*,*,#13517,.F.);
#13566 = ORIENTED_EDGE('',*,*,#10581,.F.);
#13567 = ADVANCED_FACE('',(#13568),#4820,.T.);
#13568 = FACE_BOUND('',#13569,.T.);
#13569 = EDGE_LOOP('',(#13570,#13591,#13592,#13593));
#13570 = ORIENTED_EDGE('',*,*,#13571,.T.);
#13571 = EDGE_CURVE('',#10536,#4777,#13572,.T.);
#13572 = SURFACE_CURVE('',#13573,(#13577,#13584),.PCURVE_S1.);
#13573 = LINE('',#13574,#13575);
#13574 = CARTESIAN_POINT('',(-19.5,5.049978648658,204.41374482807));
#13575 = VECTOR('',#13576,1.);
#13576 = DIRECTION('',(1.,-1.110223024625E-16,1.110223024625E-16));
#13577 = PCURVE('',#4820,#13578);
#13578 = DEFINITIONAL_REPRESENTATION('',(#13579),#13583);
#13579 = LINE('',#13580,#13581);
#13580 = CARTESIAN_POINT('',(0.,0.));
#13581 = VECTOR('',#13582,1.);
#13582 = DIRECTION('',(1.232595164408E-32,-1.));
#13583 = ( GEOMETRIC_REPRESENTATION_CONTEXT(2) 
PARAMETRIC_REPRESENTATION_CONTEXT() REPRESENTATION_CONTEXT('2D SPACE',''
  ) );
#13584 = PCURVE('',#4792,#13585);
#13585 = DEFINITIONAL_REPRESENTATION('',(#13586),#13590);
#13586 = LINE('',#13587,#13588);
#13587 = CARTESIAN_POINT('',(0.367900699323,5.191086230608E-17));
#13588 = VECTOR('',#13589,1.);
#13589 = DIRECTION('',(6.162975822039E-33,-1.));
#13590 = ( GEOMETRIC_REPRESENTATION_CONTEXT(2) 
PARAMETRIC_REPRESENTATION_CONTEXT() REPRESENTATION_CONTEXT('2D SPACE',''
  ) );
#13591 = ORIENTED_EDGE('',*,*,#4804,.T.);
#13592 = ORIENTED_EDGE('',*,*,#13544,.F.);
#13593 = ORIENTED_EDGE('',*,*,#10558,.F.);
#13594 = ADVANCED_FACE('',(#13595),#4792,.T.);
#13595 = FACE_BOUND('',#13596,.T.);
#13596 = EDGE_LOOP('',(#13597,#13618,#13619,#13620));
#13597 = ORIENTED_EDGE('',*,*,#13598,.T.);
#13598 = EDGE_CURVE('',#10513,#4749,#13599,.T.);
#13599 = SURFACE_CURVE('',#13600,(#13604,#13611),.PCURVE_S1.);
#13600 = LINE('',#13601,#13602);
#13601 = CARTESIAN_POINT('',(-19.5,4.702089052366,204.53342671205));
#13602 = VECTOR('',#13603,1.);
#13603 = DIRECTION('',(1.,-1.110223024625E-16,1.110223024625E-16));
#13604 = PCURVE('',#4792,#13605);
#13605 = DEFINITIONAL_REPRESENTATION('',(#13606),#13610);
#13606 = LINE('',#13607,#13608);
#13607 = CARTESIAN_POINT('',(0.,0.));
#13608 = VECTOR('',#13609,1.);
#13609 = DIRECTION('',(6.162975822039E-33,-1.));
#13610 = ( GEOMETRIC_REPRESENTATION_CONTEXT(2) 
PARAMETRIC_REPRESENTATION_CONTEXT() REPRESENTATION_CONTEXT('2D SPACE',''
  ) );
#13611 = PCURVE('',#4764,#13612);
#13612 = DEFINITIONAL_REPRESENTATION('',(#13613),#13617);
#13613 = LINE('',#13614,#13615);
#13614 = CARTESIAN_POINT('',(0.367900699325,5.12734475846E-17));
#13615 = VECTOR('',#13616,1.);
#13616 = DIRECTION('',(-6.162975822039E-33,-1.));
#13617 = ( GEOMETRIC_REPRESENTATION_CONTEXT(2) 
PARAMETRIC_REPRESENTATION_CONTEXT() REPRESENTATION_CONTEXT('2D SPACE',''
  ) );
#13618 = ORIENTED_EDGE('',*,*,#4776,.T.);
#13619 = ORIENTED_EDGE('',*,*,#13571,.F.);
#13620 = ORIENTED_EDGE('',*,*,#10535,.F.);
#13621 = ADVANCED_FACE('',(#13622),#4764,.T.);
#13622 = FACE_BOUND('',#13623,.T.);
#13623 = EDGE_LOOP('',(#13624,#13645,#13646,#13647));
#13624 = ORIENTED_EDGE('',*,*,#13625,.T.);
#13625 = EDGE_CURVE('',#10490,#4721,#13626,.T.);
#13626 = SURFACE_CURVE('',#13627,(#13631,#13638),.PCURVE_S1.);
#13627 = LINE('',#13628,#13629);
#13628 = CARTESIAN_POINT('',(-19.5,4.351367093449,204.64453491201));
#13629 = VECTOR('',#13630,1.);
#13630 = DIRECTION('',(1.,-1.110223024625E-16,1.110223024625E-16));
#13631 = PCURVE('',#4764,#13632);
#13632 = DEFINITIONAL_REPRESENTATION('',(#13633),#13637);
#13633 = LINE('',#13634,#13635);
#13634 = CARTESIAN_POINT('',(0.,0.));
#13635 = VECTOR('',#13636,1.);
#13636 = DIRECTION('',(-6.162975822039E-33,-1.));
#13637 = ( GEOMETRIC_REPRESENTATION_CONTEXT(2) 
PARAMETRIC_REPRESENTATION_CONTEXT() REPRESENTATION_CONTEXT('2D SPACE',''
  ) );
#13638 = PCURVE('',#4736,#13639);
#13639 = DEFINITIONAL_REPRESENTATION('',(#13640),#13644);
#13640 = LINE('',#13641,#13642);
#13641 = CARTESIAN_POINT('',(0.367900699324,5.060514765508E-17));
#13642 = VECTOR('',#13643,1.);
#13643 = DIRECTION('',(-6.162975822039E-33,-1.));
#13644 = ( GEOMETRIC_REPRESENTATION_CONTEXT(2) 
PARAMETRIC_REPRESENTATION_CONTEXT() REPRESENTATION_CONTEXT('2D SPACE',''
  ) );
#13645 = ORIENTED_EDGE('',*,*,#4748,.T.);
#13646 = ORIENTED_EDGE('',*,*,#13598,.F.);
#13647 = ORIENTED_EDGE('',*,*,#10512,.F.);
#13648 = ADVANCED_FACE('',(#13649),#4736,.T.);
#13649 = FACE_BOUND('',#13650,.T.);
#13650 = EDGE_LOOP('',(#13651,#13672,#13673,#13674));
#13651 = ORIENTED_EDGE('',*,*,#13652,.T.);
#13652 = EDGE_CURVE('',#10467,#4693,#13653,.T.);
#13653 = SURFACE_CURVE('',#13654,(#13658,#13665),.PCURVE_S1.);
#13654 = LINE('',#13655,#13656);
#13655 = CARTESIAN_POINT('',(-19.5,3.998024033704,204.74700250051));
#13656 = VECTOR('',#13657,1.);
#13657 = DIRECTION('',(1.,-1.110223024625E-16,1.110223024625E-16));
#13658 = PCURVE('',#4736,#13659);
#13659 = DEFINITIONAL_REPRESENTATION('',(#13660),#13664);
#13660 = LINE('',#13661,#13662);
#13661 = CARTESIAN_POINT('',(0.,0.));
#13662 = VECTOR('',#13663,1.);
#13663 = DIRECTION('',(-6.162975822039E-33,-1.));
#13664 = ( GEOMETRIC_REPRESENTATION_CONTEXT(2) 
PARAMETRIC_REPRESENTATION_CONTEXT() REPRESENTATION_CONTEXT('2D SPACE',''
  ) );
#13665 = PCURVE('',#4708,#13666);
#13666 = DEFINITIONAL_REPRESENTATION('',(#13667),#13671);
#13667 = LINE('',#13668,#13669);
#13668 = CARTESIAN_POINT('',(0.367900699324,4.990636507712E-17));
#13669 = VECTOR('',#13670,1.);
#13670 = DIRECTION('',(-6.162975822039E-33,-1.));
#13671 = ( GEOMETRIC_REPRESENTATION_CONTEXT(2) 
PARAMETRIC_REPRESENTATION_CONTEXT() REPRESENTATION_CONTEXT('2D SPACE',''
  ) );
#13672 = ORIENTED_EDGE('',*,*,#4720,.T.);
#13673 = ORIENTED_EDGE('',*,*,#13625,.F.);
#13674 = ORIENTED_EDGE('',*,*,#10489,.F.);
#13675 = ADVANCED_FACE('',(#13676),#4708,.T.);
#13676 = FACE_BOUND('',#13677,.T.);
#13677 = EDGE_LOOP('',(#13678,#13699,#13700,#13701));
#13678 = ORIENTED_EDGE('',*,*,#13679,.T.);
#13679 = EDGE_CURVE('',#10444,#4665,#13680,.T.);
#13680 = SURFACE_CURVE('',#13681,(#13685,#13692),.PCURVE_S1.);
#13681 = LINE('',#13682,#13683);
#13682 = CARTESIAN_POINT('',(-19.5,3.642272713777,204.84076775491));
#13683 = VECTOR('',#13684,1.);
#13684 = DIRECTION('',(1.,-1.110223024625E-16,1.110223024625E-16));
#13685 = PCURVE('',#4708,#13686);
#13686 = DEFINITIONAL_REPRESENTATION('',(#13687),#13691);
#13687 = LINE('',#13688,#13689);
#13688 = CARTESIAN_POINT('',(0.,0.));
#13689 = VECTOR('',#13690,1.);
#13690 = DIRECTION('',(-6.162975822039E-33,-1.));
#13691 = ( GEOMETRIC_REPRESENTATION_CONTEXT(2) 
PARAMETRIC_REPRESENTATION_CONTEXT() REPRESENTATION_CONTEXT('2D SPACE',''
  ) );
#13692 = PCURVE('',#4680,#13693);
#13693 = DEFINITIONAL_REPRESENTATION('',(#13694),#13698);
#13694 = LINE('',#13695,#13696);
#13695 = CARTESIAN_POINT('',(0.367900699324,4.917752077085E-17));
#13696 = VECTOR('',#13697,1.);
#13697 = DIRECTION('',(3.08148791102E-33,-1.));
#13698 = ( GEOMETRIC_REPRESENTATION_CONTEXT(2) 
PARAMETRIC_REPRESENTATION_CONTEXT() REPRESENTATION_CONTEXT('2D SPACE',''
  ) );
#13699 = ORIENTED_EDGE('',*,*,#4692,.T.);
#13700 = ORIENTED_EDGE('',*,*,#13652,.F.);
#13701 = ORIENTED_EDGE('',*,*,#10466,.F.);
#13702 = ADVANCED_FACE('',(#13703),#4680,.T.);
#13703 = FACE_BOUND('',#13704,.T.);
#13704 = EDGE_LOOP('',(#13705,#13726,#13727,#13728));
#13705 = ORIENTED_EDGE('',*,*,#13706,.T.);
#13706 = EDGE_CURVE('',#10421,#4637,#13707,.T.);
#13707 = SURFACE_CURVE('',#13708,(#13712,#13719),.PCURVE_S1.);
#13708 = LINE('',#13709,#13710);
#13709 = CARTESIAN_POINT('',(-19.5,3.28432742496,204.92577419453));
#13710 = VECTOR('',#13711,1.);
#13711 = DIRECTION('',(1.,-1.110223024625E-16,1.110223024625E-16));
#13712 = PCURVE('',#4680,#13713);
#13713 = DEFINITIONAL_REPRESENTATION('',(#13714),#13718);
#13714 = LINE('',#13715,#13716);
#13715 = CARTESIAN_POINT('',(0.,0.));
#13716 = VECTOR('',#13717,1.);
#13717 = DIRECTION('',(3.08148791102E-33,-1.));
#13718 = ( GEOMETRIC_REPRESENTATION_CONTEXT(2) 
PARAMETRIC_REPRESENTATION_CONTEXT() REPRESENTATION_CONTEXT('2D SPACE',''
  ) );
#13719 = PCURVE('',#4652,#13720);
#13720 = DEFINITIONAL_REPRESENTATION('',(#13721),#13725);
#13721 = LINE('',#13722,#13723);
#13722 = CARTESIAN_POINT('',(0.367900699324,4.841905376504E-17));
#13723 = VECTOR('',#13724,1.);
#13724 = DIRECTION('',(6.162975822039E-33,-1.));
#13725 = ( GEOMETRIC_REPRESENTATION_CONTEXT(2) 
PARAMETRIC_REPRESENTATION_CONTEXT() REPRESENTATION_CONTEXT('2D SPACE',''
  ) );
#13726 = ORIENTED_EDGE('',*,*,#4664,.T.);
#13727 = ORIENTED_EDGE('',*,*,#13679,.F.);
#13728 = ORIENTED_EDGE('',*,*,#10443,.F.);
#13729 = ADVANCED_FACE('',(#13730),#4652,.T.);
#13730 = FACE_BOUND('',#13731,.T.);
#13731 = EDGE_LOOP('',(#13732,#13753,#13754,#13755));
#13732 = ORIENTED_EDGE('',*,*,#13733,.T.);
#13733 = EDGE_CURVE('',#10398,#4609,#13734,.T.);
#13734 = SURFACE_CURVE('',#13735,(#13739,#13746),.PCURVE_S1.);
#13735 = LINE('',#13736,#13737);
#13736 = CARTESIAN_POINT('',(-19.5,2.924403780111,205.00197061467));
#13737 = VECTOR('',#13738,1.);
#13738 = DIRECTION('',(1.,-1.110223024625E-16,1.110223024625E-16));
#13739 = PCURVE('',#4652,#13740);
#13740 = DEFINITIONAL_REPRESENTATION('',(#13741),#13745);
#13741 = LINE('',#13742,#13743);
#13742 = CARTESIAN_POINT('',(0.,0.));
#13743 = VECTOR('',#13744,1.);
#13744 = DIRECTION('',(6.162975822039E-33,-1.));
#13745 = ( GEOMETRIC_REPRESENTATION_CONTEXT(2) 
PARAMETRIC_REPRESENTATION_CONTEXT() REPRESENTATION_CONTEXT('2D SPACE',''
  ) );
#13746 = PCURVE('',#4624,#13747);
#13747 = DEFINITIONAL_REPRESENTATION('',(#13748),#13752);
#13748 = LINE('',#13749,#13750);
#13749 = CARTESIAN_POINT('',(0.367900699325,4.763142093177E-17));
#13750 = VECTOR('',#13751,1.);
#13751 = DIRECTION('',(3.08148791102E-33,-1.));
#13752 = ( GEOMETRIC_REPRESENTATION_CONTEXT(2) 
PARAMETRIC_REPRESENTATION_CONTEXT() REPRESENTATION_CONTEXT('2D SPACE',''
  ) );
#13753 = ORIENTED_EDGE('',*,*,#4636,.T.);
#13754 = ORIENTED_EDGE('',*,*,#13706,.F.);
#13755 = ORIENTED_EDGE('',*,*,#10420,.F.);
#13756 = ADVANCED_FACE('',(#13757),#4624,.T.);
#13757 = FACE_BOUND('',#13758,.T.);
#13758 = EDGE_LOOP('',(#13759,#13780,#13781,#13782));
#13759 = ORIENTED_EDGE('',*,*,#13760,.T.);
#13760 = EDGE_CURVE('',#10375,#4581,#13761,.T.);
#13761 = SURFACE_CURVE('',#13762,(#13766,#13773),.PCURVE_S1.);
#13762 = LINE('',#13763,#13764);
#13763 = CARTESIAN_POINT('',(-19.5,2.562718583776,205.06931111745));
#13764 = VECTOR('',#13765,1.);
#13765 = DIRECTION('',(1.,-1.110223024625E-16,1.110223024625E-16));
#13766 = PCURVE('',#4624,#13767);
#13767 = DEFINITIONAL_REPRESENTATION('',(#13768),#13772);
#13768 = LINE('',#13769,#13770);
#13769 = CARTESIAN_POINT('',(0.,0.));
#13770 = VECTOR('',#13771,1.);
#13771 = DIRECTION('',(3.08148791102E-33,-1.));
#13772 = ( GEOMETRIC_REPRESENTATION_CONTEXT(2) 
PARAMETRIC_REPRESENTATION_CONTEXT() REPRESENTATION_CONTEXT('2D SPACE',''
  ) );
#13773 = PCURVE('',#4596,#13774);
#13774 = DEFINITIONAL_REPRESENTATION('',(#13775),#13779);
#13775 = LINE('',#13776,#13777);
#13776 = CARTESIAN_POINT('',(0.367900699323,4.681509671135E-17));
#13777 = VECTOR('',#13778,1.);
#13778 = DIRECTION('',(0.,-1.));
#13779 = ( GEOMETRIC_REPRESENTATION_CONTEXT(2) 
PARAMETRIC_REPRESENTATION_CONTEXT() REPRESENTATION_CONTEXT('2D SPACE',''
  ) );
#13780 = ORIENTED_EDGE('',*,*,#4608,.T.);
#13781 = ORIENTED_EDGE('',*,*,#13733,.F.);
#13782 = ORIENTED_EDGE('',*,*,#10397,.F.);
#13783 = ADVANCED_FACE('',(#13784),#4596,.T.);
#13784 = FACE_BOUND('',#13785,.T.);
#13785 = EDGE_LOOP('',(#13786,#13807,#13808,#13809));
#13786 = ORIENTED_EDGE('',*,*,#13787,.T.);
#13787 = EDGE_CURVE('',#10352,#4553,#13788,.T.);
#13788 = SURFACE_CURVE('',#13789,(#13793,#13800),.PCURVE_S1.);
#13789 = LINE('',#13790,#13791);
#13790 = CARTESIAN_POINT('',(-19.5,2.199489701592,205.12775513948));
#13791 = VECTOR('',#13792,1.);
#13792 = DIRECTION('',(1.,-1.110223024625E-16,1.110223024625E-16));
#13793 = PCURVE('',#4596,#13794);
#13794 = DEFINITIONAL_REPRESENTATION('',(#13795),#13799);
#13795 = LINE('',#13796,#13797);
#13796 = CARTESIAN_POINT('',(0.,0.));
#13797 = VECTOR('',#13798,1.);
#13798 = DIRECTION('',(0.,-1.));
#13799 = ( GEOMETRIC_REPRESENTATION_CONTEXT(2) 
PARAMETRIC_REPRESENTATION_CONTEXT() REPRESENTATION_CONTEXT('2D SPACE',''
  ) );
#13800 = PCURVE('',#4568,#13801);
#13801 = DEFINITIONAL_REPRESENTATION('',(#13802),#13806);
#13802 = LINE('',#13803,#13804);
#13803 = CARTESIAN_POINT('',(0.367900699325,4.59705728275E-17));
#13804 = VECTOR('',#13805,1.);
#13805 = DIRECTION('',(-9.244463733059E-33,-1.));
#13806 = ( GEOMETRIC_REPRESENTATION_CONTEXT(2) 
PARAMETRIC_REPRESENTATION_CONTEXT() REPRESENTATION_CONTEXT('2D SPACE',''
  ) );
#13807 = ORIENTED_EDGE('',*,*,#4580,.T.);
#13808 = ORIENTED_EDGE('',*,*,#13760,.F.);
#13809 = ORIENTED_EDGE('',*,*,#10374,.F.);
#13810 = ADVANCED_FACE('',(#13811),#4568,.T.);
#13811 = FACE_BOUND('',#13812,.T.);
#13812 = EDGE_LOOP('',(#13813,#13834,#13835,#13836));
#13813 = ORIENTED_EDGE('',*,*,#13814,.T.);
#13814 = EDGE_CURVE('',#10329,#4525,#13815,.T.);
#13815 = SURFACE_CURVE('',#13816,(#13820,#13827),.PCURVE_S1.);
#13816 = LINE('',#13817,#13818);
#13817 = CARTESIAN_POINT('',(-19.5,1.834935929056,205.17726747626));
#13818 = VECTOR('',#13819,1.);
#13819 = DIRECTION('',(1.,-1.110223024625E-16,1.110223024625E-16));
#13820 = PCURVE('',#4568,#13821);
#13821 = DEFINITIONAL_REPRESENTATION('',(#13822),#13826);
#13822 = LINE('',#13823,#13824);
#13823 = CARTESIAN_POINT('',(0.,0.));
#13824 = VECTOR('',#13825,1.);
#13825 = DIRECTION('',(-9.244463733059E-33,-1.));
#13826 = ( GEOMETRIC_REPRESENTATION_CONTEXT(2) 
PARAMETRIC_REPRESENTATION_CONTEXT() REPRESENTATION_CONTEXT('2D SPACE',''
  ) );
#13827 = PCURVE('',#4540,#13828);
#13828 = DEFINITIONAL_REPRESENTATION('',(#13829),#13833);
#13829 = LINE('',#13830,#13831);
#13830 = CARTESIAN_POINT('',(0.367900699323,4.509835798922E-17));
#13831 = VECTOR('',#13832,1.);
#13832 = DIRECTION('',(1.54074395551E-33,-1.));
#13833 = ( GEOMETRIC_REPRESENTATION_CONTEXT(2) 
PARAMETRIC_REPRESENTATION_CONTEXT() REPRESENTATION_CONTEXT('2D SPACE',''
  ) );
#13834 = ORIENTED_EDGE('',*,*,#4552,.T.);
#13835 = ORIENTED_EDGE('',*,*,#13787,.F.);
#13836 = ORIENTED_EDGE('',*,*,#10351,.F.);
#13837 = ADVANCED_FACE('',(#13838),#4540,.T.);
#13838 = FACE_BOUND('',#13839,.T.);
#13839 = EDGE_LOOP('',(#13840,#13861,#13862,#13863));
#13840 = ORIENTED_EDGE('',*,*,#13841,.T.);
#13841 = EDGE_CURVE('',#10306,#4497,#13842,.T.);
#13842 = SURFACE_CURVE('',#13843,(#13847,#13854),.PCURVE_S1.);
#13843 = LINE('',#13844,#13845);
#13844 = CARTESIAN_POINT('',(-19.5,1.46927685973,205.2178183034));
#13845 = VECTOR('',#13846,1.);
#13846 = DIRECTION('',(1.,-1.110223024625E-16,1.110223024625E-16));
#13847 = PCURVE('',#4540,#13848);
#13848 = DEFINITIONAL_REPRESENTATION('',(#13849),#13853);
#13849 = LINE('',#13850,#13851);
#13850 = CARTESIAN_POINT('',(0.,0.));
#13851 = VECTOR('',#13852,1.);
#13852 = DIRECTION('',(1.54074395551E-33,-1.));
#13853 = ( GEOMETRIC_REPRESENTATION_CONTEXT(2) 
PARAMETRIC_REPRESENTATION_CONTEXT() REPRESENTATION_CONTEXT('2D SPACE',''
  ) );
#13854 = PCURVE('',#4512,#13855);
#13855 = DEFINITIONAL_REPRESENTATION('',(#13856),#13860);
#13856 = LINE('',#13857,#13858);
#13857 = CARTESIAN_POINT('',(0.367900699324,4.419897758662E-17));
#13858 = VECTOR('',#13859,1.);
#13859 = DIRECTION('',(1.54074395551E-33,-1.));
#13860 = ( GEOMETRIC_REPRESENTATION_CONTEXT(2) 
PARAMETRIC_REPRESENTATION_CONTEXT() REPRESENTATION_CONTEXT('2D SPACE',''
  ) );
#13861 = ORIENTED_EDGE('',*,*,#4524,.T.);
#13862 = ORIENTED_EDGE('',*,*,#13814,.F.);
#13863 = ORIENTED_EDGE('',*,*,#10328,.F.);
#13864 = ADVANCED_FACE('',(#13865),#4512,.T.);
#13865 = FACE_BOUND('',#13866,.T.);
#13866 = EDGE_LOOP('',(#13867,#13888,#13889,#13890));
#13867 = ORIENTED_EDGE('',*,*,#13868,.T.);
#13868 = EDGE_CURVE('',#10283,#4469,#13869,.T.);
#13869 = SURFACE_CURVE('',#13870,(#13874,#13881),.PCURVE_S1.);
#13870 = LINE('',#13871,#13872);
#13871 = CARTESIAN_POINT('',(-19.5,1.102732752963,205.24938319461));
#13872 = VECTOR('',#13873,1.);
#13873 = DIRECTION('',(1.,-1.110223024625E-16,1.110223024625E-16));
#13874 = PCURVE('',#4512,#13875);
#13875 = DEFINITIONAL_REPRESENTATION('',(#13876),#13880);
#13876 = LINE('',#13877,#13878);
#13877 = CARTESIAN_POINT('',(0.,0.));
#13878 = VECTOR('',#13879,1.);
#13879 = DIRECTION('',(1.54074395551E-33,-1.));
#13880 = ( GEOMETRIC_REPRESENTATION_CONTEXT(2) 
PARAMETRIC_REPRESENTATION_CONTEXT() REPRESENTATION_CONTEXT('2D SPACE',''
  ) );
#13881 = PCURVE('',#4484,#13882);
#13882 = DEFINITIONAL_REPRESENTATION('',(#13883),#13887);
#13883 = LINE('',#13884,#13885);
#13884 = CARTESIAN_POINT('',(0.367900699324,4.327297337269E-17));
#13885 = VECTOR('',#13886,1.);
#13886 = DIRECTION('',(-4.622231866529E-33,-1.));
#13887 = ( GEOMETRIC_REPRESENTATION_CONTEXT(2) 
PARAMETRIC_REPRESENTATION_CONTEXT() REPRESENTATION_CONTEXT('2D SPACE',''
  ) );
#13888 = ORIENTED_EDGE('',*,*,#4496,.T.);
#13889 = ORIENTED_EDGE('',*,*,#13841,.F.);
#13890 = ORIENTED_EDGE('',*,*,#10305,.F.);
#13891 = ADVANCED_FACE('',(#13892),#4484,.T.);
#13892 = FACE_BOUND('',#13893,.T.);
#13893 = EDGE_LOOP('',(#13894,#13915,#13916,#13917));
#13894 = ORIENTED_EDGE('',*,*,#13895,.T.);
#13895 = EDGE_CURVE('',#10260,#4441,#13896,.T.);
#13896 = SURFACE_CURVE('',#13897,(#13901,#13908),.PCURVE_S1.);
#13897 = LINE('',#13898,#13899);
#13898 = CARTESIAN_POINT('',(-19.5,0.735524401218,205.27194313638));
#13899 = VECTOR('',#13900,1.);
#13900 = DIRECTION('',(1.,-1.110223024625E-16,1.110223024625E-16));
#13901 = PCURVE('',#4484,#13902);
#13902 = DEFINITIONAL_REPRESENTATION('',(#13903),#13907);
#13903 = LINE('',#13904,#13905);
#13904 = CARTESIAN_POINT('',(0.,0.));
#13905 = VECTOR('',#13906,1.);
#13906 = DIRECTION('',(-4.622231866529E-33,-1.));
#13907 = ( GEOMETRIC_REPRESENTATION_CONTEXT(2) 
PARAMETRIC_REPRESENTATION_CONTEXT() REPRESENTATION_CONTEXT('2D SPACE',''
  ) );
#13908 = PCURVE('',#4456,#13909);
#13909 = DEFINITIONAL_REPRESENTATION('',(#13910),#13914);
#13910 = LINE('',#13911,#13912);
#13911 = CARTESIAN_POINT('',(0.367900699325,4.232090313768E-17));
#13912 = VECTOR('',#13913,1.);
#13913 = DIRECTION('',(1.078520768857E-32,-1.));
#13914 = ( GEOMETRIC_REPRESENTATION_CONTEXT(2) 
PARAMETRIC_REPRESENTATION_CONTEXT() REPRESENTATION_CONTEXT('2D SPACE',''
  ) );
#13915 = ORIENTED_EDGE('',*,*,#4468,.T.);
#13916 = ORIENTED_EDGE('',*,*,#13868,.F.);
#13917 = ORIENTED_EDGE('',*,*,#10282,.F.);
#13918 = ADVANCED_FACE('',(#13919),#4456,.T.);
#13919 = FACE_BOUND('',#13920,.T.);
#13920 = EDGE_LOOP('',(#13921,#13942,#13943,#13944));
#13921 = ORIENTED_EDGE('',*,*,#13922,.T.);
#13922 = EDGE_CURVE('',#10237,#4413,#13923,.T.);
#13923 = SURFACE_CURVE('',#13924,(#13928,#13935),.PCURVE_S1.);
#13924 = LINE('',#13925,#13926);
#13925 = CARTESIAN_POINT('',(-19.5,0.367872997077,205.28548453944));
#13926 = VECTOR('',#13927,1.);
#13927 = DIRECTION('',(1.,-1.110223024625E-16,1.110223024625E-16));
#13928 = PCURVE('',#4456,#13929);
#13929 = DEFINITIONAL_REPRESENTATION('',(#13930),#13934);
#13930 = LINE('',#13931,#13932);
#13931 = CARTESIAN_POINT('',(0.,0.));
#13932 = VECTOR('',#13933,1.);
#13933 = DIRECTION('',(1.078520768857E-32,-1.));
#13934 = ( GEOMETRIC_REPRESENTATION_CONTEXT(2) 
PARAMETRIC_REPRESENTATION_CONTEXT() REPRESENTATION_CONTEXT('2D SPACE',''
  ) );
#13935 = PCURVE('',#4428,#13936);
#13936 = DEFINITIONAL_REPRESENTATION('',(#13937),#13941);
#13937 = LINE('',#13938,#13939);
#13938 = CARTESIAN_POINT('',(0.367900699323,4.134334037279E-17));
#13939 = VECTOR('',#13940,1.);
#13940 = DIRECTION('',(-6.548161810917E-33,-1.));
#13941 = ( GEOMETRIC_REPRESENTATION_CONTEXT(2) 
PARAMETRIC_REPRESENTATION_CONTEXT() REPRESENTATION_CONTEXT('2D SPACE',''
  ) );
#13942 = ORIENTED_EDGE('',*,*,#4440,.T.);
#13943 = ORIENTED_EDGE('',*,*,#13895,.F.);
#13944 = ORIENTED_EDGE('',*,*,#10259,.F.);
#13945 = ADVANCED_FACE('',(#13946),#4428,.T.);
#13946 = FACE_BOUND('',#13947,.T.);
#13947 = EDGE_LOOP('',(#13948,#13969,#13970,#13971));
#13948 = ORIENTED_EDGE('',*,*,#13949,.T.);
#13949 = EDGE_CURVE('',#10214,#4385,#13950,.T.);
#13950 = SURFACE_CURVE('',#13951,(#13955,#13962),.PCURVE_S1.);
#13951 = LINE('',#13952,#13953);
#13952 = CARTESIAN_POINT('',(-19.5,2.163124726436E-15,205.28999924696));
#13953 = VECTOR('',#13954,1.);
#13954 = DIRECTION('',(1.,-1.110223024625E-16,1.110223024625E-16));
#13955 = PCURVE('',#4428,#13956);
#13956 = DEFINITIONAL_REPRESENTATION('',(#13957),#13961);
#13957 = LINE('',#13958,#13959);
#13958 = CARTESIAN_POINT('',(0.,0.));
#13959 = VECTOR('',#13960,1.);
#13960 = DIRECTION('',(-6.548161810917E-33,-1.));
#13961 = ( GEOMETRIC_REPRESENTATION_CONTEXT(2) 
PARAMETRIC_REPRESENTATION_CONTEXT() REPRESENTATION_CONTEXT('2D SPACE',''
  ) );
#13962 = PCURVE('',#4400,#13963);
#13963 = DEFINITIONAL_REPRESENTATION('',(#13964),#13968);
#13964 = LINE('',#13965,#13966);
#13965 = CARTESIAN_POINT('',(0.367900699323,4.034087392581E-17));
#13966 = VECTOR('',#13967,1.);
#13967 = DIRECTION('',(-1.733336949949E-33,-1.));
#13968 = ( GEOMETRIC_REPRESENTATION_CONTEXT(2) 
PARAMETRIC_REPRESENTATION_CONTEXT() REPRESENTATION_CONTEXT('2D SPACE',''
  ) );
#13969 = ORIENTED_EDGE('',*,*,#4412,.T.);
#13970 = ORIENTED_EDGE('',*,*,#13922,.F.);
#13971 = ORIENTED_EDGE('',*,*,#10236,.F.);
#13972 = ADVANCED_FACE('',(#13973),#4400,.T.);
#13973 = FACE_BOUND('',#13974,.T.);
#13974 = EDGE_LOOP('',(#13975,#13996,#13997,#13998));
#13975 = ORIENTED_EDGE('',*,*,#13976,.T.);
#13976 = EDGE_CURVE('',#10191,#4357,#13977,.T.);
#13977 = SURFACE_CURVE('',#13978,(#13982,#13989),.PCURVE_S1.);
#13978 = LINE('',#13979,#13980);
#13979 = CARTESIAN_POINT('',(-19.5,-0.367872997077,205.28548453944));
#13980 = VECTOR('',#13981,1.);
#13981 = DIRECTION('',(1.,-1.110223024625E-16,1.110223024625E-16));
#13982 = PCURVE('',#4400,#13983);
#13983 = DEFINITIONAL_REPRESENTATION('',(#13984),#13988);
#13984 = LINE('',#13985,#13986);
#13985 = CARTESIAN_POINT('',(0.,0.));
#13986 = VECTOR('',#13987,1.);
#13987 = DIRECTION('',(-1.733336949949E-33,-1.));
#13988 = ( GEOMETRIC_REPRESENTATION_CONTEXT(2) 
PARAMETRIC_REPRESENTATION_CONTEXT() REPRESENTATION_CONTEXT('2D SPACE',''
  ) );
#13989 = PCURVE('',#4372,#13990);
#13990 = DEFINITIONAL_REPRESENTATION('',(#13991),#13995);
#13991 = LINE('',#13992,#13993);
#13992 = CARTESIAN_POINT('',(0.367900699325,3.931410764501E-17));
#13993 = VECTOR('',#13994,1.);
#13994 = DIRECTION('',(7.703719777549E-34,-1.));
#13995 = ( GEOMETRIC_REPRESENTATION_CONTEXT(2) 
PARAMETRIC_REPRESENTATION_CONTEXT() REPRESENTATION_CONTEXT('2D SPACE',''
  ) );
#13996 = ORIENTED_EDGE('',*,*,#4384,.T.);
#13997 = ORIENTED_EDGE('',*,*,#13949,.F.);
#13998 = ORIENTED_EDGE('',*,*,#10213,.F.);
#13999 = ADVANCED_FACE('',(#14000),#4372,.T.);
#14000 = FACE_BOUND('',#14001,.T.);
#14001 = EDGE_LOOP('',(#14002,#14023,#14024,#14025));
#14002 = ORIENTED_EDGE('',*,*,#14003,.T.);
#14003 = EDGE_CURVE('',#10168,#4329,#14004,.T.);
#14004 = SURFACE_CURVE('',#14005,(#14009,#14016),.PCURVE_S1.);
#14005 = LINE('',#14006,#14007);
#14006 = CARTESIAN_POINT('',(-19.5,-0.735524401218,205.27194313638));
#14007 = VECTOR('',#14008,1.);
#14008 = DIRECTION('',(1.,-1.110223024625E-16,1.110223024625E-16));
#14009 = PCURVE('',#4372,#14010);
#14010 = DEFINITIONAL_REPRESENTATION('',(#14011),#14015);
#14011 = LINE('',#14012,#14013);
#14012 = CARTESIAN_POINT('',(0.,0.));
#14013 = VECTOR('',#14014,1.);
#14014 = DIRECTION('',(7.703719777549E-34,-1.));
#14015 = ( GEOMETRIC_REPRESENTATION_CONTEXT(2) 
PARAMETRIC_REPRESENTATION_CONTEXT() REPRESENTATION_CONTEXT('2D SPACE',''
  ) );
#14016 = PCURVE('',#4344,#14017);
#14017 = DEFINITIONAL_REPRESENTATION('',(#14018),#14022);
#14018 = LINE('',#14019,#14020);
#14019 = CARTESIAN_POINT('',(0.367900699324,3.826366001553E-17));
#14020 = VECTOR('',#14021,1.);
#14021 = DIRECTION('',(4.622231866529E-33,-1.));
#14022 = ( GEOMETRIC_REPRESENTATION_CONTEXT(2) 
PARAMETRIC_REPRESENTATION_CONTEXT() REPRESENTATION_CONTEXT('2D SPACE',''
  ) );
#14023 = ORIENTED_EDGE('',*,*,#4356,.T.);
#14024 = ORIENTED_EDGE('',*,*,#13976,.F.);
#14025 = ORIENTED_EDGE('',*,*,#10190,.F.);
#14026 = ADVANCED_FACE('',(#14027),#4344,.T.);
#14027 = FACE_BOUND('',#14028,.T.);
#14028 = EDGE_LOOP('',(#14029,#14050,#14051,#14052));
#14029 = ORIENTED_EDGE('',*,*,#14030,.T.);
#14030 = EDGE_CURVE('',#10145,#4301,#14031,.T.);
#14031 = SURFACE_CURVE('',#14032,(#14036,#14043),.PCURVE_S1.);
#14032 = LINE('',#14033,#14034);
#14033 = CARTESIAN_POINT('',(-19.5,-1.102732752963,205.24938319461));
#14034 = VECTOR('',#14035,1.);
#14035 = DIRECTION('',(1.,-1.110223024625E-16,1.110223024625E-16));
#14036 = PCURVE('',#4344,#14037);
#14037 = DEFINITIONAL_REPRESENTATION('',(#14038),#14042);
#14038 = LINE('',#14039,#14040);
#14039 = CARTESIAN_POINT('',(0.,0.));
#14040 = VECTOR('',#14041,1.);
#14041 = DIRECTION('',(4.622231866529E-33,-1.));
#14042 = ( GEOMETRIC_REPRESENTATION_CONTEXT(2) 
PARAMETRIC_REPRESENTATION_CONTEXT() REPRESENTATION_CONTEXT('2D SPACE',''
  ) );
#14043 = PCURVE('',#4316,#14044);
#14044 = DEFINITIONAL_REPRESENTATION('',(#14045),#14049);
#14045 = LINE('',#14046,#14047);
#14046 = CARTESIAN_POINT('',(0.367900699324,3.719016378804E-17));
#14047 = VECTOR('',#14048,1.);
#14048 = DIRECTION('',(3.08148791102E-33,-1.));
#14049 = ( GEOMETRIC_REPRESENTATION_CONTEXT(2) 
PARAMETRIC_REPRESENTATION_CONTEXT() REPRESENTATION_CONTEXT('2D SPACE',''
  ) );
#14050 = ORIENTED_EDGE('',*,*,#4328,.T.);
#14051 = ORIENTED_EDGE('',*,*,#14003,.F.);
#14052 = ORIENTED_EDGE('',*,*,#10167,.F.);
#14053 = ADVANCED_FACE('',(#14054),#4316,.T.);
#14054 = FACE_BOUND('',#14055,.T.);
#14055 = EDGE_LOOP('',(#14056,#14077,#14078,#14079));
#14056 = ORIENTED_EDGE('',*,*,#14057,.T.);
#14057 = EDGE_CURVE('',#10122,#4273,#14058,.T.);
#14058 = SURFACE_CURVE('',#14059,(#14063,#14070),.PCURVE_S1.);
#14059 = LINE('',#14060,#14061);
#14060 = CARTESIAN_POINT('',(-19.5,-1.46927685973,205.2178183034));
#14061 = VECTOR('',#14062,1.);
#14062 = DIRECTION('',(1.,-1.110223024625E-16,1.110223024625E-16));
#14063 = PCURVE('',#4316,#14064);
#14064 = DEFINITIONAL_REPRESENTATION('',(#14065),#14069);
#14065 = LINE('',#14066,#14067);
#14066 = CARTESIAN_POINT('',(0.,0.));
#14067 = VECTOR('',#14068,1.);
#14068 = DIRECTION('',(3.08148791102E-33,-1.));
#14069 = ( GEOMETRIC_REPRESENTATION_CONTEXT(2) 
PARAMETRIC_REPRESENTATION_CONTEXT() REPRESENTATION_CONTEXT('2D SPACE',''
  ) );
#14070 = PCURVE('',#4288,#14071);
#14071 = DEFINITIONAL_REPRESENTATION('',(#14072),#14076);
#14072 = LINE('',#14073,#14074);
#14073 = CARTESIAN_POINT('',(0.367900699323,3.609426559656E-17));
#14074 = VECTOR('',#14075,1.);
#14075 = DIRECTION('',(-1.54074395551E-33,-1.));
#14076 = ( GEOMETRIC_REPRESENTATION_CONTEXT(2) 
PARAMETRIC_REPRESENTATION_CONTEXT() REPRESENTATION_CONTEXT('2D SPACE',''
  ) );
#14077 = ORIENTED_EDGE('',*,*,#4300,.T.);
#14078 = ORIENTED_EDGE('',*,*,#14030,.F.);
#14079 = ORIENTED_EDGE('',*,*,#10144,.F.);
#14080 = ADVANCED_FACE('',(#14081),#4288,.T.);
#14081 = FACE_BOUND('',#14082,.T.);
#14082 = EDGE_LOOP('',(#14083,#14104,#14105,#14106));
#14083 = ORIENTED_EDGE('',*,*,#14084,.T.);
#14084 = EDGE_CURVE('',#10099,#4245,#14085,.T.);
#14085 = SURFACE_CURVE('',#14086,(#14090,#14097),.PCURVE_S1.);
#14086 = LINE('',#14087,#14088);
#14087 = CARTESIAN_POINT('',(-19.5,-1.834935929056,205.17726747626));
#14088 = VECTOR('',#14089,1.);
#14089 = DIRECTION('',(1.,-1.110223024625E-16,1.110223024625E-16));
#14090 = PCURVE('',#4288,#14091);
#14091 = DEFINITIONAL_REPRESENTATION('',(#14092),#14096);
#14092 = LINE('',#14093,#14094);
#14093 = CARTESIAN_POINT('',(0.,0.));
#14094 = VECTOR('',#14095,1.);
#14095 = DIRECTION('',(-1.54074395551E-33,-1.));
#14096 = ( GEOMETRIC_REPRESENTATION_CONTEXT(2) 
PARAMETRIC_REPRESENTATION_CONTEXT() REPRESENTATION_CONTEXT('2D SPACE',''
  ) );
#14097 = PCURVE('',#4260,#14098);
#14098 = DEFINITIONAL_REPRESENTATION('',(#14099),#14103);
#14099 = LINE('',#14100,#14101);
#14100 = CARTESIAN_POINT('',(0.367900699325,3.49766255693E-17));
#14101 = VECTOR('',#14102,1.);
#14102 = DIRECTION('',(-6.162975822039E-33,-1.));
#14103 = ( GEOMETRIC_REPRESENTATION_CONTEXT(2) 
PARAMETRIC_REPRESENTATION_CONTEXT() REPRESENTATION_CONTEXT('2D SPACE',''
  ) );
#14104 = ORIENTED_EDGE('',*,*,#4272,.T.);
#14105 = ORIENTED_EDGE('',*,*,#14057,.F.);
#14106 = ORIENTED_EDGE('',*,*,#10121,.F.);
#14107 = ADVANCED_FACE('',(#14108),#4260,.T.);
#14108 = FACE_BOUND('',#14109,.T.);
#14109 = EDGE_LOOP('',(#14110,#14131,#14132,#14133));
#14110 = ORIENTED_EDGE('',*,*,#14111,.T.);
#14111 = EDGE_CURVE('',#10076,#4217,#14112,.T.);
#14112 = SURFACE_CURVE('',#14113,(#14117,#14124),.PCURVE_S1.);
#14113 = LINE('',#14114,#14115);
#14114 = CARTESIAN_POINT('',(-19.5,-2.199489701592,205.12775513948));
#14115 = VECTOR('',#14116,1.);
#14116 = DIRECTION('',(1.,-1.110223024625E-16,1.110223024625E-16));
#14117 = PCURVE('',#4260,#14118);
#14118 = DEFINITIONAL_REPRESENTATION('',(#14119),#14123);
#14119 = LINE('',#14120,#14121);
#14120 = CARTESIAN_POINT('',(0.,0.));
#14121 = VECTOR('',#14122,1.);
#14122 = DIRECTION('',(-6.162975822039E-33,-1.));
#14123 = ( GEOMETRIC_REPRESENTATION_CONTEXT(2) 
PARAMETRIC_REPRESENTATION_CONTEXT() REPRESENTATION_CONTEXT('2D SPACE',''
  ) );
#14124 = PCURVE('',#4232,#14125);
#14125 = DEFINITIONAL_REPRESENTATION('',(#14126),#14130);
#14126 = LINE('',#14127,#14128);
#14127 = CARTESIAN_POINT('',(0.367900699323,3.383791693041E-17));
#14128 = VECTOR('',#14129,1.);
#14129 = DIRECTION('',(3.08148791102E-33,-1.));
#14130 = ( GEOMETRIC_REPRESENTATION_CONTEXT(2) 
PARAMETRIC_REPRESENTATION_CONTEXT() REPRESENTATION_CONTEXT('2D SPACE',''
  ) );
#14131 = ORIENTED_EDGE('',*,*,#4244,.T.);
#14132 = ORIENTED_EDGE('',*,*,#14084,.F.);
#14133 = ORIENTED_EDGE('',*,*,#10098,.F.);
#14134 = ADVANCED_FACE('',(#14135),#4232,.T.);
#14135 = FACE_BOUND('',#14136,.T.);
#14136 = EDGE_LOOP('',(#14137,#14158,#14159,#14160));
#14137 = ORIENTED_EDGE('',*,*,#14138,.T.);
#14138 = EDGE_CURVE('',#10053,#4189,#14139,.T.);
#14139 = SURFACE_CURVE('',#14140,(#14144,#14151),.PCURVE_S1.);
#14140 = LINE('',#14141,#14142);
#14141 = CARTESIAN_POINT('',(-19.5,-2.562718583776,205.06931111745));
#14142 = VECTOR('',#14143,1.);
#14143 = DIRECTION('',(1.,-1.110223024625E-16,1.110223024625E-16));
#14144 = PCURVE('',#4232,#14145);
#14145 = DEFINITIONAL_REPRESENTATION('',(#14146),#14150);
#14146 = LINE('',#14147,#14148);
#14147 = CARTESIAN_POINT('',(0.,0.));
#14148 = VECTOR('',#14149,1.);
#14149 = DIRECTION('',(3.08148791102E-33,-1.));
#14150 = ( GEOMETRIC_REPRESENTATION_CONTEXT(2) 
PARAMETRIC_REPRESENTATION_CONTEXT() REPRESENTATION_CONTEXT('2D SPACE',''
  ) );
#14151 = PCURVE('',#4204,#14152);
#14152 = DEFINITIONAL_REPRESENTATION('',(#14153),#14157);
#14153 = LINE('',#14154,#14155);
#14154 = CARTESIAN_POINT('',(0.367900699325,3.267882559586E-17));
#14155 = VECTOR('',#14156,1.);
#14156 = DIRECTION('',(-3.08148791102E-33,-1.));
#14157 = ( GEOMETRIC_REPRESENTATION_CONTEXT(2) 
PARAMETRIC_REPRESENTATION_CONTEXT() REPRESENTATION_CONTEXT('2D SPACE',''
  ) );
#14158 = ORIENTED_EDGE('',*,*,#4216,.T.);
#14159 = ORIENTED_EDGE('',*,*,#14111,.F.);
#14160 = ORIENTED_EDGE('',*,*,#10075,.F.);
#14161 = ADVANCED_FACE('',(#14162),#4204,.T.);
#14162 = FACE_BOUND('',#14163,.T.);
#14163 = EDGE_LOOP('',(#14164,#14185,#14186,#14187));
#14164 = ORIENTED_EDGE('',*,*,#14165,.T.);
#14165 = EDGE_CURVE('',#10030,#4161,#14166,.T.);
#14166 = SURFACE_CURVE('',#14167,(#14171,#14178),.PCURVE_S1.);
#14167 = LINE('',#14168,#14169);
#14168 = CARTESIAN_POINT('',(-19.5,-2.924403780111,205.00197061467));
#14169 = VECTOR('',#14170,1.);
#14170 = DIRECTION('',(1.,-1.110223024625E-16,1.110223024625E-16));
#14171 = PCURVE('',#4204,#14172);
#14172 = DEFINITIONAL_REPRESENTATION('',(#14173),#14177);
#14173 = LINE('',#14174,#14175);
#14174 = CARTESIAN_POINT('',(0.,0.));
#14175 = VECTOR('',#14176,1.);
#14176 = DIRECTION('',(-3.08148791102E-33,-1.));
#14177 = ( GEOMETRIC_REPRESENTATION_CONTEXT(2) 
PARAMETRIC_REPRESENTATION_CONTEXT() REPRESENTATION_CONTEXT('2D SPACE',''
  ) );
#14178 = PCURVE('',#4176,#14179);
#14179 = DEFINITIONAL_REPRESENTATION('',(#14180),#14184);
#14180 = LINE('',#14181,#14182);
#14181 = CARTESIAN_POINT('',(0.367900699324,3.150004975856E-17));
#14182 = VECTOR('',#14183,1.);
#14183 = DIRECTION('',(-6.162975822039E-33,-1.));
#14184 = ( GEOMETRIC_REPRESENTATION_CONTEXT(2) 
PARAMETRIC_REPRESENTATION_CONTEXT() REPRESENTATION_CONTEXT('2D SPACE',''
  ) );
#14185 = ORIENTED_EDGE('',*,*,#4188,.T.);
#14186 = ORIENTED_EDGE('',*,*,#14138,.F.);
#14187 = ORIENTED_EDGE('',*,*,#10052,.F.);
#14188 = ADVANCED_FACE('',(#14189),#4176,.T.);
#14189 = FACE_BOUND('',#14190,.T.);
#14190 = EDGE_LOOP('',(#14191,#14212,#14213,#14214));
#14191 = ORIENTED_EDGE('',*,*,#14192,.T.);
#14192 = EDGE_CURVE('',#10007,#4133,#14193,.T.);
#14193 = SURFACE_CURVE('',#14194,(#14198,#14205),.PCURVE_S1.);
#14194 = LINE('',#14195,#14196);
#14195 = CARTESIAN_POINT('',(-19.5,-3.28432742496,204.92577419453));
#14196 = VECTOR('',#14197,1.);
#14197 = DIRECTION('',(1.,-1.110223024625E-16,1.110223024625E-16));
#14198 = PCURVE('',#4176,#14199);
#14199 = DEFINITIONAL_REPRESENTATION('',(#14200),#14204);
#14200 = LINE('',#14201,#14202);
#14201 = CARTESIAN_POINT('',(0.,0.));
#14202 = VECTOR('',#14203,1.);
#14203 = DIRECTION('',(-6.162975822039E-33,-1.));
#14204 = ( GEOMETRIC_REPRESENTATION_CONTEXT(2) 
PARAMETRIC_REPRESENTATION_CONTEXT() REPRESENTATION_CONTEXT('2D SPACE',''
  ) );
#14205 = PCURVE('',#4148,#14206);
#14206 = DEFINITIONAL_REPRESENTATION('',(#14207),#14211);
#14207 = LINE('',#14208,#14209);
#14208 = CARTESIAN_POINT('',(0.367900699324,3.030229946916E-17));
#14209 = VECTOR('',#14210,1.);
#14210 = DIRECTION('',(0.,-1.));
#14211 = ( GEOMETRIC_REPRESENTATION_CONTEXT(2) 
PARAMETRIC_REPRESENTATION_CONTEXT() REPRESENTATION_CONTEXT('2D SPACE',''
  ) );
#14212 = ORIENTED_EDGE('',*,*,#4160,.T.);
#14213 = ORIENTED_EDGE('',*,*,#14165,.F.);
#14214 = ORIENTED_EDGE('',*,*,#10029,.F.);
#14215 = ADVANCED_FACE('',(#14216),#4148,.T.);
#14216 = FACE_BOUND('',#14217,.T.);
#14217 = EDGE_LOOP('',(#14218,#14239,#14240,#14241));
#14218 = ORIENTED_EDGE('',*,*,#14219,.T.);
#14219 = EDGE_CURVE('',#9984,#4105,#14220,.T.);
#14220 = SURFACE_CURVE('',#14221,(#14225,#14232),.PCURVE_S1.);
#14221 = LINE('',#14222,#14223);
#14222 = CARTESIAN_POINT('',(-19.5,-3.642272713777,204.84076775491));
#14223 = VECTOR('',#14224,1.);
#14224 = DIRECTION('',(1.,-1.110223024625E-16,1.110223024625E-16));
#14225 = PCURVE('',#4148,#14226);
#14226 = DEFINITIONAL_REPRESENTATION('',(#14227),#14231);
#14227 = LINE('',#14228,#14229);
#14228 = CARTESIAN_POINT('',(0.,0.));
#14229 = VECTOR('',#14230,1.);
#14230 = DIRECTION('',(0.,-1.));
#14231 = ( GEOMETRIC_REPRESENTATION_CONTEXT(2) 
PARAMETRIC_REPRESENTATION_CONTEXT() REPRESENTATION_CONTEXT('2D SPACE',''
  ) );
#14232 = PCURVE('',#4120,#14233);
#14233 = DEFINITIONAL_REPRESENTATION('',(#14234),#14238);
#14234 = LINE('',#14235,#14236);
#14235 = CARTESIAN_POINT('',(0.367900699324,2.908629620769E-17));
#14236 = VECTOR('',#14237,1.);
#14237 = DIRECTION('',(0.,-1.));
#14238 = ( GEOMETRIC_REPRESENTATION_CONTEXT(2) 
PARAMETRIC_REPRESENTATION_CONTEXT() REPRESENTATION_CONTEXT('2D SPACE',''
  ) );
#14239 = ORIENTED_EDGE('',*,*,#4132,.T.);
#14240 = ORIENTED_EDGE('',*,*,#14192,.F.);
#14241 = ORIENTED_EDGE('',*,*,#10006,.F.);
#14242 = ADVANCED_FACE('',(#14243),#4120,.T.);
#14243 = FACE_BOUND('',#14244,.T.);
#14244 = EDGE_LOOP('',(#14245,#14266,#14267,#14268));
#14245 = ORIENTED_EDGE('',*,*,#14246,.T.);
#14246 = EDGE_CURVE('',#9961,#4077,#14247,.T.);
#14247 = SURFACE_CURVE('',#14248,(#14252,#14259),.PCURVE_S1.);
#14248 = LINE('',#14249,#14250);
#14249 = CARTESIAN_POINT('',(-19.5,-3.998024033704,204.74700250051));
#14250 = VECTOR('',#14251,1.);
#14251 = DIRECTION('',(1.,-1.110223024625E-16,1.110223024625E-16));
#14252 = PCURVE('',#4120,#14253);
#14253 = DEFINITIONAL_REPRESENTATION('',(#14254),#14258);
#14254 = LINE('',#14255,#14256);
#14255 = CARTESIAN_POINT('',(0.,0.));
#14256 = VECTOR('',#14257,1.);
#14257 = DIRECTION('',(0.,-1.));
#14258 = ( GEOMETRIC_REPRESENTATION_CONTEXT(2) 
PARAMETRIC_REPRESENTATION_CONTEXT() REPRESENTATION_CONTEXT('2D SPACE',''
  ) );
#14259 = PCURVE('',#4092,#14260);
#14260 = DEFINITIONAL_REPRESENTATION('',(#14261),#14265);
#14261 = LINE('',#14262,#14263);
#14262 = CARTESIAN_POINT('',(0.367900699324,2.785277244894E-17));
#14263 = VECTOR('',#14264,1.);
#14264 = DIRECTION('',(-6.162975822039E-33,-1.));
#14265 = ( GEOMETRIC_REPRESENTATION_CONTEXT(2) 
PARAMETRIC_REPRESENTATION_CONTEXT() REPRESENTATION_CONTEXT('2D SPACE',''
  ) );
#14266 = ORIENTED_EDGE('',*,*,#4104,.T.);
#14267 = ORIENTED_EDGE('',*,*,#14219,.F.);
#14268 = ORIENTED_EDGE('',*,*,#9983,.F.);
#14269 = ADVANCED_FACE('',(#14270),#4092,.T.);
#14270 = FACE_BOUND('',#14271,.T.);
#14271 = EDGE_LOOP('',(#14272,#14293,#14294,#14295));
#14272 = ORIENTED_EDGE('',*,*,#14273,.T.);
#14273 = EDGE_CURVE('',#9938,#4049,#14274,.T.);
#14274 = SURFACE_CURVE('',#14275,(#14279,#14286),.PCURVE_S1.);
#14275 = LINE('',#14276,#14277);
#14276 = CARTESIAN_POINT('',(-19.5,-4.351367093449,204.64453491201));
#14277 = VECTOR('',#14278,1.);
#14278 = DIRECTION('',(1.,-1.110223024625E-16,1.110223024625E-16));
#14279 = PCURVE('',#4092,#14280);
#14280 = DEFINITIONAL_REPRESENTATION('',(#14281),#14285);
#14281 = LINE('',#14282,#14283);
#14282 = CARTESIAN_POINT('',(0.,0.));
#14283 = VECTOR('',#14284,1.);
#14284 = DIRECTION('',(-6.162975822039E-33,-1.));
#14285 = ( GEOMETRIC_REPRESENTATION_CONTEXT(2) 
PARAMETRIC_REPRESENTATION_CONTEXT() REPRESENTATION_CONTEXT('2D SPACE',''
  ) );
#14286 = PCURVE('',#4064,#14287);
#14287 = DEFINITIONAL_REPRESENTATION('',(#14288),#14292);
#14288 = LINE('',#14289,#14290);
#14289 = CARTESIAN_POINT('',(0.367900699325,2.660247122168E-17));
#14290 = VECTOR('',#14291,1.);
#14291 = DIRECTION('',(0.,-1.));
#14292 = ( GEOMETRIC_REPRESENTATION_CONTEXT(2) 
PARAMETRIC_REPRESENTATION_CONTEXT() REPRESENTATION_CONTEXT('2D SPACE',''
  ) );
#14293 = ORIENTED_EDGE('',*,*,#4076,.T.);
#14294 = ORIENTED_EDGE('',*,*,#14246,.F.);
#14295 = ORIENTED_EDGE('',*,*,#9960,.F.);
#14296 = ADVANCED_FACE('',(#14297),#4064,.T.);
#14297 = FACE_BOUND('',#14298,.T.);
#14298 = EDGE_LOOP('',(#14299,#14320,#14321,#14322));
#14299 = ORIENTED_EDGE('',*,*,#14300,.T.);
#14300 = EDGE_CURVE('',#9915,#4021,#14301,.T.);
#14301 = SURFACE_CURVE('',#14302,(#14306,#14313),.PCURVE_S1.);
#14302 = LINE('',#14303,#14304);
#14303 = CARTESIAN_POINT('',(-19.5,-4.702089052366,204.53342671205));
#14304 = VECTOR('',#14305,1.);
#14305 = DIRECTION('',(1.,-1.110223024625E-16,1.110223024625E-16));
#14306 = PCURVE('',#4064,#14307);
#14307 = DEFINITIONAL_REPRESENTATION('',(#14308),#14312);
#14308 = LINE('',#14309,#14310);
#14309 = CARTESIAN_POINT('',(0.,0.));
#14310 = VECTOR('',#14311,1.);
#14311 = DIRECTION('',(0.,-1.));
#14312 = ( GEOMETRIC_REPRESENTATION_CONTEXT(2) 
PARAMETRIC_REPRESENTATION_CONTEXT() REPRESENTATION_CONTEXT('2D SPACE',''
  ) );
#14313 = PCURVE('',#4036,#14314);
#14314 = DEFINITIONAL_REPRESENTATION('',(#14315),#14319);
#14315 = LINE('',#14316,#14317);
#14316 = CARTESIAN_POINT('',(0.367900699323,2.533614566027E-17));
#14317 = VECTOR('',#14318,1.);
#14318 = DIRECTION('',(0.,-1.));
#14319 = ( GEOMETRIC_REPRESENTATION_CONTEXT(2) 
PARAMETRIC_REPRESENTATION_CONTEXT() REPRESENTATION_CONTEXT('2D SPACE',''
  ) );
#14320 = ORIENTED_EDGE('',*,*,#4048,.T.);
#14321 = ORIENTED_EDGE('',*,*,#14273,.F.);
#14322 = ORIENTED_EDGE('',*,*,#9937,.F.);
#14323 = ADVANCED_FACE('',(#14324),#4036,.T.);
#14324 = FACE_BOUND('',#14325,.T.);
#14325 = EDGE_LOOP('',(#14326,#14347,#14348,#14349));
#14326 = ORIENTED_EDGE('',*,*,#14327,.T.);
#14327 = EDGE_CURVE('',#9892,#3993,#14328,.T.);
#14328 = SURFACE_CURVE('',#14329,(#14333,#14340),.PCURVE_S1.);
#14329 = LINE('',#14330,#14331);
#14330 = CARTESIAN_POINT('',(-19.5,-5.049978648658,204.41374482807));
#14331 = VECTOR('',#14332,1.);
#14332 = DIRECTION('',(1.,-1.110223024625E-16,1.110223024625E-16));
#14333 = PCURVE('',#4036,#14334);
#14334 = DEFINITIONAL_REPRESENTATION('',(#14335),#14339);
#14335 = LINE('',#14336,#14337);
#14336 = CARTESIAN_POINT('',(0.,0.));
#14337 = VECTOR('',#14338,1.);
#14338 = DIRECTION('',(0.,-1.));
#14339 = ( GEOMETRIC_REPRESENTATION_CONTEXT(2) 
PARAMETRIC_REPRESENTATION_CONTEXT() REPRESENTATION_CONTEXT('2D SPACE',''
  ) );
#14340 = PCURVE('',#4008,#14341);
#14341 = DEFINITIONAL_REPRESENTATION('',(#14342),#14346);
#14342 = LINE('',#14343,#14344);
#14343 = CARTESIAN_POINT('',(0.367900699324,2.405455855226E-17));
#14344 = VECTOR('',#14345,1.);
#14345 = DIRECTION('',(0.,-1.));
#14346 = ( GEOMETRIC_REPRESENTATION_CONTEXT(2) 
PARAMETRIC_REPRESENTATION_CONTEXT() REPRESENTATION_CONTEXT('2D SPACE',''
  ) );
#14347 = ORIENTED_EDGE('',*,*,#4020,.T.);
#14348 = ORIENTED_EDGE('',*,*,#14300,.F.);
#14349 = ORIENTED_EDGE('',*,*,#9914,.F.);
#14350 = ADVANCED_FACE('',(#14351),#4008,.T.);
#14351 = FACE_BOUND('',#14352,.T.);
#14352 = EDGE_LOOP('',(#14353,#14374,#14375,#14376));
#14353 = ORIENTED_EDGE('',*,*,#14354,.T.);
#14354 = EDGE_CURVE('',#9869,#3965,#14355,.T.);
#14355 = SURFACE_CURVE('',#14356,(#14360,#14367),.PCURVE_S1.);
#14356 = LINE('',#14357,#14358);
#14357 = CARTESIAN_POINT('',(-19.5,-5.394826326645,204.28556135195));
#14358 = VECTOR('',#14359,1.);
#14359 = DIRECTION('',(1.,-1.110223024625E-16,1.110223024625E-16));
#14360 = PCURVE('',#4008,#14361);
#14361 = DEFINITIONAL_REPRESENTATION('',(#14362),#14366);
#14362 = LINE('',#14363,#14364);
#14363 = CARTESIAN_POINT('',(0.,0.));
#14364 = VECTOR('',#14365,1.);
#14365 = DIRECTION('',(0.,-1.));
#14366 = ( GEOMETRIC_REPRESENTATION_CONTEXT(2) 
PARAMETRIC_REPRESENTATION_CONTEXT() REPRESENTATION_CONTEXT('2D SPACE',''
  ) );
#14367 = PCURVE('',#3980,#14368);
#14368 = DEFINITIONAL_REPRESENTATION('',(#14369),#14373);
#14369 = LINE('',#14370,#14371);
#14370 = CARTESIAN_POINT('',(0.367900699323,2.275848187755E-17));
#14371 = VECTOR('',#14372,1.);
#14372 = DIRECTION('',(0.,-1.));
#14373 = ( GEOMETRIC_REPRESENTATION_CONTEXT(2) 
PARAMETRIC_REPRESENTATION_CONTEXT() REPRESENTATION_CONTEXT('2D SPACE',''
  ) );
#14374 = ORIENTED_EDGE('',*,*,#3992,.T.);
#14375 = ORIENTED_EDGE('',*,*,#14327,.F.);
#14376 = ORIENTED_EDGE('',*,*,#9891,.F.);
#14377 = ADVANCED_FACE('',(#14378),#3980,.T.);
#14378 = FACE_BOUND('',#14379,.T.);
#14379 = EDGE_LOOP('',(#14380,#14401,#14402,#14403));
#14380 = ORIENTED_EDGE('',*,*,#14381,.T.);
#14381 = EDGE_CURVE('',#9846,#3937,#14382,.T.);
#14382 = SURFACE_CURVE('',#14383,(#14387,#14394),.PCURVE_S1.);
#14383 = LINE('',#14384,#14385);
#14384 = CARTESIAN_POINT('',(-19.5,-5.736424362977,204.14895349662));
#14385 = VECTOR('',#14386,1.);
#14386 = DIRECTION('',(1.,-1.110223024625E-16,1.110223024625E-16));
#14387 = PCURVE('',#3980,#14388);
#14388 = DEFINITIONAL_REPRESENTATION('',(#14389),#14393);
#14389 = LINE('',#14390,#14391);
#14390 = CARTESIAN_POINT('',(0.,0.));
#14391 = VECTOR('',#14392,1.);
#14392 = DIRECTION('',(0.,-1.));
#14393 = ( GEOMETRIC_REPRESENTATION_CONTEXT(2) 
PARAMETRIC_REPRESENTATION_CONTEXT() REPRESENTATION_CONTEXT('2D SPACE',''
  ) );
#14394 = PCURVE('',#3952,#14395);
#14395 = DEFINITIONAL_REPRESENTATION('',(#14396),#14400);
#14396 = LINE('',#14397,#14398);
#14397 = CARTESIAN_POINT('',(0.367900699325,2.144869634448E-17));
#14398 = VECTOR('',#14399,1.);
#14399 = DIRECTION('',(0.,-1.));
#14400 = ( GEOMETRIC_REPRESENTATION_CONTEXT(2) 
PARAMETRIC_REPRESENTATION_CONTEXT() REPRESENTATION_CONTEXT('2D SPACE',''
  ) );
#14401 = ORIENTED_EDGE('',*,*,#3964,.T.);
#14402 = ORIENTED_EDGE('',*,*,#14354,.F.);
#14403 = ORIENTED_EDGE('',*,*,#9868,.F.);
#14404 = ADVANCED_FACE('',(#14405),#3952,.T.);
#14405 = FACE_BOUND('',#14406,.T.);
#14406 = EDGE_LOOP('',(#14407,#14428,#14429,#14430));
#14407 = ORIENTED_EDGE('',*,*,#14408,.T.);
#14408 = EDGE_CURVE('',#9823,#3909,#14409,.T.);
#14409 = SURFACE_CURVE('',#14410,(#14414,#14421),.PCURVE_S1.);
#14410 = LINE('',#14411,#14412);
#14411 = CARTESIAN_POINT('',(-19.5,-6.074566991773,204.00400354956));
#14412 = VECTOR('',#14413,1.);
#14413 = DIRECTION('',(1.,-1.110223024625E-16,1.110223024625E-16));
#14414 = PCURVE('',#3952,#14415);
#14415 = DEFINITIONAL_REPRESENTATION('',(#14416),#14420);
#14416 = LINE('',#14417,#14418);
#14417 = CARTESIAN_POINT('',(0.,0.));
#14418 = VECTOR('',#14419,1.);
#14419 = DIRECTION('',(0.,-1.));
#14420 = ( GEOMETRIC_REPRESENTATION_CONTEXT(2) 
PARAMETRIC_REPRESENTATION_CONTEXT() REPRESENTATION_CONTEXT('2D SPACE',''
  ) );
#14421 = PCURVE('',#3924,#14422);
#14422 = DEFINITIONAL_REPRESENTATION('',(#14423),#14427);
#14423 = LINE('',#14424,#14425);
#14424 = CARTESIAN_POINT('',(0.367900699323,2.012599091857E-17));
#14425 = VECTOR('',#14426,1.);
#14426 = DIRECTION('',(0.,-1.));
#14427 = ( GEOMETRIC_REPRESENTATION_CONTEXT(2) 
PARAMETRIC_REPRESENTATION_CONTEXT() REPRESENTATION_CONTEXT('2D SPACE',''
  ) );
#14428 = ORIENTED_EDGE('',*,*,#3936,.T.);
#14429 = ORIENTED_EDGE('',*,*,#14381,.F.);
#14430 = ORIENTED_EDGE('',*,*,#9845,.F.);
#14431 = ADVANCED_FACE('',(#14432),#3924,.T.);
#14432 = FACE_BOUND('',#14433,.T.);
#14433 = EDGE_LOOP('',(#14434,#14455,#14456,#14457));
#14434 = ORIENTED_EDGE('',*,*,#14435,.T.);
#14435 = EDGE_CURVE('',#9800,#3881,#14436,.T.);
#14436 = SURFACE_CURVE('',#14437,(#14441,#14448),.PCURVE_S1.);
#14437 = LINE('',#14438,#14439);
#14438 = CARTESIAN_POINT('',(-19.5,-6.409050528555,203.85079882318));
#14439 = VECTOR('',#14440,1.);
#14440 = DIRECTION('',(1.,-1.110223024625E-16,1.110223024625E-16));
#14441 = PCURVE('',#3924,#14442);
#14442 = DEFINITIONAL_REPRESENTATION('',(#14443),#14447);
#14443 = LINE('',#14444,#14445);
#14444 = CARTESIAN_POINT('',(0.,0.));
#14445 = VECTOR('',#14446,1.);
#14446 = DIRECTION('',(0.,-1.));
#14447 = ( GEOMETRIC_REPRESENTATION_CONTEXT(2) 
PARAMETRIC_REPRESENTATION_CONTEXT() REPRESENTATION_CONTEXT('2D SPACE',''
  ) );
#14448 = PCURVE('',#3896,#14449);
#14449 = DEFINITIONAL_REPRESENTATION('',(#14450),#14454);
#14450 = LINE('',#14451,#14452);
#14451 = CARTESIAN_POINT('',(0.367900699324,1.879116234842E-17));
#14452 = VECTOR('',#14453,1.);
#14453 = DIRECTION('',(0.,-1.));
#14454 = ( GEOMETRIC_REPRESENTATION_CONTEXT(2) 
PARAMETRIC_REPRESENTATION_CONTEXT() REPRESENTATION_CONTEXT('2D SPACE',''
  ) );
#14455 = ORIENTED_EDGE('',*,*,#3908,.T.);
#14456 = ORIENTED_EDGE('',*,*,#14408,.F.);
#14457 = ORIENTED_EDGE('',*,*,#9822,.F.);
#14458 = ADVANCED_FACE('',(#14459),#3896,.T.);
#14459 = FACE_BOUND('',#14460,.T.);
#14460 = EDGE_LOOP('',(#14461,#14482,#14483,#14484));
#14461 = ORIENTED_EDGE('',*,*,#14462,.T.);
#14462 = EDGE_CURVE('',#9777,#3853,#14463,.T.);
#14463 = SURFACE_CURVE('',#14464,(#14468,#14475),.PCURVE_S1.);
#14464 = LINE('',#14465,#14466);
#14465 = CARTESIAN_POINT('',(-19.5,-6.739673492948,203.68943160228));
#14466 = VECTOR('',#14467,1.);
#14467 = DIRECTION('',(1.,-1.110223024625E-16,1.110223024625E-16));
#14468 = PCURVE('',#3896,#14469);
#14469 = DEFINITIONAL_REPRESENTATION('',(#14470),#14474);
#14470 = LINE('',#14471,#14472);
#14471 = CARTESIAN_POINT('',(0.,0.));
#14472 = VECTOR('',#14473,1.);
#14473 = DIRECTION('',(0.,-1.));
#14474 = ( GEOMETRIC_REPRESENTATION_CONTEXT(2) 
PARAMETRIC_REPRESENTATION_CONTEXT() REPRESENTATION_CONTEXT('2D SPACE',''
  ) );
#14475 = PCURVE('',#3868,#14476);
#14476 = DEFINITIONAL_REPRESENTATION('',(#14477),#14481);
#14477 = LINE('',#14478,#14479);
#14478 = CARTESIAN_POINT('',(0.367900699323,1.74450146846E-17));
#14479 = VECTOR('',#14480,1.);
#14480 = DIRECTION('',(0.,-1.));
#14481 = ( GEOMETRIC_REPRESENTATION_CONTEXT(2) 
PARAMETRIC_REPRESENTATION_CONTEXT() REPRESENTATION_CONTEXT('2D SPACE',''
  ) );
#14482 = ORIENTED_EDGE('',*,*,#3880,.T.);
#14483 = ORIENTED_EDGE('',*,*,#14435,.F.);
#14484 = ORIENTED_EDGE('',*,*,#9799,.F.);
#14485 = ADVANCED_FACE('',(#14486),#3868,.T.);
#14486 = FACE_BOUND('',#14487,.T.);
#14487 = EDGE_LOOP('',(#14488,#14509,#14510,#14511));
#14488 = ORIENTED_EDGE('',*,*,#14489,.T.);
#14489 = EDGE_CURVE('',#9754,#3825,#14490,.T.);
#14490 = SURFACE_CURVE('',#14491,(#14495,#14502),.PCURVE_S1.);
#14491 = LINE('',#14492,#14493);
#14492 = CARTESIAN_POINT('',(-19.5,-7.066236730041,203.51999908846));
#14493 = VECTOR('',#14494,1.);
#14494 = DIRECTION('',(1.,-1.110223024625E-16,1.110223024625E-16));
#14495 = PCURVE('',#3868,#14496);
#14496 = DEFINITIONAL_REPRESENTATION('',(#14497),#14501);
#14497 = LINE('',#14498,#14499);
#14498 = CARTESIAN_POINT('',(0.,0.));
#14499 = VECTOR('',#14500,1.);
#14500 = DIRECTION('',(0.,-1.));
#14501 = ( GEOMETRIC_REPRESENTATION_CONTEXT(2) 
PARAMETRIC_REPRESENTATION_CONTEXT() REPRESENTATION_CONTEXT('2D SPACE',''
  ) );
#14502 = PCURVE('',#3840,#14503);
#14503 = DEFINITIONAL_REPRESENTATION('',(#14504),#14508);
#14504 = LINE('',#14505,#14506);
#14505 = CARTESIAN_POINT('',(0.367900699325,1.608835879644E-17));
#14506 = VECTOR('',#14507,1.);
#14507 = DIRECTION('',(0.,-1.));
#14508 = ( GEOMETRIC_REPRESENTATION_CONTEXT(2) 
PARAMETRIC_REPRESENTATION_CONTEXT() REPRESENTATION_CONTEXT('2D SPACE',''
  ) );
#14509 = ORIENTED_EDGE('',*,*,#3852,.T.);
#14510 = ORIENTED_EDGE('',*,*,#14462,.F.);
#14511 = ORIENTED_EDGE('',*,*,#9776,.F.);
#14512 = ADVANCED_FACE('',(#14513),#3840,.T.);
#14513 = FACE_BOUND('',#14514,.T.);
#14514 = EDGE_LOOP('',(#14515,#14536,#14537,#14538));
#14515 = ORIENTED_EDGE('',*,*,#14516,.T.);
#14516 = EDGE_CURVE('',#9731,#3797,#14517,.T.);
#14517 = SURFACE_CURVE('',#14518,(#14522,#14529),.PCURVE_S1.);
#14518 = LINE('',#14519,#14520);
#14519 = CARTESIAN_POINT('',(-19.5,-7.388543530354,203.34260334151));
#14520 = VECTOR('',#14521,1.);
#14521 = DIRECTION('',(1.,-1.110223024625E-16,1.110223024625E-16));
#14522 = PCURVE('',#3840,#14523);
#14523 = DEFINITIONAL_REPRESENTATION('',(#14524),#14528);
#14524 = LINE('',#14525,#14526);
#14525 = CARTESIAN_POINT('',(0.,0.));
#14526 = VECTOR('',#14527,1.);
#14527 = DIRECTION('',(0.,-1.));
#14528 = ( GEOMETRIC_REPRESENTATION_CONTEXT(2) 
PARAMETRIC_REPRESENTATION_CONTEXT() REPRESENTATION_CONTEXT('2D SPACE',''
  ) );
#14529 = PCURVE('',#3812,#14530);
#14530 = DEFINITIONAL_REPRESENTATION('',(#14531),#14535);
#14531 = LINE('',#14532,#14533);
#14532 = CARTESIAN_POINT('',(0.367900699323,1.47220118823E-17));
#14533 = VECTOR('',#14534,1.);
#14534 = DIRECTION('',(0.,-1.));
#14535 = ( GEOMETRIC_REPRESENTATION_CONTEXT(2) 
PARAMETRIC_REPRESENTATION_CONTEXT() REPRESENTATION_CONTEXT('2D SPACE',''
  ) );
#14536 = ORIENTED_EDGE('',*,*,#3824,.T.);
#14537 = ORIENTED_EDGE('',*,*,#14489,.F.);
#14538 = ORIENTED_EDGE('',*,*,#9753,.F.);
#14539 = ADVANCED_FACE('',(#14540),#3812,.T.);
#14540 = FACE_BOUND('',#14541,.T.);
#14541 = EDGE_LOOP('',(#14542,#14563,#14564,#14565));
#14542 = ORIENTED_EDGE('',*,*,#14543,.T.);
#14543 = EDGE_CURVE('',#9708,#3769,#14544,.T.);
#14544 = SURFACE_CURVE('',#14545,(#14549,#14556),.PCURVE_S1.);
#14545 = LINE('',#14546,#14547);
#14546 = CARTESIAN_POINT('',(-19.5,-7.706399748317,203.157351218));
#14547 = VECTOR('',#14548,1.);
#14548 = DIRECTION('',(1.,-1.110223024625E-16,1.110223024625E-16));
#14549 = PCURVE('',#3812,#14550);
#14550 = DEFINITIONAL_REPRESENTATION('',(#14551),#14555);
#14551 = LINE('',#14552,#14553);
#14552 = CARTESIAN_POINT('',(0.,0.));
#14553 = VECTOR('',#14554,1.);
#14554 = DIRECTION('',(0.,-1.));
#14555 = ( GEOMETRIC_REPRESENTATION_CONTEXT(2) 
PARAMETRIC_REPRESENTATION_CONTEXT() REPRESENTATION_CONTEXT('2D SPACE',''
  ) );
#14556 = PCURVE('',#3784,#14557);
#14557 = DEFINITIONAL_REPRESENTATION('',(#14558),#14562);
#14558 = LINE('',#14559,#14560);
#14559 = CARTESIAN_POINT('',(0.367900699325,1.334679697887E-17));
#14560 = VECTOR('',#14561,1.);
#14561 = DIRECTION('',(0.,-1.));
#14562 = ( GEOMETRIC_REPRESENTATION_CONTEXT(2) 
PARAMETRIC_REPRESENTATION_CONTEXT() REPRESENTATION_CONTEXT('2D SPACE',''
  ) );
#14563 = ORIENTED_EDGE('',*,*,#3796,.T.);
#14564 = ORIENTED_EDGE('',*,*,#14516,.F.);
#14565 = ORIENTED_EDGE('',*,*,#9730,.F.);
#14566 = ADVANCED_FACE('',(#14567),#3784,.T.);
#14567 = FACE_BOUND('',#14568,.T.);
#14568 = EDGE_LOOP('',(#14569,#14590,#14591,#14592));
#14569 = ORIENTED_EDGE('',*,*,#14570,.T.);
#14570 = EDGE_CURVE('',#9685,#3741,#14571,.T.);
#14571 = SURFACE_CURVE('',#14572,(#14576,#14583),.PCURVE_S1.);
#14572 = LINE('',#14573,#14574);
#14573 = CARTESIAN_POINT('',(-19.5,-8.019613919234,202.96435430688));
#14574 = VECTOR('',#14575,1.);
#14575 = DIRECTION('',(1.,-1.110223024625E-16,1.110223024625E-16));
#14576 = PCURVE('',#3784,#14577);
#14577 = DEFINITIONAL_REPRESENTATION('',(#14578),#14582);
#14578 = LINE('',#14579,#14580);
#14579 = CARTESIAN_POINT('',(0.,0.));
#14580 = VECTOR('',#14581,1.);
#14581 = DIRECTION('',(0.,-1.));
#14582 = ( GEOMETRIC_REPRESENTATION_CONTEXT(2) 
PARAMETRIC_REPRESENTATION_CONTEXT() REPRESENTATION_CONTEXT('2D SPACE',''
  ) );
#14583 = PCURVE('',#3756,#14584);
#14584 = DEFINITIONAL_REPRESENTATION('',(#14585),#14589);
#14585 = LINE('',#14586,#14587);
#14586 = CARTESIAN_POINT('',(0.367900699323,1.196354246389E-17));
#14587 = VECTOR('',#14588,1.);
#14588 = DIRECTION('',(0.,-1.));
#14589 = ( GEOMETRIC_REPRESENTATION_CONTEXT(2) 
PARAMETRIC_REPRESENTATION_CONTEXT() REPRESENTATION_CONTEXT('2D SPACE',''
  ) );
#14590 = ORIENTED_EDGE('',*,*,#3768,.T.);
#14591 = ORIENTED_EDGE('',*,*,#14543,.F.);
#14592 = ORIENTED_EDGE('',*,*,#9707,.F.);
#14593 = ADVANCED_FACE('',(#14594),#3756,.T.);
#14594 = FACE_BOUND('',#14595,.T.);
#14595 = EDGE_LOOP('',(#14596,#14617,#14618,#14619));
#14596 = ORIENTED_EDGE('',*,*,#14597,.T.);
#14597 = EDGE_CURVE('',#9662,#3713,#14598,.T.);
#14598 = SURFACE_CURVE('',#14599,(#14603,#14610),.PCURVE_S1.);
#14599 = LINE('',#14600,#14601);
#14600 = CARTESIAN_POINT('',(-19.5,-8.327997374598,202.76372886228));
#14601 = VECTOR('',#14602,1.);
#14602 = DIRECTION('',(1.,-1.110223024625E-16,1.110223024625E-16));
#14603 = PCURVE('',#3756,#14604);
#14604 = DEFINITIONAL_REPRESENTATION('',(#14605),#14609);
#14605 = LINE('',#14606,#14607);
#14606 = CARTESIAN_POINT('',(0.,0.));
#14607 = VECTOR('',#14608,1.);
#14608 = DIRECTION('',(0.,-1.));
#14609 = ( GEOMETRIC_REPRESENTATION_CONTEXT(2) 
PARAMETRIC_REPRESENTATION_CONTEXT() REPRESENTATION_CONTEXT('2D SPACE',''
  ) );
#14610 = PCURVE('',#3728,#14611);
#14611 = DEFINITIONAL_REPRESENTATION('',(#14612),#14616);
#14612 = LINE('',#14613,#14614);
#14613 = CARTESIAN_POINT('',(0.367900699325,1.057308155835E-17));
#14614 = VECTOR('',#14615,1.);
#14615 = DIRECTION('',(0.,-1.));
#14616 = ( GEOMETRIC_REPRESENTATION_CONTEXT(2) 
PARAMETRIC_REPRESENTATION_CONTEXT() REPRESENTATION_CONTEXT('2D SPACE',''
  ) );
#14617 = ORIENTED_EDGE('',*,*,#3740,.T.);
#14618 = ORIENTED_EDGE('',*,*,#14570,.F.);
#14619 = ORIENTED_EDGE('',*,*,#9684,.F.);
#14620 = ADVANCED_FACE('',(#14621),#3728,.T.);
#14621 = FACE_BOUND('',#14622,.T.);
#14622 = EDGE_LOOP('',(#14623,#14644,#14645,#14646));
#14623 = ORIENTED_EDGE('',*,*,#14624,.T.);
#14624 = EDGE_CURVE('',#9639,#3685,#14625,.T.);
#14625 = SURFACE_CURVE('',#14626,(#14630,#14637),.PCURVE_S1.);
#14626 = LINE('',#14627,#14628);
#14627 = CARTESIAN_POINT('',(-19.5,-8.631364355748,202.55559573346));
#14628 = VECTOR('',#14629,1.);
#14629 = DIRECTION('',(1.,-1.110223024625E-16,1.110223024625E-16));
#14630 = PCURVE('',#3728,#14631);
#14631 = DEFINITIONAL_REPRESENTATION('',(#14632),#14636);
#14632 = LINE('',#14633,#14634);
#14633 = CARTESIAN_POINT('',(0.,0.));
#14634 = VECTOR('',#14635,1.);
#14635 = DIRECTION('',(0.,-1.));
#14636 = ( GEOMETRIC_REPRESENTATION_CONTEXT(2) 
PARAMETRIC_REPRESENTATION_CONTEXT() REPRESENTATION_CONTEXT('2D SPACE',''
  ) );
#14637 = PCURVE('',#3700,#14638);
#14638 = DEFINITIONAL_REPRESENTATION('',(#14639),#14643);
#14639 = LINE('',#14640,#14641);
#14640 = CARTESIAN_POINT('',(0.367900699324,9.176251823783E-18));
#14641 = VECTOR('',#14642,1.);
#14642 = DIRECTION('',(0.,-1.));
#14643 = ( GEOMETRIC_REPRESENTATION_CONTEXT(2) 
PARAMETRIC_REPRESENTATION_CONTEXT() REPRESENTATION_CONTEXT('2D SPACE',''
  ) );
#14644 = ORIENTED_EDGE('',*,*,#3712,.T.);
#14645 = ORIENTED_EDGE('',*,*,#14597,.F.);
#14646 = ORIENTED_EDGE('',*,*,#9661,.F.);
#14647 = ADVANCED_FACE('',(#14648),#3700,.T.);
#14648 = FACE_BOUND('',#14649,.T.);
#14649 = EDGE_LOOP('',(#14650,#14671,#14672,#14673));
#14650 = ORIENTED_EDGE('',*,*,#14651,.T.);
#14651 = EDGE_CURVE('',#9616,#3657,#14652,.T.);
#14652 = SURFACE_CURVE('',#14653,(#14657,#14664),.PCURVE_S1.);
#14653 = LINE('',#14654,#14655);
#14654 = CARTESIAN_POINT('',(-19.5,-8.929532125757,202.34008029204));
#14655 = VECTOR('',#14656,1.);
#14656 = DIRECTION('',(1.,-1.110223024625E-16,1.110223024625E-16));
#14657 = PCURVE('',#3700,#14658);
#14658 = DEFINITIONAL_REPRESENTATION('',(#14659),#14663);
#14659 = LINE('',#14660,#14661);
#14660 = CARTESIAN_POINT('',(0.,0.));
#14661 = VECTOR('',#14662,1.);
#14662 = DIRECTION('',(0.,-1.));
#14663 = ( GEOMETRIC_REPRESENTATION_CONTEXT(2) 
PARAMETRIC_REPRESENTATION_CONTEXT() REPRESENTATION_CONTEXT('2D SPACE',''
  ) );
#14664 = PCURVE('',#3672,#14665);
#14665 = DEFINITIONAL_REPRESENTATION('',(#14666),#14670);
#14666 = LINE('',#14667,#14668);
#14667 = CARTESIAN_POINT('',(0.367900699324,7.773894658272E-18));
#14668 = VECTOR('',#14669,1.);
#14669 = DIRECTION('',(0.,-1.));
#14670 = ( GEOMETRIC_REPRESENTATION_CONTEXT(2) 
PARAMETRIC_REPRESENTATION_CONTEXT() REPRESENTATION_CONTEXT('2D SPACE',''
  ) );
#14671 = ORIENTED_EDGE('',*,*,#3684,.T.);
#14672 = ORIENTED_EDGE('',*,*,#14624,.F.);
#14673 = ORIENTED_EDGE('',*,*,#9638,.F.);
#14674 = ADVANCED_FACE('',(#14675),#3672,.T.);
#14675 = FACE_BOUND('',#14676,.T.);
#14676 = EDGE_LOOP('',(#14677,#14698,#14699,#14700));
#14677 = ORIENTED_EDGE('',*,*,#14678,.T.);
#14678 = EDGE_CURVE('',#9593,#3629,#14679,.T.);
#14679 = SURFACE_CURVE('',#14680,(#14684,#14691),.PCURVE_S1.);
#14680 = LINE('',#14681,#14682);
#14681 = CARTESIAN_POINT('',(-19.5,-9.222321079511,202.11731235646));
#14682 = VECTOR('',#14683,1.);
#14683 = DIRECTION('',(1.,-1.110223024625E-16,1.110223024625E-16));
#14684 = PCURVE('',#3672,#14685);
#14685 = DEFINITIONAL_REPRESENTATION('',(#14686),#14690);
#14686 = LINE('',#14687,#14688);
#14687 = CARTESIAN_POINT('',(0.,0.));
#14688 = VECTOR('',#14689,1.);
#14689 = DIRECTION('',(0.,-1.));
#14690 = ( GEOMETRIC_REPRESENTATION_CONTEXT(2) 
PARAMETRIC_REPRESENTATION_CONTEXT() REPRESENTATION_CONTEXT('2D SPACE',''
  ) );
#14691 = PCURVE('',#3644,#14692);
#14692 = DEFINITIONAL_REPRESENTATION('',(#14693),#14697);
#14693 = LINE('',#14694,#14695);
#14694 = CARTESIAN_POINT('',(0.367900699324,6.366854789286E-18));
#14695 = VECTOR('',#14696,1.);
#14696 = DIRECTION('',(0.,-1.));
#14697 = ( GEOMETRIC_REPRESENTATION_CONTEXT(2) 
PARAMETRIC_REPRESENTATION_CONTEXT() REPRESENTATION_CONTEXT('2D SPACE',''
  ) );
#14698 = ORIENTED_EDGE('',*,*,#3656,.T.);
#14699 = ORIENTED_EDGE('',*,*,#14651,.F.);
#14700 = ORIENTED_EDGE('',*,*,#9615,.F.);
#14701 = ADVANCED_FACE('',(#14702),#3644,.T.);
#14702 = FACE_BOUND('',#14703,.T.);
#14703 = EDGE_LOOP('',(#14704,#14725,#14726,#14727));
#14704 = ORIENTED_EDGE('',*,*,#14705,.T.);
#14705 = EDGE_CURVE('',#9570,#3601,#14706,.T.);
#14706 = SURFACE_CURVE('',#14707,(#14711,#14718),.PCURVE_S1.);
#14707 = LINE('',#14708,#14709);
#14708 = CARTESIAN_POINT('',(-19.5,-9.50955485189,201.8874261138));
#14709 = VECTOR('',#14710,1.);
#14710 = DIRECTION('',(1.,-1.110223024625E-16,1.110223024625E-16));
#14711 = PCURVE('',#3644,#14712);
#14712 = DEFINITIONAL_REPRESENTATION('',(#14713),#14717);
#14713 = LINE('',#14714,#14715);
#14714 = CARTESIAN_POINT('',(0.,0.));
#14715 = VECTOR('',#14716,1.);
#14716 = DIRECTION('',(0.,-1.));
#14717 = ( GEOMETRIC_REPRESENTATION_CONTEXT(2) 
PARAMETRIC_REPRESENTATION_CONTEXT() REPRESENTATION_CONTEXT('2D SPACE',''
  ) );
#14718 = PCURVE('',#3616,#14719);
#14719 = DEFINITIONAL_REPRESENTATION('',(#14720),#14724);
#14720 = LINE('',#14721,#14722);
#14721 = CARTESIAN_POINT('',(0.367900699325,4.955979765064E-18));
#14722 = VECTOR('',#14723,1.);
#14723 = DIRECTION('',(0.,-1.));
#14724 = ( GEOMETRIC_REPRESENTATION_CONTEXT(2) 
PARAMETRIC_REPRESENTATION_CONTEXT() REPRESENTATION_CONTEXT('2D SPACE',''
  ) );
#14725 = ORIENTED_EDGE('',*,*,#3628,.T.);
#14726 = ORIENTED_EDGE('',*,*,#14678,.F.);
#14727 = ORIENTED_EDGE('',*,*,#9592,.F.);
#14728 = ADVANCED_FACE('',(#14729),#3616,.T.);
#14729 = FACE_BOUND('',#14730,.T.);
#14730 = EDGE_LOOP('',(#14731,#14752,#14753,#14754));
#14731 = ORIENTED_EDGE('',*,*,#14732,.T.);
#14732 = EDGE_CURVE('',#9547,#3573,#14733,.T.);
#14733 = SURFACE_CURVE('',#14734,(#14738,#14745),.PCURVE_S1.);
#14734 = LINE('',#14735,#14736);
#14735 = CARTESIAN_POINT('',(-19.5,-9.791060424013,201.65056003892));
#14736 = VECTOR('',#14737,1.);
#14737 = DIRECTION('',(1.,-1.110223024625E-16,1.110223024625E-16));
#14738 = PCURVE('',#3616,#14739);
#14739 = DEFINITIONAL_REPRESENTATION('',(#14740),#14744);
#14740 = LINE('',#14741,#14742);
#14741 = CARTESIAN_POINT('',(0.,0.));
#14742 = VECTOR('',#14743,1.);
#14743 = DIRECTION('',(0.,-1.));
#14744 = ( GEOMETRIC_REPRESENTATION_CONTEXT(2) 
PARAMETRIC_REPRESENTATION_CONTEXT() REPRESENTATION_CONTEXT('2D SPACE',''
  ) );
#14745 = PCURVE('',#3588,#14746);
#14746 = DEFINITIONAL_REPRESENTATION('',(#14747),#14751);
#14747 = LINE('',#14748,#14749);
#14748 = CARTESIAN_POINT('',(0.367900699324,3.542119443926E-18));
#14749 = VECTOR('',#14750,1.);
#14750 = DIRECTION('',(0.,-1.));
#14751 = ( GEOMETRIC_REPRESENTATION_CONTEXT(2) 
PARAMETRIC_REPRESENTATION_CONTEXT() REPRESENTATION_CONTEXT('2D SPACE',''
  ) );
#14752 = ORIENTED_EDGE('',*,*,#3600,.T.);
#14753 = ORIENTED_EDGE('',*,*,#14705,.F.);
#14754 = ORIENTED_EDGE('',*,*,#9569,.F.);
#14755 = ADVANCED_FACE('',(#14756),#3588,.T.);
#14756 = FACE_BOUND('',#14757,.T.);
#14757 = EDGE_LOOP('',(#14758,#14779,#14780,#14781));
#14758 = ORIENTED_EDGE('',*,*,#14759,.T.);
#14759 = EDGE_CURVE('',#9524,#3545,#14760,.T.);
#14760 = SURFACE_CURVE('',#14761,(#14765,#14772),.PCURVE_S1.);
#14761 = LINE('',#14762,#14763);
#14762 = CARTESIAN_POINT('',(-19.5,-10.06666822744,201.4068568111));
#14763 = VECTOR('',#14764,1.);
#14764 = DIRECTION('',(1.,-1.110223024625E-16,1.110223024625E-16));
#14765 = PCURVE('',#3588,#14766);
#14766 = DEFINITIONAL_REPRESENTATION('',(#14767),#14771);
#14767 = LINE('',#14768,#14769);
#14768 = CARTESIAN_POINT('',(0.,0.));
#14769 = VECTOR('',#14770,1.);
#14770 = DIRECTION('',(0.,-1.));
#14771 = ( GEOMETRIC_REPRESENTATION_CONTEXT(2) 
PARAMETRIC_REPRESENTATION_CONTEXT() REPRESENTATION_CONTEXT('2D SPACE',''
  ) );
#14772 = PCURVE('',#3560,#14773);
#14773 = DEFINITIONAL_REPRESENTATION('',(#14774),#14778);
#14774 = LINE('',#14775,#14776);
#14775 = CARTESIAN_POINT('',(0.367900699324,2.126125482499E-18));
#14776 = VECTOR('',#14777,1.);
#14777 = DIRECTION('',(0.,-1.));
#14778 = ( GEOMETRIC_REPRESENTATION_CONTEXT(2) 
PARAMETRIC_REPRESENTATION_CONTEXT() REPRESENTATION_CONTEXT('2D SPACE',''
  ) );
#14779 = ORIENTED_EDGE('',*,*,#3572,.T.);
#14780 = ORIENTED_EDGE('',*,*,#14732,.F.);
#14781 = ORIENTED_EDGE('',*,*,#9546,.F.);
#14782 = ADVANCED_FACE('',(#14783),#3560,.T.);
#14783 = FACE_BOUND('',#14784,.T.);
#14784 = EDGE_LOOP('',(#14785,#14806,#14807,#14808));
#14785 = ORIENTED_EDGE('',*,*,#14786,.T.);
#14786 = EDGE_CURVE('',#9501,#3517,#14787,.T.);
#14787 = SURFACE_CURVE('',#14788,(#14792,#14799),.PCURVE_S1.);
#14788 = LINE('',#14789,#14790);
#14789 = CARTESIAN_POINT('',(-19.5,-10.33621224635,201.15646322805));
#14790 = VECTOR('',#14791,1.);
#14791 = DIRECTION('',(1.,-1.110223024625E-16,1.110223024625E-16));
#14792 = PCURVE('',#3560,#14793);
#14793 = DEFINITIONAL_REPRESENTATION('',(#14794),#14798);
#14794 = LINE('',#14795,#14796);
#14795 = CARTESIAN_POINT('',(0.,0.));
#14796 = VECTOR('',#14797,1.);
#14797 = DIRECTION('',(0.,-1.));
#14798 = ( GEOMETRIC_REPRESENTATION_CONTEXT(2) 
PARAMETRIC_REPRESENTATION_CONTEXT() REPRESENTATION_CONTEXT('2D SPACE',''
  ) );
#14799 = PCURVE('',#3532,#14800);
#14800 = DEFINITIONAL_REPRESENTATION('',(#14801),#14805);
#14801 = LINE('',#14802,#14803);
#14802 = CARTESIAN_POINT('',(0.367900699323,7.088508225766E-19));
#14803 = VECTOR('',#14804,1.);
#14804 = DIRECTION('',(0.,-1.));
#14805 = ( GEOMETRIC_REPRESENTATION_CONTEXT(2) 
PARAMETRIC_REPRESENTATION_CONTEXT() REPRESENTATION_CONTEXT('2D SPACE',''
  ) );
#14806 = ORIENTED_EDGE('',*,*,#3544,.T.);
#14807 = ORIENTED_EDGE('',*,*,#14759,.F.);
#14808 = ORIENTED_EDGE('',*,*,#9523,.F.);
#14809 = ADVANCED_FACE('',(#14810),#3532,.T.);
#14810 = FACE_BOUND('',#14811,.T.);
#14811 = EDGE_LOOP('',(#14812,#14833,#14834,#14835));
#14812 = ORIENTED_EDGE('',*,*,#14813,.T.);
#14813 = EDGE_CURVE('',#9478,#3489,#14814,.T.);
#14814 = SURFACE_CURVE('',#14815,(#14819,#14826),.PCURVE_S1.);
#14815 = LINE('',#14816,#14817);
#14816 = CARTESIAN_POINT('',(-19.5,-10.5995301175,200.8995301175));
#14817 = VECTOR('',#14818,1.);
#14818 = DIRECTION('',(1.,-1.110223024625E-16,1.110223024625E-16));
#14819 = PCURVE('',#3532,#14820);
#14820 = DEFINITIONAL_REPRESENTATION('',(#14821),#14825);
#14821 = LINE('',#14822,#14823);
#14822 = CARTESIAN_POINT('',(0.,0.));
#14823 = VECTOR('',#14824,1.);
#14824 = DIRECTION('',(0.,-1.));
#14825 = ( GEOMETRIC_REPRESENTATION_CONTEXT(2) 
PARAMETRIC_REPRESENTATION_CONTEXT() REPRESENTATION_CONTEXT('2D SPACE',''
  ) );
#14826 = PCURVE('',#3504,#14827);
#14827 = DEFINITIONAL_REPRESENTATION('',(#14828),#14832);
#14828 = LINE('',#14829,#14830);
#14829 = CARTESIAN_POINT('',(0.367900699324,-7.088508225772E-19));
#14830 = VECTOR('',#14831,1.);
#14831 = DIRECTION('',(0.,-1.));
#14832 = ( GEOMETRIC_REPRESENTATION_CONTEXT(2) 
PARAMETRIC_REPRESENTATION_CONTEXT() REPRESENTATION_CONTEXT('2D SPACE',''
  ) );
#14833 = ORIENTED_EDGE('',*,*,#3516,.T.);
#14834 = ORIENTED_EDGE('',*,*,#14786,.F.);
#14835 = ORIENTED_EDGE('',*,*,#9500,.F.);
#14836 = ADVANCED_FACE('',(#14837),#3504,.T.);
#14837 = FACE_BOUND('',#14838,.T.);
#14838 = EDGE_LOOP('',(#14839,#14860,#14861,#14862));
#14839 = ORIENTED_EDGE('',*,*,#14840,.T.);
#14840 = EDGE_CURVE('',#9455,#3461,#14841,.T.);
#14841 = SURFACE_CURVE('',#14842,(#14846,#14853),.PCURVE_S1.);
#14842 = LINE('',#14843,#14844);
#14843 = CARTESIAN_POINT('',(-19.5,-10.85646322805,200.63621224635));
#14844 = VECTOR('',#14845,1.);
#14845 = DIRECTION('',(1.,-1.110223024625E-16,1.110223024625E-16));
#14846 = PCURVE('',#3504,#14847);
#14847 = DEFINITIONAL_REPRESENTATION('',(#14848),#14852);
#14848 = LINE('',#14849,#14850);
#14849 = CARTESIAN_POINT('',(0.,0.));
#14850 = VECTOR('',#14851,1.);
#14851 = DIRECTION('',(0.,-1.));
#14852 = ( GEOMETRIC_REPRESENTATION_CONTEXT(2) 
PARAMETRIC_REPRESENTATION_CONTEXT() REPRESENTATION_CONTEXT('2D SPACE',''
  ) );
#14853 = PCURVE('',#3476,#14854);
#14854 = DEFINITIONAL_REPRESENTATION('',(#14855),#14859);
#14855 = LINE('',#14856,#14857);
#14856 = CARTESIAN_POINT('',(0.367900699325,-2.126125482505E-18));
#14857 = VECTOR('',#14858,1.);
#14858 = DIRECTION('',(0.,-1.));
#14859 = ( GEOMETRIC_REPRESENTATION_CONTEXT(2) 
PARAMETRIC_REPRESENTATION_CONTEXT() REPRESENTATION_CONTEXT('2D SPACE',''
  ) );
#14860 = ORIENTED_EDGE('',*,*,#3488,.T.);
#14861 = ORIENTED_EDGE('',*,*,#14813,.F.);
#14862 = ORIENTED_EDGE('',*,*,#9477,.F.);
#14863 = ADVANCED_FACE('',(#14864),#3476,.T.);
#14864 = FACE_BOUND('',#14865,.T.);
#14865 = EDGE_LOOP('',(#14866,#14887,#14888,#14889));
#14866 = ORIENTED_EDGE('',*,*,#14867,.T.);
#14867 = EDGE_CURVE('',#9432,#3433,#14868,.T.);
#14868 = SURFACE_CURVE('',#14869,(#14873,#14880),.PCURVE_S1.);
#14869 = LINE('',#14870,#14871);
#14870 = CARTESIAN_POINT('',(-19.5,-11.1068568111,200.36666822744));
#14871 = VECTOR('',#14872,1.);
#14872 = DIRECTION('',(1.,-1.110223024625E-16,1.110223024625E-16));
#14873 = PCURVE('',#3476,#14874);
#14874 = DEFINITIONAL_REPRESENTATION('',(#14875),#14879);
#14875 = LINE('',#14876,#14877);
#14876 = CARTESIAN_POINT('',(0.,0.));
#14877 = VECTOR('',#14878,1.);
#14878 = DIRECTION('',(0.,-1.));
#14879 = ( GEOMETRIC_REPRESENTATION_CONTEXT(2) 
PARAMETRIC_REPRESENTATION_CONTEXT() REPRESENTATION_CONTEXT('2D SPACE',''
  ) );
#14880 = PCURVE('',#3448,#14881);
#14881 = DEFINITIONAL_REPRESENTATION('',(#14882),#14886);
#14882 = LINE('',#14883,#14884);
#14883 = CARTESIAN_POINT('',(0.367900699323,-3.542119443914E-18));
#14884 = VECTOR('',#14885,1.);
#14885 = DIRECTION('',(0.,-1.));
#14886 = ( GEOMETRIC_REPRESENTATION_CONTEXT(2) 
PARAMETRIC_REPRESENTATION_CONTEXT() REPRESENTATION_CONTEXT('2D SPACE',''
  ) );
#14887 = ORIENTED_EDGE('',*,*,#3460,.T.);
#14888 = ORIENTED_EDGE('',*,*,#14840,.F.);
#14889 = ORIENTED_EDGE('',*,*,#9454,.F.);
#14890 = ADVANCED_FACE('',(#14891),#3448,.T.);
#14891 = FACE_BOUND('',#14892,.T.);
#14892 = EDGE_LOOP('',(#14893,#14914,#14915,#14916));
#14893 = ORIENTED_EDGE('',*,*,#14894,.T.);
#14894 = EDGE_CURVE('',#9409,#3405,#14895,.T.);
#14895 = SURFACE_CURVE('',#14896,(#14900,#14907),.PCURVE_S1.);
#14896 = LINE('',#14897,#14898);
#14897 = CARTESIAN_POINT('',(-19.5,-11.35056003892,200.09106042401));
#14898 = VECTOR('',#14899,1.);
#14899 = DIRECTION('',(1.,-1.110223024625E-16,1.110223024625E-16));
#14900 = PCURVE('',#3448,#14901);
#14901 = DEFINITIONAL_REPRESENTATION('',(#14902),#14906);
#14902 = LINE('',#14903,#14904);
#14903 = CARTESIAN_POINT('',(0.,0.));
#14904 = VECTOR('',#14905,1.);
#14905 = DIRECTION('',(0.,-1.));
#14906 = ( GEOMETRIC_REPRESENTATION_CONTEXT(2) 
PARAMETRIC_REPRESENTATION_CONTEXT() REPRESENTATION_CONTEXT('2D SPACE',''
  ) );
#14907 = PCURVE('',#3420,#14908);
#14908 = DEFINITIONAL_REPRESENTATION('',(#14909),#14913);
#14909 = LINE('',#14910,#14911);
#14910 = CARTESIAN_POINT('',(0.367900699325,-4.955979765078E-18));
#14911 = VECTOR('',#14912,1.);
#14912 = DIRECTION('',(0.,-1.));
#14913 = ( GEOMETRIC_REPRESENTATION_CONTEXT(2) 
PARAMETRIC_REPRESENTATION_CONTEXT() REPRESENTATION_CONTEXT('2D SPACE',''
  ) );
#14914 = ORIENTED_EDGE('',*,*,#3432,.T.);
#14915 = ORIENTED_EDGE('',*,*,#14867,.F.);
#14916 = ORIENTED_EDGE('',*,*,#9431,.F.);
#14917 = ADVANCED_FACE('',(#14918),#3420,.T.);
#14918 = FACE_BOUND('',#14919,.T.);
#14919 = EDGE_LOOP('',(#14920,#14941,#14942,#14943));
#14920 = ORIENTED_EDGE('',*,*,#14921,.T.);
#14921 = EDGE_CURVE('',#9386,#3377,#14922,.T.);
#14922 = SURFACE_CURVE('',#14923,(#14927,#14934),.PCURVE_S1.);
#14923 = LINE('',#14924,#14925);
#14924 = CARTESIAN_POINT('',(-19.5,-11.5874261138,199.80955485189));
#14925 = VECTOR('',#14926,1.);
#14926 = DIRECTION('',(1.,-1.110223024625E-16,1.110223024625E-16));
#14927 = PCURVE('',#3420,#14928);
#14928 = DEFINITIONAL_REPRESENTATION('',(#14929),#14933);
#14929 = LINE('',#14930,#14931);
#14930 = CARTESIAN_POINT('',(0.,0.));
#14931 = VECTOR('',#14932,1.);
#14932 = DIRECTION('',(0.,-1.));
#14933 = ( GEOMETRIC_REPRESENTATION_CONTEXT(2) 
PARAMETRIC_REPRESENTATION_CONTEXT() REPRESENTATION_CONTEXT('2D SPACE',''
  ) );
#14934 = PCURVE('',#3392,#14935);
#14935 = DEFINITIONAL_REPRESENTATION('',(#14936),#14940);
#14936 = LINE('',#14937,#14938);
#14937 = CARTESIAN_POINT('',(0.367900699323,-6.366854789267E-18));
#14938 = VECTOR('',#14939,1.);
#14939 = DIRECTION('',(0.,-1.));
#14940 = ( GEOMETRIC_REPRESENTATION_CONTEXT(2) 
PARAMETRIC_REPRESENTATION_CONTEXT() REPRESENTATION_CONTEXT('2D SPACE',''
  ) );
#14941 = ORIENTED_EDGE('',*,*,#3404,.T.);
#14942 = ORIENTED_EDGE('',*,*,#14894,.F.);
#14943 = ORIENTED_EDGE('',*,*,#9408,.F.);
#14944 = ADVANCED_FACE('',(#14945),#3392,.T.);
#14945 = FACE_BOUND('',#14946,.T.);
#14946 = EDGE_LOOP('',(#14947,#14968,#14969,#14970));
#14947 = ORIENTED_EDGE('',*,*,#14948,.T.);
#14948 = EDGE_CURVE('',#9363,#3349,#14949,.T.);
#14949 = SURFACE_CURVE('',#14950,(#14954,#14961),.PCURVE_S1.);
#14950 = LINE('',#14951,#14952);
#14951 = CARTESIAN_POINT('',(-19.5,-11.81731235646,199.52232107951));
#14952 = VECTOR('',#14953,1.);
#14953 = DIRECTION('',(1.,-1.110223024625E-16,1.110223024625E-16));
#14954 = PCURVE('',#3392,#14955);
#14955 = DEFINITIONAL_REPRESENTATION('',(#14956),#14960);
#14956 = LINE('',#14957,#14958);
#14957 = CARTESIAN_POINT('',(0.,0.));
#14958 = VECTOR('',#14959,1.);
#14959 = DIRECTION('',(0.,-1.));
#14960 = ( GEOMETRIC_REPRESENTATION_CONTEXT(2) 
PARAMETRIC_REPRESENTATION_CONTEXT() REPRESENTATION_CONTEXT('2D SPACE',''
  ) );
#14961 = PCURVE('',#3364,#14962);
#14962 = DEFINITIONAL_REPRESENTATION('',(#14963),#14967);
#14963 = LINE('',#14964,#14965);
#14964 = CARTESIAN_POINT('',(0.367900699325,-7.773894658285E-18));
#14965 = VECTOR('',#14966,1.);
#14966 = DIRECTION('',(0.,-1.));
#14967 = ( GEOMETRIC_REPRESENTATION_CONTEXT(2) 
PARAMETRIC_REPRESENTATION_CONTEXT() REPRESENTATION_CONTEXT('2D SPACE',''
  ) );
#14968 = ORIENTED_EDGE('',*,*,#3376,.T.);
#14969 = ORIENTED_EDGE('',*,*,#14921,.F.);
#14970 = ORIENTED_EDGE('',*,*,#9385,.F.);
#14971 = ADVANCED_FACE('',(#14972),#3364,.T.);
#14972 = FACE_BOUND('',#14973,.T.);
#14973 = EDGE_LOOP('',(#14974,#14995,#14996,#14997));
#14974 = ORIENTED_EDGE('',*,*,#14975,.T.);
#14975 = EDGE_CURVE('',#9340,#3321,#14976,.T.);
#14976 = SURFACE_CURVE('',#14977,(#14981,#14988),.PCURVE_S1.);
#14977 = LINE('',#14978,#14979);
#14978 = CARTESIAN_POINT('',(-19.5,-12.04008029204,199.22953212575));
#14979 = VECTOR('',#14980,1.);
#14980 = DIRECTION('',(1.,-1.110223024625E-16,1.110223024625E-16));
#14981 = PCURVE('',#3364,#14982);
#14982 = DEFINITIONAL_REPRESENTATION('',(#14983),#14987);
#14983 = LINE('',#14984,#14985);
#14984 = CARTESIAN_POINT('',(0.,0.));
#14985 = VECTOR('',#14986,1.);
#14986 = DIRECTION('',(0.,-1.));
#14987 = ( GEOMETRIC_REPRESENTATION_CONTEXT(2) 
PARAMETRIC_REPRESENTATION_CONTEXT() REPRESENTATION_CONTEXT('2D SPACE',''
  ) );
#14988 = PCURVE('',#3336,#14989);
#14989 = DEFINITIONAL_REPRESENTATION('',(#14990),#14994);
#14990 = LINE('',#14991,#14992);
#14991 = CARTESIAN_POINT('',(0.367900699324,-9.176251823793E-18));
#14992 = VECTOR('',#14993,1.);
#14993 = DIRECTION('',(0.,-1.));
#14994 = ( GEOMETRIC_REPRESENTATION_CONTEXT(2) 
PARAMETRIC_REPRESENTATION_CONTEXT() REPRESENTATION_CONTEXT('2D SPACE',''
  ) );
#14995 = ORIENTED_EDGE('',*,*,#3348,.T.);
#14996 = ORIENTED_EDGE('',*,*,#14948,.F.);
#14997 = ORIENTED_EDGE('',*,*,#9362,.F.);
#14998 = ADVANCED_FACE('',(#14999),#3336,.T.);
#14999 = FACE_BOUND('',#15000,.T.);
#15000 = EDGE_LOOP('',(#15001,#15022,#15023,#15024));
#15001 = ORIENTED_EDGE('',*,*,#15002,.T.);
#15002 = EDGE_CURVE('',#9317,#3293,#15003,.T.);
#15003 = SURFACE_CURVE('',#15004,(#15008,#15015),.PCURVE_S1.);
#15004 = LINE('',#15005,#15006);
#15005 = CARTESIAN_POINT('',(-19.5,-12.25559573347,198.93136435574));
#15006 = VECTOR('',#15007,1.);
#15007 = DIRECTION('',(1.,-1.110223024625E-16,1.110223024625E-16));
#15008 = PCURVE('',#3336,#15009);
#15009 = DEFINITIONAL_REPRESENTATION('',(#15010),#15014);
#15010 = LINE('',#15011,#15012);
#15011 = CARTESIAN_POINT('',(0.,0.));
#15012 = VECTOR('',#15013,1.);
#15013 = DIRECTION('',(0.,-1.));
#15014 = ( GEOMETRIC_REPRESENTATION_CONTEXT(2) 
PARAMETRIC_REPRESENTATION_CONTEXT() REPRESENTATION_CONTEXT('2D SPACE',''
  ) );
#15015 = PCURVE('',#3308,#15016);
#15016 = DEFINITIONAL_REPRESENTATION('',(#15017),#15021);
#15017 = LINE('',#15018,#15019);
#15018 = CARTESIAN_POINT('',(0.367900699324,-1.057308155833E-17));
#15019 = VECTOR('',#15020,1.);
#15020 = DIRECTION('',(0.,-1.));
#15021 = ( GEOMETRIC_REPRESENTATION_CONTEXT(2) 
PARAMETRIC_REPRESENTATION_CONTEXT() REPRESENTATION_CONTEXT('2D SPACE',''
  ) );
#15022 = ORIENTED_EDGE('',*,*,#3320,.T.);
#15023 = ORIENTED_EDGE('',*,*,#14975,.F.);
#15024 = ORIENTED_EDGE('',*,*,#9339,.F.);
#15025 = ADVANCED_FACE('',(#15026),#3308,.T.);
#15026 = FACE_BOUND('',#15027,.T.);
#15027 = EDGE_LOOP('',(#15028,#15049,#15050,#15051));
#15028 = ORIENTED_EDGE('',*,*,#15029,.T.);
#15029 = EDGE_CURVE('',#9294,#3265,#15030,.T.);
#15030 = SURFACE_CURVE('',#15031,(#15035,#15042),.PCURVE_S1.);
#15031 = LINE('',#15032,#15033);
#15032 = CARTESIAN_POINT('',(-19.5,-12.46372886228,198.62799737459));
#15033 = VECTOR('',#15034,1.);
#15034 = DIRECTION('',(1.,-1.110223024625E-16,1.110223024625E-16));
#15035 = PCURVE('',#3308,#15036);
#15036 = DEFINITIONAL_REPRESENTATION('',(#15037),#15041);
#15037 = LINE('',#15038,#15039);
#15038 = CARTESIAN_POINT('',(0.,0.));
#15039 = VECTOR('',#15040,1.);
#15040 = DIRECTION('',(0.,-1.));
#15041 = ( GEOMETRIC_REPRESENTATION_CONTEXT(2) 
PARAMETRIC_REPRESENTATION_CONTEXT() REPRESENTATION_CONTEXT('2D SPACE',''
  ) );
#15042 = PCURVE('',#3280,#15043);
#15043 = DEFINITIONAL_REPRESENTATION('',(#15044),#15048);
#15044 = LINE('',#15045,#15046);
#15045 = CARTESIAN_POINT('',(0.367900699324,-1.196354246392E-17));
#15046 = VECTOR('',#15047,1.);
#15047 = DIRECTION('',(0.,-1.));
#15048 = ( GEOMETRIC_REPRESENTATION_CONTEXT(2) 
PARAMETRIC_REPRESENTATION_CONTEXT() REPRESENTATION_CONTEXT('2D SPACE',''
  ) );
#15049 = ORIENTED_EDGE('',*,*,#3292,.T.);
#15050 = ORIENTED_EDGE('',*,*,#15002,.F.);
#15051 = ORIENTED_EDGE('',*,*,#9316,.F.);
#15052 = ADVANCED_FACE('',(#15053),#3280,.T.);
#15053 = FACE_BOUND('',#15054,.T.);
#15054 = EDGE_LOOP('',(#15055,#15076,#15077,#15078));
#15055 = ORIENTED_EDGE('',*,*,#15056,.T.);
#15056 = EDGE_CURVE('',#9271,#3237,#15057,.T.);
#15057 = SURFACE_CURVE('',#15058,(#15062,#15069),.PCURVE_S1.);
#15058 = LINE('',#15059,#15060);
#15059 = CARTESIAN_POINT('',(-19.5,-12.66435430688,198.31961391923));
#15060 = VECTOR('',#15061,1.);
#15061 = DIRECTION('',(1.,-1.110223024625E-16,1.110223024625E-16));
#15062 = PCURVE('',#3280,#15063);
#15063 = DEFINITIONAL_REPRESENTATION('',(#15064),#15068);
#15064 = LINE('',#15065,#15066);
#15065 = CARTESIAN_POINT('',(0.,0.));
#15066 = VECTOR('',#15067,1.);
#15067 = DIRECTION('',(0.,-1.));
#15068 = ( GEOMETRIC_REPRESENTATION_CONTEXT(2) 
PARAMETRIC_REPRESENTATION_CONTEXT() REPRESENTATION_CONTEXT('2D SPACE',''
  ) );
#15069 = PCURVE('',#3252,#15070);
#15070 = DEFINITIONAL_REPRESENTATION('',(#15071),#15075);
#15071 = LINE('',#15072,#15073);
#15072 = CARTESIAN_POINT('',(0.367900699324,-1.334679697883E-17));
#15073 = VECTOR('',#15074,1.);
#15074 = DIRECTION('',(0.,-1.));
#15075 = ( GEOMETRIC_REPRESENTATION_CONTEXT(2) 
PARAMETRIC_REPRESENTATION_CONTEXT() REPRESENTATION_CONTEXT('2D SPACE',''
  ) );
#15076 = ORIENTED_EDGE('',*,*,#3264,.T.);
#15077 = ORIENTED_EDGE('',*,*,#15029,.F.);
#15078 = ORIENTED_EDGE('',*,*,#9293,.F.);
#15079 = ADVANCED_FACE('',(#15080),#3252,.T.);
#15080 = FACE_BOUND('',#15081,.T.);
#15081 = EDGE_LOOP('',(#15082,#15103,#15104,#15105));
#15082 = ORIENTED_EDGE('',*,*,#15083,.T.);
#15083 = EDGE_CURVE('',#9248,#3209,#15084,.T.);
#15084 = SURFACE_CURVE('',#15085,(#15089,#15096),.PCURVE_S1.);
#15085 = LINE('',#15086,#15087);
#15086 = CARTESIAN_POINT('',(-19.5,-12.857351218,198.00639974831));
#15087 = VECTOR('',#15088,1.);
#15088 = DIRECTION('',(1.,-1.110223024625E-16,1.110223024625E-16));
#15089 = PCURVE('',#3252,#15090);
#15090 = DEFINITIONAL_REPRESENTATION('',(#15091),#15095);
#15091 = LINE('',#15092,#15093);
#15092 = CARTESIAN_POINT('',(0.,0.));
#15093 = VECTOR('',#15094,1.);
#15094 = DIRECTION('',(0.,-1.));
#15095 = ( GEOMETRIC_REPRESENTATION_CONTEXT(2) 
PARAMETRIC_REPRESENTATION_CONTEXT() REPRESENTATION_CONTEXT('2D SPACE',''
  ) );
#15096 = PCURVE('',#3224,#15097);
#15097 = DEFINITIONAL_REPRESENTATION('',(#15098),#15102);
#15098 = LINE('',#15099,#15100);
#15099 = CARTESIAN_POINT('',(0.367900699324,-1.472201188235E-17));
#15100 = VECTOR('',#15101,1.);
#15101 = DIRECTION('',(0.,-1.));
#15102 = ( GEOMETRIC_REPRESENTATION_CONTEXT(2) 
PARAMETRIC_REPRESENTATION_CONTEXT() REPRESENTATION_CONTEXT('2D SPACE',''
  ) );
#15103 = ORIENTED_EDGE('',*,*,#3236,.T.);
#15104 = ORIENTED_EDGE('',*,*,#15056,.F.);
#15105 = ORIENTED_EDGE('',*,*,#9270,.F.);
#15106 = ADVANCED_FACE('',(#15107),#3224,.T.);
#15107 = FACE_BOUND('',#15108,.T.);
#15108 = EDGE_LOOP('',(#15109,#15130,#15131,#15132));
#15109 = ORIENTED_EDGE('',*,*,#15110,.T.);
#15110 = EDGE_CURVE('',#9225,#3181,#15111,.T.);
#15111 = SURFACE_CURVE('',#15112,(#15116,#15123),.PCURVE_S1.);
#15112 = LINE('',#15113,#15114);
#15113 = CARTESIAN_POINT('',(-19.5,-13.04260334151,197.68854353035));
#15114 = VECTOR('',#15115,1.);
#15115 = DIRECTION('',(1.,-1.110223024625E-16,1.110223024625E-16));
#15116 = PCURVE('',#3224,#15117);
#15117 = DEFINITIONAL_REPRESENTATION('',(#15118),#15122);
#15118 = LINE('',#15119,#15120);
#15119 = CARTESIAN_POINT('',(0.,0.));
#15120 = VECTOR('',#15121,1.);
#15121 = DIRECTION('',(0.,-1.));
#15122 = ( GEOMETRIC_REPRESENTATION_CONTEXT(2) 
PARAMETRIC_REPRESENTATION_CONTEXT() REPRESENTATION_CONTEXT('2D SPACE',''
  ) );
#15123 = PCURVE('',#3196,#15124);
#15124 = DEFINITIONAL_REPRESENTATION('',(#15125),#15129);
#15125 = LINE('',#15126,#15127);
#15126 = CARTESIAN_POINT('',(0.367900699324,-1.608835879636E-17));
#15127 = VECTOR('',#15128,1.);
#15128 = DIRECTION('',(1.232595164408E-32,-1.));
#15129 = ( GEOMETRIC_REPRESENTATION_CONTEXT(2) 
PARAMETRIC_REPRESENTATION_CONTEXT() REPRESENTATION_CONTEXT('2D SPACE',''
  ) );
#15130 = ORIENTED_EDGE('',*,*,#3208,.T.);
#15131 = ORIENTED_EDGE('',*,*,#15083,.F.);
#15132 = ORIENTED_EDGE('',*,*,#9247,.F.);
#15133 = ADVANCED_FACE('',(#15134),#3196,.T.);
#15134 = FACE_BOUND('',#15135,.T.);
#15135 = EDGE_LOOP('',(#15136,#15157,#15158,#15159));
#15136 = ORIENTED_EDGE('',*,*,#15137,.T.);
#15137 = EDGE_CURVE('',#9202,#3153,#15138,.T.);
#15138 = SURFACE_CURVE('',#15139,(#15143,#15150),.PCURVE_S1.);
#15139 = LINE('',#15140,#15141);
#15140 = CARTESIAN_POINT('',(-19.5,-13.21999908846,197.36623673004));
#15141 = VECTOR('',#15142,1.);
#15142 = DIRECTION('',(1.,-1.110223024625E-16,1.110223024625E-16));
#15143 = PCURVE('',#3196,#15144);
#15144 = DEFINITIONAL_REPRESENTATION('',(#15145),#15149);
#15145 = LINE('',#15146,#15147);
#15146 = CARTESIAN_POINT('',(0.,0.));
#15147 = VECTOR('',#15148,1.);
#15148 = DIRECTION('',(1.232595164408E-32,-1.));
#15149 = ( GEOMETRIC_REPRESENTATION_CONTEXT(2) 
PARAMETRIC_REPRESENTATION_CONTEXT() REPRESENTATION_CONTEXT('2D SPACE',''
  ) );
#15150 = PCURVE('',#3168,#15151);
#15151 = DEFINITIONAL_REPRESENTATION('',(#15152),#15156);
#15152 = LINE('',#15153,#15154);
#15153 = CARTESIAN_POINT('',(0.367900699325,-1.74450146847E-17));
#15154 = VECTOR('',#15155,1.);
#15155 = DIRECTION('',(0.,-1.));
#15156 = ( GEOMETRIC_REPRESENTATION_CONTEXT(2) 
PARAMETRIC_REPRESENTATION_CONTEXT() REPRESENTATION_CONTEXT('2D SPACE',''
  ) );
#15157 = ORIENTED_EDGE('',*,*,#3180,.T.);
#15158 = ORIENTED_EDGE('',*,*,#15110,.F.);
#15159 = ORIENTED_EDGE('',*,*,#9224,.F.);
#15160 = ADVANCED_FACE('',(#15161),#3168,.T.);
#15161 = FACE_BOUND('',#15162,.T.);
#15162 = EDGE_LOOP('',(#15163,#15184,#15185,#15186));
#15163 = ORIENTED_EDGE('',*,*,#15164,.T.);
#15164 = EDGE_CURVE('',#9179,#3125,#15165,.T.);
#15165 = SURFACE_CURVE('',#15166,(#15170,#15177),.PCURVE_S1.);
#15166 = LINE('',#15167,#15168);
#15167 = CARTESIAN_POINT('',(-19.5,-13.38943160228,197.03967349294));
#15168 = VECTOR('',#15169,1.);
#15169 = DIRECTION('',(1.,-1.110223024625E-16,1.110223024625E-16));
#15170 = PCURVE('',#3168,#15171);
#15171 = DEFINITIONAL_REPRESENTATION('',(#15172),#15176);
#15172 = LINE('',#15173,#15174);
#15173 = CARTESIAN_POINT('',(0.,0.));
#15174 = VECTOR('',#15175,1.);
#15175 = DIRECTION('',(0.,-1.));
#15176 = ( GEOMETRIC_REPRESENTATION_CONTEXT(2) 
PARAMETRIC_REPRESENTATION_CONTEXT() REPRESENTATION_CONTEXT('2D SPACE',''
  ) );
#15177 = PCURVE('',#3140,#15178);
#15178 = DEFINITIONAL_REPRESENTATION('',(#15179),#15183);
#15179 = LINE('',#15180,#15181);
#15180 = CARTESIAN_POINT('',(0.367900699323,-1.879116234836E-17));
#15181 = VECTOR('',#15182,1.);
#15182 = DIRECTION('',(0.,-1.));
#15183 = ( GEOMETRIC_REPRESENTATION_CONTEXT(2) 
PARAMETRIC_REPRESENTATION_CONTEXT() REPRESENTATION_CONTEXT('2D SPACE',''
  ) );
#15184 = ORIENTED_EDGE('',*,*,#3152,.T.);
#15185 = ORIENTED_EDGE('',*,*,#15137,.F.);
#15186 = ORIENTED_EDGE('',*,*,#9201,.F.);
#15187 = ADVANCED_FACE('',(#15188),#3140,.T.);
#15188 = FACE_BOUND('',#15189,.T.);
#15189 = EDGE_LOOP('',(#15190,#15211,#15212,#15213));
#15190 = ORIENTED_EDGE('',*,*,#15191,.T.);
#15191 = EDGE_CURVE('',#9156,#3097,#15192,.T.);
#15192 = SURFACE_CURVE('',#15193,(#15197,#15204),.PCURVE_S1.);
#15193 = LINE('',#15194,#15195);
#15194 = CARTESIAN_POINT('',(-19.5,-13.55079882318,196.70905052855));
#15195 = VECTOR('',#15196,1.);
#15196 = DIRECTION('',(1.,-1.110223024625E-16,1.110223024625E-16));
#15197 = PCURVE('',#3140,#15198);
#15198 = DEFINITIONAL_REPRESENTATION('',(#15199),#15203);
#15199 = LINE('',#15200,#15201);
#15200 = CARTESIAN_POINT('',(0.,0.));
#15201 = VECTOR('',#15202,1.);
#15202 = DIRECTION('',(0.,-1.));
#15203 = ( GEOMETRIC_REPRESENTATION_CONTEXT(2) 
PARAMETRIC_REPRESENTATION_CONTEXT() REPRESENTATION_CONTEXT('2D SPACE',''
  ) );
#15204 = PCURVE('',#3112,#15205);
#15205 = DEFINITIONAL_REPRESENTATION('',(#15206),#15210);
#15206 = LINE('',#15207,#15208);
#15207 = CARTESIAN_POINT('',(0.367900699325,-2.012599091864E-17));
#15208 = VECTOR('',#15209,1.);
#15209 = DIRECTION('',(0.,-1.));
#15210 = ( GEOMETRIC_REPRESENTATION_CONTEXT(2) 
PARAMETRIC_REPRESENTATION_CONTEXT() REPRESENTATION_CONTEXT('2D SPACE',''
  ) );
#15211 = ORIENTED_EDGE('',*,*,#3124,.T.);
#15212 = ORIENTED_EDGE('',*,*,#15164,.F.);
#15213 = ORIENTED_EDGE('',*,*,#9178,.F.);
#15214 = ADVANCED_FACE('',(#15215),#3112,.T.);
#15215 = FACE_BOUND('',#15216,.T.);
#15216 = EDGE_LOOP('',(#15217,#15238,#15239,#15240));
#15217 = ORIENTED_EDGE('',*,*,#15218,.T.);
#15218 = EDGE_CURVE('',#9133,#3069,#15219,.T.);
#15219 = SURFACE_CURVE('',#15220,(#15224,#15231),.PCURVE_S1.);
#15220 = LINE('',#15221,#15222);
#15221 = CARTESIAN_POINT('',(-19.5,-13.70400354956,196.37456699177));
#15222 = VECTOR('',#15223,1.);
#15223 = DIRECTION('',(1.,-1.110223024625E-16,1.110223024625E-16));
#15224 = PCURVE('',#3112,#15225);
#15225 = DEFINITIONAL_REPRESENTATION('',(#15226),#15230);
#15226 = LINE('',#15227,#15228);
#15227 = CARTESIAN_POINT('',(0.,0.));
#15228 = VECTOR('',#15229,1.);
#15229 = DIRECTION('',(0.,-1.));
#15230 = ( GEOMETRIC_REPRESENTATION_CONTEXT(2) 
PARAMETRIC_REPRESENTATION_CONTEXT() REPRESENTATION_CONTEXT('2D SPACE',''
  ) );
#15231 = PCURVE('',#3084,#15232);
#15232 = DEFINITIONAL_REPRESENTATION('',(#15233),#15237);
#15233 = LINE('',#15234,#15235);
#15234 = CARTESIAN_POINT('',(0.367900699323,-2.144869634438E-17));
#15235 = VECTOR('',#15236,1.);
#15236 = DIRECTION('',(0.,-1.));
#15237 = ( GEOMETRIC_REPRESENTATION_CONTEXT(2) 
PARAMETRIC_REPRESENTATION_CONTEXT() REPRESENTATION_CONTEXT('2D SPACE',''
  ) );
#15238 = ORIENTED_EDGE('',*,*,#3096,.T.);
#15239 = ORIENTED_EDGE('',*,*,#15191,.F.);
#15240 = ORIENTED_EDGE('',*,*,#9155,.F.);
#15241 = ADVANCED_FACE('',(#15242),#3084,.T.);
#15242 = FACE_BOUND('',#15243,.T.);
#15243 = EDGE_LOOP('',(#15244,#15265,#15266,#15267));
#15244 = ORIENTED_EDGE('',*,*,#15245,.T.);
#15245 = EDGE_CURVE('',#9110,#3041,#15246,.T.);
#15246 = SURFACE_CURVE('',#15247,(#15251,#15258),.PCURVE_S1.);
#15247 = LINE('',#15248,#15249);
#15248 = CARTESIAN_POINT('',(-19.5,-13.84895349662,196.03642436297));
#15249 = VECTOR('',#15250,1.);
#15250 = DIRECTION('',(1.,-1.110223024625E-16,1.110223024625E-16));
#15251 = PCURVE('',#3084,#15252);
#15252 = DEFINITIONAL_REPRESENTATION('',(#15253),#15257);
#15253 = LINE('',#15254,#15255);
#15254 = CARTESIAN_POINT('',(0.,0.));
#15255 = VECTOR('',#15256,1.);
#15256 = DIRECTION('',(0.,-1.));
#15257 = ( GEOMETRIC_REPRESENTATION_CONTEXT(2) 
PARAMETRIC_REPRESENTATION_CONTEXT() REPRESENTATION_CONTEXT('2D SPACE',''
  ) );
#15258 = PCURVE('',#3056,#15259);
#15259 = DEFINITIONAL_REPRESENTATION('',(#15260),#15264);
#15260 = LINE('',#15261,#15262);
#15261 = CARTESIAN_POINT('',(0.367900699324,-2.27584818776E-17));
#15262 = VECTOR('',#15263,1.);
#15263 = DIRECTION('',(0.,-1.));
#15264 = ( GEOMETRIC_REPRESENTATION_CONTEXT(2) 
PARAMETRIC_REPRESENTATION_CONTEXT() REPRESENTATION_CONTEXT('2D SPACE',''
  ) );
#15265 = ORIENTED_EDGE('',*,*,#3068,.T.);
#15266 = ORIENTED_EDGE('',*,*,#15218,.F.);
#15267 = ORIENTED_EDGE('',*,*,#9132,.F.);
#15268 = ADVANCED_FACE('',(#15269),#3056,.T.);
#15269 = FACE_BOUND('',#15270,.T.);
#15270 = EDGE_LOOP('',(#15271,#15292,#15293,#15294));
#15271 = ORIENTED_EDGE('',*,*,#15272,.T.);
#15272 = EDGE_CURVE('',#9087,#3013,#15273,.T.);
#15273 = SURFACE_CURVE('',#15274,(#15278,#15285),.PCURVE_S1.);
#15274 = LINE('',#15275,#15276);
#15275 = CARTESIAN_POINT('',(-19.5,-13.98556135195,195.69482632664));
#15276 = VECTOR('',#15277,1.);
#15277 = DIRECTION('',(1.,-1.110223024625E-16,1.110223024625E-16));
#15278 = PCURVE('',#3056,#15279);
#15279 = DEFINITIONAL_REPRESENTATION('',(#15280),#15284);
#15280 = LINE('',#15281,#15282);
#15281 = CARTESIAN_POINT('',(0.,0.));
#15282 = VECTOR('',#15283,1.);
#15283 = DIRECTION('',(0.,-1.));
#15284 = ( GEOMETRIC_REPRESENTATION_CONTEXT(2) 
PARAMETRIC_REPRESENTATION_CONTEXT() REPRESENTATION_CONTEXT('2D SPACE',''
  ) );
#15285 = PCURVE('',#3028,#15286);
#15286 = DEFINITIONAL_REPRESENTATION('',(#15287),#15291);
#15287 = LINE('',#15288,#15289);
#15288 = CARTESIAN_POINT('',(0.367900699324,-2.405455855225E-17));
#15289 = VECTOR('',#15290,1.);
#15290 = DIRECTION('',(0.,-1.));
#15291 = ( GEOMETRIC_REPRESENTATION_CONTEXT(2) 
PARAMETRIC_REPRESENTATION_CONTEXT() REPRESENTATION_CONTEXT('2D SPACE',''
  ) );
#15292 = ORIENTED_EDGE('',*,*,#3040,.T.);
#15293 = ORIENTED_EDGE('',*,*,#15245,.F.);
#15294 = ORIENTED_EDGE('',*,*,#9109,.F.);
#15295 = ADVANCED_FACE('',(#15296),#3028,.T.);
#15296 = FACE_BOUND('',#15297,.T.);
#15297 = EDGE_LOOP('',(#15298,#15319,#15320,#15321));
#15298 = ORIENTED_EDGE('',*,*,#15299,.T.);
#15299 = EDGE_CURVE('',#9064,#2985,#15300,.T.);
#15300 = SURFACE_CURVE('',#15301,(#15305,#15312),.PCURVE_S1.);
#15301 = LINE('',#15302,#15303);
#15302 = CARTESIAN_POINT('',(-19.5,-14.11374482807,195.34997864865));
#15303 = VECTOR('',#15304,1.);
#15304 = DIRECTION('',(1.,-1.110223024625E-16,1.110223024625E-16));
#15305 = PCURVE('',#3028,#15306);
#15306 = DEFINITIONAL_REPRESENTATION('',(#15307),#15311);
#15307 = LINE('',#15308,#15309);
#15308 = CARTESIAN_POINT('',(0.,0.));
#15309 = VECTOR('',#15310,1.);
#15310 = DIRECTION('',(0.,-1.));
#15311 = ( GEOMETRIC_REPRESENTATION_CONTEXT(2) 
PARAMETRIC_REPRESENTATION_CONTEXT() REPRESENTATION_CONTEXT('2D SPACE',''
  ) );
#15312 = PCURVE('',#3000,#15313);
#15313 = DEFINITIONAL_REPRESENTATION('',(#15314),#15318);
#15314 = LINE('',#15315,#15316);
#15315 = CARTESIAN_POINT('',(0.367900699324,-2.533614566033E-17));
#15316 = VECTOR('',#15317,1.);
#15317 = DIRECTION('',(0.,-1.));
#15318 = ( GEOMETRIC_REPRESENTATION_CONTEXT(2) 
PARAMETRIC_REPRESENTATION_CONTEXT() REPRESENTATION_CONTEXT('2D SPACE',''
  ) );
#15319 = ORIENTED_EDGE('',*,*,#3012,.T.);
#15320 = ORIENTED_EDGE('',*,*,#15272,.F.);
#15321 = ORIENTED_EDGE('',*,*,#9086,.F.);
#15322 = ADVANCED_FACE('',(#15323),#3000,.T.);
#15323 = FACE_BOUND('',#15324,.T.);
#15324 = EDGE_LOOP('',(#15325,#15346,#15347,#15348));
#15325 = ORIENTED_EDGE('',*,*,#15326,.T.);
#15326 = EDGE_CURVE('',#9041,#2957,#15327,.T.);
#15327 = SURFACE_CURVE('',#15328,(#15332,#15339),.PCURVE_S1.);
#15328 = LINE('',#15329,#15330);
#15329 = CARTESIAN_POINT('',(-19.5,-14.23342671205,195.00208905236));
#15330 = VECTOR('',#15331,1.);
#15331 = DIRECTION('',(1.,-1.110223024625E-16,1.110223024625E-16));
#15332 = PCURVE('',#3000,#15333);
#15333 = DEFINITIONAL_REPRESENTATION('',(#15334),#15338);
#15334 = LINE('',#15335,#15336);
#15335 = CARTESIAN_POINT('',(0.,0.));
#15336 = VECTOR('',#15337,1.);
#15337 = DIRECTION('',(0.,-1.));
#15338 = ( GEOMETRIC_REPRESENTATION_CONTEXT(2) 
PARAMETRIC_REPRESENTATION_CONTEXT() REPRESENTATION_CONTEXT('2D SPACE',''
  ) );
#15339 = PCURVE('',#2972,#15340);
#15340 = DEFINITIONAL_REPRESENTATION('',(#15341),#15345);
#15341 = LINE('',#15342,#15343);
#15342 = CARTESIAN_POINT('',(0.367900699324,-2.66024712216E-17));
#15343 = VECTOR('',#15344,1.);
#15344 = DIRECTION('',(0.,-1.));
#15345 = ( GEOMETRIC_REPRESENTATION_CONTEXT(2) 
PARAMETRIC_REPRESENTATION_CONTEXT() REPRESENTATION_CONTEXT('2D SPACE',''
  ) );
#15346 = ORIENTED_EDGE('',*,*,#2984,.T.);
#15347 = ORIENTED_EDGE('',*,*,#15299,.F.);
#15348 = ORIENTED_EDGE('',*,*,#9063,.F.);
#15349 = ADVANCED_FACE('',(#15350),#2972,.T.);
#15350 = FACE_BOUND('',#15351,.T.);
#15351 = EDGE_LOOP('',(#15352,#15373,#15374,#15375));
#15352 = ORIENTED_EDGE('',*,*,#15353,.T.);
#15353 = EDGE_CURVE('',#9018,#2929,#15354,.T.);
#15354 = SURFACE_CURVE('',#15355,(#15359,#15366),.PCURVE_S1.);
#15355 = LINE('',#15356,#15357);
#15356 = CARTESIAN_POINT('',(-19.5,-14.34453491201,194.65136709344));
#15357 = VECTOR('',#15358,1.);
#15358 = DIRECTION('',(1.,-1.110223024625E-16,1.110223024625E-16));
#15359 = PCURVE('',#2972,#15360);
#15360 = DEFINITIONAL_REPRESENTATION('',(#15361),#15365);
#15361 = LINE('',#15362,#15363);
#15362 = CARTESIAN_POINT('',(0.,0.));
#15363 = VECTOR('',#15364,1.);
#15364 = DIRECTION('',(0.,-1.));
#15365 = ( GEOMETRIC_REPRESENTATION_CONTEXT(2) 
PARAMETRIC_REPRESENTATION_CONTEXT() REPRESENTATION_CONTEXT('2D SPACE',''
  ) );
#15366 = PCURVE('',#2944,#15367);
#15367 = DEFINITIONAL_REPRESENTATION('',(#15368),#15372);
#15368 = LINE('',#15369,#15370);
#15369 = CARTESIAN_POINT('',(0.367900699324,-2.785277244898E-17));
#15370 = VECTOR('',#15371,1.);
#15371 = DIRECTION('',(0.,-1.));
#15372 = ( GEOMETRIC_REPRESENTATION_CONTEXT(2) 
PARAMETRIC_REPRESENTATION_CONTEXT() REPRESENTATION_CONTEXT('2D SPACE',''
  ) );
#15373 = ORIENTED_EDGE('',*,*,#2956,.T.);
#15374 = ORIENTED_EDGE('',*,*,#15326,.F.);
#15375 = ORIENTED_EDGE('',*,*,#9040,.F.);
#15376 = ADVANCED_FACE('',(#15377),#2944,.T.);
#15377 = FACE_BOUND('',#15378,.T.);
#15378 = EDGE_LOOP('',(#15379,#15400,#15401,#15402));
#15379 = ORIENTED_EDGE('',*,*,#15380,.T.);
#15380 = EDGE_CURVE('',#8995,#2901,#15381,.T.);
#15381 = SURFACE_CURVE('',#15382,(#15386,#15393),.PCURVE_S1.);
#15382 = LINE('',#15383,#15384);
#15383 = CARTESIAN_POINT('',(-19.5,-14.44700250051,194.2980240337));
#15384 = VECTOR('',#15385,1.);
#15385 = DIRECTION('',(1.,-1.110223024625E-16,1.110223024625E-16));
#15386 = PCURVE('',#2944,#15387);
#15387 = DEFINITIONAL_REPRESENTATION('',(#15388),#15392);
#15388 = LINE('',#15389,#15390);
#15389 = CARTESIAN_POINT('',(0.,0.));
#15390 = VECTOR('',#15391,1.);
#15391 = DIRECTION('',(0.,-1.));
#15392 = ( GEOMETRIC_REPRESENTATION_CONTEXT(2) 
PARAMETRIC_REPRESENTATION_CONTEXT() REPRESENTATION_CONTEXT('2D SPACE',''
  ) );
#15393 = PCURVE('',#2916,#15394);
#15394 = DEFINITIONAL_REPRESENTATION('',(#15395),#15399);
#15395 = LINE('',#15396,#15397);
#15396 = CARTESIAN_POINT('',(0.367900699324,-2.908629620769E-17));
#15397 = VECTOR('',#15398,1.);
#15398 = DIRECTION('',(0.,-1.));
#15399 = ( GEOMETRIC_REPRESENTATION_CONTEXT(2) 
PARAMETRIC_REPRESENTATION_CONTEXT() REPRESENTATION_CONTEXT('2D SPACE',''
  ) );
#15400 = ORIENTED_EDGE('',*,*,#2928,.T.);
#15401 = ORIENTED_EDGE('',*,*,#15353,.F.);
#15402 = ORIENTED_EDGE('',*,*,#9017,.F.);
#15403 = ADVANCED_FACE('',(#15404),#2916,.T.);
#15404 = FACE_BOUND('',#15405,.T.);
#15405 = EDGE_LOOP('',(#15406,#15427,#15428,#15429));
#15406 = ORIENTED_EDGE('',*,*,#15407,.T.);
#15407 = EDGE_CURVE('',#8972,#2873,#15408,.T.);
#15408 = SURFACE_CURVE('',#15409,(#15413,#15420),.PCURVE_S1.);
#15409 = LINE('',#15410,#15411);
#15410 = CARTESIAN_POINT('',(-19.5,-14.54076775491,193.94227271377));
#15411 = VECTOR('',#15412,1.);
#15412 = DIRECTION('',(1.,-1.110223024625E-16,1.110223024625E-16));
#15413 = PCURVE('',#2916,#15414);
#15414 = DEFINITIONAL_REPRESENTATION('',(#15415),#15419);
#15415 = LINE('',#15416,#15417);
#15416 = CARTESIAN_POINT('',(0.,0.));
#15417 = VECTOR('',#15418,1.);
#15418 = DIRECTION('',(0.,-1.));
#15419 = ( GEOMETRIC_REPRESENTATION_CONTEXT(2) 
PARAMETRIC_REPRESENTATION_CONTEXT() REPRESENTATION_CONTEXT('2D SPACE',''
  ) );
#15420 = PCURVE('',#2888,#15421);
#15421 = DEFINITIONAL_REPRESENTATION('',(#15422),#15426);
#15422 = LINE('',#15423,#15424);
#15423 = CARTESIAN_POINT('',(0.367900699324,-3.030229946918E-17));
#15424 = VECTOR('',#15425,1.);
#15425 = DIRECTION('',(0.,-1.));
#15426 = ( GEOMETRIC_REPRESENTATION_CONTEXT(2) 
PARAMETRIC_REPRESENTATION_CONTEXT() REPRESENTATION_CONTEXT('2D SPACE',''
  ) );
#15427 = ORIENTED_EDGE('',*,*,#2900,.T.);
#15428 = ORIENTED_EDGE('',*,*,#15380,.F.);
#15429 = ORIENTED_EDGE('',*,*,#8994,.F.);
#15430 = ADVANCED_FACE('',(#15431),#2888,.T.);
#15431 = FACE_BOUND('',#15432,.T.);
#15432 = EDGE_LOOP('',(#15433,#15454,#15455,#15456));
#15433 = ORIENTED_EDGE('',*,*,#15434,.T.);
#15434 = EDGE_CURVE('',#8949,#2845,#15435,.T.);
#15435 = SURFACE_CURVE('',#15436,(#15440,#15447),.PCURVE_S1.);
#15436 = LINE('',#15437,#15438);
#15437 = CARTESIAN_POINT('',(-19.5,-14.62577419453,193.58432742496));
#15438 = VECTOR('',#15439,1.);
#15439 = DIRECTION('',(1.,-1.110223024625E-16,1.110223024625E-16));
#15440 = PCURVE('',#2888,#15441);
#15441 = DEFINITIONAL_REPRESENTATION('',(#15442),#15446);
#15442 = LINE('',#15443,#15444);
#15443 = CARTESIAN_POINT('',(0.,0.));
#15444 = VECTOR('',#15445,1.);
#15445 = DIRECTION('',(0.,-1.));
#15446 = ( GEOMETRIC_REPRESENTATION_CONTEXT(2) 
PARAMETRIC_REPRESENTATION_CONTEXT() REPRESENTATION_CONTEXT('2D SPACE',''
  ) );
#15447 = PCURVE('',#2860,#15448);
#15448 = DEFINITIONAL_REPRESENTATION('',(#15449),#15453);
#15449 = LINE('',#15450,#15451);
#15450 = CARTESIAN_POINT('',(0.367900699324,-3.150004975856E-17));
#15451 = VECTOR('',#15452,1.);
#15452 = DIRECTION('',(0.,-1.));
#15453 = ( GEOMETRIC_REPRESENTATION_CONTEXT(2) 
PARAMETRIC_REPRESENTATION_CONTEXT() REPRESENTATION_CONTEXT('2D SPACE',''
  ) );
#15454 = ORIENTED_EDGE('',*,*,#2872,.T.);
#15455 = ORIENTED_EDGE('',*,*,#15407,.F.);
#15456 = ORIENTED_EDGE('',*,*,#8971,.F.);
#15457 = ADVANCED_FACE('',(#15458),#2860,.T.);
#15458 = FACE_BOUND('',#15459,.T.);
#15459 = EDGE_LOOP('',(#15460,#15481,#15482,#15483));
#15460 = ORIENTED_EDGE('',*,*,#15461,.T.);
#15461 = EDGE_CURVE('',#8926,#2817,#15462,.T.);
#15462 = SURFACE_CURVE('',#15463,(#15467,#15474),.PCURVE_S1.);
#15463 = LINE('',#15464,#15465);
#15464 = CARTESIAN_POINT('',(-19.5,-14.70197061467,193.22440378011));
#15465 = VECTOR('',#15466,1.);
#15466 = DIRECTION('',(1.,-1.110223024625E-16,1.110223024625E-16));
#15467 = PCURVE('',#2860,#15468);
#15468 = DEFINITIONAL_REPRESENTATION('',(#15469),#15473);
#15469 = LINE('',#15470,#15471);
#15470 = CARTESIAN_POINT('',(0.,0.));
#15471 = VECTOR('',#15472,1.);
#15472 = DIRECTION('',(0.,-1.));
#15473 = ( GEOMETRIC_REPRESENTATION_CONTEXT(2) 
PARAMETRIC_REPRESENTATION_CONTEXT() REPRESENTATION_CONTEXT('2D SPACE',''
  ) );
#15474 = PCURVE('',#2832,#15475);
#15475 = DEFINITIONAL_REPRESENTATION('',(#15476),#15480);
#15476 = LINE('',#15477,#15478);
#15477 = CARTESIAN_POINT('',(0.367900699324,-3.267882559579E-17));
#15478 = VECTOR('',#15479,1.);
#15479 = DIRECTION('',(0.,-1.));
#15480 = ( GEOMETRIC_REPRESENTATION_CONTEXT(2) 
PARAMETRIC_REPRESENTATION_CONTEXT() REPRESENTATION_CONTEXT('2D SPACE',''
  ) );
#15481 = ORIENTED_EDGE('',*,*,#2844,.T.);
#15482 = ORIENTED_EDGE('',*,*,#15434,.F.);
#15483 = ORIENTED_EDGE('',*,*,#8948,.F.);
#15484 = ADVANCED_FACE('',(#15485),#2832,.T.);
#15485 = FACE_BOUND('',#15486,.T.);
#15486 = EDGE_LOOP('',(#15487,#15508,#15509,#15510));
#15487 = ORIENTED_EDGE('',*,*,#15488,.T.);
#15488 = EDGE_CURVE('',#8903,#2789,#15489,.T.);
#15489 = SURFACE_CURVE('',#15490,(#15494,#15501),.PCURVE_S1.);
#15490 = LINE('',#15491,#15492);
#15491 = CARTESIAN_POINT('',(-19.5,-14.76931111745,192.86271858377));
#15492 = VECTOR('',#15493,1.);
#15493 = DIRECTION('',(1.,-1.110223024625E-16,1.110223024625E-16));
#15494 = PCURVE('',#2832,#15495);
#15495 = DEFINITIONAL_REPRESENTATION('',(#15496),#15500);
#15496 = LINE('',#15497,#15498);
#15497 = CARTESIAN_POINT('',(0.,0.));
#15498 = VECTOR('',#15499,1.);
#15499 = DIRECTION('',(0.,-1.));
#15500 = ( GEOMETRIC_REPRESENTATION_CONTEXT(2) 
PARAMETRIC_REPRESENTATION_CONTEXT() REPRESENTATION_CONTEXT('2D SPACE',''
  ) );
#15501 = PCURVE('',#2804,#15502);
#15502 = DEFINITIONAL_REPRESENTATION('',(#15503),#15507);
#15503 = LINE('',#15504,#15505);
#15504 = CARTESIAN_POINT('',(0.367900699324,-3.383791693047E-17));
#15505 = VECTOR('',#15506,1.);
#15506 = DIRECTION('',(0.,-1.));
#15507 = ( GEOMETRIC_REPRESENTATION_CONTEXT(2) 
PARAMETRIC_REPRESENTATION_CONTEXT() REPRESENTATION_CONTEXT('2D SPACE',''
  ) );
#15508 = ORIENTED_EDGE('',*,*,#2816,.T.);
#15509 = ORIENTED_EDGE('',*,*,#15461,.F.);
#15510 = ORIENTED_EDGE('',*,*,#8925,.F.);
#15511 = ADVANCED_FACE('',(#15512),#2804,.T.);
#15512 = FACE_BOUND('',#15513,.T.);
#15513 = EDGE_LOOP('',(#15514,#15535,#15536,#15537));
#15514 = ORIENTED_EDGE('',*,*,#15515,.T.);
#15515 = EDGE_CURVE('',#8880,#2761,#15516,.T.);
#15516 = SURFACE_CURVE('',#15517,(#15521,#15528),.PCURVE_S1.);
#15517 = LINE('',#15518,#15519);
#15518 = CARTESIAN_POINT('',(-19.5,-14.82775513948,192.49948970159));
#15519 = VECTOR('',#15520,1.);
#15520 = DIRECTION('',(1.,-1.110223024625E-16,1.110223024625E-16));
#15521 = PCURVE('',#2804,#15522);
#15522 = DEFINITIONAL_REPRESENTATION('',(#15523),#15527);
#15523 = LINE('',#15524,#15525);
#15524 = CARTESIAN_POINT('',(0.,0.));
#15525 = VECTOR('',#15526,1.);
#15526 = DIRECTION('',(0.,-1.));
#15527 = ( GEOMETRIC_REPRESENTATION_CONTEXT(2) 
PARAMETRIC_REPRESENTATION_CONTEXT() REPRESENTATION_CONTEXT('2D SPACE',''
  ) );
#15528 = PCURVE('',#2776,#15529);
#15529 = DEFINITIONAL_REPRESENTATION('',(#15530),#15534);
#15530 = LINE('',#15531,#15532);
#15531 = CARTESIAN_POINT('',(0.367900699324,-3.497662556923E-17));
#15532 = VECTOR('',#15533,1.);
#15533 = DIRECTION('',(0.,-1.));
#15534 = ( GEOMETRIC_REPRESENTATION_CONTEXT(2) 
PARAMETRIC_REPRESENTATION_CONTEXT() REPRESENTATION_CONTEXT('2D SPACE',''
  ) );
#15535 = ORIENTED_EDGE('',*,*,#2788,.T.);
#15536 = ORIENTED_EDGE('',*,*,#15488,.F.);
#15537 = ORIENTED_EDGE('',*,*,#8902,.F.);
#15538 = ADVANCED_FACE('',(#15539),#2776,.T.);
#15539 = FACE_BOUND('',#15540,.T.);
#15540 = EDGE_LOOP('',(#15541,#15562,#15563,#15564));
#15541 = ORIENTED_EDGE('',*,*,#15542,.T.);
#15542 = EDGE_CURVE('',#8857,#2733,#15543,.T.);
#15543 = SURFACE_CURVE('',#15544,(#15548,#15555),.PCURVE_S1.);
#15544 = LINE('',#15545,#15546);
#15545 = CARTESIAN_POINT('',(-19.5,-14.87726747626,192.13493592905));
#15546 = VECTOR('',#15547,1.);
#15547 = DIRECTION('',(1.,-1.110223024625E-16,1.110223024625E-16));
#15548 = PCURVE('',#2776,#15549);
#15549 = DEFINITIONAL_REPRESENTATION('',(#15550),#15554);
#15550 = LINE('',#15551,#15552);
#15551 = CARTESIAN_POINT('',(0.,0.));
#15552 = VECTOR('',#15553,1.);
#15553 = DIRECTION('',(0.,-1.));
#15554 = ( GEOMETRIC_REPRESENTATION_CONTEXT(2) 
PARAMETRIC_REPRESENTATION_CONTEXT() REPRESENTATION_CONTEXT('2D SPACE',''
  ) );
#15555 = PCURVE('',#2748,#15556);
#15556 = DEFINITIONAL_REPRESENTATION('',(#15557),#15561);
#15557 = LINE('',#15558,#15559);
#15558 = CARTESIAN_POINT('',(0.367900699324,-3.609426559664E-17));
#15559 = VECTOR('',#15560,1.);
#15560 = DIRECTION('',(0.,-1.));
#15561 = ( GEOMETRIC_REPRESENTATION_CONTEXT(2) 
PARAMETRIC_REPRESENTATION_CONTEXT() REPRESENTATION_CONTEXT('2D SPACE',''
  ) );
#15562 = ORIENTED_EDGE('',*,*,#2760,.T.);
#15563 = ORIENTED_EDGE('',*,*,#15515,.F.);
#15564 = ORIENTED_EDGE('',*,*,#8879,.F.);
#15565 = ADVANCED_FACE('',(#15566),#2748,.T.);
#15566 = FACE_BOUND('',#15567,.T.);
#15567 = EDGE_LOOP('',(#15568,#15589,#15590,#15591));
#15568 = ORIENTED_EDGE('',*,*,#15569,.T.);
#15569 = EDGE_CURVE('',#8834,#2705,#15570,.T.);
#15570 = SURFACE_CURVE('',#15571,(#15575,#15582),.PCURVE_S1.);
#15571 = LINE('',#15572,#15573);
#15572 = CARTESIAN_POINT('',(-19.5,-14.9178183034,191.76927685972));
#15573 = VECTOR('',#15574,1.);
#15574 = DIRECTION('',(1.,-1.110223024625E-16,1.110223024625E-16));
#15575 = PCURVE('',#2748,#15576);
#15576 = DEFINITIONAL_REPRESENTATION('',(#15577),#15581);
#15577 = LINE('',#15578,#15579);
#15578 = CARTESIAN_POINT('',(0.,0.));
#15579 = VECTOR('',#15580,1.);
#15580 = DIRECTION('',(0.,-1.));
#15581 = ( GEOMETRIC_REPRESENTATION_CONTEXT(2) 
PARAMETRIC_REPRESENTATION_CONTEXT() REPRESENTATION_CONTEXT('2D SPACE',''
  ) );
#15582 = PCURVE('',#2720,#15583);
#15583 = DEFINITIONAL_REPRESENTATION('',(#15584),#15588);
#15584 = LINE('',#15585,#15586);
#15585 = CARTESIAN_POINT('',(0.367900699324,-3.719016378808E-17));
#15586 = VECTOR('',#15587,1.);
#15587 = DIRECTION('',(0.,-1.));
#15588 = ( GEOMETRIC_REPRESENTATION_CONTEXT(2) 
PARAMETRIC_REPRESENTATION_CONTEXT() REPRESENTATION_CONTEXT('2D SPACE',''
  ) );
#15589 = ORIENTED_EDGE('',*,*,#2732,.T.);
#15590 = ORIENTED_EDGE('',*,*,#15542,.F.);
#15591 = ORIENTED_EDGE('',*,*,#8856,.F.);
#15592 = ADVANCED_FACE('',(#15593),#2720,.T.);
#15593 = FACE_BOUND('',#15594,.T.);
#15594 = EDGE_LOOP('',(#15595,#15616,#15617,#15618));
#15595 = ORIENTED_EDGE('',*,*,#15596,.T.);
#15596 = EDGE_CURVE('',#8811,#2677,#15597,.T.);
#15597 = SURFACE_CURVE('',#15598,(#15602,#15609),.PCURVE_S1.);
#15598 = LINE('',#15599,#15600);
#15599 = CARTESIAN_POINT('',(-19.5,-14.94938319461,191.40273275296));
#15600 = VECTOR('',#15601,1.);
#15601 = DIRECTION('',(1.,-1.110223024625E-16,1.110223024625E-16));
#15602 = PCURVE('',#2720,#15603);
#15603 = DEFINITIONAL_REPRESENTATION('',(#15604),#15608);
#15604 = LINE('',#15605,#15606);
#15605 = CARTESIAN_POINT('',(0.,0.));
#15606 = VECTOR('',#15607,1.);
#15607 = DIRECTION('',(0.,-1.));
#15608 = ( GEOMETRIC_REPRESENTATION_CONTEXT(2) 
PARAMETRIC_REPRESENTATION_CONTEXT() REPRESENTATION_CONTEXT('2D SPACE',''
  ) );
#15609 = PCURVE('',#2692,#15610);
#15610 = DEFINITIONAL_REPRESENTATION('',(#15611),#15615);
#15611 = LINE('',#15612,#15613);
#15612 = CARTESIAN_POINT('',(0.367900699324,-3.82636600155E-17));
#15613 = VECTOR('',#15614,1.);
#15614 = DIRECTION('',(0.,-1.));
#15615 = ( GEOMETRIC_REPRESENTATION_CONTEXT(2) 
PARAMETRIC_REPRESENTATION_CONTEXT() REPRESENTATION_CONTEXT('2D SPACE',''
  ) );
#15616 = ORIENTED_EDGE('',*,*,#2704,.T.);
#15617 = ORIENTED_EDGE('',*,*,#15569,.F.);
#15618 = ORIENTED_EDGE('',*,*,#8833,.F.);
#15619 = ADVANCED_FACE('',(#15620),#2692,.T.);
#15620 = FACE_BOUND('',#15621,.T.);
#15621 = EDGE_LOOP('',(#15622,#15643,#15644,#15645));
#15622 = ORIENTED_EDGE('',*,*,#15623,.T.);
#15623 = EDGE_CURVE('',#8788,#2649,#15624,.T.);
#15624 = SURFACE_CURVE('',#15625,(#15629,#15636),.PCURVE_S1.);
#15625 = LINE('',#15626,#15627);
#15626 = CARTESIAN_POINT('',(-19.5,-14.97194313638,191.03552440121));
#15627 = VECTOR('',#15628,1.);
#15628 = DIRECTION('',(1.,-1.110223024625E-16,1.110223024625E-16));
#15629 = PCURVE('',#2692,#15630);
#15630 = DEFINITIONAL_REPRESENTATION('',(#15631),#15635);
#15631 = LINE('',#15632,#15633);
#15632 = CARTESIAN_POINT('',(0.,0.));
#15633 = VECTOR('',#15634,1.);
#15634 = DIRECTION('',(0.,-1.));
#15635 = ( GEOMETRIC_REPRESENTATION_CONTEXT(2) 
PARAMETRIC_REPRESENTATION_CONTEXT() REPRESENTATION_CONTEXT('2D SPACE',''
  ) );
#15636 = PCURVE('',#2664,#15637);
#15637 = DEFINITIONAL_REPRESENTATION('',(#15638),#15642);
#15638 = LINE('',#15639,#15640);
#15639 = CARTESIAN_POINT('',(0.367900699324,-3.931410764489E-17));
#15640 = VECTOR('',#15641,1.);
#15641 = DIRECTION('',(0.,-1.));
#15642 = ( GEOMETRIC_REPRESENTATION_CONTEXT(2) 
PARAMETRIC_REPRESENTATION_CONTEXT() REPRESENTATION_CONTEXT('2D SPACE',''
  ) );
#15643 = ORIENTED_EDGE('',*,*,#2676,.T.);
#15644 = ORIENTED_EDGE('',*,*,#15596,.F.);
#15645 = ORIENTED_EDGE('',*,*,#8810,.F.);
#15646 = ADVANCED_FACE('',(#15647),#2664,.T.);
#15647 = FACE_BOUND('',#15648,.T.);
#15648 = EDGE_LOOP('',(#15649,#15670,#15671,#15672));
#15649 = ORIENTED_EDGE('',*,*,#15650,.T.);
#15650 = EDGE_CURVE('',#8765,#2621,#15651,.T.);
#15651 = SURFACE_CURVE('',#15652,(#15656,#15663),.PCURVE_S1.);
#15652 = LINE('',#15653,#15654);
#15653 = CARTESIAN_POINT('',(-19.5,-14.98548453944,190.66787299707));
#15654 = VECTOR('',#15655,1.);
#15655 = DIRECTION('',(1.,-1.110223024625E-16,1.110223024625E-16));
#15656 = PCURVE('',#2664,#15657);
#15657 = DEFINITIONAL_REPRESENTATION('',(#15658),#15662);
#15658 = LINE('',#15659,#15660);
#15659 = CARTESIAN_POINT('',(0.,0.));
#15660 = VECTOR('',#15661,1.);
#15661 = DIRECTION('',(0.,-1.));
#15662 = ( GEOMETRIC_REPRESENTATION_CONTEXT(2) 
PARAMETRIC_REPRESENTATION_CONTEXT() REPRESENTATION_CONTEXT('2D SPACE',''
  ) );
#15663 = PCURVE('',#2636,#15664);
#15664 = DEFINITIONAL_REPRESENTATION('',(#15665),#15669);
#15665 = LINE('',#15666,#15667);
#15666 = CARTESIAN_POINT('',(0.367900699324,-4.034087392589E-17));
#15667 = VECTOR('',#15668,1.);
#15668 = DIRECTION('',(0.,-1.));
#15669 = ( GEOMETRIC_REPRESENTATION_CONTEXT(2) 
PARAMETRIC_REPRESENTATION_CONTEXT() REPRESENTATION_CONTEXT('2D SPACE',''
  ) );
#15670 = ORIENTED_EDGE('',*,*,#2648,.T.);
#15671 = ORIENTED_EDGE('',*,*,#15623,.F.);
#15672 = ORIENTED_EDGE('',*,*,#8787,.F.);
#15673 = ADVANCED_FACE('',(#15674),#2636,.T.);
#15674 = FACE_BOUND('',#15675,.T.);
#15675 = EDGE_LOOP('',(#15676,#15697,#15698,#15699));
#15676 = ORIENTED_EDGE('',*,*,#15677,.T.);
#15677 = EDGE_CURVE('',#8742,#2593,#15678,.T.);
#15678 = SURFACE_CURVE('',#15679,(#15683,#15690),.PCURVE_S1.);
#15679 = LINE('',#15680,#15681);
#15680 = CARTESIAN_POINT('',(-19.5,-14.98999924696,190.3));
#15681 = VECTOR('',#15682,1.);
#15682 = DIRECTION('',(1.,-1.110223024625E-16,1.110223024625E-16));
#15683 = PCURVE('',#2636,#15684);
#15684 = DEFINITIONAL_REPRESENTATION('',(#15685),#15689);
#15685 = LINE('',#15686,#15687);
#15686 = CARTESIAN_POINT('',(0.,0.));
#15687 = VECTOR('',#15688,1.);
#15688 = DIRECTION('',(0.,-1.));
#15689 = ( GEOMETRIC_REPRESENTATION_CONTEXT(2) 
PARAMETRIC_REPRESENTATION_CONTEXT() REPRESENTATION_CONTEXT('2D SPACE',''
  ) );
#15690 = PCURVE('',#2608,#15691);
#15691 = DEFINITIONAL_REPRESENTATION('',(#15692),#15696);
#15692 = LINE('',#15693,#15694);
#15693 = CARTESIAN_POINT('',(0.367900699324,-4.134334037288E-17));
#15694 = VECTOR('',#15695,1.);
#15695 = DIRECTION('',(-1.232595164408E-32,-1.));
#15696 = ( GEOMETRIC_REPRESENTATION_CONTEXT(2) 
PARAMETRIC_REPRESENTATION_CONTEXT() REPRESENTATION_CONTEXT('2D SPACE',''
  ) );
#15697 = ORIENTED_EDGE('',*,*,#2620,.T.);
#15698 = ORIENTED_EDGE('',*,*,#15650,.F.);
#15699 = ORIENTED_EDGE('',*,*,#8764,.F.);
#15700 = ADVANCED_FACE('',(#15701),#2608,.T.);
#15701 = FACE_BOUND('',#15702,.T.);
#15702 = EDGE_LOOP('',(#15703,#15724,#15725,#15726));
#15703 = ORIENTED_EDGE('',*,*,#15704,.T.);
#15704 = EDGE_CURVE('',#8719,#2565,#15705,.T.);
#15705 = SURFACE_CURVE('',#15706,(#15710,#15717),.PCURVE_S1.);
#15706 = LINE('',#15707,#15708);
#15707 = CARTESIAN_POINT('',(-19.5,-14.98548453944,189.93212700292));
#15708 = VECTOR('',#15709,1.);
#15709 = DIRECTION('',(1.,-1.110223024625E-16,1.110223024625E-16));
#15710 = PCURVE('',#2608,#15711);
#15711 = DEFINITIONAL_REPRESENTATION('',(#15712),#15716);
#15712 = LINE('',#15713,#15714);
#15713 = CARTESIAN_POINT('',(0.,0.));
#15714 = VECTOR('',#15715,1.);
#15715 = DIRECTION('',(-1.232595164408E-32,-1.));
#15716 = ( GEOMETRIC_REPRESENTATION_CONTEXT(2) 
PARAMETRIC_REPRESENTATION_CONTEXT() REPRESENTATION_CONTEXT('2D SPACE',''
  ) );
#15717 = PCURVE('',#2580,#15718);
#15718 = DEFINITIONAL_REPRESENTATION('',(#15719),#15723);
#15719 = LINE('',#15720,#15721);
#15720 = CARTESIAN_POINT('',(0.367900699324,-4.232090313755E-17));
#15721 = VECTOR('',#15722,1.);
#15722 = DIRECTION('',(1.232595164408E-32,-1.));
#15723 = ( GEOMETRIC_REPRESENTATION_CONTEXT(2) 
PARAMETRIC_REPRESENTATION_CONTEXT() REPRESENTATION_CONTEXT('2D SPACE',''
  ) );
#15724 = ORIENTED_EDGE('',*,*,#2592,.T.);
#15725 = ORIENTED_EDGE('',*,*,#15677,.F.);
#15726 = ORIENTED_EDGE('',*,*,#8741,.F.);
#15727 = ADVANCED_FACE('',(#15728),#2580,.T.);
#15728 = FACE_BOUND('',#15729,.T.);
#15729 = EDGE_LOOP('',(#15730,#15751,#15752,#15753));
#15730 = ORIENTED_EDGE('',*,*,#15731,.T.);
#15731 = EDGE_CURVE('',#8696,#2537,#15732,.T.);
#15732 = SURFACE_CURVE('',#15733,(#15737,#15744),.PCURVE_S1.);
#15733 = LINE('',#15734,#15735);
#15734 = CARTESIAN_POINT('',(-19.5,-14.97194313638,189.56447559878));
#15735 = VECTOR('',#15736,1.);
#15736 = DIRECTION('',(1.,-1.110223024625E-16,1.110223024625E-16));
#15737 = PCURVE('',#2580,#15738);
#15738 = DEFINITIONAL_REPRESENTATION('',(#15739),#15743);
#15739 = LINE('',#15740,#15741);
#15740 = CARTESIAN_POINT('',(0.,0.));
#15741 = VECTOR('',#15742,1.);
#15742 = DIRECTION('',(1.232595164408E-32,-1.));
#15743 = ( GEOMETRIC_REPRESENTATION_CONTEXT(2) 
PARAMETRIC_REPRESENTATION_CONTEXT() REPRESENTATION_CONTEXT('2D SPACE',''
  ) );
#15744 = PCURVE('',#2552,#15745);
#15745 = DEFINITIONAL_REPRESENTATION('',(#15746),#15750);
#15746 = LINE('',#15747,#15748);
#15747 = CARTESIAN_POINT('',(0.367900699324,-4.327297337265E-17));
#15748 = VECTOR('',#15749,1.);
#15749 = DIRECTION('',(0.,-1.));
#15750 = ( GEOMETRIC_REPRESENTATION_CONTEXT(2) 
PARAMETRIC_REPRESENTATION_CONTEXT() REPRESENTATION_CONTEXT('2D SPACE',''
  ) );
#15751 = ORIENTED_EDGE('',*,*,#2564,.T.);
#15752 = ORIENTED_EDGE('',*,*,#15704,.F.);
#15753 = ORIENTED_EDGE('',*,*,#8718,.F.);
#15754 = ADVANCED_FACE('',(#15755),#2552,.T.);
#15755 = FACE_BOUND('',#15756,.T.);
#15756 = EDGE_LOOP('',(#15757,#15778,#15779,#15780));
#15757 = ORIENTED_EDGE('',*,*,#15758,.T.);
#15758 = EDGE_CURVE('',#8673,#2509,#15759,.T.);
#15759 = SURFACE_CURVE('',#15760,(#15764,#15771),.PCURVE_S1.);
#15760 = LINE('',#15761,#15762);
#15761 = CARTESIAN_POINT('',(-19.5,-14.94938319461,189.19726724703));
#15762 = VECTOR('',#15763,1.);
#15763 = DIRECTION('',(1.,-1.110223024625E-16,1.110223024625E-16));
#15764 = PCURVE('',#2552,#15765);
#15765 = DEFINITIONAL_REPRESENTATION('',(#15766),#15770);
#15766 = LINE('',#15767,#15768);
#15767 = CARTESIAN_POINT('',(0.,0.));
#15768 = VECTOR('',#15769,1.);
#15769 = DIRECTION('',(0.,-1.));
#15770 = ( GEOMETRIC_REPRESENTATION_CONTEXT(2) 
PARAMETRIC_REPRESENTATION_CONTEXT() REPRESENTATION_CONTEXT('2D SPACE',''
  ) );
#15771 = PCURVE('',#2524,#15772);
#15772 = DEFINITIONAL_REPRESENTATION('',(#15773),#15777);
#15773 = LINE('',#15774,#15775);
#15774 = CARTESIAN_POINT('',(0.367900699324,-4.419897758667E-17));
#15775 = VECTOR('',#15776,1.);
#15776 = DIRECTION('',(0.,-1.));
#15777 = ( GEOMETRIC_REPRESENTATION_CONTEXT(2) 
PARAMETRIC_REPRESENTATION_CONTEXT() REPRESENTATION_CONTEXT('2D SPACE',''
  ) );
#15778 = ORIENTED_EDGE('',*,*,#2536,.T.);
#15779 = ORIENTED_EDGE('',*,*,#15731,.F.);
#15780 = ORIENTED_EDGE('',*,*,#8695,.F.);
#15781 = ADVANCED_FACE('',(#15782),#2524,.T.);
#15782 = FACE_BOUND('',#15783,.T.);
#15783 = EDGE_LOOP('',(#15784,#15805,#15806,#15807));
#15784 = ORIENTED_EDGE('',*,*,#15785,.T.);
#15785 = EDGE_CURVE('',#8650,#2481,#15786,.T.);
#15786 = SURFACE_CURVE('',#15787,(#15791,#15798),.PCURVE_S1.);
#15787 = LINE('',#15788,#15789);
#15788 = CARTESIAN_POINT('',(-19.5,-14.9178183034,188.83072314027));
#15789 = VECTOR('',#15790,1.);
#15790 = DIRECTION('',(1.,-1.110223024625E-16,1.110223024625E-16));
#15791 = PCURVE('',#2524,#15792);
#15792 = DEFINITIONAL_REPRESENTATION('',(#15793),#15797);
#15793 = LINE('',#15794,#15795);
#15794 = CARTESIAN_POINT('',(0.,0.));
#15795 = VECTOR('',#15796,1.);
#15796 = DIRECTION('',(0.,-1.));
#15797 = ( GEOMETRIC_REPRESENTATION_CONTEXT(2) 
PARAMETRIC_REPRESENTATION_CONTEXT() REPRESENTATION_CONTEXT('2D SPACE',''
  ) );
#15798 = PCURVE('',#2496,#15799);
#15799 = DEFINITIONAL_REPRESENTATION('',(#15800),#15804);
#15800 = LINE('',#15801,#15802);
#15801 = CARTESIAN_POINT('',(0.367900699324,-4.509835798931E-17));
#15802 = VECTOR('',#15803,1.);
#15803 = DIRECTION('',(1.232595164408E-32,-1.));
#15804 = ( GEOMETRIC_REPRESENTATION_CONTEXT(2) 
PARAMETRIC_REPRESENTATION_CONTEXT() REPRESENTATION_CONTEXT('2D SPACE',''
  ) );
#15805 = ORIENTED_EDGE('',*,*,#2508,.T.);
#15806 = ORIENTED_EDGE('',*,*,#15758,.F.);
#15807 = ORIENTED_EDGE('',*,*,#8672,.F.);
#15808 = ADVANCED_FACE('',(#15809),#2496,.T.);
#15809 = FACE_BOUND('',#15810,.T.);
#15810 = EDGE_LOOP('',(#15811,#15832,#15833,#15834));
#15811 = ORIENTED_EDGE('',*,*,#15812,.T.);
#15812 = EDGE_CURVE('',#8627,#2453,#15813,.T.);
#15813 = SURFACE_CURVE('',#15814,(#15818,#15825),.PCURVE_S1.);
#15814 = LINE('',#15815,#15816);
#15815 = CARTESIAN_POINT('',(-19.5,-14.87726747626,188.46506407094));
#15816 = VECTOR('',#15817,1.);
#15817 = DIRECTION('',(1.,-1.110223024625E-16,1.110223024625E-16));
#15818 = PCURVE('',#2496,#15819);
#15819 = DEFINITIONAL_REPRESENTATION('',(#15820),#15824);
#15820 = LINE('',#15821,#15822);
#15821 = CARTESIAN_POINT('',(0.,0.));
#15822 = VECTOR('',#15823,1.);
#15823 = DIRECTION('',(1.232595164408E-32,-1.));
#15824 = ( GEOMETRIC_REPRESENTATION_CONTEXT(2) 
PARAMETRIC_REPRESENTATION_CONTEXT() REPRESENTATION_CONTEXT('2D SPACE',''
  ) );
#15825 = PCURVE('',#2468,#15826);
#15826 = DEFINITIONAL_REPRESENTATION('',(#15827),#15831);
#15827 = LINE('',#15828,#15829);
#15828 = CARTESIAN_POINT('',(0.367900699324,-4.597057282742E-17));
#15829 = VECTOR('',#15830,1.);
#15830 = DIRECTION('',(1.232595164408E-32,-1.));
#15831 = ( GEOMETRIC_REPRESENTATION_CONTEXT(2) 
PARAMETRIC_REPRESENTATION_CONTEXT() REPRESENTATION_CONTEXT('2D SPACE',''
  ) );
#15832 = ORIENTED_EDGE('',*,*,#2480,.T.);
#15833 = ORIENTED_EDGE('',*,*,#15785,.F.);
#15834 = ORIENTED_EDGE('',*,*,#8649,.F.);
#15835 = ADVANCED_FACE('',(#15836),#2468,.T.);
#15836 = FACE_BOUND('',#15837,.T.);
#15837 = EDGE_LOOP('',(#15838,#15859,#15860,#15861));
#15838 = ORIENTED_EDGE('',*,*,#15839,.T.);
#15839 = EDGE_CURVE('',#8604,#2425,#15840,.T.);
#15840 = SURFACE_CURVE('',#15841,(#15845,#15852),.PCURVE_S1.);
#15841 = LINE('',#15842,#15843);
#15842 = CARTESIAN_POINT('',(-19.5,-14.82775513948,188.1005102984));
#15843 = VECTOR('',#15844,1.);
#15844 = DIRECTION('',(1.,-1.110223024625E-16,1.110223024625E-16));
#15845 = PCURVE('',#2468,#15846);
#15846 = DEFINITIONAL_REPRESENTATION('',(#15847),#15851);
#15847 = LINE('',#15848,#15849);
#15848 = CARTESIAN_POINT('',(0.,0.));
#15849 = VECTOR('',#15850,1.);
#15850 = DIRECTION('',(1.232595164408E-32,-1.));
#15851 = ( GEOMETRIC_REPRESENTATION_CONTEXT(2) 
PARAMETRIC_REPRESENTATION_CONTEXT() REPRESENTATION_CONTEXT('2D SPACE',''
  ) );
#15852 = PCURVE('',#2440,#15853);
#15853 = DEFINITIONAL_REPRESENTATION('',(#15854),#15858);
#15854 = LINE('',#15855,#15856);
#15855 = CARTESIAN_POINT('',(0.367900699324,-4.681509671143E-17));
#15856 = VECTOR('',#15857,1.);
#15857 = DIRECTION('',(1.232595164408E-32,-1.));
#15858 = ( GEOMETRIC_REPRESENTATION_CONTEXT(2) 
PARAMETRIC_REPRESENTATION_CONTEXT() REPRESENTATION_CONTEXT('2D SPACE',''
  ) );
#15859 = ORIENTED_EDGE('',*,*,#2452,.T.);
#15860 = ORIENTED_EDGE('',*,*,#15812,.F.);
#15861 = ORIENTED_EDGE('',*,*,#8626,.F.);
#15862 = ADVANCED_FACE('',(#15863),#2440,.T.);
#15863 = FACE_BOUND('',#15864,.T.);
#15864 = EDGE_LOOP('',(#15865,#15886,#15887,#15888));
#15865 = ORIENTED_EDGE('',*,*,#15866,.T.);
#15866 = EDGE_CURVE('',#8581,#2397,#15867,.T.);
#15867 = SURFACE_CURVE('',#15868,(#15872,#15879),.PCURVE_S1.);
#15868 = LINE('',#15869,#15870);
#15869 = CARTESIAN_POINT('',(-19.5,-14.76931111745,187.73728141622));
#15870 = VECTOR('',#15871,1.);
#15871 = DIRECTION('',(1.,-1.110223024625E-16,1.110223024625E-16));
#15872 = PCURVE('',#2440,#15873);
#15873 = DEFINITIONAL_REPRESENTATION('',(#15874),#15878);
#15874 = LINE('',#15875,#15876);
#15875 = CARTESIAN_POINT('',(0.,0.));
#15876 = VECTOR('',#15877,1.);
#15877 = DIRECTION('',(1.232595164408E-32,-1.));
#15878 = ( GEOMETRIC_REPRESENTATION_CONTEXT(2) 
PARAMETRIC_REPRESENTATION_CONTEXT() REPRESENTATION_CONTEXT('2D SPACE',''
  ) );
#15879 = PCURVE('',#2412,#15880);
#15880 = DEFINITIONAL_REPRESENTATION('',(#15881),#15885);
#15881 = LINE('',#15882,#15883);
#15882 = CARTESIAN_POINT('',(0.367900699324,-4.763142093166E-17));
#15883 = VECTOR('',#15884,1.);
#15884 = DIRECTION('',(0.,-1.));
#15885 = ( GEOMETRIC_REPRESENTATION_CONTEXT(2) 
PARAMETRIC_REPRESENTATION_CONTEXT() REPRESENTATION_CONTEXT('2D SPACE',''
  ) );
#15886 = ORIENTED_EDGE('',*,*,#2424,.T.);
#15887 = ORIENTED_EDGE('',*,*,#15839,.F.);
#15888 = ORIENTED_EDGE('',*,*,#8603,.F.);
#15889 = ADVANCED_FACE('',(#15890),#2412,.T.);
#15890 = FACE_BOUND('',#15891,.T.);
#15891 = EDGE_LOOP('',(#15892,#15893,#15914,#15915,#15916));
#15892 = ORIENTED_EDGE('',*,*,#8580,.F.);
#15893 = ORIENTED_EDGE('',*,*,#15894,.T.);
#15894 = EDGE_CURVE('',#8558,#6992,#15895,.T.);
#15895 = SURFACE_CURVE('',#15896,(#15900,#15907),.PCURVE_S1.);
#15896 = LINE('',#15897,#15898);
#15897 = CARTESIAN_POINT('',(-19.5,-14.70197061467,187.37559621988));
#15898 = VECTOR('',#15899,1.);
#15899 = DIRECTION('',(1.,-1.110223024625E-16,1.110223024625E-16));
#15900 = PCURVE('',#2412,#15901);
#15901 = DEFINITIONAL_REPRESENTATION('',(#15902),#15906);
#15902 = LINE('',#15903,#15904);
#15903 = CARTESIAN_POINT('',(0.,0.));
#15904 = VECTOR('',#15905,1.);
#15905 = DIRECTION('',(0.,-1.));
#15906 = ( GEOMETRIC_REPRESENTATION_CONTEXT(2) 
PARAMETRIC_REPRESENTATION_CONTEXT() REPRESENTATION_CONTEXT('2D SPACE',''
  ) );
#15907 = PCURVE('',#7007,#15908);
#15908 = DEFINITIONAL_REPRESENTATION('',(#15909),#15913);
#15909 = LINE('',#15910,#15911);
#15910 = CARTESIAN_POINT('',(0.367900699324,-4.841905376505E-17));
#15911 = VECTOR('',#15912,1.);
#15912 = DIRECTION('',(0.,-1.));
#15913 = ( GEOMETRIC_REPRESENTATION_CONTEXT(2) 
PARAMETRIC_REPRESENTATION_CONTEXT() REPRESENTATION_CONTEXT('2D SPACE',''
  ) );
#15914 = ORIENTED_EDGE('',*,*,#7019,.F.);
#15915 = ORIENTED_EDGE('',*,*,#2396,.T.);
#15916 = ORIENTED_EDGE('',*,*,#15866,.F.);
#15917 = ADVANCED_FACE('',(#15918),#6493,.F.);
#15918 = FACE_BOUND('',#15919,.T.);
#15919 = EDGE_LOOP('',(#15920,#15949,#15970,#15971));
#15920 = ORIENTED_EDGE('',*,*,#15921,.F.);
#15921 = EDGE_CURVE('',#15922,#15922,#15924,.T.);
#15922 = VERTEX_POINT('',#15923);
#15923 = CARTESIAN_POINT('',(21.7,10.15,95.3));
#15924 = SURFACE_CURVE('',#15925,(#15930,#15937),.PCURVE_S1.);
#15925 = CIRCLE('',#15926,10.15);
#15926 = AXIS2_PLACEMENT_3D('',#15927,#15928,#15929);
#15927 = CARTESIAN_POINT('',(21.7,-2.409183963437E-15,95.3));
#15928 = DIRECTION('',(1.,-1.110223024625E-16,0.));
#15929 = DIRECTION('',(1.110223024625E-16,1.,0.));
#15930 = PCURVE('',#6493,#15931);
#15931 = DEFINITIONAL_REPRESENTATION('',(#15932),#15936);
#15932 = LINE('',#15933,#15934);
#15933 = CARTESIAN_POINT('',(-0.,0.));
#15934 = VECTOR('',#15935,1.);
#15935 = DIRECTION('',(-1.,0.));
#15936 = ( GEOMETRIC_REPRESENTATION_CONTEXT(2) 
PARAMETRIC_REPRESENTATION_CONTEXT() REPRESENTATION_CONTEXT('2D SPACE',''
  ) );
#15937 = PCURVE('',#15938,#15943);
#15938 = PLANE('',#15939);
#15939 = AXIS2_PLACEMENT_3D('',#15940,#15941,#15942);
#15940 = CARTESIAN_POINT('',(21.7,-2.678630294971E-15,95.3));
#15941 = DIRECTION('',(1.,-1.110223024625E-16,-0.));
#15942 = DIRECTION('',(0.,0.,-1.));
#15943 = DEFINITIONAL_REPRESENTATION('',(#15944),#15948);
#15944 = CIRCLE('',#15945,10.15);
#15945 = AXIS2_PLACEMENT_2D('',#15946,#15947);
#15946 = CARTESIAN_POINT('',(0.,2.694463315349E-16));
#15947 = DIRECTION('',(0.,1.));
#15948 = ( GEOMETRIC_REPRESENTATION_CONTEXT(2) 
PARAMETRIC_REPRESENTATION_CONTEXT() REPRESENTATION_CONTEXT('2D SPACE',''
  ) );
#15949 = ORIENTED_EDGE('',*,*,#15950,.T.);
#15950 = EDGE_CURVE('',#15922,#6473,#15951,.T.);
#15951 = SEAM_CURVE('',#15952,(#15956,#15963),.PCURVE_S1.);
#15952 = LINE('',#15953,#15954);
#15953 = CARTESIAN_POINT('',(21.7,10.15,95.3));
#15954 = VECTOR('',#15955,1.);
#15955 = DIRECTION('',(1.,-1.110223024625E-16,0.));
#15956 = PCURVE('',#6493,#15957);
#15957 = DEFINITIONAL_REPRESENTATION('',(#15958),#15962);
#15958 = LINE('',#15959,#15960);
#15959 = CARTESIAN_POINT('',(-6.28318530718,0.));
#15960 = VECTOR('',#15961,1.);
#15961 = DIRECTION('',(-0.,-1.));
#15962 = ( GEOMETRIC_REPRESENTATION_CONTEXT(2) 
PARAMETRIC_REPRESENTATION_CONTEXT() REPRESENTATION_CONTEXT('2D SPACE',''
  ) );
#15963 = PCURVE('',#6493,#15964);
#15964 = DEFINITIONAL_REPRESENTATION('',(#15965),#15969);
#15965 = LINE('',#15966,#15967);
#15966 = CARTESIAN_POINT('',(-0.,0.));
#15967 = VECTOR('',#15968,1.);
#15968 = DIRECTION('',(-0.,-1.));
#15969 = ( GEOMETRIC_REPRESENTATION_CONTEXT(2) 
PARAMETRIC_REPRESENTATION_CONTEXT() REPRESENTATION_CONTEXT('2D SPACE',''
  ) );
#15970 = ORIENTED_EDGE('',*,*,#6472,.F.);
#15971 = ORIENTED_EDGE('',*,*,#15950,.F.);
#15972 = ADVANCED_FACE('',(#15973),#6838,.F.);
#15973 = FACE_BOUND('',#15974,.T.);
#15974 = EDGE_LOOP('',(#15975,#16008,#16029,#16030));
#15975 = ORIENTED_EDGE('',*,*,#15976,.T.);
#15976 = EDGE_CURVE('',#15977,#15977,#15979,.T.);
#15977 = VERTEX_POINT('',#15978);
#15978 = CARTESIAN_POINT('',(19.7,2.8,190.3));
#15979 = SURFACE_CURVE('',#15980,(#15985,#15992),.PCURVE_S1.);
#15980 = CIRCLE('',#15981,2.8);
#15981 = AXIS2_PLACEMENT_3D('',#15982,#15983,#15984);
#15982 = CARTESIAN_POINT('',(19.7,-2.187139358512E-15,190.3));
#15983 = DIRECTION('',(-1.,1.110223024625E-16,0.));
#15984 = DIRECTION('',(1.110223024625E-16,1.,0.));
#15985 = PCURVE('',#6838,#15986);
#15986 = DEFINITIONAL_REPRESENTATION('',(#15987),#15991);
#15987 = LINE('',#15988,#15989);
#15988 = CARTESIAN_POINT('',(-6.28318530718,-2.4));
#15989 = VECTOR('',#15990,1.);
#15990 = DIRECTION('',(1.,-0.));
#15991 = ( GEOMETRIC_REPRESENTATION_CONTEXT(2) 
PARAMETRIC_REPRESENTATION_CONTEXT() REPRESENTATION_CONTEXT('2D SPACE',''
  ) );
#15992 = PCURVE('',#15993,#15998);
#15993 = PLANE('',#15994);
#15994 = AXIS2_PLACEMENT_3D('',#15995,#15996,#15997);
#15995 = CARTESIAN_POINT('',(19.7,-3.489463294263E-15,190.3));
#15996 = DIRECTION('',(1.,-1.110223024625E-16,-0.));
#15997 = DIRECTION('',(0.,0.,-1.));
#15998 = DEFINITIONAL_REPRESENTATION('',(#15999),#16007);
#15999 = ( BOUNDED_CURVE() B_SPLINE_CURVE(2,(#16000,#16001,#16002,#16003
    ,#16004,#16005,#16006),.UNSPECIFIED.,.T.,.F.) 
B_SPLINE_CURVE_WITH_KNOTS((1,2,2,2,2,1),(-2.094395102393,0.,
    2.094395102393,4.188790204786,6.28318530718,8.377580409573),
.UNSPECIFIED.) CURVE() GEOMETRIC_REPRESENTATION_ITEM() 
RATIONAL_B_SPLINE_CURVE((1.,0.5,1.,0.5,1.,0.5,1.)) REPRESENTATION_ITEM(
  '') );
#16000 = CARTESIAN_POINT('',(2.84217094304E-14,2.8));
#16001 = CARTESIAN_POINT('',(4.849742261193,2.8));
#16002 = CARTESIAN_POINT('',(2.424871130596,-1.4));
#16003 = CARTESIAN_POINT('',(2.910751163793E-14,-5.6));
#16004 = CARTESIAN_POINT('',(-2.424871130596,-1.4));
#16005 = CARTESIAN_POINT('',(-4.849742261193,2.8));
#16006 = CARTESIAN_POINT('',(2.84217094304E-14,2.8));
#16007 = ( GEOMETRIC_REPRESENTATION_CONTEXT(2) 
PARAMETRIC_REPRESENTATION_CONTEXT() REPRESENTATION_CONTEXT('2D SPACE',''
  ) );
#16008 = ORIENTED_EDGE('',*,*,#16009,.T.);
#16009 = EDGE_CURVE('',#15977,#6818,#16010,.T.);
#16010 = SEAM_CURVE('',#16011,(#16015,#16022),.PCURVE_S1.);
#16011 = LINE('',#16012,#16013);
#16012 = CARTESIAN_POINT('',(17.3,2.8,190.3));
#16013 = VECTOR('',#16014,1.);
#16014 = DIRECTION('',(1.,-1.110223024625E-16,0.));
#16015 = PCURVE('',#6838,#16016);
#16016 = DEFINITIONAL_REPRESENTATION('',(#16017),#16021);
#16017 = LINE('',#16018,#16019);
#16018 = CARTESIAN_POINT('',(-6.28318530718,0.));
#16019 = VECTOR('',#16020,1.);
#16020 = DIRECTION('',(-0.,-1.));
#16021 = ( GEOMETRIC_REPRESENTATION_CONTEXT(2) 
PARAMETRIC_REPRESENTATION_CONTEXT() REPRESENTATION_CONTEXT('2D SPACE',''
  ) );
#16022 = PCURVE('',#6838,#16023);
#16023 = DEFINITIONAL_REPRESENTATION('',(#16024),#16028);
#16024 = LINE('',#16025,#16026);
#16025 = CARTESIAN_POINT('',(-0.,0.));
#16026 = VECTOR('',#16027,1.);
#16027 = DIRECTION('',(-0.,-1.));
#16028 = ( GEOMETRIC_REPRESENTATION_CONTEXT(2) 
PARAMETRIC_REPRESENTATION_CONTEXT() REPRESENTATION_CONTEXT('2D SPACE',''
  ) );
#16029 = ORIENTED_EDGE('',*,*,#6817,.F.);
#16030 = ORIENTED_EDGE('',*,*,#16009,.F.);
#16031 = ADVANCED_FACE('',(#16032),#7007,.T.);
#16032 = FACE_BOUND('',#16033,.T.);
#16033 = EDGE_LOOP('',(#16034,#16035,#16056,#16057));
#16034 = ORIENTED_EDGE('',*,*,#8557,.F.);
#16035 = ORIENTED_EDGE('',*,*,#16036,.T.);
#16036 = EDGE_CURVE('',#8535,#6964,#16037,.T.);
#16037 = SURFACE_CURVE('',#16038,(#16042,#16049),.PCURVE_S1.);
#16038 = LINE('',#16039,#16040);
#16039 = CARTESIAN_POINT('',(-19.5,-14.62577419453,187.01567257504));
#16040 = VECTOR('',#16041,1.);
#16041 = DIRECTION('',(1.,-1.110223024625E-16,1.110223024625E-16));
#16042 = PCURVE('',#7007,#16043);
#16043 = DEFINITIONAL_REPRESENTATION('',(#16044),#16048);
#16044 = LINE('',#16045,#16046);
#16045 = CARTESIAN_POINT('',(0.,0.));
#16046 = VECTOR('',#16047,1.);
#16047 = DIRECTION('',(0.,-1.));
#16048 = ( GEOMETRIC_REPRESENTATION_CONTEXT(2) 
PARAMETRIC_REPRESENTATION_CONTEXT() REPRESENTATION_CONTEXT('2D SPACE',''
  ) );
#16049 = PCURVE('',#6979,#16050);
#16050 = DEFINITIONAL_REPRESENTATION('',(#16051),#16055);
#16051 = LINE('',#16052,#16053);
#16052 = CARTESIAN_POINT('',(0.367900699324,-4.91775207709E-17));
#16053 = VECTOR('',#16054,1.);
#16054 = DIRECTION('',(0.,-1.));
#16055 = ( GEOMETRIC_REPRESENTATION_CONTEXT(2) 
PARAMETRIC_REPRESENTATION_CONTEXT() REPRESENTATION_CONTEXT('2D SPACE',''
  ) );
#16056 = ORIENTED_EDGE('',*,*,#6991,.F.);
#16057 = ORIENTED_EDGE('',*,*,#15894,.F.);
#16058 = ADVANCED_FACE('',(#16059),#6979,.T.);
#16059 = FACE_BOUND('',#16060,.T.);
#16060 = EDGE_LOOP('',(#16061,#16062,#16083,#16084));
#16061 = ORIENTED_EDGE('',*,*,#8534,.F.);
#16062 = ORIENTED_EDGE('',*,*,#16063,.T.);
#16063 = EDGE_CURVE('',#8512,#6936,#16064,.T.);
#16064 = SURFACE_CURVE('',#16065,(#16069,#16076),.PCURVE_S1.);
#16065 = LINE('',#16066,#16067);
#16066 = CARTESIAN_POINT('',(-19.5,-14.54076775491,186.65772728622));
#16067 = VECTOR('',#16068,1.);
#16068 = DIRECTION('',(1.,-1.110223024625E-16,1.110223024625E-16));
#16069 = PCURVE('',#6979,#16070);
#16070 = DEFINITIONAL_REPRESENTATION('',(#16071),#16075);
#16071 = LINE('',#16072,#16073);
#16072 = CARTESIAN_POINT('',(0.,0.));
#16073 = VECTOR('',#16074,1.);
#16074 = DIRECTION('',(0.,-1.));
#16075 = ( GEOMETRIC_REPRESENTATION_CONTEXT(2) 
PARAMETRIC_REPRESENTATION_CONTEXT() REPRESENTATION_CONTEXT('2D SPACE',''
  ) );
#16076 = PCURVE('',#6951,#16077);
#16077 = DEFINITIONAL_REPRESENTATION('',(#16078),#16082);
#16078 = LINE('',#16079,#16080);
#16079 = CARTESIAN_POINT('',(0.367900699324,-4.990636507711E-17));
#16080 = VECTOR('',#16081,1.);
#16081 = DIRECTION('',(1.232595164408E-32,-1.));
#16082 = ( GEOMETRIC_REPRESENTATION_CONTEXT(2) 
PARAMETRIC_REPRESENTATION_CONTEXT() REPRESENTATION_CONTEXT('2D SPACE',''
  ) );
#16083 = ORIENTED_EDGE('',*,*,#6963,.F.);
#16084 = ORIENTED_EDGE('',*,*,#16036,.F.);
#16085 = ADVANCED_FACE('',(#16086),#6951,.T.);
#16086 = FACE_BOUND('',#16087,.T.);
#16087 = EDGE_LOOP('',(#16088,#16089,#16110,#16111));
#16088 = ORIENTED_EDGE('',*,*,#8511,.F.);
#16089 = ORIENTED_EDGE('',*,*,#16090,.T.);
#16090 = EDGE_CURVE('',#8489,#6908,#16091,.T.);
#16091 = SURFACE_CURVE('',#16092,(#16096,#16103),.PCURVE_S1.);
#16092 = LINE('',#16093,#16094);
#16093 = CARTESIAN_POINT('',(-19.5,-14.44700250051,186.30197596629));
#16094 = VECTOR('',#16095,1.);
#16095 = DIRECTION('',(1.,-1.110223024625E-16,1.110223024625E-16));
#16096 = PCURVE('',#6951,#16097);
#16097 = DEFINITIONAL_REPRESENTATION('',(#16098),#16102);
#16098 = LINE('',#16099,#16100);
#16099 = CARTESIAN_POINT('',(0.,0.));
#16100 = VECTOR('',#16101,1.);
#16101 = DIRECTION('',(1.232595164408E-32,-1.));
#16102 = ( GEOMETRIC_REPRESENTATION_CONTEXT(2) 
PARAMETRIC_REPRESENTATION_CONTEXT() REPRESENTATION_CONTEXT('2D SPACE',''
  ) );
#16103 = PCURVE('',#6923,#16104);
#16104 = DEFINITIONAL_REPRESENTATION('',(#16105),#16109);
#16105 = LINE('',#16106,#16107);
#16106 = CARTESIAN_POINT('',(0.367900699324,-5.060514765514E-17));
#16107 = VECTOR('',#16108,1.);
#16108 = DIRECTION('',(0.,-1.));
#16109 = ( GEOMETRIC_REPRESENTATION_CONTEXT(2) 
PARAMETRIC_REPRESENTATION_CONTEXT() REPRESENTATION_CONTEXT('2D SPACE',''
  ) );
#16110 = ORIENTED_EDGE('',*,*,#6935,.F.);
#16111 = ORIENTED_EDGE('',*,*,#16063,.F.);
#16112 = ADVANCED_FACE('',(#16113),#6923,.T.);
#16113 = FACE_BOUND('',#16114,.T.);
#16114 = EDGE_LOOP('',(#16115,#16116,#16117,#16118));
#16115 = ORIENTED_EDGE('',*,*,#8488,.F.);
#16116 = ORIENTED_EDGE('',*,*,#7178,.T.);
#16117 = ORIENTED_EDGE('',*,*,#6907,.F.);
#16118 = ORIENTED_EDGE('',*,*,#16090,.F.);
#16119 = ADVANCED_FACE('',(#16120,#16126,#16157,#16188),#7092,.T.);
#16120 = FACE_BOUND('',#16121,.T.);
#16121 = EDGE_LOOP('',(#16122,#16123,#16124,#16125));
#16122 = ORIENTED_EDGE('',*,*,#8130,.T.);
#16123 = ORIENTED_EDGE('',*,*,#8102,.T.);
#16124 = ORIENTED_EDGE('',*,*,#8053,.T.);
#16125 = ORIENTED_EDGE('',*,*,#7075,.T.);
#16126 = FACE_BOUND('',#16127,.T.);
#16127 = EDGE_LOOP('',(#16128));
#16128 = ORIENTED_EDGE('',*,*,#16129,.F.);
#16129 = EDGE_CURVE('',#16130,#16130,#16132,.T.);
#16130 = VERTEX_POINT('',#16131);
#16131 = CARTESIAN_POINT('',(20.3,0.75,82.8));
#16132 = SURFACE_CURVE('',#16133,(#16138,#16145),.PCURVE_S1.);
#16133 = CIRCLE('',#16134,0.75);
#16134 = AXIS2_PLACEMENT_3D('',#16135,#16136,#16137);
#16135 = CARTESIAN_POINT('',(20.3,-2.253752739989E-15,82.8));
#16136 = DIRECTION('',(-1.,1.110223024625E-16,0.));
#16137 = DIRECTION('',(1.110223024625E-16,1.,0.));
#16138 = PCURVE('',#7092,#16139);
#16139 = DEFINITIONAL_REPRESENTATION('',(#16140),#16144);
#16140 = CIRCLE('',#16141,0.75);
#16141 = AXIS2_PLACEMENT_2D('',#16142,#16143);
#16142 = CARTESIAN_POINT('',(-12.5,2.6645352591E-16));
#16143 = DIRECTION('',(0.,1.));
#16144 = ( GEOMETRIC_REPRESENTATION_CONTEXT(2) 
PARAMETRIC_REPRESENTATION_CONTEXT() REPRESENTATION_CONTEXT('2D SPACE',''
  ) );
#16145 = PCURVE('',#16146,#16151);
#16146 = CYLINDRICAL_SURFACE('',#16147,0.75);
#16147 = AXIS2_PLACEMENT_3D('',#16148,#16149,#16150);
#16148 = CARTESIAN_POINT('',(18.3,-2.031708135064E-15,82.8));
#16149 = DIRECTION('',(-1.,1.110223024625E-16,0.));
#16150 = DIRECTION('',(1.110223024625E-16,1.,0.));
#16151 = DEFINITIONAL_REPRESENTATION('',(#16152),#16156);
#16152 = LINE('',#16153,#16154);
#16153 = CARTESIAN_POINT('',(-6.28318530718,-2.));
#16154 = VECTOR('',#16155,1.);
#16155 = DIRECTION('',(1.,-0.));
#16156 = ( GEOMETRIC_REPRESENTATION_CONTEXT(2) 
PARAMETRIC_REPRESENTATION_CONTEXT() REPRESENTATION_CONTEXT('2D SPACE',''
  ) );
#16157 = FACE_BOUND('',#16158,.T.);
#16158 = EDGE_LOOP('',(#16159));
#16159 = ORIENTED_EDGE('',*,*,#16160,.F.);
#16160 = EDGE_CURVE('',#16161,#16161,#16163,.T.);
#16161 = VERTEX_POINT('',#16162);
#16162 = CARTESIAN_POINT('',(20.3,0.75,107.8));
#16163 = SURFACE_CURVE('',#16164,(#16169,#16176),.PCURVE_S1.);
#16164 = CIRCLE('',#16165,0.75);
#16165 = AXIS2_PLACEMENT_3D('',#16166,#16167,#16168);
#16166 = CARTESIAN_POINT('',(20.3,-2.253752739989E-15,107.8));
#16167 = DIRECTION('',(-1.,1.110223024625E-16,0.));
#16168 = DIRECTION('',(1.110223024625E-16,1.,0.));
#16169 = PCURVE('',#7092,#16170);
#16170 = DEFINITIONAL_REPRESENTATION('',(#16171),#16175);
#16171 = CIRCLE('',#16172,0.75);
#16172 = AXIS2_PLACEMENT_2D('',#16173,#16174);
#16173 = CARTESIAN_POINT('',(12.5,2.6645352591E-16));
#16174 = DIRECTION('',(0.,1.));
#16175 = ( GEOMETRIC_REPRESENTATION_CONTEXT(2) 
PARAMETRIC_REPRESENTATION_CONTEXT() REPRESENTATION_CONTEXT('2D SPACE',''
  ) );
#16176 = PCURVE('',#16177,#16182);
#16177 = CYLINDRICAL_SURFACE('',#16178,0.75);
#16178 = AXIS2_PLACEMENT_3D('',#16179,#16180,#16181);
#16179 = CARTESIAN_POINT('',(18.3,-2.031708135064E-15,107.8));
#16180 = DIRECTION('',(-1.,1.110223024625E-16,0.));
#16181 = DIRECTION('',(1.110223024625E-16,1.,0.));
#16182 = DEFINITIONAL_REPRESENTATION('',(#16183),#16187);
#16183 = LINE('',#16184,#16185);
#16184 = CARTESIAN_POINT('',(-6.28318530718,-2.));
#16185 = VECTOR('',#16186,1.);
#16186 = DIRECTION('',(1.,-0.));
#16187 = ( GEOMETRIC_REPRESENTATION_CONTEXT(2) 
PARAMETRIC_REPRESENTATION_CONTEXT() REPRESENTATION_CONTEXT('2D SPACE',''
  ) );
#16188 = FACE_BOUND('',#16189,.T.);
#16189 = EDGE_LOOP('',(#16190));
#16190 = ORIENTED_EDGE('',*,*,#16191,.F.);
#16191 = EDGE_CURVE('',#16192,#16192,#16194,.T.);
#16192 = VERTEX_POINT('',#16193);
#16193 = CARTESIAN_POINT('',(20.3,2.6,95.3));
#16194 = SURFACE_CURVE('',#16195,(#16200,#16207),.PCURVE_S1.);
#16195 = CIRCLE('',#16196,2.6);
#16196 = AXIS2_PLACEMENT_3D('',#16197,#16198,#16199);
#16197 = CARTESIAN_POINT('',(20.3,-2.253752739989E-15,95.3));
#16198 = DIRECTION('',(-1.,1.110223024625E-16,0.));
#16199 = DIRECTION('',(1.110223024625E-16,1.,0.));
#16200 = PCURVE('',#7092,#16201);
#16201 = DEFINITIONAL_REPRESENTATION('',(#16202),#16206);
#16202 = CIRCLE('',#16203,2.6);
#16203 = AXIS2_PLACEMENT_2D('',#16204,#16205);
#16204 = CARTESIAN_POINT('',(1.42108547152E-14,2.6645352591E-16));
#16205 = DIRECTION('',(0.,1.));
#16206 = ( GEOMETRIC_REPRESENTATION_CONTEXT(2) 
PARAMETRIC_REPRESENTATION_CONTEXT() REPRESENTATION_CONTEXT('2D SPACE',''
  ) );
#16207 = PCURVE('',#16208,#16213);
#16208 = CYLINDRICAL_SURFACE('',#16209,2.6);
#16209 = AXIS2_PLACEMENT_3D('',#16210,#16211,#16212);
#16210 = CARTESIAN_POINT('',(17.3,-1.920685832602E-15,95.3));
#16211 = DIRECTION('',(-1.,1.110223024625E-16,0.));
#16212 = DIRECTION('',(1.110223024625E-16,1.,0.));
#16213 = DEFINITIONAL_REPRESENTATION('',(#16214),#16218);
#16214 = LINE('',#16215,#16216);
#16215 = CARTESIAN_POINT('',(-6.28318530718,-3.));
#16216 = VECTOR('',#16217,1.);
#16217 = DIRECTION('',(1.,-0.));
#16218 = ( GEOMETRIC_REPRESENTATION_CONTEXT(2) 
PARAMETRIC_REPRESENTATION_CONTEXT() REPRESENTATION_CONTEXT('2D SPACE',''
  ) );
#16219 = ADVANCED_FACE('',(#16220),#7611,.F.);
#16220 = FACE_BOUND('',#16221,.F.);
#16221 = EDGE_LOOP('',(#16222,#16245,#16246,#16269));
#16222 = ORIENTED_EDGE('',*,*,#16223,.F.);
#16223 = EDGE_CURVE('',#7596,#16224,#16226,.T.);
#16224 = VERTEX_POINT('',#16225);
#16225 = CARTESIAN_POINT('',(-9.5,3.5,168.25));
#16226 = SURFACE_CURVE('',#16227,(#16231,#16238),.PCURVE_S1.);
#16227 = LINE('',#16228,#16229);
#16228 = CARTESIAN_POINT('',(-9.5,3.5,156.3));
#16229 = VECTOR('',#16230,1.);
#16230 = DIRECTION('',(0.,0.,1.));
#16231 = PCURVE('',#7611,#16232);
#16232 = DEFINITIONAL_REPRESENTATION('',(#16233),#16237);
#16233 = LINE('',#16234,#16235);
#16234 = CARTESIAN_POINT('',(0.,7.));
#16235 = VECTOR('',#16236,1.);
#16236 = DIRECTION('',(1.,0.));
#16237 = ( GEOMETRIC_REPRESENTATION_CONTEXT(2) 
PARAMETRIC_REPRESENTATION_CONTEXT() REPRESENTATION_CONTEXT('2D SPACE',''
  ) );
#16238 = PCURVE('',#7693,#16239);
#16239 = DEFINITIONAL_REPRESENTATION('',(#16240),#16244);
#16240 = LINE('',#16241,#16242);
#16241 = CARTESIAN_POINT('',(0.,-10.5));
#16242 = VECTOR('',#16243,1.);
#16243 = DIRECTION('',(1.,0.));
#16244 = ( GEOMETRIC_REPRESENTATION_CONTEXT(2) 
PARAMETRIC_REPRESENTATION_CONTEXT() REPRESENTATION_CONTEXT('2D SPACE',''
  ) );
#16245 = ORIENTED_EDGE('',*,*,#7593,.F.);
#16246 = ORIENTED_EDGE('',*,*,#16247,.T.);
#16247 = EDGE_CURVE('',#7594,#16248,#16250,.T.);
#16248 = VERTEX_POINT('',#16249);
#16249 = CARTESIAN_POINT('',(-9.5,-3.5,168.25));
#16250 = SURFACE_CURVE('',#16251,(#16255,#16262),.PCURVE_S1.);
#16251 = LINE('',#16252,#16253);
#16252 = CARTESIAN_POINT('',(-9.5,-3.5,156.3));
#16253 = VECTOR('',#16254,1.);
#16254 = DIRECTION('',(0.,0.,1.));
#16255 = PCURVE('',#7611,#16256);
#16256 = DEFINITIONAL_REPRESENTATION('',(#16257),#16261);
#16257 = LINE('',#16258,#16259);
#16258 = CARTESIAN_POINT('',(0.,0.));
#16259 = VECTOR('',#16260,1.);
#16260 = DIRECTION('',(1.,0.));
#16261 = ( GEOMETRIC_REPRESENTATION_CONTEXT(2) 
PARAMETRIC_REPRESENTATION_CONTEXT() REPRESENTATION_CONTEXT('2D SPACE',''
  ) );
#16262 = PCURVE('',#7639,#16263);
#16263 = DEFINITIONAL_REPRESENTATION('',(#16264),#16268);
#16264 = LINE('',#16265,#16266);
#16265 = CARTESIAN_POINT('',(0.,-10.5));
#16266 = VECTOR('',#16267,1.);
#16267 = DIRECTION('',(1.,0.));
#16268 = ( GEOMETRIC_REPRESENTATION_CONTEXT(2) 
PARAMETRIC_REPRESENTATION_CONTEXT() REPRESENTATION_CONTEXT('2D SPACE',''
  ) );
#16269 = ORIENTED_EDGE('',*,*,#16270,.F.);
#16270 = EDGE_CURVE('',#16224,#16248,#16271,.T.);
#16271 = SURFACE_CURVE('',#16272,(#16276,#16283),.PCURVE_S1.);
#16272 = LINE('',#16273,#16274);
#16273 = CARTESIAN_POINT('',(-9.5,-4.95,168.25));
#16274 = VECTOR('',#16275,1.);
#16275 = DIRECTION('',(-1.110223024625E-16,-1.,0.));
#16276 = PCURVE('',#7611,#16277);
#16277 = DEFINITIONAL_REPRESENTATION('',(#16278),#16282);
#16278 = LINE('',#16279,#16280);
#16279 = CARTESIAN_POINT('',(11.95,-1.45));
#16280 = VECTOR('',#16281,1.);
#16281 = DIRECTION('',(0.,-1.));
#16282 = ( GEOMETRIC_REPRESENTATION_CONTEXT(2) 
PARAMETRIC_REPRESENTATION_CONTEXT() REPRESENTATION_CONTEXT('2D SPACE',''
  ) );
#16283 = PCURVE('',#12018,#16284);
#16284 = DEFINITIONAL_REPRESENTATION('',(#16285),#16289);
#16285 = LINE('',#16286,#16287);
#16286 = CARTESIAN_POINT('',(1.45,21.1));
#16287 = VECTOR('',#16288,1.);
#16288 = DIRECTION('',(-1.,0.));
#16289 = ( GEOMETRIC_REPRESENTATION_CONTEXT(2) 
PARAMETRIC_REPRESENTATION_CONTEXT() REPRESENTATION_CONTEXT('2D SPACE',''
  ) );
#16290 = ADVANCED_FACE('',(#16291),#7693,.F.);
#16291 = FACE_BOUND('',#16292,.F.);
#16292 = EDGE_LOOP('',(#16293,#16316,#16317,#16318));
#16293 = ORIENTED_EDGE('',*,*,#16294,.F.);
#16294 = EDGE_CURVE('',#7652,#16295,#16297,.T.);
#16295 = VERTEX_POINT('',#16296);
#16296 = CARTESIAN_POINT('',(1.,3.5,168.25));
#16297 = SURFACE_CURVE('',#16298,(#16302,#16309),.PCURVE_S1.);
#16298 = LINE('',#16299,#16300);
#16299 = CARTESIAN_POINT('',(1.,3.5,156.3));
#16300 = VECTOR('',#16301,1.);
#16301 = DIRECTION('',(0.,0.,1.));
#16302 = PCURVE('',#7693,#16303);
#16303 = DEFINITIONAL_REPRESENTATION('',(#16304),#16308);
#16304 = LINE('',#16305,#16306);
#16305 = CARTESIAN_POINT('',(0.,0.));
#16306 = VECTOR('',#16307,1.);
#16307 = DIRECTION('',(1.,0.));
#16308 = ( GEOMETRIC_REPRESENTATION_CONTEXT(2) 
PARAMETRIC_REPRESENTATION_CONTEXT() REPRESENTATION_CONTEXT('2D SPACE',''
  ) );
#16309 = PCURVE('',#7667,#16310);
#16310 = DEFINITIONAL_REPRESENTATION('',(#16311),#16315);
#16311 = LINE('',#16312,#16313);
#16312 = CARTESIAN_POINT('',(0.,7.));
#16313 = VECTOR('',#16314,1.);
#16314 = DIRECTION('',(1.,0.));
#16315 = ( GEOMETRIC_REPRESENTATION_CONTEXT(2) 
PARAMETRIC_REPRESENTATION_CONTEXT() REPRESENTATION_CONTEXT('2D SPACE',''
  ) );
#16316 = ORIENTED_EDGE('',*,*,#7679,.F.);
#16317 = ORIENTED_EDGE('',*,*,#16223,.T.);
#16318 = ORIENTED_EDGE('',*,*,#16319,.F.);
#16319 = EDGE_CURVE('',#16295,#16224,#16320,.T.);
#16320 = SURFACE_CURVE('',#16321,(#16325,#16332),.PCURVE_S1.);
#16321 = LINE('',#16322,#16323);
#16322 = CARTESIAN_POINT('',(6.3,3.5,168.25));
#16323 = VECTOR('',#16324,1.);
#16324 = DIRECTION('',(-1.,1.110223024625E-16,0.));
#16325 = PCURVE('',#7693,#16326);
#16326 = DEFINITIONAL_REPRESENTATION('',(#16327),#16331);
#16327 = LINE('',#16328,#16329);
#16328 = CARTESIAN_POINT('',(11.95,5.3));
#16329 = VECTOR('',#16330,1.);
#16330 = DIRECTION('',(0.,-1.));
#16331 = ( GEOMETRIC_REPRESENTATION_CONTEXT(2) 
PARAMETRIC_REPRESENTATION_CONTEXT() REPRESENTATION_CONTEXT('2D SPACE',''
  ) );
#16332 = PCURVE('',#12018,#16333);
#16333 = DEFINITIONAL_REPRESENTATION('',(#16334),#16338);
#16334 = LINE('',#16335,#16336);
#16335 = CARTESIAN_POINT('',(9.9,5.3));
#16336 = VECTOR('',#16337,1.);
#16337 = DIRECTION('',(0.,1.));
#16338 = ( GEOMETRIC_REPRESENTATION_CONTEXT(2) 
PARAMETRIC_REPRESENTATION_CONTEXT() REPRESENTATION_CONTEXT('2D SPACE',''
  ) );
#16339 = ADVANCED_FACE('',(#16340),#7667,.T.);
#16340 = FACE_BOUND('',#16341,.T.);
#16341 = EDGE_LOOP('',(#16342,#16343,#16344,#16367));
#16342 = ORIENTED_EDGE('',*,*,#16294,.F.);
#16343 = ORIENTED_EDGE('',*,*,#7651,.F.);
#16344 = ORIENTED_EDGE('',*,*,#16345,.T.);
#16345 = EDGE_CURVE('',#7624,#16346,#16348,.T.);
#16346 = VERTEX_POINT('',#16347);
#16347 = CARTESIAN_POINT('',(1.,-3.5,168.25));
#16348 = SURFACE_CURVE('',#16349,(#16353,#16360),.PCURVE_S1.);
#16349 = LINE('',#16350,#16351);
#16350 = CARTESIAN_POINT('',(1.,-3.5,156.3));
#16351 = VECTOR('',#16352,1.);
#16352 = DIRECTION('',(0.,0.,1.));
#16353 = PCURVE('',#7667,#16354);
#16354 = DEFINITIONAL_REPRESENTATION('',(#16355),#16359);
#16355 = LINE('',#16356,#16357);
#16356 = CARTESIAN_POINT('',(0.,0.));
#16357 = VECTOR('',#16358,1.);
#16358 = DIRECTION('',(1.,0.));
#16359 = ( GEOMETRIC_REPRESENTATION_CONTEXT(2) 
PARAMETRIC_REPRESENTATION_CONTEXT() REPRESENTATION_CONTEXT('2D SPACE',''
  ) );
#16360 = PCURVE('',#7639,#16361);
#16361 = DEFINITIONAL_REPRESENTATION('',(#16362),#16366);
#16362 = LINE('',#16363,#16364);
#16363 = CARTESIAN_POINT('',(0.,0.));
#16364 = VECTOR('',#16365,1.);
#16365 = DIRECTION('',(1.,0.));
#16366 = ( GEOMETRIC_REPRESENTATION_CONTEXT(2) 
PARAMETRIC_REPRESENTATION_CONTEXT() REPRESENTATION_CONTEXT('2D SPACE',''
  ) );
#16367 = ORIENTED_EDGE('',*,*,#16368,.F.);
#16368 = EDGE_CURVE('',#16295,#16346,#16369,.T.);
#16369 = SURFACE_CURVE('',#16370,(#16374,#16381),.PCURVE_S1.);
#16370 = LINE('',#16371,#16372);
#16371 = CARTESIAN_POINT('',(1.,-4.95,168.25));
#16372 = VECTOR('',#16373,1.);
#16373 = DIRECTION('',(-1.110223024625E-16,-1.,0.));
#16374 = PCURVE('',#7667,#16375);
#16375 = DEFINITIONAL_REPRESENTATION('',(#16376),#16380);
#16376 = LINE('',#16377,#16378);
#16377 = CARTESIAN_POINT('',(11.95,-1.45));
#16378 = VECTOR('',#16379,1.);
#16379 = DIRECTION('',(0.,-1.));
#16380 = ( GEOMETRIC_REPRESENTATION_CONTEXT(2) 
PARAMETRIC_REPRESENTATION_CONTEXT() REPRESENTATION_CONTEXT('2D SPACE',''
  ) );
#16381 = PCURVE('',#12018,#16382);
#16382 = DEFINITIONAL_REPRESENTATION('',(#16383),#16387);
#16383 = LINE('',#16384,#16385);
#16384 = CARTESIAN_POINT('',(1.45,10.6));
#16385 = VECTOR('',#16386,1.);
#16386 = DIRECTION('',(-1.,0.));
#16387 = ( GEOMETRIC_REPRESENTATION_CONTEXT(2) 
PARAMETRIC_REPRESENTATION_CONTEXT() REPRESENTATION_CONTEXT('2D SPACE',''
  ) );
#16388 = ADVANCED_FACE('',(#16389),#7639,.T.);
#16389 = FACE_BOUND('',#16390,.T.);
#16390 = EDGE_LOOP('',(#16391,#16392,#16393,#16394));
#16391 = ORIENTED_EDGE('',*,*,#16345,.F.);
#16392 = ORIENTED_EDGE('',*,*,#7623,.F.);
#16393 = ORIENTED_EDGE('',*,*,#16247,.T.);
#16394 = ORIENTED_EDGE('',*,*,#16395,.F.);
#16395 = EDGE_CURVE('',#16346,#16248,#16396,.T.);
#16396 = SURFACE_CURVE('',#16397,(#16401,#16408),.PCURVE_S1.);
#16397 = LINE('',#16398,#16399);
#16398 = CARTESIAN_POINT('',(6.3,-3.5,168.25));
#16399 = VECTOR('',#16400,1.);
#16400 = DIRECTION('',(-1.,1.110223024625E-16,0.));
#16401 = PCURVE('',#7639,#16402);
#16402 = DEFINITIONAL_REPRESENTATION('',(#16403),#16407);
#16403 = LINE('',#16404,#16405);
#16404 = CARTESIAN_POINT('',(11.95,5.3));
#16405 = VECTOR('',#16406,1.);
#16406 = DIRECTION('',(0.,-1.));
#16407 = ( GEOMETRIC_REPRESENTATION_CONTEXT(2) 
PARAMETRIC_REPRESENTATION_CONTEXT() REPRESENTATION_CONTEXT('2D SPACE',''
  ) );
#16408 = PCURVE('',#12018,#16409);
#16409 = DEFINITIONAL_REPRESENTATION('',(#16410),#16414);
#16410 = LINE('',#16411,#16412);
#16411 = CARTESIAN_POINT('',(2.9,5.3));
#16412 = VECTOR('',#16413,1.);
#16413 = DIRECTION('',(0.,1.));
#16414 = ( GEOMETRIC_REPRESENTATION_CONTEXT(2) 
PARAMETRIC_REPRESENTATION_CONTEXT() REPRESENTATION_CONTEXT('2D SPACE',''
  ) );
#16415 = ADVANCED_FACE('',(#16416),#11899,.F.);
#16416 = FACE_BOUND('',#16417,.T.);
#16417 = EDGE_LOOP('',(#16418,#16419,#16442,#16469));
#16418 = ORIENTED_EDGE('',*,*,#11882,.T.);
#16419 = ORIENTED_EDGE('',*,*,#16420,.T.);
#16420 = EDGE_CURVE('',#11883,#16421,#16423,.T.);
#16421 = VERTEX_POINT('',#16422);
#16422 = CARTESIAN_POINT('',(-9.5,8.3,162.3));
#16423 = SEAM_CURVE('',#16424,(#16428,#16435),.PCURVE_S1.);
#16424 = LINE('',#16425,#16426);
#16425 = CARTESIAN_POINT('',(-20.5,8.3,162.3));
#16426 = VECTOR('',#16427,1.);
#16427 = DIRECTION('',(1.,-1.110223024625E-16,0.));
#16428 = PCURVE('',#11899,#16429);
#16429 = DEFINITIONAL_REPRESENTATION('',(#16430),#16434);
#16430 = LINE('',#16431,#16432);
#16431 = CARTESIAN_POINT('',(-6.28318530718,0.));
#16432 = VECTOR('',#16433,1.);
#16433 = DIRECTION('',(-0.,-1.));
#16434 = ( GEOMETRIC_REPRESENTATION_CONTEXT(2) 
PARAMETRIC_REPRESENTATION_CONTEXT() REPRESENTATION_CONTEXT('2D SPACE',''
  ) );
#16435 = PCURVE('',#11899,#16436);
#16436 = DEFINITIONAL_REPRESENTATION('',(#16437),#16441);
#16437 = LINE('',#16438,#16439);
#16438 = CARTESIAN_POINT('',(-0.,0.));
#16439 = VECTOR('',#16440,1.);
#16440 = DIRECTION('',(-0.,-1.));
#16441 = ( GEOMETRIC_REPRESENTATION_CONTEXT(2) 
PARAMETRIC_REPRESENTATION_CONTEXT() REPRESENTATION_CONTEXT('2D SPACE',''
  ) );
#16442 = ORIENTED_EDGE('',*,*,#16443,.T.);
#16443 = EDGE_CURVE('',#16421,#16421,#16444,.T.);
#16444 = SURFACE_CURVE('',#16445,(#16450,#16457),.PCURVE_S1.);
#16445 = CIRCLE('',#16446,1.3);
#16446 = AXIS2_PLACEMENT_3D('',#16447,#16448,#16449);
#16447 = CARTESIAN_POINT('',(-9.5,7.,162.3));
#16448 = DIRECTION('',(1.,-1.110223024625E-16,0.));
#16449 = DIRECTION('',(1.110223024625E-16,1.,0.));
#16450 = PCURVE('',#11899,#16451);
#16451 = DEFINITIONAL_REPRESENTATION('',(#16452),#16456);
#16452 = LINE('',#16453,#16454);
#16453 = CARTESIAN_POINT('',(-0.,-11.));
#16454 = VECTOR('',#16455,1.);
#16455 = DIRECTION('',(-1.,0.));
#16456 = ( GEOMETRIC_REPRESENTATION_CONTEXT(2) 
PARAMETRIC_REPRESENTATION_CONTEXT() REPRESENTATION_CONTEXT('2D SPACE',''
  ) );
#16457 = PCURVE('',#16458,#16463);
#16458 = PLANE('',#16459);
#16459 = AXIS2_PLACEMENT_3D('',#16460,#16461,#16462);
#16460 = CARTESIAN_POINT('',(-9.5,7.,162.3));
#16461 = DIRECTION('',(1.,-1.110223024625E-16,-0.));
#16462 = DIRECTION('',(0.,0.,-1.));
#16463 = DEFINITIONAL_REPRESENTATION('',(#16464),#16468);
#16464 = CIRCLE('',#16465,1.3);
#16465 = AXIS2_PLACEMENT_2D('',#16466,#16467);
#16466 = CARTESIAN_POINT('',(0.,-2.6645352591E-15));
#16467 = DIRECTION('',(0.,1.));
#16468 = ( GEOMETRIC_REPRESENTATION_CONTEXT(2) 
PARAMETRIC_REPRESENTATION_CONTEXT() REPRESENTATION_CONTEXT('2D SPACE',''
  ) );
#16469 = ORIENTED_EDGE('',*,*,#16420,.F.);
#16470 = ADVANCED_FACE('',(#16471),#11930,.F.);
#16471 = FACE_BOUND('',#16472,.T.);
#16472 = EDGE_LOOP('',(#16473,#16474,#16497,#16524));
#16473 = ORIENTED_EDGE('',*,*,#11913,.T.);
#16474 = ORIENTED_EDGE('',*,*,#16475,.T.);
#16475 = EDGE_CURVE('',#11914,#16476,#16478,.T.);
#16476 = VERTEX_POINT('',#16477);
#16477 = CARTESIAN_POINT('',(-9.5,-5.7,162.3));
#16478 = SEAM_CURVE('',#16479,(#16483,#16490),.PCURVE_S1.);
#16479 = LINE('',#16480,#16481);
#16480 = CARTESIAN_POINT('',(-20.5,-5.7,162.3));
#16481 = VECTOR('',#16482,1.);
#16482 = DIRECTION('',(1.,-1.110223024625E-16,0.));
#16483 = PCURVE('',#11930,#16484);
#16484 = DEFINITIONAL_REPRESENTATION('',(#16485),#16489);
#16485 = LINE('',#16486,#16487);
#16486 = CARTESIAN_POINT('',(-6.28318530718,0.));
#16487 = VECTOR('',#16488,1.);
#16488 = DIRECTION('',(-0.,-1.));
#16489 = ( GEOMETRIC_REPRESENTATION_CONTEXT(2) 
PARAMETRIC_REPRESENTATION_CONTEXT() REPRESENTATION_CONTEXT('2D SPACE',''
  ) );
#16490 = PCURVE('',#11930,#16491);
#16491 = DEFINITIONAL_REPRESENTATION('',(#16492),#16496);
#16492 = LINE('',#16493,#16494);
#16493 = CARTESIAN_POINT('',(-0.,0.));
#16494 = VECTOR('',#16495,1.);
#16495 = DIRECTION('',(-0.,-1.));
#16496 = ( GEOMETRIC_REPRESENTATION_CONTEXT(2) 
PARAMETRIC_REPRESENTATION_CONTEXT() REPRESENTATION_CONTEXT('2D SPACE',''
  ) );
#16497 = ORIENTED_EDGE('',*,*,#16498,.T.);
#16498 = EDGE_CURVE('',#16476,#16476,#16499,.T.);
#16499 = SURFACE_CURVE('',#16500,(#16505,#16512),.PCURVE_S1.);
#16500 = CIRCLE('',#16501,1.3);
#16501 = AXIS2_PLACEMENT_3D('',#16502,#16503,#16504);
#16502 = CARTESIAN_POINT('',(-9.5,-7.,162.3));
#16503 = DIRECTION('',(1.,-1.110223024625E-16,0.));
#16504 = DIRECTION('',(1.110223024625E-16,1.,0.));
#16505 = PCURVE('',#11930,#16506);
#16506 = DEFINITIONAL_REPRESENTATION('',(#16507),#16511);
#16507 = LINE('',#16508,#16509);
#16508 = CARTESIAN_POINT('',(-0.,-11.));
#16509 = VECTOR('',#16510,1.);
#16510 = DIRECTION('',(-1.,0.));
#16511 = ( GEOMETRIC_REPRESENTATION_CONTEXT(2) 
PARAMETRIC_REPRESENTATION_CONTEXT() REPRESENTATION_CONTEXT('2D SPACE',''
  ) );
#16512 = PCURVE('',#16513,#16518);
#16513 = PLANE('',#16514);
#16514 = AXIS2_PLACEMENT_3D('',#16515,#16516,#16517);
#16515 = CARTESIAN_POINT('',(-9.5,-7.,162.3));
#16516 = DIRECTION('',(1.,-1.110223024625E-16,-0.));
#16517 = DIRECTION('',(0.,0.,-1.));
#16518 = DEFINITIONAL_REPRESENTATION('',(#16519),#16523);
#16519 = CIRCLE('',#16520,1.3);
#16520 = AXIS2_PLACEMENT_2D('',#16521,#16522);
#16521 = CARTESIAN_POINT('',(-2.84217094304E-14,-1.7763568394E-15));
#16522 = DIRECTION('',(0.,1.));
#16523 = ( GEOMETRIC_REPRESENTATION_CONTEXT(2) 
PARAMETRIC_REPRESENTATION_CONTEXT() REPRESENTATION_CONTEXT('2D SPACE',''
  ) );
#16524 = ORIENTED_EDGE('',*,*,#16475,.F.);
#16525 = ADVANCED_FACE('',(#16526),#11962,.F.);
#16526 = FACE_BOUND('',#16527,.F.);
#16527 = EDGE_LOOP('',(#16528,#16551,#16579,#16600));
#16528 = ORIENTED_EDGE('',*,*,#16529,.F.);
#16529 = EDGE_CURVE('',#16530,#11945,#16532,.T.);
#16530 = VERTEX_POINT('',#16531);
#16531 = CARTESIAN_POINT('',(11.6,-6.4,201.55));
#16532 = SURFACE_CURVE('',#16533,(#16537,#16544),.PCURVE_S1.);
#16533 = LINE('',#16534,#16535);
#16534 = CARTESIAN_POINT('',(11.6,-6.4,201.55));
#16535 = VECTOR('',#16536,1.);
#16536 = DIRECTION('',(-1.,1.110223024625E-16,0.));
#16537 = PCURVE('',#11962,#16538);
#16538 = DEFINITIONAL_REPRESENTATION('',(#16539),#16543);
#16539 = LINE('',#16540,#16541);
#16540 = CARTESIAN_POINT('',(0.,0.));
#16541 = VECTOR('',#16542,1.);
#16542 = DIRECTION('',(0.,1.));
#16543 = ( GEOMETRIC_REPRESENTATION_CONTEXT(2) 
PARAMETRIC_REPRESENTATION_CONTEXT() REPRESENTATION_CONTEXT('2D SPACE',''
  ) );
#16544 = PCURVE('',#11990,#16545);
#16545 = DEFINITIONAL_REPRESENTATION('',(#16546),#16550);
#16546 = LINE('',#16547,#16548);
#16547 = CARTESIAN_POINT('',(33.3,0.));
#16548 = VECTOR('',#16549,1.);
#16549 = DIRECTION('',(0.,-1.));
#16550 = ( GEOMETRIC_REPRESENTATION_CONTEXT(2) 
PARAMETRIC_REPRESENTATION_CONTEXT() REPRESENTATION_CONTEXT('2D SPACE',''
  ) );
#16551 = ORIENTED_EDGE('',*,*,#16552,.T.);
#16552 = EDGE_CURVE('',#16530,#16553,#16555,.T.);
#16553 = VERTEX_POINT('',#16554);
#16554 = CARTESIAN_POINT('',(11.6,6.4,201.55));
#16555 = SURFACE_CURVE('',#16556,(#16560,#16567),.PCURVE_S1.);
#16556 = LINE('',#16557,#16558);
#16557 = CARTESIAN_POINT('',(11.6,-6.4,201.55));
#16558 = VECTOR('',#16559,1.);
#16559 = DIRECTION('',(1.110223024625E-16,1.,0.));
#16560 = PCURVE('',#11962,#16561);
#16561 = DEFINITIONAL_REPRESENTATION('',(#16562),#16566);
#16562 = LINE('',#16563,#16564);
#16563 = CARTESIAN_POINT('',(0.,0.));
#16564 = VECTOR('',#16565,1.);
#16565 = DIRECTION('',(1.,0.));
#16566 = ( GEOMETRIC_REPRESENTATION_CONTEXT(2) 
PARAMETRIC_REPRESENTATION_CONTEXT() REPRESENTATION_CONTEXT('2D SPACE',''
  ) );
#16567 = PCURVE('',#16568,#16573);
#16568 = PLANE('',#16569);
#16569 = AXIS2_PLACEMENT_3D('',#16570,#16571,#16572);
#16570 = CARTESIAN_POINT('',(11.6,-6.4,168.25));
#16571 = DIRECTION('',(-1.,1.110223024625E-16,0.));
#16572 = DIRECTION('',(0.,0.,1.));
#16573 = DEFINITIONAL_REPRESENTATION('',(#16574),#16578);
#16574 = LINE('',#16575,#16576);
#16575 = CARTESIAN_POINT('',(33.3,0.));
#16576 = VECTOR('',#16577,1.);
#16577 = DIRECTION('',(0.,1.));
#16578 = ( GEOMETRIC_REPRESENTATION_CONTEXT(2) 
PARAMETRIC_REPRESENTATION_CONTEXT() REPRESENTATION_CONTEXT('2D SPACE',''
  ) );
#16579 = ORIENTED_EDGE('',*,*,#16580,.T.);
#16580 = EDGE_CURVE('',#16553,#11947,#16581,.T.);
#16581 = SURFACE_CURVE('',#16582,(#16586,#16593),.PCURVE_S1.);
#16582 = LINE('',#16583,#16584);
#16583 = CARTESIAN_POINT('',(11.6,6.4,201.55));
#16584 = VECTOR('',#16585,1.);
#16585 = DIRECTION('',(-1.,1.110223024625E-16,0.));
#16586 = PCURVE('',#11962,#16587);
#16587 = DEFINITIONAL_REPRESENTATION('',(#16588),#16592);
#16588 = LINE('',#16589,#16590);
#16589 = CARTESIAN_POINT('',(12.8,1.42108547152E-15));
#16590 = VECTOR('',#16591,1.);
#16591 = DIRECTION('',(0.,1.));
#16592 = ( GEOMETRIC_REPRESENTATION_CONTEXT(2) 
PARAMETRIC_REPRESENTATION_CONTEXT() REPRESENTATION_CONTEXT('2D SPACE',''
  ) );
#16593 = PCURVE('',#12044,#16594);
#16594 = DEFINITIONAL_REPRESENTATION('',(#16595),#16599);
#16595 = LINE('',#16596,#16597);
#16596 = CARTESIAN_POINT('',(33.3,0.));
#16597 = VECTOR('',#16598,1.);
#16598 = DIRECTION('',(0.,-1.));
#16599 = ( GEOMETRIC_REPRESENTATION_CONTEXT(2) 
PARAMETRIC_REPRESENTATION_CONTEXT() REPRESENTATION_CONTEXT('2D SPACE',''
  ) );
#16600 = ORIENTED_EDGE('',*,*,#11944,.F.);
#16601 = ADVANCED_FACE('',(#16602),#11990,.T.);
#16602 = FACE_BOUND('',#16603,.T.);
#16603 = EDGE_LOOP('',(#16604,#16605,#16628,#16656,#16684,#16712,#16740,
    #16761));
#16604 = ORIENTED_EDGE('',*,*,#16529,.F.);
#16605 = ORIENTED_EDGE('',*,*,#16606,.F.);
#16606 = EDGE_CURVE('',#16607,#16530,#16609,.T.);
#16607 = VERTEX_POINT('',#16608);
#16608 = CARTESIAN_POINT('',(11.6,-6.4,196.5));
#16609 = SURFACE_CURVE('',#16610,(#16614,#16621),.PCURVE_S1.);
#16610 = LINE('',#16611,#16612);
#16611 = CARTESIAN_POINT('',(11.6,-6.4,168.25));
#16612 = VECTOR('',#16613,1.);
#16613 = DIRECTION('',(0.,0.,1.));
#16614 = PCURVE('',#11990,#16615);
#16615 = DEFINITIONAL_REPRESENTATION('',(#16616),#16620);
#16616 = LINE('',#16617,#16618);
#16617 = CARTESIAN_POINT('',(0.,0.));
#16618 = VECTOR('',#16619,1.);
#16619 = DIRECTION('',(1.,0.));
#16620 = ( GEOMETRIC_REPRESENTATION_CONTEXT(2) 
PARAMETRIC_REPRESENTATION_CONTEXT() REPRESENTATION_CONTEXT('2D SPACE',''
  ) );
#16621 = PCURVE('',#16568,#16622);
#16622 = DEFINITIONAL_REPRESENTATION('',(#16623),#16627);
#16623 = LINE('',#16624,#16625);
#16624 = CARTESIAN_POINT('',(0.,0.));
#16625 = VECTOR('',#16626,1.);
#16626 = DIRECTION('',(1.,0.));
#16627 = ( GEOMETRIC_REPRESENTATION_CONTEXT(2) 
PARAMETRIC_REPRESENTATION_CONTEXT() REPRESENTATION_CONTEXT('2D SPACE',''
  ) );
#16628 = ORIENTED_EDGE('',*,*,#16629,.F.);
#16629 = EDGE_CURVE('',#16630,#16607,#16632,.T.);
#16630 = VERTEX_POINT('',#16631);
#16631 = CARTESIAN_POINT('',(15.7,-6.4,196.5));
#16632 = SURFACE_CURVE('',#16633,(#16637,#16644),.PCURVE_S1.);
#16633 = LINE('',#16634,#16635);
#16634 = CARTESIAN_POINT('',(15.7,-6.4,196.5));
#16635 = VECTOR('',#16636,1.);
#16636 = DIRECTION('',(-1.,1.110223024625E-16,0.));
#16637 = PCURVE('',#11990,#16638);
#16638 = DEFINITIONAL_REPRESENTATION('',(#16639),#16643);
#16639 = LINE('',#16640,#16641);
#16640 = CARTESIAN_POINT('',(28.25,4.1));
#16641 = VECTOR('',#16642,1.);
#16642 = DIRECTION('',(0.,-1.));
#16643 = ( GEOMETRIC_REPRESENTATION_CONTEXT(2) 
PARAMETRIC_REPRESENTATION_CONTEXT() REPRESENTATION_CONTEXT('2D SPACE',''
  ) );
#16644 = PCURVE('',#16645,#16650);
#16645 = PLANE('',#16646);
#16646 = AXIS2_PLACEMENT_3D('',#16647,#16648,#16649);
#16647 = CARTESIAN_POINT('',(15.7,-6.4,196.5));
#16648 = DIRECTION('',(0.,0.,1.));
#16649 = DIRECTION('',(1.110223024625E-16,1.,0.));
#16650 = DEFINITIONAL_REPRESENTATION('',(#16651),#16655);
#16651 = LINE('',#16652,#16653);
#16652 = CARTESIAN_POINT('',(0.,0.));
#16653 = VECTOR('',#16654,1.);
#16654 = DIRECTION('',(0.,1.));
#16655 = ( GEOMETRIC_REPRESENTATION_CONTEXT(2) 
PARAMETRIC_REPRESENTATION_CONTEXT() REPRESENTATION_CONTEXT('2D SPACE',''
  ) );
#16656 = ORIENTED_EDGE('',*,*,#16657,.F.);
#16657 = EDGE_CURVE('',#16658,#16630,#16660,.T.);
#16658 = VERTEX_POINT('',#16659);
#16659 = CARTESIAN_POINT('',(15.7,-6.4,173.3));
#16660 = SURFACE_CURVE('',#16661,(#16665,#16672),.PCURVE_S1.);
#16661 = LINE('',#16662,#16663);
#16662 = CARTESIAN_POINT('',(15.7,-6.4,173.3));
#16663 = VECTOR('',#16664,1.);
#16664 = DIRECTION('',(0.,0.,1.));
#16665 = PCURVE('',#11990,#16666);
#16666 = DEFINITIONAL_REPRESENTATION('',(#16667),#16671);
#16667 = LINE('',#16668,#16669);
#16668 = CARTESIAN_POINT('',(5.05,4.1));
#16669 = VECTOR('',#16670,1.);
#16670 = DIRECTION('',(1.,0.));
#16671 = ( GEOMETRIC_REPRESENTATION_CONTEXT(2) 
PARAMETRIC_REPRESENTATION_CONTEXT() REPRESENTATION_CONTEXT('2D SPACE',''
  ) );
#16672 = PCURVE('',#16673,#16678);
#16673 = PLANE('',#16674);
#16674 = AXIS2_PLACEMENT_3D('',#16675,#16676,#16677);
#16675 = CARTESIAN_POINT('',(15.7,-6.4,173.3));
#16676 = DIRECTION('',(-1.,1.110223024625E-16,0.));
#16677 = DIRECTION('',(0.,0.,1.));
#16678 = DEFINITIONAL_REPRESENTATION('',(#16679),#16683);
#16679 = LINE('',#16680,#16681);
#16680 = CARTESIAN_POINT('',(0.,0.));
#16681 = VECTOR('',#16682,1.);
#16682 = DIRECTION('',(1.,0.));
#16683 = ( GEOMETRIC_REPRESENTATION_CONTEXT(2) 
PARAMETRIC_REPRESENTATION_CONTEXT() REPRESENTATION_CONTEXT('2D SPACE',''
  ) );
#16684 = ORIENTED_EDGE('',*,*,#16685,.T.);
#16685 = EDGE_CURVE('',#16658,#16686,#16688,.T.);
#16686 = VERTEX_POINT('',#16687);
#16687 = CARTESIAN_POINT('',(11.6,-6.4,173.3));
#16688 = SURFACE_CURVE('',#16689,(#16693,#16700),.PCURVE_S1.);
#16689 = LINE('',#16690,#16691);
#16690 = CARTESIAN_POINT('',(15.7,-6.4,173.3));
#16691 = VECTOR('',#16692,1.);
#16692 = DIRECTION('',(-1.,1.110223024625E-16,0.));
#16693 = PCURVE('',#11990,#16694);
#16694 = DEFINITIONAL_REPRESENTATION('',(#16695),#16699);
#16695 = LINE('',#16696,#16697);
#16696 = CARTESIAN_POINT('',(5.05,4.1));
#16697 = VECTOR('',#16698,1.);
#16698 = DIRECTION('',(0.,-1.));
#16699 = ( GEOMETRIC_REPRESENTATION_CONTEXT(2) 
PARAMETRIC_REPRESENTATION_CONTEXT() REPRESENTATION_CONTEXT('2D SPACE',''
  ) );
#16700 = PCURVE('',#16701,#16706);
#16701 = PLANE('',#16702);
#16702 = AXIS2_PLACEMENT_3D('',#16703,#16704,#16705);
#16703 = CARTESIAN_POINT('',(15.7,-6.4,173.3));
#16704 = DIRECTION('',(0.,0.,1.));
#16705 = DIRECTION('',(1.110223024625E-16,1.,0.));
#16706 = DEFINITIONAL_REPRESENTATION('',(#16707),#16711);
#16707 = LINE('',#16708,#16709);
#16708 = CARTESIAN_POINT('',(0.,0.));
#16709 = VECTOR('',#16710,1.);
#16710 = DIRECTION('',(0.,1.));
#16711 = ( GEOMETRIC_REPRESENTATION_CONTEXT(2) 
PARAMETRIC_REPRESENTATION_CONTEXT() REPRESENTATION_CONTEXT('2D SPACE',''
  ) );
#16712 = ORIENTED_EDGE('',*,*,#16713,.F.);
#16713 = EDGE_CURVE('',#16714,#16686,#16716,.T.);
#16714 = VERTEX_POINT('',#16715);
#16715 = CARTESIAN_POINT('',(11.6,-6.4,168.25));
#16716 = SURFACE_CURVE('',#16717,(#16721,#16728),.PCURVE_S1.);
#16717 = LINE('',#16718,#16719);
#16718 = CARTESIAN_POINT('',(11.6,-6.4,168.25));
#16719 = VECTOR('',#16720,1.);
#16720 = DIRECTION('',(0.,0.,1.));
#16721 = PCURVE('',#11990,#16722);
#16722 = DEFINITIONAL_REPRESENTATION('',(#16723),#16727);
#16723 = LINE('',#16724,#16725);
#16724 = CARTESIAN_POINT('',(0.,0.));
#16725 = VECTOR('',#16726,1.);
#16726 = DIRECTION('',(1.,0.));
#16727 = ( GEOMETRIC_REPRESENTATION_CONTEXT(2) 
PARAMETRIC_REPRESENTATION_CONTEXT() REPRESENTATION_CONTEXT('2D SPACE',''
  ) );
#16728 = PCURVE('',#16729,#16734);
#16729 = PLANE('',#16730);
#16730 = AXIS2_PLACEMENT_3D('',#16731,#16732,#16733);
#16731 = CARTESIAN_POINT('',(11.6,-6.4,168.25));
#16732 = DIRECTION('',(-1.,1.110223024625E-16,0.));
#16733 = DIRECTION('',(0.,0.,1.));
#16734 = DEFINITIONAL_REPRESENTATION('',(#16735),#16739);
#16735 = LINE('',#16736,#16737);
#16736 = CARTESIAN_POINT('',(0.,0.));
#16737 = VECTOR('',#16738,1.);
#16738 = DIRECTION('',(1.,0.));
#16739 = ( GEOMETRIC_REPRESENTATION_CONTEXT(2) 
PARAMETRIC_REPRESENTATION_CONTEXT() REPRESENTATION_CONTEXT('2D SPACE',''
  ) );
#16740 = ORIENTED_EDGE('',*,*,#16741,.T.);
#16741 = EDGE_CURVE('',#16714,#11975,#16742,.T.);
#16742 = SURFACE_CURVE('',#16743,(#16747,#16754),.PCURVE_S1.);
#16743 = LINE('',#16744,#16745);
#16744 = CARTESIAN_POINT('',(11.6,-6.4,168.25));
#16745 = VECTOR('',#16746,1.);
#16746 = DIRECTION('',(-1.,1.110223024625E-16,0.));
#16747 = PCURVE('',#11990,#16748);
#16748 = DEFINITIONAL_REPRESENTATION('',(#16749),#16753);
#16749 = LINE('',#16750,#16751);
#16750 = CARTESIAN_POINT('',(0.,0.));
#16751 = VECTOR('',#16752,1.);
#16752 = DIRECTION('',(0.,-1.));
#16753 = ( GEOMETRIC_REPRESENTATION_CONTEXT(2) 
PARAMETRIC_REPRESENTATION_CONTEXT() REPRESENTATION_CONTEXT('2D SPACE',''
  ) );
#16754 = PCURVE('',#12018,#16755);
#16755 = DEFINITIONAL_REPRESENTATION('',(#16756),#16760);
#16756 = LINE('',#16757,#16758);
#16757 = CARTESIAN_POINT('',(0.,0.));
#16758 = VECTOR('',#16759,1.);
#16759 = DIRECTION('',(0.,1.));
#16760 = ( GEOMETRIC_REPRESENTATION_CONTEXT(2) 
PARAMETRIC_REPRESENTATION_CONTEXT() REPRESENTATION_CONTEXT('2D SPACE',''
  ) );
#16761 = ORIENTED_EDGE('',*,*,#11974,.F.);
#16762 = ADVANCED_FACE('',(#16763),#12044,.F.);
#16763 = FACE_BOUND('',#16764,.F.);
#16764 = EDGE_LOOP('',(#16765,#16766,#16789,#16812,#16835,#16858,#16881,
    #16902));
#16765 = ORIENTED_EDGE('',*,*,#16580,.F.);
#16766 = ORIENTED_EDGE('',*,*,#16767,.F.);
#16767 = EDGE_CURVE('',#16768,#16553,#16770,.T.);
#16768 = VERTEX_POINT('',#16769);
#16769 = CARTESIAN_POINT('',(11.6,6.4,196.5));
#16770 = SURFACE_CURVE('',#16771,(#16775,#16782),.PCURVE_S1.);
#16771 = LINE('',#16772,#16773);
#16772 = CARTESIAN_POINT('',(11.6,6.4,168.25));
#16773 = VECTOR('',#16774,1.);
#16774 = DIRECTION('',(0.,0.,1.));
#16775 = PCURVE('',#12044,#16776);
#16776 = DEFINITIONAL_REPRESENTATION('',(#16777),#16781);
#16777 = LINE('',#16778,#16779);
#16778 = CARTESIAN_POINT('',(0.,0.));
#16779 = VECTOR('',#16780,1.);
#16780 = DIRECTION('',(1.,0.));
#16781 = ( GEOMETRIC_REPRESENTATION_CONTEXT(2) 
PARAMETRIC_REPRESENTATION_CONTEXT() REPRESENTATION_CONTEXT('2D SPACE',''
  ) );
#16782 = PCURVE('',#16568,#16783);
#16783 = DEFINITIONAL_REPRESENTATION('',(#16784),#16788);
#16784 = LINE('',#16785,#16786);
#16785 = CARTESIAN_POINT('',(0.,12.8));
#16786 = VECTOR('',#16787,1.);
#16787 = DIRECTION('',(1.,0.));
#16788 = ( GEOMETRIC_REPRESENTATION_CONTEXT(2) 
PARAMETRIC_REPRESENTATION_CONTEXT() REPRESENTATION_CONTEXT('2D SPACE',''
  ) );
#16789 = ORIENTED_EDGE('',*,*,#16790,.F.);
#16790 = EDGE_CURVE('',#16791,#16768,#16793,.T.);
#16791 = VERTEX_POINT('',#16792);
#16792 = CARTESIAN_POINT('',(15.7,6.4,196.5));
#16793 = SURFACE_CURVE('',#16794,(#16798,#16805),.PCURVE_S1.);
#16794 = LINE('',#16795,#16796);
#16795 = CARTESIAN_POINT('',(15.7,6.4,196.5));
#16796 = VECTOR('',#16797,1.);
#16797 = DIRECTION('',(-1.,1.110223024625E-16,0.));
#16798 = PCURVE('',#12044,#16799);
#16799 = DEFINITIONAL_REPRESENTATION('',(#16800),#16804);
#16800 = LINE('',#16801,#16802);
#16801 = CARTESIAN_POINT('',(28.25,4.1));
#16802 = VECTOR('',#16803,1.);
#16803 = DIRECTION('',(0.,-1.));
#16804 = ( GEOMETRIC_REPRESENTATION_CONTEXT(2) 
PARAMETRIC_REPRESENTATION_CONTEXT() REPRESENTATION_CONTEXT('2D SPACE',''
  ) );
#16805 = PCURVE('',#16645,#16806);
#16806 = DEFINITIONAL_REPRESENTATION('',(#16807),#16811);
#16807 = LINE('',#16808,#16809);
#16808 = CARTESIAN_POINT('',(12.8,1.42108547152E-15));
#16809 = VECTOR('',#16810,1.);
#16810 = DIRECTION('',(0.,1.));
#16811 = ( GEOMETRIC_REPRESENTATION_CONTEXT(2) 
PARAMETRIC_REPRESENTATION_CONTEXT() REPRESENTATION_CONTEXT('2D SPACE',''
  ) );
#16812 = ORIENTED_EDGE('',*,*,#16813,.F.);
#16813 = EDGE_CURVE('',#16814,#16791,#16816,.T.);
#16814 = VERTEX_POINT('',#16815);
#16815 = CARTESIAN_POINT('',(15.7,6.4,173.3));
#16816 = SURFACE_CURVE('',#16817,(#16821,#16828),.PCURVE_S1.);
#16817 = LINE('',#16818,#16819);
#16818 = CARTESIAN_POINT('',(15.7,6.4,173.3));
#16819 = VECTOR('',#16820,1.);
#16820 = DIRECTION('',(0.,0.,1.));
#16821 = PCURVE('',#12044,#16822);
#16822 = DEFINITIONAL_REPRESENTATION('',(#16823),#16827);
#16823 = LINE('',#16824,#16825);
#16824 = CARTESIAN_POINT('',(5.05,4.1));
#16825 = VECTOR('',#16826,1.);
#16826 = DIRECTION('',(1.,0.));
#16827 = ( GEOMETRIC_REPRESENTATION_CONTEXT(2) 
PARAMETRIC_REPRESENTATION_CONTEXT() REPRESENTATION_CONTEXT('2D SPACE',''
  ) );
#16828 = PCURVE('',#16673,#16829);
#16829 = DEFINITIONAL_REPRESENTATION('',(#16830),#16834);
#16830 = LINE('',#16831,#16832);
#16831 = CARTESIAN_POINT('',(0.,12.8));
#16832 = VECTOR('',#16833,1.);
#16833 = DIRECTION('',(1.,0.));
#16834 = ( GEOMETRIC_REPRESENTATION_CONTEXT(2) 
PARAMETRIC_REPRESENTATION_CONTEXT() REPRESENTATION_CONTEXT('2D SPACE',''
  ) );
#16835 = ORIENTED_EDGE('',*,*,#16836,.T.);
#16836 = EDGE_CURVE('',#16814,#16837,#16839,.T.);
#16837 = VERTEX_POINT('',#16838);
#16838 = CARTESIAN_POINT('',(11.6,6.4,173.3));
#16839 = SURFACE_CURVE('',#16840,(#16844,#16851),.PCURVE_S1.);
#16840 = LINE('',#16841,#16842);
#16841 = CARTESIAN_POINT('',(15.7,6.4,173.3));
#16842 = VECTOR('',#16843,1.);
#16843 = DIRECTION('',(-1.,1.110223024625E-16,0.));
#16844 = PCURVE('',#12044,#16845);
#16845 = DEFINITIONAL_REPRESENTATION('',(#16846),#16850);
#16846 = LINE('',#16847,#16848);
#16847 = CARTESIAN_POINT('',(5.05,4.1));
#16848 = VECTOR('',#16849,1.);
#16849 = DIRECTION('',(0.,-1.));
#16850 = ( GEOMETRIC_REPRESENTATION_CONTEXT(2) 
PARAMETRIC_REPRESENTATION_CONTEXT() REPRESENTATION_CONTEXT('2D SPACE',''
  ) );
#16851 = PCURVE('',#16701,#16852);
#16852 = DEFINITIONAL_REPRESENTATION('',(#16853),#16857);
#16853 = LINE('',#16854,#16855);
#16854 = CARTESIAN_POINT('',(12.8,1.42108547152E-15));
#16855 = VECTOR('',#16856,1.);
#16856 = DIRECTION('',(0.,1.));
#16857 = ( GEOMETRIC_REPRESENTATION_CONTEXT(2) 
PARAMETRIC_REPRESENTATION_CONTEXT() REPRESENTATION_CONTEXT('2D SPACE',''
  ) );
#16858 = ORIENTED_EDGE('',*,*,#16859,.F.);
#16859 = EDGE_CURVE('',#16860,#16837,#16862,.T.);
#16860 = VERTEX_POINT('',#16861);
#16861 = CARTESIAN_POINT('',(11.6,6.4,168.25));
#16862 = SURFACE_CURVE('',#16863,(#16867,#16874),.PCURVE_S1.);
#16863 = LINE('',#16864,#16865);
#16864 = CARTESIAN_POINT('',(11.6,6.4,168.25));
#16865 = VECTOR('',#16866,1.);
#16866 = DIRECTION('',(0.,0.,1.));
#16867 = PCURVE('',#12044,#16868);
#16868 = DEFINITIONAL_REPRESENTATION('',(#16869),#16873);
#16869 = LINE('',#16870,#16871);
#16870 = CARTESIAN_POINT('',(0.,0.));
#16871 = VECTOR('',#16872,1.);
#16872 = DIRECTION('',(1.,0.));
#16873 = ( GEOMETRIC_REPRESENTATION_CONTEXT(2) 
PARAMETRIC_REPRESENTATION_CONTEXT() REPRESENTATION_CONTEXT('2D SPACE',''
  ) );
#16874 = PCURVE('',#16729,#16875);
#16875 = DEFINITIONAL_REPRESENTATION('',(#16876),#16880);
#16876 = LINE('',#16877,#16878);
#16877 = CARTESIAN_POINT('',(0.,12.8));
#16878 = VECTOR('',#16879,1.);
#16879 = DIRECTION('',(1.,0.));
#16880 = ( GEOMETRIC_REPRESENTATION_CONTEXT(2) 
PARAMETRIC_REPRESENTATION_CONTEXT() REPRESENTATION_CONTEXT('2D SPACE',''
  ) );
#16881 = ORIENTED_EDGE('',*,*,#16882,.T.);
#16882 = EDGE_CURVE('',#16860,#12003,#16883,.T.);
#16883 = SURFACE_CURVE('',#16884,(#16888,#16895),.PCURVE_S1.);
#16884 = LINE('',#16885,#16886);
#16885 = CARTESIAN_POINT('',(11.6,6.4,168.25));
#16886 = VECTOR('',#16887,1.);
#16887 = DIRECTION('',(-1.,1.110223024625E-16,0.));
#16888 = PCURVE('',#12044,#16889);
#16889 = DEFINITIONAL_REPRESENTATION('',(#16890),#16894);
#16890 = LINE('',#16891,#16892);
#16891 = CARTESIAN_POINT('',(0.,0.));
#16892 = VECTOR('',#16893,1.);
#16893 = DIRECTION('',(0.,-1.));
#16894 = ( GEOMETRIC_REPRESENTATION_CONTEXT(2) 
PARAMETRIC_REPRESENTATION_CONTEXT() REPRESENTATION_CONTEXT('2D SPACE',''
  ) );
#16895 = PCURVE('',#12018,#16896);
#16896 = DEFINITIONAL_REPRESENTATION('',(#16897),#16901);
#16897 = LINE('',#16898,#16899);
#16898 = CARTESIAN_POINT('',(12.8,1.42108547152E-15));
#16899 = VECTOR('',#16900,1.);
#16900 = DIRECTION('',(0.,1.));
#16901 = ( GEOMETRIC_REPRESENTATION_CONTEXT(2) 
PARAMETRIC_REPRESENTATION_CONTEXT() REPRESENTATION_CONTEXT('2D SPACE',''
  ) );
#16902 = ORIENTED_EDGE('',*,*,#12030,.F.);
#16903 = ADVANCED_FACE('',(#16904,#16930),#12018,.T.);
#16904 = FACE_BOUND('',#16905,.T.);
#16905 = EDGE_LOOP('',(#16906,#16907,#16928,#16929));
#16906 = ORIENTED_EDGE('',*,*,#16741,.F.);
#16907 = ORIENTED_EDGE('',*,*,#16908,.T.);
#16908 = EDGE_CURVE('',#16714,#16860,#16909,.T.);
#16909 = SURFACE_CURVE('',#16910,(#16914,#16921),.PCURVE_S1.);
#16910 = LINE('',#16911,#16912);
#16911 = CARTESIAN_POINT('',(11.6,-6.4,168.25));
#16912 = VECTOR('',#16913,1.);
#16913 = DIRECTION('',(1.110223024625E-16,1.,0.));
#16914 = PCURVE('',#12018,#16915);
#16915 = DEFINITIONAL_REPRESENTATION('',(#16916),#16920);
#16916 = LINE('',#16917,#16918);
#16917 = CARTESIAN_POINT('',(0.,0.));
#16918 = VECTOR('',#16919,1.);
#16919 = DIRECTION('',(1.,0.));
#16920 = ( GEOMETRIC_REPRESENTATION_CONTEXT(2) 
PARAMETRIC_REPRESENTATION_CONTEXT() REPRESENTATION_CONTEXT('2D SPACE',''
  ) );
#16921 = PCURVE('',#16729,#16922);
#16922 = DEFINITIONAL_REPRESENTATION('',(#16923),#16927);
#16923 = LINE('',#16924,#16925);
#16924 = CARTESIAN_POINT('',(0.,0.));
#16925 = VECTOR('',#16926,1.);
#16926 = DIRECTION('',(0.,1.));
#16927 = ( GEOMETRIC_REPRESENTATION_CONTEXT(2) 
PARAMETRIC_REPRESENTATION_CONTEXT() REPRESENTATION_CONTEXT('2D SPACE',''
  ) );
#16928 = ORIENTED_EDGE('',*,*,#16882,.T.);
#16929 = ORIENTED_EDGE('',*,*,#12002,.F.);
#16930 = FACE_BOUND('',#16931,.T.);
#16931 = EDGE_LOOP('',(#16932,#16933,#16934,#16935));
#16932 = ORIENTED_EDGE('',*,*,#16368,.T.);
#16933 = ORIENTED_EDGE('',*,*,#16395,.T.);
#16934 = ORIENTED_EDGE('',*,*,#16270,.F.);
#16935 = ORIENTED_EDGE('',*,*,#16319,.F.);
#16936 = ADVANCED_FACE('',(#16937,#16940),#15938,.T.);
#16937 = FACE_BOUND('',#16938,.T.);
#16938 = EDGE_LOOP('',(#16939));
#16939 = ORIENTED_EDGE('',*,*,#15921,.T.);
#16940 = FACE_BOUND('',#16941,.T.);
#16941 = EDGE_LOOP('',(#16942));
#16942 = ORIENTED_EDGE('',*,*,#16943,.T.);
#16943 = EDGE_CURVE('',#16944,#16944,#16946,.T.);
#16944 = VERTEX_POINT('',#16945);
#16945 = CARTESIAN_POINT('',(21.7,2.6,95.3));
#16946 = SURFACE_CURVE('',#16947,(#16952,#16963),.PCURVE_S1.);
#16947 = CIRCLE('',#16948,2.6);
#16948 = AXIS2_PLACEMENT_3D('',#16949,#16950,#16951);
#16949 = CARTESIAN_POINT('',(21.7,-2.409183963437E-15,95.3));
#16950 = DIRECTION('',(-1.,1.110223024625E-16,0.));
#16951 = DIRECTION('',(1.110223024625E-16,1.,0.));
#16952 = PCURVE('',#15938,#16953);
#16953 = DEFINITIONAL_REPRESENTATION('',(#16954),#16962);
#16954 = ( BOUNDED_CURVE() B_SPLINE_CURVE(2,(#16955,#16956,#16957,#16958
    ,#16959,#16960,#16961),.UNSPECIFIED.,.T.,.F.) 
B_SPLINE_CURVE_WITH_KNOTS((1,2,2,2,2,1),(-2.094395102393,0.,
    2.094395102393,4.188790204786,6.28318530718,8.377580409573),
.UNSPECIFIED.) CURVE() GEOMETRIC_REPRESENTATION_ITEM() 
RATIONAL_B_SPLINE_CURVE((1.,0.5,1.,0.5,1.,0.5,1.)) REPRESENTATION_ITEM(
  '') );
#16955 = CARTESIAN_POINT('',(0.,2.6));
#16956 = CARTESIAN_POINT('',(4.503332099679,2.6));
#16957 = CARTESIAN_POINT('',(2.25166604984,-1.3));
#16958 = CARTESIAN_POINT('',(6.368163355566E-16,-5.2));
#16959 = CARTESIAN_POINT('',(-2.25166604984,-1.3));
#16960 = CARTESIAN_POINT('',(-4.503332099679,2.6));
#16961 = CARTESIAN_POINT('',(0.,2.6));
#16962 = ( GEOMETRIC_REPRESENTATION_CONTEXT(2) 
PARAMETRIC_REPRESENTATION_CONTEXT() REPRESENTATION_CONTEXT('2D SPACE',''
  ) );
#16963 = PCURVE('',#16208,#16964);
#16964 = DEFINITIONAL_REPRESENTATION('',(#16965),#16969);
#16965 = LINE('',#16966,#16967);
#16966 = CARTESIAN_POINT('',(-6.28318530718,-4.4));
#16967 = VECTOR('',#16968,1.);
#16968 = DIRECTION('',(1.,-0.));
#16969 = ( GEOMETRIC_REPRESENTATION_CONTEXT(2) 
PARAMETRIC_REPRESENTATION_CONTEXT() REPRESENTATION_CONTEXT('2D SPACE',''
  ) );
#16970 = ADVANCED_FACE('',(#16971,#17002),#15993,.F.);
#16971 = FACE_BOUND('',#16972,.F.);
#16972 = EDGE_LOOP('',(#16973));
#16973 = ORIENTED_EDGE('',*,*,#16974,.T.);
#16974 = EDGE_CURVE('',#16975,#16975,#16977,.T.);
#16975 = VERTEX_POINT('',#16976);
#16976 = CARTESIAN_POINT('',(19.7,6.3,190.3));
#16977 = SURFACE_CURVE('',#16978,(#16983,#16990),.PCURVE_S1.);
#16978 = CIRCLE('',#16979,6.3);
#16979 = AXIS2_PLACEMENT_3D('',#16980,#16981,#16982);
#16980 = CARTESIAN_POINT('',(19.7,-2.187139358512E-15,190.3));
#16981 = DIRECTION('',(1.,-1.110223024625E-16,0.));
#16982 = DIRECTION('',(1.110223024625E-16,1.,0.));
#16983 = PCURVE('',#15993,#16984);
#16984 = DEFINITIONAL_REPRESENTATION('',(#16985),#16989);
#16985 = CIRCLE('',#16986,6.3);
#16986 = AXIS2_PLACEMENT_2D('',#16987,#16988);
#16987 = CARTESIAN_POINT('',(2.84217094304E-14,1.302323935752E-15));
#16988 = DIRECTION('',(0.,1.));
#16989 = ( GEOMETRIC_REPRESENTATION_CONTEXT(2) 
PARAMETRIC_REPRESENTATION_CONTEXT() REPRESENTATION_CONTEXT('2D SPACE',''
  ) );
#16990 = PCURVE('',#16991,#16996);
#16991 = CYLINDRICAL_SURFACE('',#16992,6.3);
#16992 = AXIS2_PLACEMENT_3D('',#16993,#16994,#16995);
#16993 = CARTESIAN_POINT('',(14.5,-1.609823385706E-15,190.3));
#16994 = DIRECTION('',(-1.,1.110223024625E-16,0.));
#16995 = DIRECTION('',(1.110223024625E-16,1.,0.));
#16996 = DEFINITIONAL_REPRESENTATION('',(#16997),#17001);
#16997 = LINE('',#16998,#16999);
#16998 = CARTESIAN_POINT('',(-0.,-5.2));
#16999 = VECTOR('',#17000,1.);
#17000 = DIRECTION('',(-1.,0.));
#17001 = ( GEOMETRIC_REPRESENTATION_CONTEXT(2) 
PARAMETRIC_REPRESENTATION_CONTEXT() REPRESENTATION_CONTEXT('2D SPACE',''
  ) );
#17002 = FACE_BOUND('',#17003,.F.);
#17003 = EDGE_LOOP('',(#17004));
#17004 = ORIENTED_EDGE('',*,*,#15976,.T.);
#17005 = ADVANCED_FACE('',(#17006),#16146,.F.);
#17006 = FACE_BOUND('',#17007,.T.);
#17007 = EDGE_LOOP('',(#17008,#17009,#17032,#17059));
#17008 = ORIENTED_EDGE('',*,*,#16129,.T.);
#17009 = ORIENTED_EDGE('',*,*,#17010,.T.);
#17010 = EDGE_CURVE('',#16130,#17011,#17013,.T.);
#17011 = VERTEX_POINT('',#17012);
#17012 = CARTESIAN_POINT('',(22.8,0.75,82.8));
#17013 = SEAM_CURVE('',#17014,(#17018,#17025),.PCURVE_S1.);
#17014 = LINE('',#17015,#17016);
#17015 = CARTESIAN_POINT('',(18.3,0.75,82.8));
#17016 = VECTOR('',#17017,1.);
#17017 = DIRECTION('',(1.,-1.110223024625E-16,0.));
#17018 = PCURVE('',#16146,#17019);
#17019 = DEFINITIONAL_REPRESENTATION('',(#17020),#17024);
#17020 = LINE('',#17021,#17022);
#17021 = CARTESIAN_POINT('',(-6.28318530718,0.));
#17022 = VECTOR('',#17023,1.);
#17023 = DIRECTION('',(-0.,-1.));
#17024 = ( GEOMETRIC_REPRESENTATION_CONTEXT(2) 
PARAMETRIC_REPRESENTATION_CONTEXT() REPRESENTATION_CONTEXT('2D SPACE',''
  ) );
#17025 = PCURVE('',#16146,#17026);
#17026 = DEFINITIONAL_REPRESENTATION('',(#17027),#17031);
#17027 = LINE('',#17028,#17029);
#17028 = CARTESIAN_POINT('',(-0.,0.));
#17029 = VECTOR('',#17030,1.);
#17030 = DIRECTION('',(-0.,-1.));
#17031 = ( GEOMETRIC_REPRESENTATION_CONTEXT(2) 
PARAMETRIC_REPRESENTATION_CONTEXT() REPRESENTATION_CONTEXT('2D SPACE',''
  ) );
#17032 = ORIENTED_EDGE('',*,*,#17033,.T.);
#17033 = EDGE_CURVE('',#17011,#17011,#17034,.T.);
#17034 = SURFACE_CURVE('',#17035,(#17040,#17047),.PCURVE_S1.);
#17035 = CIRCLE('',#17036,0.75);
#17036 = AXIS2_PLACEMENT_3D('',#17037,#17038,#17039);
#17037 = CARTESIAN_POINT('',(22.8,-2.531308496145E-15,82.8));
#17038 = DIRECTION('',(1.,-1.110223024625E-16,0.));
#17039 = DIRECTION('',(1.110223024625E-16,1.,0.));
#17040 = PCURVE('',#16146,#17041);
#17041 = DEFINITIONAL_REPRESENTATION('',(#17042),#17046);
#17042 = LINE('',#17043,#17044);
#17043 = CARTESIAN_POINT('',(-0.,-4.5));
#17044 = VECTOR('',#17045,1.);
#17045 = DIRECTION('',(-1.,0.));
#17046 = ( GEOMETRIC_REPRESENTATION_CONTEXT(2) 
PARAMETRIC_REPRESENTATION_CONTEXT() REPRESENTATION_CONTEXT('2D SPACE',''
  ) );
#17047 = PCURVE('',#17048,#17053);
#17048 = PLANE('',#17049);
#17049 = AXIS2_PLACEMENT_3D('',#17050,#17051,#17052);
#17050 = CARTESIAN_POINT('',(22.8,-2.588285168334E-15,82.8));
#17051 = DIRECTION('',(1.,-1.110223024625E-16,-0.));
#17052 = DIRECTION('',(0.,0.,-1.));
#17053 = DEFINITIONAL_REPRESENTATION('',(#17054),#17058);
#17054 = CIRCLE('',#17055,0.75);
#17055 = AXIS2_PLACEMENT_2D('',#17056,#17057);
#17056 = CARTESIAN_POINT('',(0.,5.697667218914E-17));
#17057 = DIRECTION('',(0.,1.));
#17058 = ( GEOMETRIC_REPRESENTATION_CONTEXT(2) 
PARAMETRIC_REPRESENTATION_CONTEXT() REPRESENTATION_CONTEXT('2D SPACE',''
  ) );
#17059 = ORIENTED_EDGE('',*,*,#17010,.F.);
#17060 = ADVANCED_FACE('',(#17061),#16177,.F.);
#17061 = FACE_BOUND('',#17062,.T.);
#17062 = EDGE_LOOP('',(#17063,#17064,#17087,#17114));
#17063 = ORIENTED_EDGE('',*,*,#16160,.T.);
#17064 = ORIENTED_EDGE('',*,*,#17065,.T.);
#17065 = EDGE_CURVE('',#16161,#17066,#17068,.T.);
#17066 = VERTEX_POINT('',#17067);
#17067 = CARTESIAN_POINT('',(22.8,0.75,107.8));
#17068 = SEAM_CURVE('',#17069,(#17073,#17080),.PCURVE_S1.);
#17069 = LINE('',#17070,#17071);
#17070 = CARTESIAN_POINT('',(18.3,0.75,107.8));
#17071 = VECTOR('',#17072,1.);
#17072 = DIRECTION('',(1.,-1.110223024625E-16,0.));
#17073 = PCURVE('',#16177,#17074);
#17074 = DEFINITIONAL_REPRESENTATION('',(#17075),#17079);
#17075 = LINE('',#17076,#17077);
#17076 = CARTESIAN_POINT('',(-6.28318530718,0.));
#17077 = VECTOR('',#17078,1.);
#17078 = DIRECTION('',(-0.,-1.));
#17079 = ( GEOMETRIC_REPRESENTATION_CONTEXT(2) 
PARAMETRIC_REPRESENTATION_CONTEXT() REPRESENTATION_CONTEXT('2D SPACE',''
  ) );
#17080 = PCURVE('',#16177,#17081);
#17081 = DEFINITIONAL_REPRESENTATION('',(#17082),#17086);
#17082 = LINE('',#17083,#17084);
#17083 = CARTESIAN_POINT('',(-0.,0.));
#17084 = VECTOR('',#17085,1.);
#17085 = DIRECTION('',(-0.,-1.));
#17086 = ( GEOMETRIC_REPRESENTATION_CONTEXT(2) 
PARAMETRIC_REPRESENTATION_CONTEXT() REPRESENTATION_CONTEXT('2D SPACE',''
  ) );
#17087 = ORIENTED_EDGE('',*,*,#17088,.T.);
#17088 = EDGE_CURVE('',#17066,#17066,#17089,.T.);
#17089 = SURFACE_CURVE('',#17090,(#17095,#17102),.PCURVE_S1.);
#17090 = CIRCLE('',#17091,0.75);
#17091 = AXIS2_PLACEMENT_3D('',#17092,#17093,#17094);
#17092 = CARTESIAN_POINT('',(22.8,-2.531308496145E-15,107.8));
#17093 = DIRECTION('',(1.,-1.110223024625E-16,0.));
#17094 = DIRECTION('',(1.110223024625E-16,1.,0.));
#17095 = PCURVE('',#16177,#17096);
#17096 = DEFINITIONAL_REPRESENTATION('',(#17097),#17101);
#17097 = LINE('',#17098,#17099);
#17098 = CARTESIAN_POINT('',(-0.,-4.5));
#17099 = VECTOR('',#17100,1.);
#17100 = DIRECTION('',(-1.,0.));
#17101 = ( GEOMETRIC_REPRESENTATION_CONTEXT(2) 
PARAMETRIC_REPRESENTATION_CONTEXT() REPRESENTATION_CONTEXT('2D SPACE',''
  ) );
#17102 = PCURVE('',#17103,#17108);
#17103 = PLANE('',#17104);
#17104 = AXIS2_PLACEMENT_3D('',#17105,#17106,#17107);
#17105 = CARTESIAN_POINT('',(22.8,-2.588285168334E-15,107.8));
#17106 = DIRECTION('',(1.,-1.110223024625E-16,-0.));
#17107 = DIRECTION('',(0.,0.,-1.));
#17108 = DEFINITIONAL_REPRESENTATION('',(#17109),#17113);
#17109 = CIRCLE('',#17110,0.75);
#17110 = AXIS2_PLACEMENT_2D('',#17111,#17112);
#17111 = CARTESIAN_POINT('',(0.,5.697667218914E-17));
#17112 = DIRECTION('',(0.,1.));
#17113 = ( GEOMETRIC_REPRESENTATION_CONTEXT(2) 
PARAMETRIC_REPRESENTATION_CONTEXT() REPRESENTATION_CONTEXT('2D SPACE',''
  ) );
#17114 = ORIENTED_EDGE('',*,*,#17065,.F.);
#17115 = ADVANCED_FACE('',(#17116),#16208,.F.);
#17116 = FACE_BOUND('',#17117,.T.);
#17117 = EDGE_LOOP('',(#17118,#17139,#17140,#17141));
#17118 = ORIENTED_EDGE('',*,*,#17119,.F.);
#17119 = EDGE_CURVE('',#16192,#16944,#17120,.T.);
#17120 = SEAM_CURVE('',#17121,(#17125,#17132),.PCURVE_S1.);
#17121 = LINE('',#17122,#17123);
#17122 = CARTESIAN_POINT('',(17.3,2.6,95.3));
#17123 = VECTOR('',#17124,1.);
#17124 = DIRECTION('',(1.,-1.110223024625E-16,0.));
#17125 = PCURVE('',#16208,#17126);
#17126 = DEFINITIONAL_REPRESENTATION('',(#17127),#17131);
#17127 = LINE('',#17128,#17129);
#17128 = CARTESIAN_POINT('',(-6.28318530718,0.));
#17129 = VECTOR('',#17130,1.);
#17130 = DIRECTION('',(-0.,-1.));
#17131 = ( GEOMETRIC_REPRESENTATION_CONTEXT(2) 
PARAMETRIC_REPRESENTATION_CONTEXT() REPRESENTATION_CONTEXT('2D SPACE',''
  ) );
#17132 = PCURVE('',#16208,#17133);
#17133 = DEFINITIONAL_REPRESENTATION('',(#17134),#17138);
#17134 = LINE('',#17135,#17136);
#17135 = CARTESIAN_POINT('',(-0.,0.));
#17136 = VECTOR('',#17137,1.);
#17137 = DIRECTION('',(-0.,-1.));
#17138 = ( GEOMETRIC_REPRESENTATION_CONTEXT(2) 
PARAMETRIC_REPRESENTATION_CONTEXT() REPRESENTATION_CONTEXT('2D SPACE',''
  ) );
#17139 = ORIENTED_EDGE('',*,*,#16191,.T.);
#17140 = ORIENTED_EDGE('',*,*,#17119,.T.);
#17141 = ORIENTED_EDGE('',*,*,#16943,.F.);
#17142 = ADVANCED_FACE('',(#17143),#16458,.F.);
#17143 = FACE_BOUND('',#17144,.F.);
#17144 = EDGE_LOOP('',(#17145));
#17145 = ORIENTED_EDGE('',*,*,#16443,.T.);
#17146 = ADVANCED_FACE('',(#17147),#16513,.F.);
#17147 = FACE_BOUND('',#17148,.F.);
#17148 = EDGE_LOOP('',(#17149));
#17149 = ORIENTED_EDGE('',*,*,#16498,.T.);
#17150 = ADVANCED_FACE('',(#17151),#16568,.T.);
#17151 = FACE_BOUND('',#17152,.T.);
#17152 = EDGE_LOOP('',(#17153,#17154,#17175,#17176));
#17153 = ORIENTED_EDGE('',*,*,#16767,.F.);
#17154 = ORIENTED_EDGE('',*,*,#17155,.F.);
#17155 = EDGE_CURVE('',#16607,#16768,#17156,.T.);
#17156 = SURFACE_CURVE('',#17157,(#17161,#17168),.PCURVE_S1.);
#17157 = LINE('',#17158,#17159);
#17158 = CARTESIAN_POINT('',(11.6,-6.4,196.5));
#17159 = VECTOR('',#17160,1.);
#17160 = DIRECTION('',(1.110223024625E-16,1.,0.));
#17161 = PCURVE('',#16568,#17162);
#17162 = DEFINITIONAL_REPRESENTATION('',(#17163),#17167);
#17163 = LINE('',#17164,#17165);
#17164 = CARTESIAN_POINT('',(28.25,0.));
#17165 = VECTOR('',#17166,1.);
#17166 = DIRECTION('',(0.,1.));
#17167 = ( GEOMETRIC_REPRESENTATION_CONTEXT(2) 
PARAMETRIC_REPRESENTATION_CONTEXT() REPRESENTATION_CONTEXT('2D SPACE',''
  ) );
#17168 = PCURVE('',#16645,#17169);
#17169 = DEFINITIONAL_REPRESENTATION('',(#17170),#17174);
#17170 = LINE('',#17171,#17172);
#17171 = CARTESIAN_POINT('',(4.329869796038E-16,4.1));
#17172 = VECTOR('',#17173,1.);
#17173 = DIRECTION('',(1.,0.));
#17174 = ( GEOMETRIC_REPRESENTATION_CONTEXT(2) 
PARAMETRIC_REPRESENTATION_CONTEXT() REPRESENTATION_CONTEXT('2D SPACE',''
  ) );
#17175 = ORIENTED_EDGE('',*,*,#16606,.T.);
#17176 = ORIENTED_EDGE('',*,*,#16552,.T.);
#17177 = ADVANCED_FACE('',(#17178),#16645,.F.);
#17178 = FACE_BOUND('',#17179,.F.);
#17179 = EDGE_LOOP('',(#17180,#17181,#17204,#17227,#17255,#17278,#17299,
    #17300));
#17180 = ORIENTED_EDGE('',*,*,#16629,.F.);
#17181 = ORIENTED_EDGE('',*,*,#17182,.T.);
#17182 = EDGE_CURVE('',#16630,#17183,#17185,.T.);
#17183 = VERTEX_POINT('',#17184);
#17184 = CARTESIAN_POINT('',(15.7,-1.118033988754,196.5));
#17185 = SURFACE_CURVE('',#17186,(#17190,#17197),.PCURVE_S1.);
#17186 = LINE('',#17187,#17188);
#17187 = CARTESIAN_POINT('',(15.7,-6.4,196.5));
#17188 = VECTOR('',#17189,1.);
#17189 = DIRECTION('',(1.110223024625E-16,1.,0.));
#17190 = PCURVE('',#16645,#17191);
#17191 = DEFINITIONAL_REPRESENTATION('',(#17192),#17196);
#17192 = LINE('',#17193,#17194);
#17193 = CARTESIAN_POINT('',(0.,0.));
#17194 = VECTOR('',#17195,1.);
#17195 = DIRECTION('',(1.,0.));
#17196 = ( GEOMETRIC_REPRESENTATION_CONTEXT(2) 
PARAMETRIC_REPRESENTATION_CONTEXT() REPRESENTATION_CONTEXT('2D SPACE',''
  ) );
#17197 = PCURVE('',#16673,#17198);
#17198 = DEFINITIONAL_REPRESENTATION('',(#17199),#17203);
#17199 = LINE('',#17200,#17201);
#17200 = CARTESIAN_POINT('',(23.2,0.));
#17201 = VECTOR('',#17202,1.);
#17202 = DIRECTION('',(0.,1.));
#17203 = ( GEOMETRIC_REPRESENTATION_CONTEXT(2) 
PARAMETRIC_REPRESENTATION_CONTEXT() REPRESENTATION_CONTEXT('2D SPACE',''
  ) );
#17204 = ORIENTED_EDGE('',*,*,#17205,.T.);
#17205 = EDGE_CURVE('',#17183,#17206,#17208,.T.);
#17206 = VERTEX_POINT('',#17207);
#17207 = CARTESIAN_POINT('',(14.5,-1.11803398875,196.5));
#17208 = SURFACE_CURVE('',#17209,(#17213,#17220),.PCURVE_S1.);
#17209 = LINE('',#17210,#17211);
#17210 = CARTESIAN_POINT('',(14.5,-1.11803398875,196.5));
#17211 = VECTOR('',#17212,1.);
#17212 = DIRECTION('',(-1.,1.110223024625E-16,0.));
#17213 = PCURVE('',#16645,#17214);
#17214 = DEFINITIONAL_REPRESENTATION('',(#17215),#17219);
#17215 = LINE('',#17216,#17217);
#17216 = CARTESIAN_POINT('',(5.28196601125,1.2));
#17217 = VECTOR('',#17218,1.);
#17218 = DIRECTION('',(0.,1.));
#17219 = ( GEOMETRIC_REPRESENTATION_CONTEXT(2) 
PARAMETRIC_REPRESENTATION_CONTEXT() REPRESENTATION_CONTEXT('2D SPACE',''
  ) );
#17220 = PCURVE('',#16991,#17221);
#17221 = DEFINITIONAL_REPRESENTATION('',(#17222),#17226);
#17222 = LINE('',#17223,#17224);
#17223 = CARTESIAN_POINT('',(-1.74920701389,0.));
#17224 = VECTOR('',#17225,1.);
#17225 = DIRECTION('',(-0.,1.));
#17226 = ( GEOMETRIC_REPRESENTATION_CONTEXT(2) 
PARAMETRIC_REPRESENTATION_CONTEXT() REPRESENTATION_CONTEXT('2D SPACE',''
  ) );
#17227 = ORIENTED_EDGE('',*,*,#17228,.T.);
#17228 = EDGE_CURVE('',#17206,#17229,#17231,.T.);
#17229 = VERTEX_POINT('',#17230);
#17230 = CARTESIAN_POINT('',(14.5,1.11803398875,196.5));
#17231 = SURFACE_CURVE('',#17232,(#17236,#17243),.PCURVE_S1.);
#17232 = LINE('',#17233,#17234);
#17233 = CARTESIAN_POINT('',(14.5,-3.2,196.5));
#17234 = VECTOR('',#17235,1.);
#17235 = DIRECTION('',(1.110223024625E-16,1.,0.));
#17236 = PCURVE('',#16645,#17237);
#17237 = DEFINITIONAL_REPRESENTATION('',(#17238),#17242);
#17238 = LINE('',#17239,#17240);
#17239 = CARTESIAN_POINT('',(3.2,1.2));
#17240 = VECTOR('',#17241,1.);
#17241 = DIRECTION('',(1.,0.));
#17242 = ( GEOMETRIC_REPRESENTATION_CONTEXT(2) 
PARAMETRIC_REPRESENTATION_CONTEXT() REPRESENTATION_CONTEXT('2D SPACE',''
  ) );
#17243 = PCURVE('',#17244,#17249);
#17244 = PLANE('',#17245);
#17245 = AXIS2_PLACEMENT_3D('',#17246,#17247,#17248);
#17246 = CARTESIAN_POINT('',(14.5,-2.912147321458E-15,190.3));
#17247 = DIRECTION('',(1.,-1.110223024625E-16,-0.));
#17248 = DIRECTION('',(0.,0.,-1.));
#17249 = DEFINITIONAL_REPRESENTATION('',(#17250),#17254);
#17250 = LINE('',#17251,#17252);
#17251 = CARTESIAN_POINT('',(-6.2,-3.2));
#17252 = VECTOR('',#17253,1.);
#17253 = DIRECTION('',(0.,1.));
#17254 = ( GEOMETRIC_REPRESENTATION_CONTEXT(2) 
PARAMETRIC_REPRESENTATION_CONTEXT() REPRESENTATION_CONTEXT('2D SPACE',''
  ) );
#17255 = ORIENTED_EDGE('',*,*,#17256,.F.);
#17256 = EDGE_CURVE('',#17257,#17229,#17259,.T.);
#17257 = VERTEX_POINT('',#17258);
#17258 = CARTESIAN_POINT('',(15.7,1.118033988754,196.5));
#17259 = SURFACE_CURVE('',#17260,(#17264,#17271),.PCURVE_S1.);
#17260 = LINE('',#17261,#17262);
#17261 = CARTESIAN_POINT('',(14.5,1.11803398875,196.5));
#17262 = VECTOR('',#17263,1.);
#17263 = DIRECTION('',(-1.,1.110223024625E-16,0.));
#17264 = PCURVE('',#16645,#17265);
#17265 = DEFINITIONAL_REPRESENTATION('',(#17266),#17270);
#17266 = LINE('',#17267,#17268);
#17267 = CARTESIAN_POINT('',(7.51803398875,1.2));
#17268 = VECTOR('',#17269,1.);
#17269 = DIRECTION('',(0.,1.));
#17270 = ( GEOMETRIC_REPRESENTATION_CONTEXT(2) 
PARAMETRIC_REPRESENTATION_CONTEXT() REPRESENTATION_CONTEXT('2D SPACE',''
  ) );
#17271 = PCURVE('',#16991,#17272);
#17272 = DEFINITIONAL_REPRESENTATION('',(#17273),#17277);
#17273 = LINE('',#17274,#17275);
#17274 = CARTESIAN_POINT('',(-1.3923856397,0.));
#17275 = VECTOR('',#17276,1.);
#17276 = DIRECTION('',(-0.,1.));
#17277 = ( GEOMETRIC_REPRESENTATION_CONTEXT(2) 
PARAMETRIC_REPRESENTATION_CONTEXT() REPRESENTATION_CONTEXT('2D SPACE',''
  ) );
#17278 = ORIENTED_EDGE('',*,*,#17279,.T.);
#17279 = EDGE_CURVE('',#17257,#16791,#17280,.T.);
#17280 = SURFACE_CURVE('',#17281,(#17285,#17292),.PCURVE_S1.);
#17281 = LINE('',#17282,#17283);
#17282 = CARTESIAN_POINT('',(15.7,-6.4,196.5));
#17283 = VECTOR('',#17284,1.);
#17284 = DIRECTION('',(1.110223024625E-16,1.,0.));
#17285 = PCURVE('',#16645,#17286);
#17286 = DEFINITIONAL_REPRESENTATION('',(#17287),#17291);
#17287 = LINE('',#17288,#17289);
#17288 = CARTESIAN_POINT('',(0.,0.));
#17289 = VECTOR('',#17290,1.);
#17290 = DIRECTION('',(1.,0.));
#17291 = ( GEOMETRIC_REPRESENTATION_CONTEXT(2) 
PARAMETRIC_REPRESENTATION_CONTEXT() REPRESENTATION_CONTEXT('2D SPACE',''
  ) );
#17292 = PCURVE('',#16673,#17293);
#17293 = DEFINITIONAL_REPRESENTATION('',(#17294),#17298);
#17294 = LINE('',#17295,#17296);
#17295 = CARTESIAN_POINT('',(23.2,0.));
#17296 = VECTOR('',#17297,1.);
#17297 = DIRECTION('',(0.,1.));
#17298 = ( GEOMETRIC_REPRESENTATION_CONTEXT(2) 
PARAMETRIC_REPRESENTATION_CONTEXT() REPRESENTATION_CONTEXT('2D SPACE',''
  ) );
#17299 = ORIENTED_EDGE('',*,*,#16790,.T.);
#17300 = ORIENTED_EDGE('',*,*,#17155,.F.);
#17301 = ADVANCED_FACE('',(#17302),#16673,.T.);
#17302 = FACE_BOUND('',#17303,.T.);
#17303 = EDGE_LOOP('',(#17304,#17305,#17326,#17327,#17328,#17352,#17374)
  );
#17304 = ORIENTED_EDGE('',*,*,#16813,.F.);
#17305 = ORIENTED_EDGE('',*,*,#17306,.F.);
#17306 = EDGE_CURVE('',#16658,#16814,#17307,.T.);
#17307 = SURFACE_CURVE('',#17308,(#17312,#17319),.PCURVE_S1.);
#17308 = LINE('',#17309,#17310);
#17309 = CARTESIAN_POINT('',(15.7,-6.4,173.3));
#17310 = VECTOR('',#17311,1.);
#17311 = DIRECTION('',(1.110223024625E-16,1.,0.));
#17312 = PCURVE('',#16673,#17313);
#17313 = DEFINITIONAL_REPRESENTATION('',(#17314),#17318);
#17314 = LINE('',#17315,#17316);
#17315 = CARTESIAN_POINT('',(0.,0.));
#17316 = VECTOR('',#17317,1.);
#17317 = DIRECTION('',(0.,1.));
#17318 = ( GEOMETRIC_REPRESENTATION_CONTEXT(2) 
PARAMETRIC_REPRESENTATION_CONTEXT() REPRESENTATION_CONTEXT('2D SPACE',''
  ) );
#17319 = PCURVE('',#16701,#17320);
#17320 = DEFINITIONAL_REPRESENTATION('',(#17321),#17325);
#17321 = LINE('',#17322,#17323);
#17322 = CARTESIAN_POINT('',(0.,0.));
#17323 = VECTOR('',#17324,1.);
#17324 = DIRECTION('',(1.,0.));
#17325 = ( GEOMETRIC_REPRESENTATION_CONTEXT(2) 
PARAMETRIC_REPRESENTATION_CONTEXT() REPRESENTATION_CONTEXT('2D SPACE',''
  ) );
#17326 = ORIENTED_EDGE('',*,*,#16657,.T.);
#17327 = ORIENTED_EDGE('',*,*,#17182,.T.);
#17328 = ORIENTED_EDGE('',*,*,#17329,.F.);
#17329 = EDGE_CURVE('',#17330,#17183,#17332,.T.);
#17330 = VERTEX_POINT('',#17331);
#17331 = CARTESIAN_POINT('',(15.7,6.3,190.3));
#17332 = SURFACE_CURVE('',#17333,(#17338,#17345),.PCURVE_S1.);
#17333 = CIRCLE('',#17334,6.3);
#17334 = AXIS2_PLACEMENT_3D('',#17335,#17336,#17337);
#17335 = CARTESIAN_POINT('',(15.7,-1.743050148661E-15,190.3));
#17336 = DIRECTION('',(-1.,1.110223024625E-16,0.));
#17337 = DIRECTION('',(1.110223024625E-16,1.,0.));
#17338 = PCURVE('',#16673,#17339);
#17339 = DEFINITIONAL_REPRESENTATION('',(#17340),#17344);
#17340 = CIRCLE('',#17341,6.3);
#17341 = AXIS2_PLACEMENT_2D('',#17342,#17343);
#17342 = CARTESIAN_POINT('',(17.,6.4));
#17343 = DIRECTION('',(0.,1.));
#17344 = ( GEOMETRIC_REPRESENTATION_CONTEXT(2) 
PARAMETRIC_REPRESENTATION_CONTEXT() REPRESENTATION_CONTEXT('2D SPACE',''
  ) );
#17345 = PCURVE('',#16991,#17346);
#17346 = DEFINITIONAL_REPRESENTATION('',(#17347),#17351);
#17347 = LINE('',#17348,#17349);
#17348 = CARTESIAN_POINT('',(-6.28318530718,-1.2));
#17349 = VECTOR('',#17350,1.);
#17350 = DIRECTION('',(1.,-0.));
#17351 = ( GEOMETRIC_REPRESENTATION_CONTEXT(2) 
PARAMETRIC_REPRESENTATION_CONTEXT() REPRESENTATION_CONTEXT('2D SPACE',''
  ) );
#17352 = ORIENTED_EDGE('',*,*,#17353,.F.);
#17353 = EDGE_CURVE('',#17257,#17330,#17354,.T.);
#17354 = SURFACE_CURVE('',#17355,(#17360,#17367),.PCURVE_S1.);
#17355 = CIRCLE('',#17356,6.3);
#17356 = AXIS2_PLACEMENT_3D('',#17357,#17358,#17359);
#17357 = CARTESIAN_POINT('',(15.7,-1.743050148661E-15,190.3));
#17358 = DIRECTION('',(-1.,1.110223024625E-16,0.));
#17359 = DIRECTION('',(1.110223024625E-16,1.,0.));
#17360 = PCURVE('',#16673,#17361);
#17361 = DEFINITIONAL_REPRESENTATION('',(#17362),#17366);
#17362 = CIRCLE('',#17363,6.3);
#17363 = AXIS2_PLACEMENT_2D('',#17364,#17365);
#17364 = CARTESIAN_POINT('',(17.,6.4));
#17365 = DIRECTION('',(0.,1.));
#17366 = ( GEOMETRIC_REPRESENTATION_CONTEXT(2) 
PARAMETRIC_REPRESENTATION_CONTEXT() REPRESENTATION_CONTEXT('2D SPACE',''
  ) );
#17367 = PCURVE('',#16991,#17368);
#17368 = DEFINITIONAL_REPRESENTATION('',(#17369),#17373);
#17369 = LINE('',#17370,#17371);
#17370 = CARTESIAN_POINT('',(-6.28318530718,-1.2));
#17371 = VECTOR('',#17372,1.);
#17372 = DIRECTION('',(1.,-0.));
#17373 = ( GEOMETRIC_REPRESENTATION_CONTEXT(2) 
PARAMETRIC_REPRESENTATION_CONTEXT() REPRESENTATION_CONTEXT('2D SPACE',''
  ) );
#17374 = ORIENTED_EDGE('',*,*,#17279,.T.);
#17375 = ADVANCED_FACE('',(#17376),#16701,.T.);
#17376 = FACE_BOUND('',#17377,.T.);
#17377 = EDGE_LOOP('',(#17378,#17379,#17380,#17381));
#17378 = ORIENTED_EDGE('',*,*,#16685,.F.);
#17379 = ORIENTED_EDGE('',*,*,#17306,.T.);
#17380 = ORIENTED_EDGE('',*,*,#16836,.T.);
#17381 = ORIENTED_EDGE('',*,*,#17382,.F.);
#17382 = EDGE_CURVE('',#16686,#16837,#17383,.T.);
#17383 = SURFACE_CURVE('',#17384,(#17388,#17395),.PCURVE_S1.);
#17384 = LINE('',#17385,#17386);
#17385 = CARTESIAN_POINT('',(11.6,-6.4,173.3));
#17386 = VECTOR('',#17387,1.);
#17387 = DIRECTION('',(1.110223024625E-16,1.,0.));
#17388 = PCURVE('',#16701,#17389);
#17389 = DEFINITIONAL_REPRESENTATION('',(#17390),#17394);
#17390 = LINE('',#17391,#17392);
#17391 = CARTESIAN_POINT('',(4.329869796038E-16,4.1));
#17392 = VECTOR('',#17393,1.);
#17393 = DIRECTION('',(1.,0.));
#17394 = ( GEOMETRIC_REPRESENTATION_CONTEXT(2) 
PARAMETRIC_REPRESENTATION_CONTEXT() REPRESENTATION_CONTEXT('2D SPACE',''
  ) );
#17395 = PCURVE('',#16729,#17396);
#17396 = DEFINITIONAL_REPRESENTATION('',(#17397),#17401);
#17397 = LINE('',#17398,#17399);
#17398 = CARTESIAN_POINT('',(5.05,0.));
#17399 = VECTOR('',#17400,1.);
#17400 = DIRECTION('',(0.,1.));
#17401 = ( GEOMETRIC_REPRESENTATION_CONTEXT(2) 
PARAMETRIC_REPRESENTATION_CONTEXT() REPRESENTATION_CONTEXT('2D SPACE',''
  ) );
#17402 = ADVANCED_FACE('',(#17403),#16729,.T.);
#17403 = FACE_BOUND('',#17404,.T.);
#17404 = EDGE_LOOP('',(#17405,#17406,#17407,#17408));
#17405 = ORIENTED_EDGE('',*,*,#16859,.F.);
#17406 = ORIENTED_EDGE('',*,*,#16908,.F.);
#17407 = ORIENTED_EDGE('',*,*,#16713,.T.);
#17408 = ORIENTED_EDGE('',*,*,#17382,.T.);
#17409 = ADVANCED_FACE('',(#17410),#16991,.F.);
#17410 = FACE_BOUND('',#17411,.T.);
#17411 = EDGE_LOOP('',(#17412,#17413,#17434,#17435,#17436,#17437,#17438,
    #17460));
#17412 = ORIENTED_EDGE('',*,*,#17353,.T.);
#17413 = ORIENTED_EDGE('',*,*,#17414,.T.);
#17414 = EDGE_CURVE('',#17330,#16975,#17415,.T.);
#17415 = SEAM_CURVE('',#17416,(#17420,#17427),.PCURVE_S1.);
#17416 = LINE('',#17417,#17418);
#17417 = CARTESIAN_POINT('',(14.5,6.3,190.3));
#17418 = VECTOR('',#17419,1.);
#17419 = DIRECTION('',(1.,-1.110223024625E-16,0.));
#17420 = PCURVE('',#16991,#17421);
#17421 = DEFINITIONAL_REPRESENTATION('',(#17422),#17426);
#17422 = LINE('',#17423,#17424);
#17423 = CARTESIAN_POINT('',(-6.28318530718,0.));
#17424 = VECTOR('',#17425,1.);
#17425 = DIRECTION('',(-0.,-1.));
#17426 = ( GEOMETRIC_REPRESENTATION_CONTEXT(2) 
PARAMETRIC_REPRESENTATION_CONTEXT() REPRESENTATION_CONTEXT('2D SPACE',''
  ) );
#17427 = PCURVE('',#16991,#17428);
#17428 = DEFINITIONAL_REPRESENTATION('',(#17429),#17433);
#17429 = LINE('',#17430,#17431);
#17430 = CARTESIAN_POINT('',(-0.,0.));
#17431 = VECTOR('',#17432,1.);
#17432 = DIRECTION('',(-0.,-1.));
#17433 = ( GEOMETRIC_REPRESENTATION_CONTEXT(2) 
PARAMETRIC_REPRESENTATION_CONTEXT() REPRESENTATION_CONTEXT('2D SPACE',''
  ) );
#17434 = ORIENTED_EDGE('',*,*,#16974,.T.);
#17435 = ORIENTED_EDGE('',*,*,#17414,.F.);
#17436 = ORIENTED_EDGE('',*,*,#17329,.T.);
#17437 = ORIENTED_EDGE('',*,*,#17205,.T.);
#17438 = ORIENTED_EDGE('',*,*,#17439,.F.);
#17439 = EDGE_CURVE('',#17229,#17206,#17440,.T.);
#17440 = SURFACE_CURVE('',#17441,(#17446,#17453),.PCURVE_S1.);
#17441 = CIRCLE('',#17442,6.3);
#17442 = AXIS2_PLACEMENT_3D('',#17443,#17444,#17445);
#17443 = CARTESIAN_POINT('',(14.5,-1.609823385706E-15,190.3));
#17444 = DIRECTION('',(1.,-1.110223024625E-16,0.));
#17445 = DIRECTION('',(1.110223024625E-16,1.,0.));
#17446 = PCURVE('',#16991,#17447);
#17447 = DEFINITIONAL_REPRESENTATION('',(#17448),#17452);
#17448 = LINE('',#17449,#17450);
#17449 = CARTESIAN_POINT('',(-0.,0.));
#17450 = VECTOR('',#17451,1.);
#17451 = DIRECTION('',(-1.,0.));
#17452 = ( GEOMETRIC_REPRESENTATION_CONTEXT(2) 
PARAMETRIC_REPRESENTATION_CONTEXT() REPRESENTATION_CONTEXT('2D SPACE',''
  ) );
#17453 = PCURVE('',#17244,#17454);
#17454 = DEFINITIONAL_REPRESENTATION('',(#17455),#17459);
#17455 = CIRCLE('',#17456,6.3);
#17456 = AXIS2_PLACEMENT_2D('',#17457,#17458);
#17457 = CARTESIAN_POINT('',(2.84217094304E-14,1.302323935752E-15));
#17458 = DIRECTION('',(0.,1.));
#17459 = ( GEOMETRIC_REPRESENTATION_CONTEXT(2) 
PARAMETRIC_REPRESENTATION_CONTEXT() REPRESENTATION_CONTEXT('2D SPACE',''
  ) );
#17460 = ORIENTED_EDGE('',*,*,#17256,.F.);
#17461 = ADVANCED_FACE('',(#17462),#17048,.F.);
#17462 = FACE_BOUND('',#17463,.F.);
#17463 = EDGE_LOOP('',(#17464));
#17464 = ORIENTED_EDGE('',*,*,#17033,.T.);
#17465 = ADVANCED_FACE('',(#17466),#17103,.F.);
#17466 = FACE_BOUND('',#17467,.F.);
#17467 = EDGE_LOOP('',(#17468));
#17468 = ORIENTED_EDGE('',*,*,#17088,.T.);
#17469 = ADVANCED_FACE('',(#17470),#17244,.T.);
#17470 = FACE_BOUND('',#17471,.T.);
#17471 = EDGE_LOOP('',(#17472,#17473));
#17472 = ORIENTED_EDGE('',*,*,#17228,.T.);
#17473 = ORIENTED_EDGE('',*,*,#17439,.T.);
#17474 = ( GEOMETRIC_REPRESENTATION_CONTEXT(3) 
GLOBAL_UNCERTAINTY_ASSIGNED_CONTEXT((#17478)) 
GLOBAL_UNIT_ASSIGNED_CONTEXT((#17475,#17476,#17477)) 
REPRESENTATION_CONTEXT('Context #1',
  '3D Context with UNIT and UNCERTAINTY') );
#17475 = ( LENGTH_UNIT() NAMED_UNIT(*) SI_UNIT(.MILLI.,.METRE.) );
#17476 = ( NAMED_UNIT(*) PLANE_ANGLE_UNIT() SI_UNIT($,.RADIAN.) );
#17477 = ( NAMED_UNIT(*) SI_UNIT($,.STERADIAN.) SOLID_ANGLE_UNIT() );
#17478 = UNCERTAINTY_MEASURE_WITH_UNIT(LENGTH_MEASURE(1.E-07),#17475,
  'distance_accuracy_value','confusion accuracy');
#17479 = PRODUCT_RELATED_PRODUCT_CATEGORY('part',$,(#7));
ENDSEC;
END-ISO-10303-21;
