ISO-10303-21;
HEADER;
FILE_DESCRIPTION(('Open CASCADE Model'),'2;1');
FILE_NAME('Open CASCADE Shape Model','2026-10-02T21:04:07',('Author'),(
    'Open CASCADE'),'Open CASCADE STEP processor 7.9','Open CASCADE 7.9'
  ,'Unknown');
FILE_SCHEMA(('AUTOMOTIVE_DESIGN { 1 0 10303 214 1 1 1 1 }'));
ENDSEC;
DATA;
#1 = APPLICATION_PROTOCOL_DEFINITION('international standard',
  'automotive_design',2000,#2);
#2 = APPLICATION_CONTEXT(
  'core data for automotive mechanical design processes');
#3 = SHAPE_DEFINITION_REPRESENTATION(#4,#10);
#4 = PRODUCT_DEFINITION_SHAPE('','',#5);
#5 = PRODUCT_DEFINITION('design','',#6,#9);
#6 = PRODUCT_DEFINITION_FORMATION('','',#7);
#7 = PRODUCT('Open CASCADE STEP translator 7.9 3',
  'Open CASCADE STEP translator 7.9 3','',(#8));
#8 = PRODUCT_CONTEXT('',#2,'mechanical');
#9 = PRODUCT_DEFINITION_CONTEXT('part definition',#2,'design');
#10 = ADVANCED_BREP_SHAPE_REPRESENTATION('',(#11,#15),#3887);
#11 = AXIS2_PLACEMENT_3D('',#12,#13,#14);
#12 = CARTESIAN_POINT('',(0.,0.,0.));
#13 = DIRECTION('',(0.,0.,1.));
#14 = DIRECTION('',(1.,0.,-0.));
#15 = MANIFOLD_SOLID_BREP('',#16);
#16 = CLOSED_SHELL('',(#17,#105,#158,#211,#554,#672,#746,#796,#989,#1016
    ,#1065,#1115,#1142,#1216,#1263,#1310,#1335,#1421,#1502,#1578,#1654,
    #1693,#1731,#1770,#1914,#1968,#2022,#2245,#2404,#2431,#2480,#2655,
    #2710,#2765,#2792,#3027,#3074,#3272,#3279,#3286,#3340,#3368,#3375,
    #3430,#3485,#3515,#3519,#3523,#3548,#3726,#3804,#3809,#3814,#3818,
    #3822,#3854,#3882));
#17 = ADVANCED_FACE('',(#18),#32,.T.);
#18 = FACE_BOUND('',#19,.F.);
#19 = EDGE_LOOP('',(#20,#50,#77,#78));
#20 = ORIENTED_EDGE('',*,*,#21,.T.);
#21 = EDGE_CURVE('',#22,#24,#26,.T.);
#22 = VERTEX_POINT('',#23);
#23 = CARTESIAN_POINT('',(48.,0.,70.8));
#24 = VERTEX_POINT('',#25);
#25 = CARTESIAN_POINT('',(48.,0.,77.1));
#26 = SEAM_CURVE('',#27,(#31,#43),.PCURVE_S1.);
#27 = LINE('',#28,#29);
#28 = CARTESIAN_POINT('',(48.,0.,70.3));
#29 = VECTOR('',#30,1.);
#30 = DIRECTION('',(0.,0.,1.));
#31 = PCURVE('',#32,#37);
#32 = CYLINDRICAL_SURFACE('',#33,48.);
#33 = AXIS2_PLACEMENT_3D('',#34,#35,#36);
#34 = CARTESIAN_POINT('',(0.,0.,70.3));
#35 = DIRECTION('',(-0.,-0.,-1.));
#36 = DIRECTION('',(1.,0.,0.));
#37 = DEFINITIONAL_REPRESENTATION('',(#38),#42);
#38 = LINE('',#39,#40);
#39 = CARTESIAN_POINT('',(-0.,0.));
#40 = VECTOR('',#41,1.);
#41 = DIRECTION('',(-0.,-1.));
#42 = ( GEOMETRIC_REPRESENTATION_CONTEXT(2) 
PARAMETRIC_REPRESENTATION_CONTEXT() REPRESENTATION_CONTEXT('2D SPACE',''
  ) );
#43 = PCURVE('',#32,#44);
#44 = DEFINITIONAL_REPRESENTATION('',(#45),#49);
#45 = LINE('',#46,#47);
#46 = CARTESIAN_POINT('',(-6.28318530718,0.));
#47 = VECTOR('',#48,1.);
#48 = DIRECTION('',(-0.,-1.));
#49 = ( GEOMETRIC_REPRESENTATION_CONTEXT(2) 
PARAMETRIC_REPRESENTATION_CONTEXT() REPRESENTATION_CONTEXT('2D SPACE',''
  ) );
#50 = ORIENTED_EDGE('',*,*,#51,.T.);
#51 = EDGE_CURVE('',#24,#24,#52,.T.);
#52 = SURFACE_CURVE('',#53,(#58,#65),.PCURVE_S1.);
#53 = CIRCLE('',#54,48.);
#54 = AXIS2_PLACEMENT_3D('',#55,#56,#57);
#55 = CARTESIAN_POINT('',(0.,0.,77.1));
#56 = DIRECTION('',(0.,0.,1.));
#57 = DIRECTION('',(1.,0.,-0.));
#58 = PCURVE('',#32,#59);
#59 = DEFINITIONAL_REPRESENTATION('',(#60),#64);
#60 = LINE('',#61,#62);
#61 = CARTESIAN_POINT('',(-0.,-6.8));
#62 = VECTOR('',#63,1.);
#63 = DIRECTION('',(-1.,0.));
#64 = ( GEOMETRIC_REPRESENTATION_CONTEXT(2) 
PARAMETRIC_REPRESENTATION_CONTEXT() REPRESENTATION_CONTEXT('2D SPACE',''
  ) );
#65 = PCURVE('',#66,#71);
#66 = CONICAL_SURFACE('',#67,48.,0.785398163397);
#67 = AXIS2_PLACEMENT_3D('',#68,#69,#70);
#68 = CARTESIAN_POINT('',(0.,0.,77.1));
#69 = DIRECTION('',(-0.,-0.,-1.));
#70 = DIRECTION('',(1.,0.,0.));
#71 = DEFINITIONAL_REPRESENTATION('',(#72),#76);
#72 = LINE('',#73,#74);
#73 = CARTESIAN_POINT('',(-0.,-0.));
#74 = VECTOR('',#75,1.);
#75 = DIRECTION('',(-1.,-0.));
#76 = ( GEOMETRIC_REPRESENTATION_CONTEXT(2) 
PARAMETRIC_REPRESENTATION_CONTEXT() REPRESENTATION_CONTEXT('2D SPACE',''
  ) );
#77 = ORIENTED_EDGE('',*,*,#21,.F.);
#78 = ORIENTED_EDGE('',*,*,#79,.F.);
#79 = EDGE_CURVE('',#22,#22,#80,.T.);
#80 = SURFACE_CURVE('',#81,(#86,#93),.PCURVE_S1.);
#81 = CIRCLE('',#82,48.);
#82 = AXIS2_PLACEMENT_3D('',#83,#84,#85);
#83 = CARTESIAN_POINT('',(0.,0.,70.8));
#84 = DIRECTION('',(0.,0.,1.));
#85 = DIRECTION('',(1.,0.,-0.));
#86 = PCURVE('',#32,#87);
#87 = DEFINITIONAL_REPRESENTATION('',(#88),#92);
#88 = LINE('',#89,#90);
#89 = CARTESIAN_POINT('',(-0.,-0.5));
#90 = VECTOR('',#91,1.);
#91 = DIRECTION('',(-1.,0.));
#92 = ( GEOMETRIC_REPRESENTATION_CONTEXT(2) 
PARAMETRIC_REPRESENTATION_CONTEXT() REPRESENTATION_CONTEXT('2D SPACE',''
  ) );
#93 = PCURVE('',#94,#99);
#94 = CONICAL_SURFACE('',#95,48.,0.785398163397);
#95 = AXIS2_PLACEMENT_3D('',#96,#97,#98);
#96 = CARTESIAN_POINT('',(0.,0.,70.8));
#97 = DIRECTION('',(0.,0.,1.));
#98 = DIRECTION('',(1.,0.,-0.));
#99 = DEFINITIONAL_REPRESENTATION('',(#100),#104);
#100 = LINE('',#101,#102);
#101 = CARTESIAN_POINT('',(0.,-0.));
#102 = VECTOR('',#103,1.);
#103 = DIRECTION('',(1.,-0.));
#104 = ( GEOMETRIC_REPRESENTATION_CONTEXT(2) 
PARAMETRIC_REPRESENTATION_CONTEXT() REPRESENTATION_CONTEXT('2D SPACE',''
  ) );
#105 = ADVANCED_FACE('',(#106),#94,.T.);
#106 = FACE_BOUND('',#107,.F.);
#107 = EDGE_LOOP('',(#108,#129,#130,#131));
#108 = ORIENTED_EDGE('',*,*,#109,.F.);
#109 = EDGE_CURVE('',#22,#110,#112,.T.);
#110 = VERTEX_POINT('',#111);
#111 = CARTESIAN_POINT('',(47.5,0.,70.3));
#112 = SEAM_CURVE('',#113,(#117,#123),.PCURVE_S1.);
#113 = LINE('',#114,#115);
#114 = CARTESIAN_POINT('',(48.,0.,70.8));
#115 = VECTOR('',#116,1.);
#116 = DIRECTION('',(-0.707106781187,-0.,-0.707106781187));
#117 = PCURVE('',#94,#118);
#118 = DEFINITIONAL_REPRESENTATION('',(#119),#122);
#119 = B_SPLINE_CURVE_WITH_KNOTS('',1,(#120,#121),.UNSPECIFIED.,.F.,.F.,
  (2,2),(0.,0.707106781187),.PIECEWISE_BEZIER_KNOTS.);
#120 = CARTESIAN_POINT('',(0.,0.));
#121 = CARTESIAN_POINT('',(0.,-0.5));
#122 = ( GEOMETRIC_REPRESENTATION_CONTEXT(2) 
PARAMETRIC_REPRESENTATION_CONTEXT() REPRESENTATION_CONTEXT('2D SPACE',''
  ) );
#123 = PCURVE('',#94,#124);
#124 = DEFINITIONAL_REPRESENTATION('',(#125),#128);
#125 = B_SPLINE_CURVE_WITH_KNOTS('',1,(#126,#127),.UNSPECIFIED.,.F.,.F.,
  (2,2),(0.,0.707106781187),.PIECEWISE_BEZIER_KNOTS.);
#126 = CARTESIAN_POINT('',(6.28318530718,0.));
#127 = CARTESIAN_POINT('',(6.28318530718,-0.5));
#128 = ( GEOMETRIC_REPRESENTATION_CONTEXT(2) 
PARAMETRIC_REPRESENTATION_CONTEXT() REPRESENTATION_CONTEXT('2D SPACE',''
  ) );
#129 = ORIENTED_EDGE('',*,*,#79,.T.);
#130 = ORIENTED_EDGE('',*,*,#109,.T.);
#131 = ORIENTED_EDGE('',*,*,#132,.F.);
#132 = EDGE_CURVE('',#110,#110,#133,.T.);
#133 = SURFACE_CURVE('',#134,(#139,#146),.PCURVE_S1.);
#134 = CIRCLE('',#135,47.5);
#135 = AXIS2_PLACEMENT_3D('',#136,#137,#138);
#136 = CARTESIAN_POINT('',(0.,0.,70.3));
#137 = DIRECTION('',(0.,0.,1.));
#138 = DIRECTION('',(1.,0.,-0.));
#139 = PCURVE('',#94,#140);
#140 = DEFINITIONAL_REPRESENTATION('',(#141),#145);
#141 = LINE('',#142,#143);
#142 = CARTESIAN_POINT('',(0.,-0.5));
#143 = VECTOR('',#144,1.);
#144 = DIRECTION('',(1.,-0.));
#145 = ( GEOMETRIC_REPRESENTATION_CONTEXT(2) 
PARAMETRIC_REPRESENTATION_CONTEXT() REPRESENTATION_CONTEXT('2D SPACE',''
  ) );
#146 = PCURVE('',#147,#152);
#147 = PLANE('',#148);
#148 = AXIS2_PLACEMENT_3D('',#149,#150,#151);
#149 = CARTESIAN_POINT('',(-2.734880265079E-15,-1.361813685832E-16,70.3)
  );
#150 = DIRECTION('',(0.,0.,1.));
#151 = DIRECTION('',(1.,0.,-0.));
#152 = DEFINITIONAL_REPRESENTATION('',(#153),#157);
#153 = CIRCLE('',#154,47.5);
#154 = AXIS2_PLACEMENT_2D('',#155,#156);
#155 = CARTESIAN_POINT('',(2.734880265079E-15,1.361813685832E-16));
#156 = DIRECTION('',(1.,0.));
#157 = ( GEOMETRIC_REPRESENTATION_CONTEXT(2) 
PARAMETRIC_REPRESENTATION_CONTEXT() REPRESENTATION_CONTEXT('2D SPACE',''
  ) );
#158 = ADVANCED_FACE('',(#159),#66,.T.);
#159 = FACE_BOUND('',#160,.T.);
#160 = EDGE_LOOP('',(#161,#182,#183,#184));
#161 = ORIENTED_EDGE('',*,*,#162,.F.);
#162 = EDGE_CURVE('',#24,#163,#165,.T.);
#163 = VERTEX_POINT('',#164);
#164 = CARTESIAN_POINT('',(46.8,0.,78.3));
#165 = SEAM_CURVE('',#166,(#170,#176),.PCURVE_S1.);
#166 = LINE('',#167,#168);
#167 = CARTESIAN_POINT('',(48.,0.,77.1));
#168 = VECTOR('',#169,1.);
#169 = DIRECTION('',(-0.707106781187,0.,0.707106781187));
#170 = PCURVE('',#66,#171);
#171 = DEFINITIONAL_REPRESENTATION('',(#172),#175);
#172 = B_SPLINE_CURVE_WITH_KNOTS('',1,(#173,#174),.UNSPECIFIED.,.F.,.F.,
  (2,2),(0.,1.697056274848),.PIECEWISE_BEZIER_KNOTS.);
#173 = CARTESIAN_POINT('',(0.,0.));
#174 = CARTESIAN_POINT('',(0.,-1.2));
#175 = ( GEOMETRIC_REPRESENTATION_CONTEXT(2) 
PARAMETRIC_REPRESENTATION_CONTEXT() REPRESENTATION_CONTEXT('2D SPACE',''
  ) );
#176 = PCURVE('',#66,#177);
#177 = DEFINITIONAL_REPRESENTATION('',(#178),#181);
#178 = B_SPLINE_CURVE_WITH_KNOTS('',1,(#179,#180),.UNSPECIFIED.,.F.,.F.,
  (2,2),(0.,1.697056274848),.PIECEWISE_BEZIER_KNOTS.);
#179 = CARTESIAN_POINT('',(-6.28318530718,0.));
#180 = CARTESIAN_POINT('',(-6.28318530718,-1.2));
#181 = ( GEOMETRIC_REPRESENTATION_CONTEXT(2) 
PARAMETRIC_REPRESENTATION_CONTEXT() REPRESENTATION_CONTEXT('2D SPACE',''
  ) );
#182 = ORIENTED_EDGE('',*,*,#51,.T.);
#183 = ORIENTED_EDGE('',*,*,#162,.T.);
#184 = ORIENTED_EDGE('',*,*,#185,.F.);
#185 = EDGE_CURVE('',#163,#163,#186,.T.);
#186 = SURFACE_CURVE('',#187,(#192,#199),.PCURVE_S1.);
#187 = CIRCLE('',#188,46.8);
#188 = AXIS2_PLACEMENT_3D('',#189,#190,#191);
#189 = CARTESIAN_POINT('',(0.,0.,78.3));
#190 = DIRECTION('',(0.,0.,1.));
#191 = DIRECTION('',(1.,0.,-0.));
#192 = PCURVE('',#66,#193);
#193 = DEFINITIONAL_REPRESENTATION('',(#194),#198);
#194 = LINE('',#195,#196);
#195 = CARTESIAN_POINT('',(-0.,-1.2));
#196 = VECTOR('',#197,1.);
#197 = DIRECTION('',(-1.,-0.));
#198 = ( GEOMETRIC_REPRESENTATION_CONTEXT(2) 
PARAMETRIC_REPRESENTATION_CONTEXT() REPRESENTATION_CONTEXT('2D SPACE',''
  ) );
#199 = PCURVE('',#200,#205);
#200 = PLANE('',#201);
#201 = AXIS2_PLACEMENT_3D('',#202,#203,#204);
#202 = CARTESIAN_POINT('',(-2.734880265079E-15,-1.361813685832E-16,78.3)
  );
#203 = DIRECTION('',(0.,0.,1.));
#204 = DIRECTION('',(1.,0.,-0.));
#205 = DEFINITIONAL_REPRESENTATION('',(#206),#210);
#206 = CIRCLE('',#207,46.8);
#207 = AXIS2_PLACEMENT_2D('',#208,#209);
#208 = CARTESIAN_POINT('',(2.734880265079E-15,1.361813685832E-16));
#209 = DIRECTION('',(1.,0.));
#210 = ( GEOMETRIC_REPRESENTATION_CONTEXT(2) 
PARAMETRIC_REPRESENTATION_CONTEXT() REPRESENTATION_CONTEXT('2D SPACE',''
  ) );
#211 = ADVANCED_FACE('',(#212,#215,#448),#147,.F.);
#212 = FACE_BOUND('',#213,.F.);
#213 = EDGE_LOOP('',(#214));
#214 = ORIENTED_EDGE('',*,*,#132,.T.);
#215 = FACE_BOUND('',#216,.F.);
#216 = EDGE_LOOP('',(#217,#245,#278,#304,#337,#363,#396,#422));
#217 = ORIENTED_EDGE('',*,*,#218,.F.);
#218 = EDGE_CURVE('',#219,#221,#223,.T.);
#219 = VERTEX_POINT('',#220);
#220 = CARTESIAN_POINT('',(12.4,3.4,70.3));
#221 = VERTEX_POINT('',#222);
#222 = CARTESIAN_POINT('',(2.107130750571,3.4,70.3));
#223 = SURFACE_CURVE('',#224,(#228,#234),.PCURVE_S1.);
#224 = LINE('',#225,#226);
#225 = CARTESIAN_POINT('',(-6.2,3.4,70.3));
#226 = VECTOR('',#227,1.);
#227 = DIRECTION('',(-1.,0.,0.));
#228 = PCURVE('',#147,#229);
#229 = DEFINITIONAL_REPRESENTATION('',(#230),#233);
#230 = B_SPLINE_CURVE_WITH_KNOTS('',1,(#231,#232),.UNSPECIFIED.,.F.,.F.,
  (2,2),(-18.6,6.2),.PIECEWISE_BEZIER_KNOTS.);
#231 = CARTESIAN_POINT('',(12.4,3.4));
#232 = CARTESIAN_POINT('',(-12.4,3.4));
#233 = ( GEOMETRIC_REPRESENTATION_CONTEXT(2) 
PARAMETRIC_REPRESENTATION_CONTEXT() REPRESENTATION_CONTEXT('2D SPACE',''
  ) );
#234 = PCURVE('',#235,#240);
#235 = PLANE('',#236);
#236 = AXIS2_PLACEMENT_3D('',#237,#238,#239);
#237 = CARTESIAN_POINT('',(-12.4,3.4,69.3));
#238 = DIRECTION('',(0.,1.,0.));
#239 = DIRECTION('',(1.,0.,0.));
#240 = DEFINITIONAL_REPRESENTATION('',(#241),#244);
#241 = B_SPLINE_CURVE_WITH_KNOTS('',1,(#242,#243),.UNSPECIFIED.,.F.,.F.,
  (2,2),(-18.6,6.2),.PIECEWISE_BEZIER_KNOTS.);
#242 = CARTESIAN_POINT('',(24.8,-1.));
#243 = CARTESIAN_POINT('',(0.,-1.));
#244 = ( GEOMETRIC_REPRESENTATION_CONTEXT(2) 
PARAMETRIC_REPRESENTATION_CONTEXT() REPRESENTATION_CONTEXT('2D SPACE',''
  ) );
#245 = ORIENTED_EDGE('',*,*,#246,.T.);
#246 = EDGE_CURVE('',#219,#247,#249,.T.);
#247 = VERTEX_POINT('',#248);
#248 = CARTESIAN_POINT('',(12.4,-3.4,70.3));
#249 = SURFACE_CURVE('',#250,(#255,#266),.PCURVE_S1.);
#250 = CIRCLE('',#251,3.4);
#251 = AXIS2_PLACEMENT_3D('',#252,#253,#254);
#252 = CARTESIAN_POINT('',(12.4,0.,70.3));
#253 = DIRECTION('',(0.,0.,-1.));
#254 = DIRECTION('',(0.,1.,0.));
#255 = PCURVE('',#147,#256);
#256 = DEFINITIONAL_REPRESENTATION('',(#257),#265);
#257 = ( BOUNDED_CURVE() B_SPLINE_CURVE(2,(#258,#259,#260,#261,#262,#263
,#264),.UNSPECIFIED.,.T.,.F.) B_SPLINE_CURVE_WITH_KNOTS((1,2,2,2,2,1),(
    -2.094395102393,0.,2.094395102393,4.188790204786,6.28318530718,
8.377580409573),.UNSPECIFIED.) CURVE() GEOMETRIC_REPRESENTATION_ITEM() 
RATIONAL_B_SPLINE_CURVE((1.,0.5,1.,0.5,1.,0.5,1.)) REPRESENTATION_ITEM(
  '') );
#258 = CARTESIAN_POINT('',(12.4,3.4));
#259 = CARTESIAN_POINT('',(18.288972745734,3.4));
#260 = CARTESIAN_POINT('',(15.344486372867,-1.7));
#261 = CARTESIAN_POINT('',(12.4,-6.8));
#262 = CARTESIAN_POINT('',(9.455513627133,-1.7));
#263 = CARTESIAN_POINT('',(6.511027254266,3.4));
#264 = CARTESIAN_POINT('',(12.4,3.4));
#265 = ( GEOMETRIC_REPRESENTATION_CONTEXT(2) 
PARAMETRIC_REPRESENTATION_CONTEXT() REPRESENTATION_CONTEXT('2D SPACE',''
  ) );
#266 = PCURVE('',#267,#272);
#267 = CYLINDRICAL_SURFACE('',#268,3.4);
#268 = AXIS2_PLACEMENT_3D('',#269,#270,#271);
#269 = CARTESIAN_POINT('',(12.4,0.,69.3));
#270 = DIRECTION('',(0.,0.,-1.));
#271 = DIRECTION('',(0.,1.,0.));
#272 = DEFINITIONAL_REPRESENTATION('',(#273),#277);
#273 = LINE('',#274,#275);
#274 = CARTESIAN_POINT('',(0.,-1.));
#275 = VECTOR('',#276,1.);
#276 = DIRECTION('',(1.,0.));
#277 = ( GEOMETRIC_REPRESENTATION_CONTEXT(2) 
PARAMETRIC_REPRESENTATION_CONTEXT() REPRESENTATION_CONTEXT('2D SPACE',''
  ) );
#278 = ORIENTED_EDGE('',*,*,#279,.F.);
#279 = EDGE_CURVE('',#280,#247,#282,.T.);
#280 = VERTEX_POINT('',#281);
#281 = CARTESIAN_POINT('',(2.107130750571,-3.4,70.3));
#282 = SURFACE_CURVE('',#283,(#287,#293),.PCURVE_S1.);
#283 = LINE('',#284,#285);
#284 = CARTESIAN_POINT('',(6.2,-3.4,70.3));
#285 = VECTOR('',#286,1.);
#286 = DIRECTION('',(1.,0.,-0.));
#287 = PCURVE('',#147,#288);
#288 = DEFINITIONAL_REPRESENTATION('',(#289),#292);
#289 = B_SPLINE_CURVE_WITH_KNOTS('',1,(#290,#291),.UNSPECIFIED.,.F.,.F.,
  (2,2),(-18.6,6.2),.PIECEWISE_BEZIER_KNOTS.);
#290 = CARTESIAN_POINT('',(-12.4,-3.4));
#291 = CARTESIAN_POINT('',(12.4,-3.4));
#292 = ( GEOMETRIC_REPRESENTATION_CONTEXT(2) 
PARAMETRIC_REPRESENTATION_CONTEXT() REPRESENTATION_CONTEXT('2D SPACE',''
  ) );
#293 = PCURVE('',#294,#299);
#294 = PLANE('',#295);
#295 = AXIS2_PLACEMENT_3D('',#296,#297,#298);
#296 = CARTESIAN_POINT('',(12.4,-3.4,69.3));
#297 = DIRECTION('',(0.,-1.,0.));
#298 = DIRECTION('',(-1.,0.,0.));
#299 = DEFINITIONAL_REPRESENTATION('',(#300),#303);
#300 = B_SPLINE_CURVE_WITH_KNOTS('',1,(#301,#302),.UNSPECIFIED.,.F.,.F.,
  (2,2),(-18.6,6.2),.PIECEWISE_BEZIER_KNOTS.);
#301 = CARTESIAN_POINT('',(24.8,-1.));
#302 = CARTESIAN_POINT('',(0.,-1.));
#303 = ( GEOMETRIC_REPRESENTATION_CONTEXT(2) 
PARAMETRIC_REPRESENTATION_CONTEXT() REPRESENTATION_CONTEXT('2D SPACE',''
  ) );
#304 = ORIENTED_EDGE('',*,*,#305,.T.);
#305 = EDGE_CURVE('',#280,#306,#308,.T.);
#306 = VERTEX_POINT('',#307);
#307 = CARTESIAN_POINT('',(-2.107130750571,-3.4,70.3));
#308 = SURFACE_CURVE('',#309,(#314,#325),.PCURVE_S1.);
#309 = CIRCLE('',#310,4.);
#310 = AXIS2_PLACEMENT_3D('',#311,#312,#313);
#311 = CARTESIAN_POINT('',(0.,0.,70.3));
#312 = DIRECTION('',(0.,0.,-1.));
#313 = DIRECTION('',(1.,0.,0.));
#314 = PCURVE('',#147,#315);
#315 = DEFINITIONAL_REPRESENTATION('',(#316),#324);
#316 = ( BOUNDED_CURVE() B_SPLINE_CURVE(2,(#317,#318,#319,#320,#321,#322
,#323),.UNSPECIFIED.,.T.,.F.) B_SPLINE_CURVE_WITH_KNOTS((1,2,2,2,2,1),(
    -2.094395102393,0.,2.094395102393,4.188790204786,6.28318530718,
8.377580409573),.UNSPECIFIED.) CURVE() GEOMETRIC_REPRESENTATION_ITEM() 
RATIONAL_B_SPLINE_CURVE((1.,0.5,1.,0.5,1.,0.5,1.)) REPRESENTATION_ITEM(
  '') );
#317 = CARTESIAN_POINT('',(4.,1.361813685832E-16));
#318 = CARTESIAN_POINT('',(4.,-6.928203230276));
#319 = CARTESIAN_POINT('',(-2.,-3.464101615138));
#320 = CARTESIAN_POINT('',(-8.,-8.435360707347E-16));
#321 = CARTESIAN_POINT('',(-2.,3.464101615138));
#322 = CARTESIAN_POINT('',(4.,6.928203230276));
#323 = CARTESIAN_POINT('',(4.,1.361813685832E-16));
#324 = ( GEOMETRIC_REPRESENTATION_CONTEXT(2) 
PARAMETRIC_REPRESENTATION_CONTEXT() REPRESENTATION_CONTEXT('2D SPACE',''
  ) );
#325 = PCURVE('',#326,#331);
#326 = CYLINDRICAL_SURFACE('',#327,4.);
#327 = AXIS2_PLACEMENT_3D('',#328,#329,#330);
#328 = CARTESIAN_POINT('',(0.,0.,69.3));
#329 = DIRECTION('',(-0.,-0.,-1.));
#330 = DIRECTION('',(1.,0.,0.));
#331 = DEFINITIONAL_REPRESENTATION('',(#332),#336);
#332 = LINE('',#333,#334);
#333 = CARTESIAN_POINT('',(-6.28318530718,-1.));
#334 = VECTOR('',#335,1.);
#335 = DIRECTION('',(1.,-0.));
#336 = ( GEOMETRIC_REPRESENTATION_CONTEXT(2) 
PARAMETRIC_REPRESENTATION_CONTEXT() REPRESENTATION_CONTEXT('2D SPACE',''
  ) );
#337 = ORIENTED_EDGE('',*,*,#338,.F.);
#338 = EDGE_CURVE('',#339,#306,#341,.T.);
#339 = VERTEX_POINT('',#340);
#340 = CARTESIAN_POINT('',(-12.4,-3.4,70.3));
#341 = SURFACE_CURVE('',#342,(#346,#352),.PCURVE_S1.);
#342 = LINE('',#343,#344);
#343 = CARTESIAN_POINT('',(6.2,-3.4,70.3));
#344 = VECTOR('',#345,1.);
#345 = DIRECTION('',(1.,0.,-0.));
#346 = PCURVE('',#147,#347);
#347 = DEFINITIONAL_REPRESENTATION('',(#348),#351);
#348 = B_SPLINE_CURVE_WITH_KNOTS('',1,(#349,#350),.UNSPECIFIED.,.F.,.F.,
  (2,2),(-18.6,6.2),.PIECEWISE_BEZIER_KNOTS.);
#349 = CARTESIAN_POINT('',(-12.4,-3.4));
#350 = CARTESIAN_POINT('',(12.4,-3.4));
#351 = ( GEOMETRIC_REPRESENTATION_CONTEXT(2) 
PARAMETRIC_REPRESENTATION_CONTEXT() REPRESENTATION_CONTEXT('2D SPACE',''
  ) );
#352 = PCURVE('',#353,#358);
#353 = PLANE('',#354);
#354 = AXIS2_PLACEMENT_3D('',#355,#356,#357);
#355 = CARTESIAN_POINT('',(12.4,-3.4,69.3));
#356 = DIRECTION('',(0.,-1.,0.));
#357 = DIRECTION('',(-1.,0.,0.));
#358 = DEFINITIONAL_REPRESENTATION('',(#359),#362);
#359 = B_SPLINE_CURVE_WITH_KNOTS('',1,(#360,#361),.UNSPECIFIED.,.F.,.F.,
  (2,2),(-18.6,6.2),.PIECEWISE_BEZIER_KNOTS.);
#360 = CARTESIAN_POINT('',(24.8,-1.));
#361 = CARTESIAN_POINT('',(0.,-1.));
#362 = ( GEOMETRIC_REPRESENTATION_CONTEXT(2) 
PARAMETRIC_REPRESENTATION_CONTEXT() REPRESENTATION_CONTEXT('2D SPACE',''
  ) );
#363 = ORIENTED_EDGE('',*,*,#364,.T.);
#364 = EDGE_CURVE('',#339,#365,#367,.T.);
#365 = VERTEX_POINT('',#366);
#366 = CARTESIAN_POINT('',(-12.4,3.4,70.3));
#367 = SURFACE_CURVE('',#368,(#373,#384),.PCURVE_S1.);
#368 = CIRCLE('',#369,3.4);
#369 = AXIS2_PLACEMENT_3D('',#370,#371,#372);
#370 = CARTESIAN_POINT('',(-12.4,0.,70.3));
#371 = DIRECTION('',(0.,-0.,-1.));
#372 = DIRECTION('',(0.,-1.,0.));
#373 = PCURVE('',#147,#374);
#374 = DEFINITIONAL_REPRESENTATION('',(#375),#383);
#375 = ( BOUNDED_CURVE() B_SPLINE_CURVE(2,(#376,#377,#378,#379,#380,#381
,#382),.UNSPECIFIED.,.T.,.F.) B_SPLINE_CURVE_WITH_KNOTS((1,2,2,2,2,1),(
    -2.094395102393,0.,2.094395102393,4.188790204786,6.28318530718,
8.377580409573),.UNSPECIFIED.) CURVE() GEOMETRIC_REPRESENTATION_ITEM() 
RATIONAL_B_SPLINE_CURVE((1.,0.5,1.,0.5,1.,0.5,1.)) REPRESENTATION_ITEM(
  '') );
#376 = CARTESIAN_POINT('',(-12.4,-3.4));
#377 = CARTESIAN_POINT('',(-18.28897274573,-3.4));
#378 = CARTESIAN_POINT('',(-15.34448637286,1.7));
#379 = CARTESIAN_POINT('',(-12.4,6.8));
#380 = CARTESIAN_POINT('',(-9.455513627133,1.7));
#381 = CARTESIAN_POINT('',(-6.511027254266,-3.4));
#382 = CARTESIAN_POINT('',(-12.4,-3.4));
#383 = ( GEOMETRIC_REPRESENTATION_CONTEXT(2) 
PARAMETRIC_REPRESENTATION_CONTEXT() REPRESENTATION_CONTEXT('2D SPACE',''
  ) );
#384 = PCURVE('',#385,#390);
#385 = CYLINDRICAL_SURFACE('',#386,3.4);
#386 = AXIS2_PLACEMENT_3D('',#387,#388,#389);
#387 = CARTESIAN_POINT('',(-12.4,0.,69.3));
#388 = DIRECTION('',(0.,-0.,-1.));
#389 = DIRECTION('',(0.,-1.,0.));
#390 = DEFINITIONAL_REPRESENTATION('',(#391),#395);
#391 = LINE('',#392,#393);
#392 = CARTESIAN_POINT('',(0.,-1.));
#393 = VECTOR('',#394,1.);
#394 = DIRECTION('',(1.,0.));
#395 = ( GEOMETRIC_REPRESENTATION_CONTEXT(2) 
PARAMETRIC_REPRESENTATION_CONTEXT() REPRESENTATION_CONTEXT('2D SPACE',''
  ) );
#396 = ORIENTED_EDGE('',*,*,#397,.F.);
#397 = EDGE_CURVE('',#398,#365,#400,.T.);
#398 = VERTEX_POINT('',#399);
#399 = CARTESIAN_POINT('',(-2.107130750571,3.4,70.3));
#400 = SURFACE_CURVE('',#401,(#405,#411),.PCURVE_S1.);
#401 = LINE('',#402,#403);
#402 = CARTESIAN_POINT('',(-6.2,3.4,70.3));
#403 = VECTOR('',#404,1.);
#404 = DIRECTION('',(-1.,0.,0.));
#405 = PCURVE('',#147,#406);
#406 = DEFINITIONAL_REPRESENTATION('',(#407),#410);
#407 = B_SPLINE_CURVE_WITH_KNOTS('',1,(#408,#409),.UNSPECIFIED.,.F.,.F.,
  (2,2),(-18.6,6.2),.PIECEWISE_BEZIER_KNOTS.);
#408 = CARTESIAN_POINT('',(12.4,3.4));
#409 = CARTESIAN_POINT('',(-12.4,3.4));
#410 = ( GEOMETRIC_REPRESENTATION_CONTEXT(2) 
PARAMETRIC_REPRESENTATION_CONTEXT() REPRESENTATION_CONTEXT('2D SPACE',''
  ) );
#411 = PCURVE('',#412,#417);
#412 = PLANE('',#413);
#413 = AXIS2_PLACEMENT_3D('',#414,#415,#416);
#414 = CARTESIAN_POINT('',(-12.4,3.4,69.3));
#415 = DIRECTION('',(0.,1.,0.));
#416 = DIRECTION('',(1.,0.,0.));
#417 = DEFINITIONAL_REPRESENTATION('',(#418),#421);
#418 = B_SPLINE_CURVE_WITH_KNOTS('',1,(#419,#420),.UNSPECIFIED.,.F.,.F.,
  (2,2),(-18.6,6.2),.PIECEWISE_BEZIER_KNOTS.);
#419 = CARTESIAN_POINT('',(24.8,-1.));
#420 = CARTESIAN_POINT('',(0.,-1.));
#421 = ( GEOMETRIC_REPRESENTATION_CONTEXT(2) 
PARAMETRIC_REPRESENTATION_CONTEXT() REPRESENTATION_CONTEXT('2D SPACE',''
  ) );
#422 = ORIENTED_EDGE('',*,*,#423,.T.);
#423 = EDGE_CURVE('',#398,#221,#424,.T.);
#424 = SURFACE_CURVE('',#425,(#430,#441),.PCURVE_S1.);
#425 = CIRCLE('',#426,4.);
#426 = AXIS2_PLACEMENT_3D('',#427,#428,#429);
#427 = CARTESIAN_POINT('',(0.,0.,70.3));
#428 = DIRECTION('',(0.,0.,-1.));
#429 = DIRECTION('',(1.,0.,0.));
#430 = PCURVE('',#147,#431);
#431 = DEFINITIONAL_REPRESENTATION('',(#432),#440);
#432 = ( BOUNDED_CURVE() B_SPLINE_CURVE(2,(#433,#434,#435,#436,#437,#438
,#439),.UNSPECIFIED.,.T.,.F.) B_SPLINE_CURVE_WITH_KNOTS((1,2,2,2,2,1),(
    -2.094395102393,0.,2.094395102393,4.188790204786,6.28318530718,
8.377580409573),.UNSPECIFIED.) CURVE() GEOMETRIC_REPRESENTATION_ITEM() 
RATIONAL_B_SPLINE_CURVE((1.,0.5,1.,0.5,1.,0.5,1.)) REPRESENTATION_ITEM(
  '') );
#433 = CARTESIAN_POINT('',(4.,1.361813685832E-16));
#434 = CARTESIAN_POINT('',(4.,-6.928203230276));
#435 = CARTESIAN_POINT('',(-2.,-3.464101615138));
#436 = CARTESIAN_POINT('',(-8.,-8.435360707347E-16));
#437 = CARTESIAN_POINT('',(-2.,3.464101615138));
#438 = CARTESIAN_POINT('',(4.,6.928203230276));
#439 = CARTESIAN_POINT('',(4.,1.361813685832E-16));
#440 = ( GEOMETRIC_REPRESENTATION_CONTEXT(2) 
PARAMETRIC_REPRESENTATION_CONTEXT() REPRESENTATION_CONTEXT('2D SPACE',''
  ) );
#441 = PCURVE('',#326,#442);
#442 = DEFINITIONAL_REPRESENTATION('',(#443),#447);
#443 = LINE('',#444,#445);
#444 = CARTESIAN_POINT('',(-6.28318530718,-1.));
#445 = VECTOR('',#446,1.);
#446 = DIRECTION('',(1.,-0.));
#447 = ( GEOMETRIC_REPRESENTATION_CONTEXT(2) 
PARAMETRIC_REPRESENTATION_CONTEXT() REPRESENTATION_CONTEXT('2D SPACE',''
  ) );
#448 = FACE_BOUND('',#449,.F.);
#449 = EDGE_LOOP('',(#450,#478,#504,#530));
#450 = ORIENTED_EDGE('',*,*,#451,.T.);
#451 = EDGE_CURVE('',#452,#454,#456,.T.);
#452 = VERTEX_POINT('',#453);
#453 = CARTESIAN_POINT('',(3.5,4.5,70.3));
#454 = VERTEX_POINT('',#455);
#455 = CARTESIAN_POINT('',(-3.5,4.5,70.3));
#456 = SURFACE_CURVE('',#457,(#461,#467),.PCURVE_S1.);
#457 = LINE('',#458,#459);
#458 = CARTESIAN_POINT('',(-1.75,4.5,70.3));
#459 = VECTOR('',#460,1.);
#460 = DIRECTION('',(-1.,0.,0.));
#461 = PCURVE('',#147,#462);
#462 = DEFINITIONAL_REPRESENTATION('',(#463),#466);
#463 = B_SPLINE_CURVE_WITH_KNOTS('',1,(#464,#465),.UNSPECIFIED.,.F.,.F.,
  (2,2),(-5.25,1.75),.PIECEWISE_BEZIER_KNOTS.);
#464 = CARTESIAN_POINT('',(3.5,4.5));
#465 = CARTESIAN_POINT('',(-3.5,4.5));
#466 = ( GEOMETRIC_REPRESENTATION_CONTEXT(2) 
PARAMETRIC_REPRESENTATION_CONTEXT() REPRESENTATION_CONTEXT('2D SPACE',''
  ) );
#467 = PCURVE('',#468,#473);
#468 = PLANE('',#469);
#469 = AXIS2_PLACEMENT_3D('',#470,#471,#472);
#470 = CARTESIAN_POINT('',(-3.5,4.5,69.3));
#471 = DIRECTION('',(0.,1.,0.));
#472 = DIRECTION('',(0.,0.,1.));
#473 = DEFINITIONAL_REPRESENTATION('',(#474),#477);
#474 = B_SPLINE_CURVE_WITH_KNOTS('',1,(#475,#476),.UNSPECIFIED.,.F.,.F.,
  (2,2),(-5.25,1.75),.PIECEWISE_BEZIER_KNOTS.);
#475 = CARTESIAN_POINT('',(1.,7.));
#476 = CARTESIAN_POINT('',(1.,0.));
#477 = ( GEOMETRIC_REPRESENTATION_CONTEXT(2) 
PARAMETRIC_REPRESENTATION_CONTEXT() REPRESENTATION_CONTEXT('2D SPACE',''
  ) );
#478 = ORIENTED_EDGE('',*,*,#479,.T.);
#479 = EDGE_CURVE('',#454,#480,#482,.T.);
#480 = VERTEX_POINT('',#481);
#481 = CARTESIAN_POINT('',(-3.5,10.,70.3));
#482 = SURFACE_CURVE('',#483,(#487,#493),.PCURVE_S1.);
#483 = LINE('',#484,#485);
#484 = CARTESIAN_POINT('',(-3.5,2.25,70.3));
#485 = VECTOR('',#486,1.);
#486 = DIRECTION('',(0.,1.,0.));
#487 = PCURVE('',#147,#488);
#488 = DEFINITIONAL_REPRESENTATION('',(#489),#492);
#489 = B_SPLINE_CURVE_WITH_KNOTS('',1,(#490,#491),.UNSPECIFIED.,.F.,.F.,
  (2,2),(2.25,7.75),.PIECEWISE_BEZIER_KNOTS.);
#490 = CARTESIAN_POINT('',(-3.5,4.5));
#491 = CARTESIAN_POINT('',(-3.5,10.));
#492 = ( GEOMETRIC_REPRESENTATION_CONTEXT(2) 
PARAMETRIC_REPRESENTATION_CONTEXT() REPRESENTATION_CONTEXT('2D SPACE',''
  ) );
#493 = PCURVE('',#494,#499);
#494 = PLANE('',#495);
#495 = AXIS2_PLACEMENT_3D('',#496,#497,#498);
#496 = CARTESIAN_POINT('',(-3.5,4.5,69.3));
#497 = DIRECTION('',(1.,0.,0.));
#498 = DIRECTION('',(0.,0.,1.));
#499 = DEFINITIONAL_REPRESENTATION('',(#500),#503);
#500 = B_SPLINE_CURVE_WITH_KNOTS('',1,(#501,#502),.UNSPECIFIED.,.F.,.F.,
  (2,2),(2.25,7.75),.PIECEWISE_BEZIER_KNOTS.);
#501 = CARTESIAN_POINT('',(1.,0.));
#502 = CARTESIAN_POINT('',(1.,-5.5));
#503 = ( GEOMETRIC_REPRESENTATION_CONTEXT(2) 
PARAMETRIC_REPRESENTATION_CONTEXT() REPRESENTATION_CONTEXT('2D SPACE',''
  ) );
#504 = ORIENTED_EDGE('',*,*,#505,.F.);
#505 = EDGE_CURVE('',#506,#480,#508,.T.);
#506 = VERTEX_POINT('',#507);
#507 = CARTESIAN_POINT('',(3.5,10.,70.3));
#508 = SURFACE_CURVE('',#509,(#513,#519),.PCURVE_S1.);
#509 = LINE('',#510,#511);
#510 = CARTESIAN_POINT('',(-1.75,10.,70.3));
#511 = VECTOR('',#512,1.);
#512 = DIRECTION('',(-1.,0.,0.));
#513 = PCURVE('',#147,#514);
#514 = DEFINITIONAL_REPRESENTATION('',(#515),#518);
#515 = B_SPLINE_CURVE_WITH_KNOTS('',1,(#516,#517),.UNSPECIFIED.,.F.,.F.,
  (2,2),(-5.25,1.75),.PIECEWISE_BEZIER_KNOTS.);
#516 = CARTESIAN_POINT('',(3.5,10.));
#517 = CARTESIAN_POINT('',(-3.5,10.));
#518 = ( GEOMETRIC_REPRESENTATION_CONTEXT(2) 
PARAMETRIC_REPRESENTATION_CONTEXT() REPRESENTATION_CONTEXT('2D SPACE',''
  ) );
#519 = PCURVE('',#520,#525);
#520 = PLANE('',#521);
#521 = AXIS2_PLACEMENT_3D('',#522,#523,#524);
#522 = CARTESIAN_POINT('',(-3.5,10.,69.3));
#523 = DIRECTION('',(0.,1.,0.));
#524 = DIRECTION('',(0.,0.,1.));
#525 = DEFINITIONAL_REPRESENTATION('',(#526),#529);
#526 = B_SPLINE_CURVE_WITH_KNOTS('',1,(#527,#528),.UNSPECIFIED.,.F.,.F.,
  (2,2),(-5.25,1.75),.PIECEWISE_BEZIER_KNOTS.);
#527 = CARTESIAN_POINT('',(1.,7.));
#528 = CARTESIAN_POINT('',(1.,0.));
#529 = ( GEOMETRIC_REPRESENTATION_CONTEXT(2) 
PARAMETRIC_REPRESENTATION_CONTEXT() REPRESENTATION_CONTEXT('2D SPACE',''
  ) );
#530 = ORIENTED_EDGE('',*,*,#531,.F.);
#531 = EDGE_CURVE('',#452,#506,#532,.T.);
#532 = SURFACE_CURVE('',#533,(#537,#543),.PCURVE_S1.);
#533 = LINE('',#534,#535);
#534 = CARTESIAN_POINT('',(3.5,2.25,70.3));
#535 = VECTOR('',#536,1.);
#536 = DIRECTION('',(0.,1.,0.));
#537 = PCURVE('',#147,#538);
#538 = DEFINITIONAL_REPRESENTATION('',(#539),#542);
#539 = B_SPLINE_CURVE_WITH_KNOTS('',1,(#540,#541),.UNSPECIFIED.,.F.,.F.,
  (2,2),(2.25,7.75),.PIECEWISE_BEZIER_KNOTS.);
#540 = CARTESIAN_POINT('',(3.5,4.5));
#541 = CARTESIAN_POINT('',(3.5,10.));
#542 = ( GEOMETRIC_REPRESENTATION_CONTEXT(2) 
PARAMETRIC_REPRESENTATION_CONTEXT() REPRESENTATION_CONTEXT('2D SPACE',''
  ) );
#543 = PCURVE('',#544,#549);
#544 = PLANE('',#545);
#545 = AXIS2_PLACEMENT_3D('',#546,#547,#548);
#546 = CARTESIAN_POINT('',(3.5,4.5,69.3));
#547 = DIRECTION('',(1.,0.,0.));
#548 = DIRECTION('',(0.,0.,1.));
#549 = DEFINITIONAL_REPRESENTATION('',(#550),#553);
#550 = B_SPLINE_CURVE_WITH_KNOTS('',1,(#551,#552),.UNSPECIFIED.,.F.,.F.,
  (2,2),(2.25,7.75),.PIECEWISE_BEZIER_KNOTS.);
#551 = CARTESIAN_POINT('',(1.,0.));
#552 = CARTESIAN_POINT('',(1.,-5.5));
#553 = ( GEOMETRIC_REPRESENTATION_CONTEXT(2) 
PARAMETRIC_REPRESENTATION_CONTEXT() REPRESENTATION_CONTEXT('2D SPACE',''
  ) );
#554 = ADVANCED_FACE('',(#555,#558),#200,.T.);
#555 = FACE_BOUND('',#556,.T.);
#556 = EDGE_LOOP('',(#557));
#557 = ORIENTED_EDGE('',*,*,#185,.T.);
#558 = FACE_BOUND('',#559,.T.);
#559 = EDGE_LOOP('',(#560,#590,#618,#646));
#560 = ORIENTED_EDGE('',*,*,#561,.F.);
#561 = EDGE_CURVE('',#562,#564,#566,.T.);
#562 = VERTEX_POINT('',#563);
#563 = CARTESIAN_POINT('',(-15.,11.2,78.3));
#564 = VERTEX_POINT('',#565);
#565 = CARTESIAN_POINT('',(-15.,-9.7,78.3));
#566 = SURFACE_CURVE('',#567,(#571,#578),.PCURVE_S1.);
#567 = LINE('',#568,#569);
#568 = CARTESIAN_POINT('',(-15.,12.,78.3));
#569 = VECTOR('',#570,1.);
#570 = DIRECTION('',(0.,-1.,1.110223024625E-16));
#571 = PCURVE('',#200,#572);
#572 = DEFINITIONAL_REPRESENTATION('',(#573),#577);
#573 = LINE('',#574,#575);
#574 = CARTESIAN_POINT('',(-15.,12.));
#575 = VECTOR('',#576,1.);
#576 = DIRECTION('',(0.,-1.));
#577 = ( GEOMETRIC_REPRESENTATION_CONTEXT(2) 
PARAMETRIC_REPRESENTATION_CONTEXT() REPRESENTATION_CONTEXT('2D SPACE',''
  ) );
#578 = PCURVE('',#579,#584);
#579 = PLANE('',#580);
#580 = AXIS2_PLACEMENT_3D('',#581,#582,#583);
#581 = CARTESIAN_POINT('',(-15.,12.,78.3));
#582 = DIRECTION('',(-1.,0.,0.));
#583 = DIRECTION('',(0.,1.110223024625E-16,1.));
#584 = DEFINITIONAL_REPRESENTATION('',(#585),#589);
#585 = LINE('',#586,#587);
#586 = CARTESIAN_POINT('',(0.,0.));
#587 = VECTOR('',#588,1.);
#588 = DIRECTION('',(0.,-1.));
#589 = ( GEOMETRIC_REPRESENTATION_CONTEXT(2) 
PARAMETRIC_REPRESENTATION_CONTEXT() REPRESENTATION_CONTEXT('2D SPACE',''
  ) );
#590 = ORIENTED_EDGE('',*,*,#591,.T.);
#591 = EDGE_CURVE('',#562,#592,#594,.T.);
#592 = VERTEX_POINT('',#593);
#593 = CARTESIAN_POINT('',(15.,11.2,78.3));
#594 = SURFACE_CURVE('',#595,(#599,#606),.PCURVE_S1.);
#595 = LINE('',#596,#597);
#596 = CARTESIAN_POINT('',(-15.,11.2,78.3));
#597 = VECTOR('',#598,1.);
#598 = DIRECTION('',(1.,0.,0.));
#599 = PCURVE('',#200,#600);
#600 = DEFINITIONAL_REPRESENTATION('',(#601),#605);
#601 = LINE('',#602,#603);
#602 = CARTESIAN_POINT('',(-15.,11.2));
#603 = VECTOR('',#604,1.);
#604 = DIRECTION('',(1.,0.));
#605 = ( GEOMETRIC_REPRESENTATION_CONTEXT(2) 
PARAMETRIC_REPRESENTATION_CONTEXT() REPRESENTATION_CONTEXT('2D SPACE',''
  ) );
#606 = PCURVE('',#607,#612);
#607 = PLANE('',#608);
#608 = AXIS2_PLACEMENT_3D('',#609,#610,#611);
#609 = CARTESIAN_POINT('',(-15.,11.6,78.7));
#610 = DIRECTION('',(-6.983161618628E-18,0.707106781187,-0.707106781187)
  );
#611 = DIRECTION('',(-1.,-4.937840934654E-18,4.937840934654E-18));
#612 = DEFINITIONAL_REPRESENTATION('',(#613),#617);
#613 = LINE('',#614,#615);
#614 = CARTESIAN_POINT('',(1.694818351061E-32,-0.565685424949));
#615 = VECTOR('',#616,1.);
#616 = DIRECTION('',(-1.,0.));
#617 = ( GEOMETRIC_REPRESENTATION_CONTEXT(2) 
PARAMETRIC_REPRESENTATION_CONTEXT() REPRESENTATION_CONTEXT('2D SPACE',''
  ) );
#618 = ORIENTED_EDGE('',*,*,#619,.T.);
#619 = EDGE_CURVE('',#592,#620,#622,.T.);
#620 = VERTEX_POINT('',#621);
#621 = CARTESIAN_POINT('',(15.,-9.7,78.3));
#622 = SURFACE_CURVE('',#623,(#627,#634),.PCURVE_S1.);
#623 = LINE('',#624,#625);
#624 = CARTESIAN_POINT('',(15.,12.,78.3));
#625 = VECTOR('',#626,1.);
#626 = DIRECTION('',(0.,-1.,1.110223024625E-16));
#627 = PCURVE('',#200,#628);
#628 = DEFINITIONAL_REPRESENTATION('',(#629),#633);
#629 = LINE('',#630,#631);
#630 = CARTESIAN_POINT('',(15.,12.));
#631 = VECTOR('',#632,1.);
#632 = DIRECTION('',(0.,-1.));
#633 = ( GEOMETRIC_REPRESENTATION_CONTEXT(2) 
PARAMETRIC_REPRESENTATION_CONTEXT() REPRESENTATION_CONTEXT('2D SPACE',''
  ) );
#634 = PCURVE('',#635,#640);
#635 = PLANE('',#636);
#636 = AXIS2_PLACEMENT_3D('',#637,#638,#639);
#637 = CARTESIAN_POINT('',(15.,12.,78.3));
#638 = DIRECTION('',(-1.,0.,0.));
#639 = DIRECTION('',(0.,1.110223024625E-16,1.));
#640 = DEFINITIONAL_REPRESENTATION('',(#641),#645);
#641 = LINE('',#642,#643);
#642 = CARTESIAN_POINT('',(0.,0.));
#643 = VECTOR('',#644,1.);
#644 = DIRECTION('',(0.,-1.));
#645 = ( GEOMETRIC_REPRESENTATION_CONTEXT(2) 
PARAMETRIC_REPRESENTATION_CONTEXT() REPRESENTATION_CONTEXT('2D SPACE',''
  ) );
#646 = ORIENTED_EDGE('',*,*,#647,.F.);
#647 = EDGE_CURVE('',#564,#620,#648,.T.);
#648 = SURFACE_CURVE('',#649,(#653,#660),.PCURVE_S1.);
#649 = LINE('',#650,#651);
#650 = CARTESIAN_POINT('',(-15.,-9.7,78.3));
#651 = VECTOR('',#652,1.);
#652 = DIRECTION('',(1.,0.,0.));
#653 = PCURVE('',#200,#654);
#654 = DEFINITIONAL_REPRESENTATION('',(#655),#659);
#655 = LINE('',#656,#657);
#656 = CARTESIAN_POINT('',(-15.,-9.7));
#657 = VECTOR('',#658,1.);
#658 = DIRECTION('',(1.,0.));
#659 = ( GEOMETRIC_REPRESENTATION_CONTEXT(2) 
PARAMETRIC_REPRESENTATION_CONTEXT() REPRESENTATION_CONTEXT('2D SPACE',''
  ) );
#660 = PCURVE('',#661,#666);
#661 = PLANE('',#662);
#662 = AXIS2_PLACEMENT_3D('',#663,#664,#665);
#663 = CARTESIAN_POINT('',(-15.,-10.1,78.7));
#664 = DIRECTION('',(6.983161618628E-18,0.707106781187,0.707106781187));
#665 = DIRECTION('',(-1.,4.937840934654E-18,4.937840934654E-18));
#666 = DEFINITIONAL_REPRESENTATION('',(#667),#671);
#667 = LINE('',#668,#669);
#668 = CARTESIAN_POINT('',(1.848892746612E-32,-0.565685424949));
#669 = VECTOR('',#670,1.);
#670 = DIRECTION('',(-1.,0.));
#671 = ( GEOMETRIC_REPRESENTATION_CONTEXT(2) 
PARAMETRIC_REPRESENTATION_CONTEXT() REPRESENTATION_CONTEXT('2D SPACE',''
  ) );
#672 = ADVANCED_FACE('',(#673),#235,.F.);
#673 = FACE_BOUND('',#674,.F.);
#674 = EDGE_LOOP('',(#675,#698,#699,#720));
#675 = ORIENTED_EDGE('',*,*,#676,.F.);
#676 = EDGE_CURVE('',#219,#677,#679,.T.);
#677 = VERTEX_POINT('',#678);
#678 = CARTESIAN_POINT('',(12.4,3.4,72.3));
#679 = SURFACE_CURVE('',#680,(#684,#691),.PCURVE_S1.);
#680 = LINE('',#681,#682);
#681 = CARTESIAN_POINT('',(12.4,3.4,69.3));
#682 = VECTOR('',#683,1.);
#683 = DIRECTION('',(0.,0.,1.));
#684 = PCURVE('',#235,#685);
#685 = DEFINITIONAL_REPRESENTATION('',(#686),#690);
#686 = LINE('',#687,#688);
#687 = CARTESIAN_POINT('',(24.8,0.));
#688 = VECTOR('',#689,1.);
#689 = DIRECTION('',(0.,-1.));
#690 = ( GEOMETRIC_REPRESENTATION_CONTEXT(2) 
PARAMETRIC_REPRESENTATION_CONTEXT() REPRESENTATION_CONTEXT('2D SPACE',''
  ) );
#691 = PCURVE('',#267,#692);
#692 = DEFINITIONAL_REPRESENTATION('',(#693),#697);
#693 = LINE('',#694,#695);
#694 = CARTESIAN_POINT('',(0.,0.));
#695 = VECTOR('',#696,1.);
#696 = DIRECTION('',(0.,-1.));
#697 = ( GEOMETRIC_REPRESENTATION_CONTEXT(2) 
PARAMETRIC_REPRESENTATION_CONTEXT() REPRESENTATION_CONTEXT('2D SPACE',''
  ) );
#698 = ORIENTED_EDGE('',*,*,#218,.T.);
#699 = ORIENTED_EDGE('',*,*,#700,.F.);
#700 = EDGE_CURVE('',#701,#221,#703,.T.);
#701 = VERTEX_POINT('',#702);
#702 = CARTESIAN_POINT('',(2.107130750571,3.4,72.3));
#703 = SURFACE_CURVE('',#704,(#708,#714),.PCURVE_S1.);
#704 = LINE('',#705,#706);
#705 = CARTESIAN_POINT('',(2.107130750571,3.4,69.3));
#706 = VECTOR('',#707,1.);
#707 = DIRECTION('',(-0.,-0.,-1.));
#708 = PCURVE('',#235,#709);
#709 = DEFINITIONAL_REPRESENTATION('',(#710),#713);
#710 = B_SPLINE_CURVE_WITH_KNOTS('',1,(#711,#712),.UNSPECIFIED.,.F.,.F.,
  (2,2),(-3.2,-0.8),.PIECEWISE_BEZIER_KNOTS.);
#711 = CARTESIAN_POINT('',(14.507130750571,-3.2));
#712 = CARTESIAN_POINT('',(14.507130750571,-0.8));
#713 = ( GEOMETRIC_REPRESENTATION_CONTEXT(2) 
PARAMETRIC_REPRESENTATION_CONTEXT() REPRESENTATION_CONTEXT('2D SPACE',''
  ) );
#714 = PCURVE('',#326,#715);
#715 = DEFINITIONAL_REPRESENTATION('',(#716),#719);
#716 = B_SPLINE_CURVE_WITH_KNOTS('',1,(#717,#718),.UNSPECIFIED.,.F.,.F.,
  (2,2),(-3.2,-0.8),.PIECEWISE_BEZIER_KNOTS.);
#717 = CARTESIAN_POINT('',(-1.015985293815,-3.2));
#718 = CARTESIAN_POINT('',(-1.015985293815,-0.8));
#719 = ( GEOMETRIC_REPRESENTATION_CONTEXT(2) 
PARAMETRIC_REPRESENTATION_CONTEXT() REPRESENTATION_CONTEXT('2D SPACE',''
  ) );
#720 = ORIENTED_EDGE('',*,*,#721,.T.);
#721 = EDGE_CURVE('',#701,#677,#722,.T.);
#722 = SURFACE_CURVE('',#723,(#727,#734),.PCURVE_S1.);
#723 = LINE('',#724,#725);
#724 = CARTESIAN_POINT('',(-12.4,3.4,72.3));
#725 = VECTOR('',#726,1.);
#726 = DIRECTION('',(1.,0.,0.));
#727 = PCURVE('',#235,#728);
#728 = DEFINITIONAL_REPRESENTATION('',(#729),#733);
#729 = LINE('',#730,#731);
#730 = CARTESIAN_POINT('',(0.,-3.));
#731 = VECTOR('',#732,1.);
#732 = DIRECTION('',(1.,0.));
#733 = ( GEOMETRIC_REPRESENTATION_CONTEXT(2) 
PARAMETRIC_REPRESENTATION_CONTEXT() REPRESENTATION_CONTEXT('2D SPACE',''
  ) );
#734 = PCURVE('',#735,#740);
#735 = PLANE('',#736);
#736 = AXIS2_PLACEMENT_3D('',#737,#738,#739);
#737 = CARTESIAN_POINT('',(-5.075305255429E-17,-2.537652627715E-17,72.3)
  );
#738 = DIRECTION('',(-0.,-0.,-1.));
#739 = DIRECTION('',(-1.,0.,0.));
#740 = DEFINITIONAL_REPRESENTATION('',(#741),#745);
#741 = LINE('',#742,#743);
#742 = CARTESIAN_POINT('',(12.4,3.4));
#743 = VECTOR('',#744,1.);
#744 = DIRECTION('',(-1.,0.));
#745 = ( GEOMETRIC_REPRESENTATION_CONTEXT(2) 
PARAMETRIC_REPRESENTATION_CONTEXT() REPRESENTATION_CONTEXT('2D SPACE',''
  ) );
#746 = ADVANCED_FACE('',(#747),#267,.F.);
#747 = FACE_BOUND('',#748,.F.);
#748 = EDGE_LOOP('',(#749,#750,#751,#775));
#749 = ORIENTED_EDGE('',*,*,#246,.F.);
#750 = ORIENTED_EDGE('',*,*,#676,.T.);
#751 = ORIENTED_EDGE('',*,*,#752,.T.);
#752 = EDGE_CURVE('',#677,#753,#755,.T.);
#753 = VERTEX_POINT('',#754);
#754 = CARTESIAN_POINT('',(12.4,-3.4,72.3));
#755 = SURFACE_CURVE('',#756,(#761,#768),.PCURVE_S1.);
#756 = CIRCLE('',#757,3.4);
#757 = AXIS2_PLACEMENT_3D('',#758,#759,#760);
#758 = CARTESIAN_POINT('',(12.4,0.,72.3));
#759 = DIRECTION('',(0.,0.,-1.));
#760 = DIRECTION('',(0.,1.,0.));
#761 = PCURVE('',#267,#762);
#762 = DEFINITIONAL_REPRESENTATION('',(#763),#767);
#763 = LINE('',#764,#765);
#764 = CARTESIAN_POINT('',(0.,-3.));
#765 = VECTOR('',#766,1.);
#766 = DIRECTION('',(1.,0.));
#767 = ( GEOMETRIC_REPRESENTATION_CONTEXT(2) 
PARAMETRIC_REPRESENTATION_CONTEXT() REPRESENTATION_CONTEXT('2D SPACE',''
  ) );
#768 = PCURVE('',#735,#769);
#769 = DEFINITIONAL_REPRESENTATION('',(#770),#774);
#770 = CIRCLE('',#771,3.4);
#771 = AXIS2_PLACEMENT_2D('',#772,#773);
#772 = CARTESIAN_POINT('',(-12.4,2.537652627715E-17));
#773 = DIRECTION('',(0.,1.));
#774 = ( GEOMETRIC_REPRESENTATION_CONTEXT(2) 
PARAMETRIC_REPRESENTATION_CONTEXT() REPRESENTATION_CONTEXT('2D SPACE',''
  ) );
#775 = ORIENTED_EDGE('',*,*,#776,.F.);
#776 = EDGE_CURVE('',#247,#753,#777,.T.);
#777 = SURFACE_CURVE('',#778,(#782,#789),.PCURVE_S1.);
#778 = LINE('',#779,#780);
#779 = CARTESIAN_POINT('',(12.4,-3.4,69.3));
#780 = VECTOR('',#781,1.);
#781 = DIRECTION('',(0.,0.,1.));
#782 = PCURVE('',#267,#783);
#783 = DEFINITIONAL_REPRESENTATION('',(#784),#788);
#784 = LINE('',#785,#786);
#785 = CARTESIAN_POINT('',(3.14159265359,0.));
#786 = VECTOR('',#787,1.);
#787 = DIRECTION('',(0.,-1.));
#788 = ( GEOMETRIC_REPRESENTATION_CONTEXT(2) 
PARAMETRIC_REPRESENTATION_CONTEXT() REPRESENTATION_CONTEXT('2D SPACE',''
  ) );
#789 = PCURVE('',#294,#790);
#790 = DEFINITIONAL_REPRESENTATION('',(#791),#795);
#791 = LINE('',#792,#793);
#792 = CARTESIAN_POINT('',(0.,-0.));
#793 = VECTOR('',#794,1.);
#794 = DIRECTION('',(0.,-1.));
#795 = ( GEOMETRIC_REPRESENTATION_CONTEXT(2) 
PARAMETRIC_REPRESENTATION_CONTEXT() REPRESENTATION_CONTEXT('2D SPACE',''
  ) );
#796 = ADVANCED_FACE('',(#797),#326,.F.);
#797 = FACE_BOUND('',#798,.T.);
#798 = EDGE_LOOP('',(#799,#823,#846,#873,#874,#898,#917,#918,#939,#968,
    #987,#988));
#799 = ORIENTED_EDGE('',*,*,#800,.T.);
#800 = EDGE_CURVE('',#701,#801,#803,.T.);
#801 = VERTEX_POINT('',#802);
#802 = CARTESIAN_POINT('',(4.,0.,72.3));
#803 = SURFACE_CURVE('',#804,(#809,#816),.PCURVE_S1.);
#804 = CIRCLE('',#805,4.);
#805 = AXIS2_PLACEMENT_3D('',#806,#807,#808);
#806 = CARTESIAN_POINT('',(0.,0.,72.3));
#807 = DIRECTION('',(0.,0.,-1.));
#808 = DIRECTION('',(1.,0.,0.));
#809 = PCURVE('',#326,#810);
#810 = DEFINITIONAL_REPRESENTATION('',(#811),#815);
#811 = LINE('',#812,#813);
#812 = CARTESIAN_POINT('',(-6.28318530718,-3.));
#813 = VECTOR('',#814,1.);
#814 = DIRECTION('',(1.,-0.));
#815 = ( GEOMETRIC_REPRESENTATION_CONTEXT(2) 
PARAMETRIC_REPRESENTATION_CONTEXT() REPRESENTATION_CONTEXT('2D SPACE',''
  ) );
#816 = PCURVE('',#735,#817);
#817 = DEFINITIONAL_REPRESENTATION('',(#818),#822);
#818 = CIRCLE('',#819,4.);
#819 = AXIS2_PLACEMENT_2D('',#820,#821);
#820 = CARTESIAN_POINT('',(-5.075305255429E-17,2.537652627715E-17));
#821 = DIRECTION('',(-1.,0.));
#822 = ( GEOMETRIC_REPRESENTATION_CONTEXT(2) 
PARAMETRIC_REPRESENTATION_CONTEXT() REPRESENTATION_CONTEXT('2D SPACE',''
  ) );
#823 = ORIENTED_EDGE('',*,*,#824,.T.);
#824 = EDGE_CURVE('',#801,#825,#827,.T.);
#825 = VERTEX_POINT('',#826);
#826 = CARTESIAN_POINT('',(4.,0.,75.8));
#827 = SEAM_CURVE('',#828,(#832,#839),.PCURVE_S1.);
#828 = LINE('',#829,#830);
#829 = CARTESIAN_POINT('',(4.,0.,69.3));
#830 = VECTOR('',#831,1.);
#831 = DIRECTION('',(0.,0.,1.));
#832 = PCURVE('',#326,#833);
#833 = DEFINITIONAL_REPRESENTATION('',(#834),#838);
#834 = LINE('',#835,#836);
#835 = CARTESIAN_POINT('',(-6.28318530718,0.));
#836 = VECTOR('',#837,1.);
#837 = DIRECTION('',(-0.,-1.));
#838 = ( GEOMETRIC_REPRESENTATION_CONTEXT(2) 
PARAMETRIC_REPRESENTATION_CONTEXT() REPRESENTATION_CONTEXT('2D SPACE',''
  ) );
#839 = PCURVE('',#326,#840);
#840 = DEFINITIONAL_REPRESENTATION('',(#841),#845);
#841 = LINE('',#842,#843);
#842 = CARTESIAN_POINT('',(-0.,0.));
#843 = VECTOR('',#844,1.);
#844 = DIRECTION('',(-0.,-1.));
#845 = ( GEOMETRIC_REPRESENTATION_CONTEXT(2) 
PARAMETRIC_REPRESENTATION_CONTEXT() REPRESENTATION_CONTEXT('2D SPACE',''
  ) );
#846 = ORIENTED_EDGE('',*,*,#847,.T.);
#847 = EDGE_CURVE('',#825,#825,#848,.T.);
#848 = SURFACE_CURVE('',#849,(#854,#861),.PCURVE_S1.);
#849 = CIRCLE('',#850,4.);
#850 = AXIS2_PLACEMENT_3D('',#851,#852,#853);
#851 = CARTESIAN_POINT('',(0.,0.,75.8));
#852 = DIRECTION('',(0.,0.,1.));
#853 = DIRECTION('',(1.,0.,0.));
#854 = PCURVE('',#326,#855);
#855 = DEFINITIONAL_REPRESENTATION('',(#856),#860);
#856 = LINE('',#857,#858);
#857 = CARTESIAN_POINT('',(-0.,-6.5));
#858 = VECTOR('',#859,1.);
#859 = DIRECTION('',(-1.,0.));
#860 = ( GEOMETRIC_REPRESENTATION_CONTEXT(2) 
PARAMETRIC_REPRESENTATION_CONTEXT() REPRESENTATION_CONTEXT('2D SPACE',''
  ) );
#861 = PCURVE('',#862,#867);
#862 = PLANE('',#863);
#863 = AXIS2_PLACEMENT_3D('',#864,#865,#866);
#864 = CARTESIAN_POINT('',(-2.563950248511E-16,3.49503809816E-16,75.8));
#865 = DIRECTION('',(0.,0.,1.));
#866 = DIRECTION('',(1.,0.,-0.));
#867 = DEFINITIONAL_REPRESENTATION('',(#868),#872);
#868 = CIRCLE('',#869,4.);
#869 = AXIS2_PLACEMENT_2D('',#870,#871);
#870 = CARTESIAN_POINT('',(2.563950248511E-16,-3.49503809816E-16));
#871 = DIRECTION('',(1.,0.));
#872 = ( GEOMETRIC_REPRESENTATION_CONTEXT(2) 
PARAMETRIC_REPRESENTATION_CONTEXT() REPRESENTATION_CONTEXT('2D SPACE',''
  ) );
#873 = ORIENTED_EDGE('',*,*,#824,.F.);
#874 = ORIENTED_EDGE('',*,*,#875,.T.);
#875 = EDGE_CURVE('',#801,#876,#878,.T.);
#876 = VERTEX_POINT('',#877);
#877 = CARTESIAN_POINT('',(2.107130750571,-3.4,72.3));
#878 = SURFACE_CURVE('',#879,(#884,#891),.PCURVE_S1.);
#879 = CIRCLE('',#880,4.);
#880 = AXIS2_PLACEMENT_3D('',#881,#882,#883);
#881 = CARTESIAN_POINT('',(0.,0.,72.3));
#882 = DIRECTION('',(0.,0.,-1.));
#883 = DIRECTION('',(1.,0.,0.));
#884 = PCURVE('',#326,#885);
#885 = DEFINITIONAL_REPRESENTATION('',(#886),#890);
#886 = LINE('',#887,#888);
#887 = CARTESIAN_POINT('',(-6.28318530718,-3.));
#888 = VECTOR('',#889,1.);
#889 = DIRECTION('',(1.,-0.));
#890 = ( GEOMETRIC_REPRESENTATION_CONTEXT(2) 
PARAMETRIC_REPRESENTATION_CONTEXT() REPRESENTATION_CONTEXT('2D SPACE',''
  ) );
#891 = PCURVE('',#735,#892);
#892 = DEFINITIONAL_REPRESENTATION('',(#893),#897);
#893 = CIRCLE('',#894,4.);
#894 = AXIS2_PLACEMENT_2D('',#895,#896);
#895 = CARTESIAN_POINT('',(-5.075305255429E-17,2.537652627715E-17));
#896 = DIRECTION('',(-1.,0.));
#897 = ( GEOMETRIC_REPRESENTATION_CONTEXT(2) 
PARAMETRIC_REPRESENTATION_CONTEXT() REPRESENTATION_CONTEXT('2D SPACE',''
  ) );
#898 = ORIENTED_EDGE('',*,*,#899,.T.);
#899 = EDGE_CURVE('',#876,#280,#900,.T.);
#900 = SURFACE_CURVE('',#901,(#905,#911),.PCURVE_S1.);
#901 = LINE('',#902,#903);
#902 = CARTESIAN_POINT('',(2.107130750571,-3.4,69.3));
#903 = VECTOR('',#904,1.);
#904 = DIRECTION('',(-0.,-0.,-1.));
#905 = PCURVE('',#326,#906);
#906 = DEFINITIONAL_REPRESENTATION('',(#907),#910);
#907 = B_SPLINE_CURVE_WITH_KNOTS('',1,(#908,#909),.UNSPECIFIED.,.F.,.F.,
  (2,2),(-3.2,-0.8),.PIECEWISE_BEZIER_KNOTS.);
#908 = CARTESIAN_POINT('',(-5.267200013365,-3.2));
#909 = CARTESIAN_POINT('',(-5.267200013365,-0.8));
#910 = ( GEOMETRIC_REPRESENTATION_CONTEXT(2) 
PARAMETRIC_REPRESENTATION_CONTEXT() REPRESENTATION_CONTEXT('2D SPACE',''
  ) );
#911 = PCURVE('',#294,#912);
#912 = DEFINITIONAL_REPRESENTATION('',(#913),#916);
#913 = B_SPLINE_CURVE_WITH_KNOTS('',1,(#914,#915),.UNSPECIFIED.,.F.,.F.,
  (2,2),(-3.2,-0.8),.PIECEWISE_BEZIER_KNOTS.);
#914 = CARTESIAN_POINT('',(10.292869249429,-3.2));
#915 = CARTESIAN_POINT('',(10.292869249429,-0.8));
#916 = ( GEOMETRIC_REPRESENTATION_CONTEXT(2) 
PARAMETRIC_REPRESENTATION_CONTEXT() REPRESENTATION_CONTEXT('2D SPACE',''
  ) );
#917 = ORIENTED_EDGE('',*,*,#305,.T.);
#918 = ORIENTED_EDGE('',*,*,#919,.F.);
#919 = EDGE_CURVE('',#920,#306,#922,.T.);
#920 = VERTEX_POINT('',#921);
#921 = CARTESIAN_POINT('',(-2.107130750571,-3.4,72.3));
#922 = SURFACE_CURVE('',#923,(#927,#933),.PCURVE_S1.);
#923 = LINE('',#924,#925);
#924 = CARTESIAN_POINT('',(-2.107130750571,-3.4,69.3));
#925 = VECTOR('',#926,1.);
#926 = DIRECTION('',(-0.,-0.,-1.));
#927 = PCURVE('',#326,#928);
#928 = DEFINITIONAL_REPRESENTATION('',(#929),#932);
#929 = B_SPLINE_CURVE_WITH_KNOTS('',1,(#930,#931),.UNSPECIFIED.,.F.,.F.,
  (2,2),(-3.2,-0.8),.PIECEWISE_BEZIER_KNOTS.);
#930 = CARTESIAN_POINT('',(-4.157577947405,-3.2));
#931 = CARTESIAN_POINT('',(-4.157577947405,-0.8));
#932 = ( GEOMETRIC_REPRESENTATION_CONTEXT(2) 
PARAMETRIC_REPRESENTATION_CONTEXT() REPRESENTATION_CONTEXT('2D SPACE',''
  ) );
#933 = PCURVE('',#353,#934);
#934 = DEFINITIONAL_REPRESENTATION('',(#935),#938);
#935 = B_SPLINE_CURVE_WITH_KNOTS('',1,(#936,#937),.UNSPECIFIED.,.F.,.F.,
  (2,2),(-3.2,-0.8),.PIECEWISE_BEZIER_KNOTS.);
#936 = CARTESIAN_POINT('',(14.507130750571,-3.2));
#937 = CARTESIAN_POINT('',(14.507130750571,-0.8));
#938 = ( GEOMETRIC_REPRESENTATION_CONTEXT(2) 
PARAMETRIC_REPRESENTATION_CONTEXT() REPRESENTATION_CONTEXT('2D SPACE',''
  ) );
#939 = ORIENTED_EDGE('',*,*,#940,.T.);
#940 = EDGE_CURVE('',#920,#941,#943,.T.);
#941 = VERTEX_POINT('',#942);
#942 = CARTESIAN_POINT('',(-2.107130750571,3.4,72.3));
#943 = SURFACE_CURVE('',#944,(#949,#956),.PCURVE_S1.);
#944 = CIRCLE('',#945,4.);
#945 = AXIS2_PLACEMENT_3D('',#946,#947,#948);
#946 = CARTESIAN_POINT('',(0.,0.,72.3));
#947 = DIRECTION('',(0.,0.,-1.));
#948 = DIRECTION('',(1.,0.,0.));
#949 = PCURVE('',#326,#950);
#950 = DEFINITIONAL_REPRESENTATION('',(#951),#955);
#951 = LINE('',#952,#953);
#952 = CARTESIAN_POINT('',(-6.28318530718,-3.));
#953 = VECTOR('',#954,1.);
#954 = DIRECTION('',(1.,-0.));
#955 = ( GEOMETRIC_REPRESENTATION_CONTEXT(2) 
PARAMETRIC_REPRESENTATION_CONTEXT() REPRESENTATION_CONTEXT('2D SPACE',''
  ) );
#956 = PCURVE('',#957,#962);
#957 = PLANE('',#958);
#958 = AXIS2_PLACEMENT_3D('',#959,#960,#961);
#959 = CARTESIAN_POINT('',(-5.075305255429E-17,-2.537652627715E-17,72.3)
  );
#960 = DIRECTION('',(-0.,-0.,-1.));
#961 = DIRECTION('',(-1.,0.,0.));
#962 = DEFINITIONAL_REPRESENTATION('',(#963),#967);
#963 = CIRCLE('',#964,4.);
#964 = AXIS2_PLACEMENT_2D('',#965,#966);
#965 = CARTESIAN_POINT('',(-5.075305255429E-17,2.537652627715E-17));
#966 = DIRECTION('',(-1.,0.));
#967 = ( GEOMETRIC_REPRESENTATION_CONTEXT(2) 
PARAMETRIC_REPRESENTATION_CONTEXT() REPRESENTATION_CONTEXT('2D SPACE',''
  ) );
#968 = ORIENTED_EDGE('',*,*,#969,.T.);
#969 = EDGE_CURVE('',#941,#398,#970,.T.);
#970 = SURFACE_CURVE('',#971,(#975,#981),.PCURVE_S1.);
#971 = LINE('',#972,#973);
#972 = CARTESIAN_POINT('',(-2.107130750571,3.4,69.3));
#973 = VECTOR('',#974,1.);
#974 = DIRECTION('',(-0.,-0.,-1.));
#975 = PCURVE('',#326,#976);
#976 = DEFINITIONAL_REPRESENTATION('',(#977),#980);
#977 = B_SPLINE_CURVE_WITH_KNOTS('',1,(#978,#979),.UNSPECIFIED.,.F.,.F.,
  (2,2),(-3.2,-0.8),.PIECEWISE_BEZIER_KNOTS.);
#978 = CARTESIAN_POINT('',(-2.125607359775,-3.2));
#979 = CARTESIAN_POINT('',(-2.125607359775,-0.8));
#980 = ( GEOMETRIC_REPRESENTATION_CONTEXT(2) 
PARAMETRIC_REPRESENTATION_CONTEXT() REPRESENTATION_CONTEXT('2D SPACE',''
  ) );
#981 = PCURVE('',#412,#982);
#982 = DEFINITIONAL_REPRESENTATION('',(#983),#986);
#983 = B_SPLINE_CURVE_WITH_KNOTS('',1,(#984,#985),.UNSPECIFIED.,.F.,.F.,
  (2,2),(-3.2,-0.8),.PIECEWISE_BEZIER_KNOTS.);
#984 = CARTESIAN_POINT('',(10.292869249429,-3.2));
#985 = CARTESIAN_POINT('',(10.292869249429,-0.8));
#986 = ( GEOMETRIC_REPRESENTATION_CONTEXT(2) 
PARAMETRIC_REPRESENTATION_CONTEXT() REPRESENTATION_CONTEXT('2D SPACE',''
  ) );
#987 = ORIENTED_EDGE('',*,*,#423,.T.);
#988 = ORIENTED_EDGE('',*,*,#700,.F.);
#989 = ADVANCED_FACE('',(#990),#294,.F.);
#990 = FACE_BOUND('',#991,.F.);
#991 = EDGE_LOOP('',(#992,#993,#994,#995));
#992 = ORIENTED_EDGE('',*,*,#899,.T.);
#993 = ORIENTED_EDGE('',*,*,#279,.T.);
#994 = ORIENTED_EDGE('',*,*,#776,.T.);
#995 = ORIENTED_EDGE('',*,*,#996,.T.);
#996 = EDGE_CURVE('',#753,#876,#997,.T.);
#997 = SURFACE_CURVE('',#998,(#1002,#1009),.PCURVE_S1.);
#998 = LINE('',#999,#1000);
#999 = CARTESIAN_POINT('',(12.4,-3.4,72.3));
#1000 = VECTOR('',#1001,1.);
#1001 = DIRECTION('',(-1.,0.,0.));
#1002 = PCURVE('',#294,#1003);
#1003 = DEFINITIONAL_REPRESENTATION('',(#1004),#1008);
#1004 = LINE('',#1005,#1006);
#1005 = CARTESIAN_POINT('',(0.,-3.));
#1006 = VECTOR('',#1007,1.);
#1007 = DIRECTION('',(1.,0.));
#1008 = ( GEOMETRIC_REPRESENTATION_CONTEXT(2) 
PARAMETRIC_REPRESENTATION_CONTEXT() REPRESENTATION_CONTEXT('2D SPACE',''
  ) );
#1009 = PCURVE('',#735,#1010);
#1010 = DEFINITIONAL_REPRESENTATION('',(#1011),#1015);
#1011 = LINE('',#1012,#1013);
#1012 = CARTESIAN_POINT('',(-12.4,-3.4));
#1013 = VECTOR('',#1014,1.);
#1014 = DIRECTION('',(1.,0.));
#1015 = ( GEOMETRIC_REPRESENTATION_CONTEXT(2) 
PARAMETRIC_REPRESENTATION_CONTEXT() REPRESENTATION_CONTEXT('2D SPACE',''
  ) );
#1016 = ADVANCED_FACE('',(#1017),#412,.F.);
#1017 = FACE_BOUND('',#1018,.F.);
#1018 = EDGE_LOOP('',(#1019,#1020,#1021,#1044));
#1019 = ORIENTED_EDGE('',*,*,#969,.T.);
#1020 = ORIENTED_EDGE('',*,*,#397,.T.);
#1021 = ORIENTED_EDGE('',*,*,#1022,.T.);
#1022 = EDGE_CURVE('',#365,#1023,#1025,.T.);
#1023 = VERTEX_POINT('',#1024);
#1024 = CARTESIAN_POINT('',(-12.4,3.4,72.3));
#1025 = SURFACE_CURVE('',#1026,(#1030,#1037),.PCURVE_S1.);
#1026 = LINE('',#1027,#1028);
#1027 = CARTESIAN_POINT('',(-12.4,3.4,69.3));
#1028 = VECTOR('',#1029,1.);
#1029 = DIRECTION('',(0.,0.,1.));
#1030 = PCURVE('',#412,#1031);
#1031 = DEFINITIONAL_REPRESENTATION('',(#1032),#1036);
#1032 = LINE('',#1033,#1034);
#1033 = CARTESIAN_POINT('',(0.,0.));
#1034 = VECTOR('',#1035,1.);
#1035 = DIRECTION('',(0.,-1.));
#1036 = ( GEOMETRIC_REPRESENTATION_CONTEXT(2) 
PARAMETRIC_REPRESENTATION_CONTEXT() REPRESENTATION_CONTEXT('2D SPACE',''
  ) );
#1037 = PCURVE('',#385,#1038);
#1038 = DEFINITIONAL_REPRESENTATION('',(#1039),#1043);
#1039 = LINE('',#1040,#1041);
#1040 = CARTESIAN_POINT('',(3.14159265359,0.));
#1041 = VECTOR('',#1042,1.);
#1042 = DIRECTION('',(0.,-1.));
#1043 = ( GEOMETRIC_REPRESENTATION_CONTEXT(2) 
PARAMETRIC_REPRESENTATION_CONTEXT() REPRESENTATION_CONTEXT('2D SPACE',''
  ) );
#1044 = ORIENTED_EDGE('',*,*,#1045,.T.);
#1045 = EDGE_CURVE('',#1023,#941,#1046,.T.);
#1046 = SURFACE_CURVE('',#1047,(#1051,#1058),.PCURVE_S1.);
#1047 = LINE('',#1048,#1049);
#1048 = CARTESIAN_POINT('',(-12.4,3.4,72.3));
#1049 = VECTOR('',#1050,1.);
#1050 = DIRECTION('',(1.,0.,0.));
#1051 = PCURVE('',#412,#1052);
#1052 = DEFINITIONAL_REPRESENTATION('',(#1053),#1057);
#1053 = LINE('',#1054,#1055);
#1054 = CARTESIAN_POINT('',(0.,-3.));
#1055 = VECTOR('',#1056,1.);
#1056 = DIRECTION('',(1.,0.));
#1057 = ( GEOMETRIC_REPRESENTATION_CONTEXT(2) 
PARAMETRIC_REPRESENTATION_CONTEXT() REPRESENTATION_CONTEXT('2D SPACE',''
  ) );
#1058 = PCURVE('',#957,#1059);
#1059 = DEFINITIONAL_REPRESENTATION('',(#1060),#1064);
#1060 = LINE('',#1061,#1062);
#1061 = CARTESIAN_POINT('',(12.4,3.4));
#1062 = VECTOR('',#1063,1.);
#1063 = DIRECTION('',(-1.,0.));
#1064 = ( GEOMETRIC_REPRESENTATION_CONTEXT(2) 
PARAMETRIC_REPRESENTATION_CONTEXT() REPRESENTATION_CONTEXT('2D SPACE',''
  ) );
#1065 = ADVANCED_FACE('',(#1066),#385,.F.);
#1066 = FACE_BOUND('',#1067,.F.);
#1067 = EDGE_LOOP('',(#1068,#1069,#1092,#1114));
#1068 = ORIENTED_EDGE('',*,*,#364,.F.);
#1069 = ORIENTED_EDGE('',*,*,#1070,.T.);
#1070 = EDGE_CURVE('',#339,#1071,#1073,.T.);
#1071 = VERTEX_POINT('',#1072);
#1072 = CARTESIAN_POINT('',(-12.4,-3.4,72.3));
#1073 = SURFACE_CURVE('',#1074,(#1078,#1085),.PCURVE_S1.);
#1074 = LINE('',#1075,#1076);
#1075 = CARTESIAN_POINT('',(-12.4,-3.4,69.3));
#1076 = VECTOR('',#1077,1.);
#1077 = DIRECTION('',(0.,0.,1.));
#1078 = PCURVE('',#385,#1079);
#1079 = DEFINITIONAL_REPRESENTATION('',(#1080),#1084);
#1080 = LINE('',#1081,#1082);
#1081 = CARTESIAN_POINT('',(0.,0.));
#1082 = VECTOR('',#1083,1.);
#1083 = DIRECTION('',(0.,-1.));
#1084 = ( GEOMETRIC_REPRESENTATION_CONTEXT(2) 
PARAMETRIC_REPRESENTATION_CONTEXT() REPRESENTATION_CONTEXT('2D SPACE',''
  ) );
#1085 = PCURVE('',#353,#1086);
#1086 = DEFINITIONAL_REPRESENTATION('',(#1087),#1091);
#1087 = LINE('',#1088,#1089);
#1088 = CARTESIAN_POINT('',(24.8,0.));
#1089 = VECTOR('',#1090,1.);
#1090 = DIRECTION('',(0.,-1.));
#1091 = ( GEOMETRIC_REPRESENTATION_CONTEXT(2) 
PARAMETRIC_REPRESENTATION_CONTEXT() REPRESENTATION_CONTEXT('2D SPACE',''
  ) );
#1092 = ORIENTED_EDGE('',*,*,#1093,.T.);
#1093 = EDGE_CURVE('',#1071,#1023,#1094,.T.);
#1094 = SURFACE_CURVE('',#1095,(#1100,#1107),.PCURVE_S1.);
#1095 = CIRCLE('',#1096,3.4);
#1096 = AXIS2_PLACEMENT_3D('',#1097,#1098,#1099);
#1097 = CARTESIAN_POINT('',(-12.4,0.,72.3));
#1098 = DIRECTION('',(0.,-0.,-1.));
#1099 = DIRECTION('',(0.,-1.,0.));
#1100 = PCURVE('',#385,#1101);
#1101 = DEFINITIONAL_REPRESENTATION('',(#1102),#1106);
#1102 = LINE('',#1103,#1104);
#1103 = CARTESIAN_POINT('',(0.,-3.));
#1104 = VECTOR('',#1105,1.);
#1105 = DIRECTION('',(1.,0.));
#1106 = ( GEOMETRIC_REPRESENTATION_CONTEXT(2) 
PARAMETRIC_REPRESENTATION_CONTEXT() REPRESENTATION_CONTEXT('2D SPACE',''
  ) );
#1107 = PCURVE('',#957,#1108);
#1108 = DEFINITIONAL_REPRESENTATION('',(#1109),#1113);
#1109 = CIRCLE('',#1110,3.4);
#1110 = AXIS2_PLACEMENT_2D('',#1111,#1112);
#1111 = CARTESIAN_POINT('',(12.4,2.537652627715E-17));
#1112 = DIRECTION('',(0.,-1.));
#1113 = ( GEOMETRIC_REPRESENTATION_CONTEXT(2) 
PARAMETRIC_REPRESENTATION_CONTEXT() REPRESENTATION_CONTEXT('2D SPACE',''
  ) );
#1114 = ORIENTED_EDGE('',*,*,#1022,.F.);
#1115 = ADVANCED_FACE('',(#1116),#353,.F.);
#1116 = FACE_BOUND('',#1117,.F.);
#1117 = EDGE_LOOP('',(#1118,#1119,#1120,#1121));
#1118 = ORIENTED_EDGE('',*,*,#1070,.F.);
#1119 = ORIENTED_EDGE('',*,*,#338,.T.);
#1120 = ORIENTED_EDGE('',*,*,#919,.F.);
#1121 = ORIENTED_EDGE('',*,*,#1122,.T.);
#1122 = EDGE_CURVE('',#920,#1071,#1123,.T.);
#1123 = SURFACE_CURVE('',#1124,(#1128,#1135),.PCURVE_S1.);
#1124 = LINE('',#1125,#1126);
#1125 = CARTESIAN_POINT('',(12.4,-3.4,72.3));
#1126 = VECTOR('',#1127,1.);
#1127 = DIRECTION('',(-1.,0.,0.));
#1128 = PCURVE('',#353,#1129);
#1129 = DEFINITIONAL_REPRESENTATION('',(#1130),#1134);
#1130 = LINE('',#1131,#1132);
#1131 = CARTESIAN_POINT('',(0.,-3.));
#1132 = VECTOR('',#1133,1.);
#1133 = DIRECTION('',(1.,0.));
#1134 = ( GEOMETRIC_REPRESENTATION_CONTEXT(2) 
PARAMETRIC_REPRESENTATION_CONTEXT() REPRESENTATION_CONTEXT('2D SPACE',''
  ) );
#1135 = PCURVE('',#957,#1136);
#1136 = DEFINITIONAL_REPRESENTATION('',(#1137),#1141);
#1137 = LINE('',#1138,#1139);
#1138 = CARTESIAN_POINT('',(-12.4,-3.4));
#1139 = VECTOR('',#1140,1.);
#1140 = DIRECTION('',(1.,0.));
#1141 = ( GEOMETRIC_REPRESENTATION_CONTEXT(2) 
PARAMETRIC_REPRESENTATION_CONTEXT() REPRESENTATION_CONTEXT('2D SPACE',''
  ) );
#1142 = ADVANCED_FACE('',(#1143),#468,.T.);
#1143 = FACE_BOUND('',#1144,.T.);
#1144 = EDGE_LOOP('',(#1145,#1168,#1169,#1192));
#1145 = ORIENTED_EDGE('',*,*,#1146,.F.);
#1146 = EDGE_CURVE('',#452,#1147,#1149,.T.);
#1147 = VERTEX_POINT('',#1148);
#1148 = CARTESIAN_POINT('',(3.5,4.5,80.75));
#1149 = SURFACE_CURVE('',#1150,(#1154,#1161),.PCURVE_S1.);
#1150 = LINE('',#1151,#1152);
#1151 = CARTESIAN_POINT('',(3.5,4.5,69.3));
#1152 = VECTOR('',#1153,1.);
#1153 = DIRECTION('',(0.,0.,1.));
#1154 = PCURVE('',#468,#1155);
#1155 = DEFINITIONAL_REPRESENTATION('',(#1156),#1160);
#1156 = LINE('',#1157,#1158);
#1157 = CARTESIAN_POINT('',(0.,7.));
#1158 = VECTOR('',#1159,1.);
#1159 = DIRECTION('',(1.,0.));
#1160 = ( GEOMETRIC_REPRESENTATION_CONTEXT(2) 
PARAMETRIC_REPRESENTATION_CONTEXT() REPRESENTATION_CONTEXT('2D SPACE',''
  ) );
#1161 = PCURVE('',#544,#1162);
#1162 = DEFINITIONAL_REPRESENTATION('',(#1163),#1167);
#1163 = LINE('',#1164,#1165);
#1164 = CARTESIAN_POINT('',(0.,0.));
#1165 = VECTOR('',#1166,1.);
#1166 = DIRECTION('',(1.,0.));
#1167 = ( GEOMETRIC_REPRESENTATION_CONTEXT(2) 
PARAMETRIC_REPRESENTATION_CONTEXT() REPRESENTATION_CONTEXT('2D SPACE',''
  ) );
#1168 = ORIENTED_EDGE('',*,*,#451,.T.);
#1169 = ORIENTED_EDGE('',*,*,#1170,.T.);
#1170 = EDGE_CURVE('',#454,#1171,#1173,.T.);
#1171 = VERTEX_POINT('',#1172);
#1172 = CARTESIAN_POINT('',(-3.5,4.5,80.75));
#1173 = SURFACE_CURVE('',#1174,(#1178,#1185),.PCURVE_S1.);
#1174 = LINE('',#1175,#1176);
#1175 = CARTESIAN_POINT('',(-3.5,4.5,69.3));
#1176 = VECTOR('',#1177,1.);
#1177 = DIRECTION('',(0.,0.,1.));
#1178 = PCURVE('',#468,#1179);
#1179 = DEFINITIONAL_REPRESENTATION('',(#1180),#1184);
#1180 = LINE('',#1181,#1182);
#1181 = CARTESIAN_POINT('',(0.,0.));
#1182 = VECTOR('',#1183,1.);
#1183 = DIRECTION('',(1.,0.));
#1184 = ( GEOMETRIC_REPRESENTATION_CONTEXT(2) 
PARAMETRIC_REPRESENTATION_CONTEXT() REPRESENTATION_CONTEXT('2D SPACE',''
  ) );
#1185 = PCURVE('',#494,#1186);
#1186 = DEFINITIONAL_REPRESENTATION('',(#1187),#1191);
#1187 = LINE('',#1188,#1189);
#1188 = CARTESIAN_POINT('',(0.,0.));
#1189 = VECTOR('',#1190,1.);
#1190 = DIRECTION('',(1.,0.));
#1191 = ( GEOMETRIC_REPRESENTATION_CONTEXT(2) 
PARAMETRIC_REPRESENTATION_CONTEXT() REPRESENTATION_CONTEXT('2D SPACE',''
  ) );
#1192 = ORIENTED_EDGE('',*,*,#1193,.F.);
#1193 = EDGE_CURVE('',#1147,#1171,#1194,.T.);
#1194 = SURFACE_CURVE('',#1195,(#1199,#1205),.PCURVE_S1.);
#1195 = LINE('',#1196,#1197);
#1196 = CARTESIAN_POINT('',(-4.95,4.5,80.75));
#1197 = VECTOR('',#1198,1.);
#1198 = DIRECTION('',(-1.,0.,0.));
#1199 = PCURVE('',#468,#1200);
#1200 = DEFINITIONAL_REPRESENTATION('',(#1201),#1204);
#1201 = B_SPLINE_CURVE_WITH_KNOTS('',1,(#1202,#1203),.UNSPECIFIED.,.F.,
  .F.,(2,2),(-8.45,-1.45),.PIECEWISE_BEZIER_KNOTS.);
#1202 = CARTESIAN_POINT('',(11.45,7.));
#1203 = CARTESIAN_POINT('',(11.45,0.));
#1204 = ( GEOMETRIC_REPRESENTATION_CONTEXT(2) 
PARAMETRIC_REPRESENTATION_CONTEXT() REPRESENTATION_CONTEXT('2D SPACE',''
  ) );
#1205 = PCURVE('',#1206,#1211);
#1206 = PLANE('',#1207);
#1207 = AXIS2_PLACEMENT_3D('',#1208,#1209,#1210);
#1208 = CARTESIAN_POINT('',(-6.4,-6.6,80.75));
#1209 = DIRECTION('',(0.,0.,1.));
#1210 = DIRECTION('',(1.,0.,0.));
#1211 = DEFINITIONAL_REPRESENTATION('',(#1212),#1215);
#1212 = B_SPLINE_CURVE_WITH_KNOTS('',1,(#1213,#1214),.UNSPECIFIED.,.F.,
  .F.,(2,2),(-8.45,-1.45),.PIECEWISE_BEZIER_KNOTS.);
#1213 = CARTESIAN_POINT('',(9.9,11.1));
#1214 = CARTESIAN_POINT('',(2.9,11.1));
#1215 = ( GEOMETRIC_REPRESENTATION_CONTEXT(2) 
PARAMETRIC_REPRESENTATION_CONTEXT() REPRESENTATION_CONTEXT('2D SPACE',''
  ) );
#1216 = ADVANCED_FACE('',(#1217),#544,.F.);
#1217 = FACE_BOUND('',#1218,.F.);
#1218 = EDGE_LOOP('',(#1219,#1220,#1221,#1244));
#1219 = ORIENTED_EDGE('',*,*,#1146,.F.);
#1220 = ORIENTED_EDGE('',*,*,#531,.T.);
#1221 = ORIENTED_EDGE('',*,*,#1222,.T.);
#1222 = EDGE_CURVE('',#506,#1223,#1225,.T.);
#1223 = VERTEX_POINT('',#1224);
#1224 = CARTESIAN_POINT('',(3.5,10.,80.75));
#1225 = SURFACE_CURVE('',#1226,(#1230,#1237),.PCURVE_S1.);
#1226 = LINE('',#1227,#1228);
#1227 = CARTESIAN_POINT('',(3.5,10.,69.3));
#1228 = VECTOR('',#1229,1.);
#1229 = DIRECTION('',(0.,0.,1.));
#1230 = PCURVE('',#544,#1231);
#1231 = DEFINITIONAL_REPRESENTATION('',(#1232),#1236);
#1232 = LINE('',#1233,#1234);
#1233 = CARTESIAN_POINT('',(0.,-5.5));
#1234 = VECTOR('',#1235,1.);
#1235 = DIRECTION('',(1.,0.));
#1236 = ( GEOMETRIC_REPRESENTATION_CONTEXT(2) 
PARAMETRIC_REPRESENTATION_CONTEXT() REPRESENTATION_CONTEXT('2D SPACE',''
  ) );
#1237 = PCURVE('',#520,#1238);
#1238 = DEFINITIONAL_REPRESENTATION('',(#1239),#1243);
#1239 = LINE('',#1240,#1241);
#1240 = CARTESIAN_POINT('',(0.,7.));
#1241 = VECTOR('',#1242,1.);
#1242 = DIRECTION('',(1.,0.));
#1243 = ( GEOMETRIC_REPRESENTATION_CONTEXT(2) 
PARAMETRIC_REPRESENTATION_CONTEXT() REPRESENTATION_CONTEXT('2D SPACE',''
  ) );
#1244 = ORIENTED_EDGE('',*,*,#1245,.F.);
#1245 = EDGE_CURVE('',#1147,#1223,#1246,.T.);
#1246 = SURFACE_CURVE('',#1247,(#1251,#1257),.PCURVE_S1.);
#1247 = LINE('',#1248,#1249);
#1248 = CARTESIAN_POINT('',(3.5,-1.05,80.75));
#1249 = VECTOR('',#1250,1.);
#1250 = DIRECTION('',(0.,1.,0.));
#1251 = PCURVE('',#544,#1252);
#1252 = DEFINITIONAL_REPRESENTATION('',(#1253),#1256);
#1253 = B_SPLINE_CURVE_WITH_KNOTS('',1,(#1254,#1255),.UNSPECIFIED.,.F.,
  .F.,(2,2),(5.55,11.05),.PIECEWISE_BEZIER_KNOTS.);
#1254 = CARTESIAN_POINT('',(11.45,0.));
#1255 = CARTESIAN_POINT('',(11.45,-5.5));
#1256 = ( GEOMETRIC_REPRESENTATION_CONTEXT(2) 
PARAMETRIC_REPRESENTATION_CONTEXT() REPRESENTATION_CONTEXT('2D SPACE',''
  ) );
#1257 = PCURVE('',#1206,#1258);
#1258 = DEFINITIONAL_REPRESENTATION('',(#1259),#1262);
#1259 = B_SPLINE_CURVE_WITH_KNOTS('',1,(#1260,#1261),.UNSPECIFIED.,.F.,
  .F.,(2,2),(5.55,11.05),.PIECEWISE_BEZIER_KNOTS.);
#1260 = CARTESIAN_POINT('',(9.9,11.1));
#1261 = CARTESIAN_POINT('',(9.9,16.6));
#1262 = ( GEOMETRIC_REPRESENTATION_CONTEXT(2) 
PARAMETRIC_REPRESENTATION_CONTEXT() REPRESENTATION_CONTEXT('2D SPACE',''
  ) );
#1263 = ADVANCED_FACE('',(#1264),#520,.F.);
#1264 = FACE_BOUND('',#1265,.F.);
#1265 = EDGE_LOOP('',(#1266,#1267,#1268,#1291));
#1266 = ORIENTED_EDGE('',*,*,#1222,.F.);
#1267 = ORIENTED_EDGE('',*,*,#505,.T.);
#1268 = ORIENTED_EDGE('',*,*,#1269,.T.);
#1269 = EDGE_CURVE('',#480,#1270,#1272,.T.);
#1270 = VERTEX_POINT('',#1271);
#1271 = CARTESIAN_POINT('',(-3.5,10.,80.75));
#1272 = SURFACE_CURVE('',#1273,(#1277,#1284),.PCURVE_S1.);
#1273 = LINE('',#1274,#1275);
#1274 = CARTESIAN_POINT('',(-3.5,10.,69.3));
#1275 = VECTOR('',#1276,1.);
#1276 = DIRECTION('',(0.,0.,1.));
#1277 = PCURVE('',#520,#1278);
#1278 = DEFINITIONAL_REPRESENTATION('',(#1279),#1283);
#1279 = LINE('',#1280,#1281);
#1280 = CARTESIAN_POINT('',(0.,0.));
#1281 = VECTOR('',#1282,1.);
#1282 = DIRECTION('',(1.,0.));
#1283 = ( GEOMETRIC_REPRESENTATION_CONTEXT(2) 
PARAMETRIC_REPRESENTATION_CONTEXT() REPRESENTATION_CONTEXT('2D SPACE',''
  ) );
#1284 = PCURVE('',#494,#1285);
#1285 = DEFINITIONAL_REPRESENTATION('',(#1286),#1290);
#1286 = LINE('',#1287,#1288);
#1287 = CARTESIAN_POINT('',(0.,-5.5));
#1288 = VECTOR('',#1289,1.);
#1289 = DIRECTION('',(1.,0.));
#1290 = ( GEOMETRIC_REPRESENTATION_CONTEXT(2) 
PARAMETRIC_REPRESENTATION_CONTEXT() REPRESENTATION_CONTEXT('2D SPACE',''
  ) );
#1291 = ORIENTED_EDGE('',*,*,#1292,.F.);
#1292 = EDGE_CURVE('',#1223,#1270,#1293,.T.);
#1293 = SURFACE_CURVE('',#1294,(#1298,#1304),.PCURVE_S1.);
#1294 = LINE('',#1295,#1296);
#1295 = CARTESIAN_POINT('',(-4.95,10.,80.75));
#1296 = VECTOR('',#1297,1.);
#1297 = DIRECTION('',(-1.,0.,0.));
#1298 = PCURVE('',#520,#1299);
#1299 = DEFINITIONAL_REPRESENTATION('',(#1300),#1303);
#1300 = B_SPLINE_CURVE_WITH_KNOTS('',1,(#1301,#1302),.UNSPECIFIED.,.F.,
  .F.,(2,2),(-8.45,-1.45),.PIECEWISE_BEZIER_KNOTS.);
#1301 = CARTESIAN_POINT('',(11.45,7.));
#1302 = CARTESIAN_POINT('',(11.45,0.));
#1303 = ( GEOMETRIC_REPRESENTATION_CONTEXT(2) 
PARAMETRIC_REPRESENTATION_CONTEXT() REPRESENTATION_CONTEXT('2D SPACE',''
  ) );
#1304 = PCURVE('',#1206,#1305);
#1305 = DEFINITIONAL_REPRESENTATION('',(#1306),#1309);
#1306 = B_SPLINE_CURVE_WITH_KNOTS('',1,(#1307,#1308),.UNSPECIFIED.,.F.,
  .F.,(2,2),(-8.45,-1.45),.PIECEWISE_BEZIER_KNOTS.);
#1307 = CARTESIAN_POINT('',(9.9,16.6));
#1308 = CARTESIAN_POINT('',(2.9,16.6));
#1309 = ( GEOMETRIC_REPRESENTATION_CONTEXT(2) 
PARAMETRIC_REPRESENTATION_CONTEXT() REPRESENTATION_CONTEXT('2D SPACE',''
  ) );
#1310 = ADVANCED_FACE('',(#1311),#494,.T.);
#1311 = FACE_BOUND('',#1312,.T.);
#1312 = EDGE_LOOP('',(#1313,#1314,#1315,#1316));
#1313 = ORIENTED_EDGE('',*,*,#1170,.F.);
#1314 = ORIENTED_EDGE('',*,*,#479,.T.);
#1315 = ORIENTED_EDGE('',*,*,#1269,.T.);
#1316 = ORIENTED_EDGE('',*,*,#1317,.F.);
#1317 = EDGE_CURVE('',#1171,#1270,#1318,.T.);
#1318 = SURFACE_CURVE('',#1319,(#1323,#1329),.PCURVE_S1.);
#1319 = LINE('',#1320,#1321);
#1320 = CARTESIAN_POINT('',(-3.5,-1.05,80.75));
#1321 = VECTOR('',#1322,1.);
#1322 = DIRECTION('',(0.,1.,0.));
#1323 = PCURVE('',#494,#1324);
#1324 = DEFINITIONAL_REPRESENTATION('',(#1325),#1328);
#1325 = B_SPLINE_CURVE_WITH_KNOTS('',1,(#1326,#1327),.UNSPECIFIED.,.F.,
  .F.,(2,2),(5.55,11.05),.PIECEWISE_BEZIER_KNOTS.);
#1326 = CARTESIAN_POINT('',(11.45,0.));
#1327 = CARTESIAN_POINT('',(11.45,-5.5));
#1328 = ( GEOMETRIC_REPRESENTATION_CONTEXT(2) 
PARAMETRIC_REPRESENTATION_CONTEXT() REPRESENTATION_CONTEXT('2D SPACE',''
  ) );
#1329 = PCURVE('',#1206,#1330);
#1330 = DEFINITIONAL_REPRESENTATION('',(#1331),#1334);
#1331 = B_SPLINE_CURVE_WITH_KNOTS('',1,(#1332,#1333),.UNSPECIFIED.,.F.,
  .F.,(2,2),(5.55,11.05),.PIECEWISE_BEZIER_KNOTS.);
#1332 = CARTESIAN_POINT('',(2.9,11.1));
#1333 = CARTESIAN_POINT('',(2.9,16.6));
#1334 = ( GEOMETRIC_REPRESENTATION_CONTEXT(2) 
PARAMETRIC_REPRESENTATION_CONTEXT() REPRESENTATION_CONTEXT('2D SPACE',''
  ) );
#1335 = ADVANCED_FACE('',(#1336),#579,.T.);
#1336 = FACE_BOUND('',#1337,.T.);
#1337 = EDGE_LOOP('',(#1338,#1339,#1367,#1395));
#1338 = ORIENTED_EDGE('',*,*,#561,.T.);
#1339 = ORIENTED_EDGE('',*,*,#1340,.T.);
#1340 = EDGE_CURVE('',#564,#1341,#1343,.T.);
#1341 = VERTEX_POINT('',#1342);
#1342 = CARTESIAN_POINT('',(-15.,-9.7,102.8));
#1343 = SURFACE_CURVE('',#1344,(#1348,#1355),.PCURVE_S1.);
#1344 = LINE('',#1345,#1346);
#1345 = CARTESIAN_POINT('',(-15.,-9.7,78.3));
#1346 = VECTOR('',#1347,1.);
#1347 = DIRECTION('',(0.,1.110223024625E-16,1.));
#1348 = PCURVE('',#579,#1349);
#1349 = DEFINITIONAL_REPRESENTATION('',(#1350),#1354);
#1350 = LINE('',#1351,#1352);
#1351 = CARTESIAN_POINT('',(-2.409183963437E-15,-21.7));
#1352 = VECTOR('',#1353,1.);
#1353 = DIRECTION('',(1.,0.));
#1354 = ( GEOMETRIC_REPRESENTATION_CONTEXT(2) 
PARAMETRIC_REPRESENTATION_CONTEXT() REPRESENTATION_CONTEXT('2D SPACE',''
  ) );
#1355 = PCURVE('',#1356,#1361);
#1356 = PLANE('',#1357);
#1357 = AXIS2_PLACEMENT_3D('',#1358,#1359,#1360);
#1358 = CARTESIAN_POINT('',(-14.6,-10.1,78.3));
#1359 = DIRECTION('',(-0.707106781187,-0.707106781187,7.850462293419E-17
    ));
#1360 = DIRECTION('',(-0.,-1.110223024625E-16,-1.));
#1361 = DEFINITIONAL_REPRESENTATION('',(#1362),#1366);
#1362 = LINE('',#1363,#1364);
#1363 = CARTESIAN_POINT('',(-4.440892098501E-17,-0.565685424949));
#1364 = VECTOR('',#1365,1.);
#1365 = DIRECTION('',(-1.,0.));
#1366 = ( GEOMETRIC_REPRESENTATION_CONTEXT(2) 
PARAMETRIC_REPRESENTATION_CONTEXT() REPRESENTATION_CONTEXT('2D SPACE',''
  ) );
#1367 = ORIENTED_EDGE('',*,*,#1368,.F.);
#1368 = EDGE_CURVE('',#1369,#1341,#1371,.T.);
#1369 = VERTEX_POINT('',#1370);
#1370 = CARTESIAN_POINT('',(-15.,11.2,102.8));
#1371 = SURFACE_CURVE('',#1372,(#1376,#1383),.PCURVE_S1.);
#1372 = LINE('',#1373,#1374);
#1373 = CARTESIAN_POINT('',(-15.,12.,102.8));
#1374 = VECTOR('',#1375,1.);
#1375 = DIRECTION('',(0.,-1.,1.110223024625E-16));
#1376 = PCURVE('',#579,#1377);
#1377 = DEFINITIONAL_REPRESENTATION('',(#1378),#1382);
#1378 = LINE('',#1379,#1380);
#1379 = CARTESIAN_POINT('',(24.5,-9.436895709314E-16));
#1380 = VECTOR('',#1381,1.);
#1381 = DIRECTION('',(0.,-1.));
#1382 = ( GEOMETRIC_REPRESENTATION_CONTEXT(2) 
PARAMETRIC_REPRESENTATION_CONTEXT() REPRESENTATION_CONTEXT('2D SPACE',''
  ) );
#1383 = PCURVE('',#1384,#1389);
#1384 = CYLINDRICAL_SURFACE('',#1385,15.);
#1385 = AXIS2_PLACEMENT_3D('',#1386,#1387,#1388);
#1386 = CARTESIAN_POINT('',(0.,12.,102.8));
#1387 = DIRECTION('',(-0.,1.,-1.110223024625E-16));
#1388 = DIRECTION('',(1.,0.,0.));
#1389 = DEFINITIONAL_REPRESENTATION('',(#1390),#1394);
#1390 = LINE('',#1391,#1392);
#1391 = CARTESIAN_POINT('',(-3.14159265359,0.));
#1392 = VECTOR('',#1393,1.);
#1393 = DIRECTION('',(-0.,-1.));
#1394 = ( GEOMETRIC_REPRESENTATION_CONTEXT(2) 
PARAMETRIC_REPRESENTATION_CONTEXT() REPRESENTATION_CONTEXT('2D SPACE',''
  ) );
#1395 = ORIENTED_EDGE('',*,*,#1396,.F.);
#1396 = EDGE_CURVE('',#562,#1369,#1397,.T.);
#1397 = SURFACE_CURVE('',#1398,(#1402,#1409),.PCURVE_S1.);
#1398 = LINE('',#1399,#1400);
#1399 = CARTESIAN_POINT('',(-15.,11.2,78.3));
#1400 = VECTOR('',#1401,1.);
#1401 = DIRECTION('',(0.,1.110223024625E-16,1.));
#1402 = PCURVE('',#579,#1403);
#1403 = DEFINITIONAL_REPRESENTATION('',(#1404),#1408);
#1404 = LINE('',#1405,#1406);
#1405 = CARTESIAN_POINT('',(-8.881784197001E-17,-0.8));
#1406 = VECTOR('',#1407,1.);
#1407 = DIRECTION('',(1.,0.));
#1408 = ( GEOMETRIC_REPRESENTATION_CONTEXT(2) 
PARAMETRIC_REPRESENTATION_CONTEXT() REPRESENTATION_CONTEXT('2D SPACE',''
  ) );
#1409 = PCURVE('',#1410,#1415);
#1410 = PLANE('',#1411);
#1411 = AXIS2_PLACEMENT_3D('',#1412,#1413,#1414);
#1412 = CARTESIAN_POINT('',(-14.6,11.6,78.3));
#1413 = DIRECTION('',(0.707106781187,-0.707106781187,7.850462293419E-17)
  );
#1414 = DIRECTION('',(-0.,-1.110223024625E-16,-1.));
#1415 = DEFINITIONAL_REPRESENTATION('',(#1416),#1420);
#1416 = LINE('',#1417,#1418);
#1417 = CARTESIAN_POINT('',(4.440892098501E-17,-0.565685424949));
#1418 = VECTOR('',#1419,1.);
#1419 = DIRECTION('',(-1.,0.));
#1420 = ( GEOMETRIC_REPRESENTATION_CONTEXT(2) 
PARAMETRIC_REPRESENTATION_CONTEXT() REPRESENTATION_CONTEXT('2D SPACE',''
  ) );
#1421 = ADVANCED_FACE('',(#1422),#661,.F.);
#1422 = FACE_BOUND('',#1423,.T.);
#1423 = EDGE_LOOP('',(#1424,#1447,#1448,#1476));
#1424 = ORIENTED_EDGE('',*,*,#1425,.F.);
#1425 = EDGE_CURVE('',#564,#1426,#1428,.T.);
#1426 = VERTEX_POINT('',#1427);
#1427 = CARTESIAN_POINT('',(-14.2,-10.5,79.1));
#1428 = SURFACE_CURVE('',#1429,(#1433,#1440),.PCURVE_S1.);
#1429 = LINE('',#1430,#1431);
#1430 = CARTESIAN_POINT('',(-14.73333333333,-9.966666666667,
    78.566666666667));
#1431 = VECTOR('',#1432,1.);
#1432 = DIRECTION('',(0.57735026919,-0.57735026919,0.57735026919));
#1433 = PCURVE('',#661,#1434);
#1434 = DEFINITIONAL_REPRESENTATION('',(#1435),#1439);
#1435 = LINE('',#1436,#1437);
#1436 = CARTESIAN_POINT('',(-0.266666666667,-0.188561808316));
#1437 = VECTOR('',#1438,1.);
#1438 = DIRECTION('',(-0.57735026919,0.816496580928));
#1439 = ( GEOMETRIC_REPRESENTATION_CONTEXT(2) 
PARAMETRIC_REPRESENTATION_CONTEXT() REPRESENTATION_CONTEXT('2D SPACE',''
  ) );
#1440 = PCURVE('',#1356,#1441);
#1441 = DEFINITIONAL_REPRESENTATION('',(#1442),#1446);
#1442 = LINE('',#1443,#1444);
#1443 = CARTESIAN_POINT('',(-0.266666666667,-0.188561808316));
#1444 = VECTOR('',#1445,1.);
#1445 = DIRECTION('',(-0.57735026919,0.816496580928));
#1446 = ( GEOMETRIC_REPRESENTATION_CONTEXT(2) 
PARAMETRIC_REPRESENTATION_CONTEXT() REPRESENTATION_CONTEXT('2D SPACE',''
  ) );
#1447 = ORIENTED_EDGE('',*,*,#647,.T.);
#1448 = ORIENTED_EDGE('',*,*,#1449,.T.);
#1449 = EDGE_CURVE('',#620,#1450,#1452,.T.);
#1450 = VERTEX_POINT('',#1451);
#1451 = CARTESIAN_POINT('',(14.2,-10.5,79.1));
#1452 = SURFACE_CURVE('',#1453,(#1457,#1464),.PCURVE_S1.);
#1453 = LINE('',#1454,#1455);
#1454 = CARTESIAN_POINT('',(5.65,-19.05,87.65));
#1455 = VECTOR('',#1456,1.);
#1456 = DIRECTION('',(-0.57735026919,-0.57735026919,0.57735026919));
#1457 = PCURVE('',#661,#1458);
#1458 = DEFINITIONAL_REPRESENTATION('',(#1459),#1463);
#1459 = LINE('',#1460,#1461);
#1460 = CARTESIAN_POINT('',(-20.65,12.657211383239));
#1461 = VECTOR('',#1462,1.);
#1462 = DIRECTION('',(0.57735026919,0.816496580928));
#1463 = ( GEOMETRIC_REPRESENTATION_CONTEXT(2) 
PARAMETRIC_REPRESENTATION_CONTEXT() REPRESENTATION_CONTEXT('2D SPACE',''
  ) );
#1464 = PCURVE('',#1465,#1470);
#1465 = PLANE('',#1466);
#1466 = AXIS2_PLACEMENT_3D('',#1467,#1468,#1469);
#1467 = CARTESIAN_POINT('',(14.6,-10.1,102.8));
#1468 = DIRECTION('',(-0.707106781187,0.707106781187,-7.850462293419E-17
    ));
#1469 = DIRECTION('',(0.,-1.110223024625E-16,-1.));
#1470 = DEFINITIONAL_REPRESENTATION('',(#1471),#1475);
#1471 = LINE('',#1472,#1473);
#1472 = CARTESIAN_POINT('',(15.15,12.657211383239));
#1473 = VECTOR('',#1474,1.);
#1474 = DIRECTION('',(-0.57735026919,0.816496580928));
#1475 = ( GEOMETRIC_REPRESENTATION_CONTEXT(2) 
PARAMETRIC_REPRESENTATION_CONTEXT() REPRESENTATION_CONTEXT('2D SPACE',''
  ) );
#1476 = ORIENTED_EDGE('',*,*,#1477,.F.);
#1477 = EDGE_CURVE('',#1426,#1450,#1478,.T.);
#1478 = SURFACE_CURVE('',#1479,(#1483,#1490),.PCURVE_S1.);
#1479 = LINE('',#1480,#1481);
#1480 = CARTESIAN_POINT('',(-15.,-10.5,79.1));
#1481 = VECTOR('',#1482,1.);
#1482 = DIRECTION('',(1.,0.,0.));
#1483 = PCURVE('',#661,#1484);
#1484 = DEFINITIONAL_REPRESENTATION('',(#1485),#1489);
#1485 = LINE('',#1486,#1487);
#1486 = CARTESIAN_POINT('',(1.656299752173E-32,0.565685424949));
#1487 = VECTOR('',#1488,1.);
#1488 = DIRECTION('',(-1.,0.));
#1489 = ( GEOMETRIC_REPRESENTATION_CONTEXT(2) 
PARAMETRIC_REPRESENTATION_CONTEXT() REPRESENTATION_CONTEXT('2D SPACE',''
  ) );
#1490 = PCURVE('',#1491,#1496);
#1491 = PLANE('',#1492);
#1492 = AXIS2_PLACEMENT_3D('',#1493,#1494,#1495);
#1493 = CARTESIAN_POINT('',(0.,-10.5,90.55));
#1494 = DIRECTION('',(0.,-1.,1.110223024625E-16));
#1495 = DIRECTION('',(1.,0.,0.));
#1496 = DEFINITIONAL_REPRESENTATION('',(#1497),#1501);
#1497 = LINE('',#1498,#1499);
#1498 = CARTESIAN_POINT('',(-15.,-11.45));
#1499 = VECTOR('',#1500,1.);
#1500 = DIRECTION('',(1.,0.));
#1501 = ( GEOMETRIC_REPRESENTATION_CONTEXT(2) 
PARAMETRIC_REPRESENTATION_CONTEXT() REPRESENTATION_CONTEXT('2D SPACE',''
  ) );
#1502 = ADVANCED_FACE('',(#1503),#635,.F.);
#1503 = FACE_BOUND('',#1504,.F.);
#1504 = EDGE_LOOP('',(#1505,#1506,#1529,#1552));
#1505 = ORIENTED_EDGE('',*,*,#619,.T.);
#1506 = ORIENTED_EDGE('',*,*,#1507,.F.);
#1507 = EDGE_CURVE('',#1508,#620,#1510,.T.);
#1508 = VERTEX_POINT('',#1509);
#1509 = CARTESIAN_POINT('',(15.,-9.7,102.8));
#1510 = SURFACE_CURVE('',#1511,(#1515,#1522),.PCURVE_S1.);
#1511 = LINE('',#1512,#1513);
#1512 = CARTESIAN_POINT('',(15.,-9.7,102.8));
#1513 = VECTOR('',#1514,1.);
#1514 = DIRECTION('',(-0.,-1.110223024625E-16,-1.));
#1515 = PCURVE('',#635,#1516);
#1516 = DEFINITIONAL_REPRESENTATION('',(#1517),#1521);
#1517 = LINE('',#1518,#1519);
#1518 = CARTESIAN_POINT('',(24.5,-21.7));
#1519 = VECTOR('',#1520,1.);
#1520 = DIRECTION('',(-1.,0.));
#1521 = ( GEOMETRIC_REPRESENTATION_CONTEXT(2) 
PARAMETRIC_REPRESENTATION_CONTEXT() REPRESENTATION_CONTEXT('2D SPACE',''
  ) );
#1522 = PCURVE('',#1465,#1523);
#1523 = DEFINITIONAL_REPRESENTATION('',(#1524),#1528);
#1524 = LINE('',#1525,#1526);
#1525 = CARTESIAN_POINT('',(-4.440892098501E-17,-0.565685424949));
#1526 = VECTOR('',#1527,1.);
#1527 = DIRECTION('',(1.,0.));
#1528 = ( GEOMETRIC_REPRESENTATION_CONTEXT(2) 
PARAMETRIC_REPRESENTATION_CONTEXT() REPRESENTATION_CONTEXT('2D SPACE',''
  ) );
#1529 = ORIENTED_EDGE('',*,*,#1530,.F.);
#1530 = EDGE_CURVE('',#1531,#1508,#1533,.T.);
#1531 = VERTEX_POINT('',#1532);
#1532 = CARTESIAN_POINT('',(15.,11.2,102.8));
#1533 = SURFACE_CURVE('',#1534,(#1538,#1545),.PCURVE_S1.);
#1534 = LINE('',#1535,#1536);
#1535 = CARTESIAN_POINT('',(15.,12.,102.8));
#1536 = VECTOR('',#1537,1.);
#1537 = DIRECTION('',(0.,-1.,1.110223024625E-16));
#1538 = PCURVE('',#635,#1539);
#1539 = DEFINITIONAL_REPRESENTATION('',(#1540),#1544);
#1540 = LINE('',#1541,#1542);
#1541 = CARTESIAN_POINT('',(24.5,-9.436895709314E-16));
#1542 = VECTOR('',#1543,1.);
#1543 = DIRECTION('',(0.,-1.));
#1544 = ( GEOMETRIC_REPRESENTATION_CONTEXT(2) 
PARAMETRIC_REPRESENTATION_CONTEXT() REPRESENTATION_CONTEXT('2D SPACE',''
  ) );
#1545 = PCURVE('',#1384,#1546);
#1546 = DEFINITIONAL_REPRESENTATION('',(#1547),#1551);
#1547 = LINE('',#1548,#1549);
#1548 = CARTESIAN_POINT('',(-0.,0.));
#1549 = VECTOR('',#1550,1.);
#1550 = DIRECTION('',(-0.,-1.));
#1551 = ( GEOMETRIC_REPRESENTATION_CONTEXT(2) 
PARAMETRIC_REPRESENTATION_CONTEXT() REPRESENTATION_CONTEXT('2D SPACE',''
  ) );
#1552 = ORIENTED_EDGE('',*,*,#1553,.T.);
#1553 = EDGE_CURVE('',#1531,#592,#1554,.T.);
#1554 = SURFACE_CURVE('',#1555,(#1559,#1566),.PCURVE_S1.);
#1555 = LINE('',#1556,#1557);
#1556 = CARTESIAN_POINT('',(15.,11.2,102.8));
#1557 = VECTOR('',#1558,1.);
#1558 = DIRECTION('',(-0.,-1.110223024625E-16,-1.));
#1559 = PCURVE('',#635,#1560);
#1560 = DEFINITIONAL_REPRESENTATION('',(#1561),#1565);
#1561 = LINE('',#1562,#1563);
#1562 = CARTESIAN_POINT('',(24.5,-0.8));
#1563 = VECTOR('',#1564,1.);
#1564 = DIRECTION('',(-1.,0.));
#1565 = ( GEOMETRIC_REPRESENTATION_CONTEXT(2) 
PARAMETRIC_REPRESENTATION_CONTEXT() REPRESENTATION_CONTEXT('2D SPACE',''
  ) );
#1566 = PCURVE('',#1567,#1572);
#1567 = PLANE('',#1568);
#1568 = AXIS2_PLACEMENT_3D('',#1569,#1570,#1571);
#1569 = CARTESIAN_POINT('',(14.6,11.6,102.8));
#1570 = DIRECTION('',(0.707106781187,0.707106781187,-7.850462293419E-17)
  );
#1571 = DIRECTION('',(0.,-1.110223024625E-16,-1.));
#1572 = DEFINITIONAL_REPRESENTATION('',(#1573),#1577);
#1573 = LINE('',#1574,#1575);
#1574 = CARTESIAN_POINT('',(4.440892098501E-17,-0.565685424949));
#1575 = VECTOR('',#1576,1.);
#1576 = DIRECTION('',(1.,0.));
#1577 = ( GEOMETRIC_REPRESENTATION_CONTEXT(2) 
PARAMETRIC_REPRESENTATION_CONTEXT() REPRESENTATION_CONTEXT('2D SPACE',''
  ) );
#1578 = ADVANCED_FACE('',(#1579),#607,.T.);
#1579 = FACE_BOUND('',#1580,.F.);
#1580 = EDGE_LOOP('',(#1581,#1604,#1605,#1628));
#1581 = ORIENTED_EDGE('',*,*,#1582,.F.);
#1582 = EDGE_CURVE('',#562,#1583,#1585,.T.);
#1583 = VERTEX_POINT('',#1584);
#1584 = CARTESIAN_POINT('',(-14.2,12.,79.1));
#1585 = SURFACE_CURVE('',#1586,(#1590,#1597),.PCURVE_S1.);
#1586 = LINE('',#1587,#1588);
#1587 = CARTESIAN_POINT('',(-14.73333333333,11.466666666667,
    78.566666666667));
#1588 = VECTOR('',#1589,1.);
#1589 = DIRECTION('',(0.57735026919,0.57735026919,0.57735026919));
#1590 = PCURVE('',#607,#1591);
#1591 = DEFINITIONAL_REPRESENTATION('',(#1592),#1596);
#1592 = LINE('',#1593,#1594);
#1593 = CARTESIAN_POINT('',(-0.266666666667,-0.188561808316));
#1594 = VECTOR('',#1595,1.);
#1595 = DIRECTION('',(-0.57735026919,0.816496580928));
#1596 = ( GEOMETRIC_REPRESENTATION_CONTEXT(2) 
PARAMETRIC_REPRESENTATION_CONTEXT() REPRESENTATION_CONTEXT('2D SPACE',''
  ) );
#1597 = PCURVE('',#1410,#1598);
#1598 = DEFINITIONAL_REPRESENTATION('',(#1599),#1603);
#1599 = LINE('',#1600,#1601);
#1600 = CARTESIAN_POINT('',(-0.266666666667,-0.188561808316));
#1601 = VECTOR('',#1602,1.);
#1602 = DIRECTION('',(-0.57735026919,0.816496580928));
#1603 = ( GEOMETRIC_REPRESENTATION_CONTEXT(2) 
PARAMETRIC_REPRESENTATION_CONTEXT() REPRESENTATION_CONTEXT('2D SPACE',''
  ) );
#1604 = ORIENTED_EDGE('',*,*,#591,.T.);
#1605 = ORIENTED_EDGE('',*,*,#1606,.T.);
#1606 = EDGE_CURVE('',#592,#1607,#1609,.T.);
#1607 = VERTEX_POINT('',#1608);
#1608 = CARTESIAN_POINT('',(14.2,12.,79.1));
#1609 = SURFACE_CURVE('',#1610,(#1614,#1621),.PCURVE_S1.);
#1610 = LINE('',#1611,#1612);
#1611 = CARTESIAN_POINT('',(5.65,20.55,87.65));
#1612 = VECTOR('',#1613,1.);
#1613 = DIRECTION('',(-0.57735026919,0.57735026919,0.57735026919));
#1614 = PCURVE('',#607,#1615);
#1615 = DEFINITIONAL_REPRESENTATION('',(#1616),#1620);
#1616 = LINE('',#1617,#1618);
#1617 = CARTESIAN_POINT('',(-20.65,12.657211383239));
#1618 = VECTOR('',#1619,1.);
#1619 = DIRECTION('',(0.57735026919,0.816496580928));
#1620 = ( GEOMETRIC_REPRESENTATION_CONTEXT(2) 
PARAMETRIC_REPRESENTATION_CONTEXT() REPRESENTATION_CONTEXT('2D SPACE',''
  ) );
#1621 = PCURVE('',#1567,#1622);
#1622 = DEFINITIONAL_REPRESENTATION('',(#1623),#1627);
#1623 = LINE('',#1624,#1625);
#1624 = CARTESIAN_POINT('',(15.15,12.657211383239));
#1625 = VECTOR('',#1626,1.);
#1626 = DIRECTION('',(-0.57735026919,0.816496580928));
#1627 = ( GEOMETRIC_REPRESENTATION_CONTEXT(2) 
PARAMETRIC_REPRESENTATION_CONTEXT() REPRESENTATION_CONTEXT('2D SPACE',''
  ) );
#1628 = ORIENTED_EDGE('',*,*,#1629,.F.);
#1629 = EDGE_CURVE('',#1583,#1607,#1630,.T.);
#1630 = SURFACE_CURVE('',#1631,(#1635,#1642),.PCURVE_S1.);
#1631 = LINE('',#1632,#1633);
#1632 = CARTESIAN_POINT('',(-15.,12.,79.1));
#1633 = VECTOR('',#1634,1.);
#1634 = DIRECTION('',(1.,0.,0.));
#1635 = PCURVE('',#607,#1636);
#1636 = DEFINITIONAL_REPRESENTATION('',(#1637),#1641);
#1637 = LINE('',#1638,#1639);
#1638 = CARTESIAN_POINT('',(1.810374147724E-32,0.565685424949));
#1639 = VECTOR('',#1640,1.);
#1640 = DIRECTION('',(-1.,0.));
#1641 = ( GEOMETRIC_REPRESENTATION_CONTEXT(2) 
PARAMETRIC_REPRESENTATION_CONTEXT() REPRESENTATION_CONTEXT('2D SPACE',''
  ) );
#1642 = PCURVE('',#1643,#1648);
#1643 = PLANE('',#1644);
#1644 = AXIS2_PLACEMENT_3D('',#1645,#1646,#1647);
#1645 = CARTESIAN_POINT('',(0.,12.,90.55));
#1646 = DIRECTION('',(0.,-1.,1.110223024625E-16));
#1647 = DIRECTION('',(1.,0.,0.));
#1648 = DEFINITIONAL_REPRESENTATION('',(#1649),#1653);
#1649 = LINE('',#1650,#1651);
#1650 = CARTESIAN_POINT('',(-15.,-11.45));
#1651 = VECTOR('',#1652,1.);
#1652 = DIRECTION('',(1.,0.));
#1653 = ( GEOMETRIC_REPRESENTATION_CONTEXT(2) 
PARAMETRIC_REPRESENTATION_CONTEXT() REPRESENTATION_CONTEXT('2D SPACE',''
  ) );
#1654 = ADVANCED_FACE('',(#1655,#1662),#735,.T.);
#1655 = FACE_BOUND('',#1656,.T.);
#1656 = EDGE_LOOP('',(#1657,#1658,#1659,#1660,#1661));
#1657 = ORIENTED_EDGE('',*,*,#800,.F.);
#1658 = ORIENTED_EDGE('',*,*,#721,.T.);
#1659 = ORIENTED_EDGE('',*,*,#752,.T.);
#1660 = ORIENTED_EDGE('',*,*,#996,.T.);
#1661 = ORIENTED_EDGE('',*,*,#875,.F.);
#1662 = FACE_BOUND('',#1663,.T.);
#1663 = EDGE_LOOP('',(#1664));
#1664 = ORIENTED_EDGE('',*,*,#1665,.F.);
#1665 = EDGE_CURVE('',#1666,#1666,#1668,.T.);
#1666 = VERTEX_POINT('',#1667);
#1667 = CARTESIAN_POINT('',(13.25,0.,72.3));
#1668 = SURFACE_CURVE('',#1669,(#1674,#1681),.PCURVE_S1.);
#1669 = CIRCLE('',#1670,0.75);
#1670 = AXIS2_PLACEMENT_3D('',#1671,#1672,#1673);
#1671 = CARTESIAN_POINT('',(12.5,0.,72.3));
#1672 = DIRECTION('',(0.,0.,-1.));
#1673 = DIRECTION('',(1.,0.,0.));
#1674 = PCURVE('',#735,#1675);
#1675 = DEFINITIONAL_REPRESENTATION('',(#1676),#1680);
#1676 = CIRCLE('',#1677,0.75);
#1677 = AXIS2_PLACEMENT_2D('',#1678,#1679);
#1678 = CARTESIAN_POINT('',(-12.5,2.537652627715E-17));
#1679 = DIRECTION('',(-1.,0.));
#1680 = ( GEOMETRIC_REPRESENTATION_CONTEXT(2) 
PARAMETRIC_REPRESENTATION_CONTEXT() REPRESENTATION_CONTEXT('2D SPACE',''
  ) );
#1681 = PCURVE('',#1682,#1687);
#1682 = CYLINDRICAL_SURFACE('',#1683,0.75);
#1683 = AXIS2_PLACEMENT_3D('',#1684,#1685,#1686);
#1684 = CARTESIAN_POINT('',(12.5,0.,70.3));
#1685 = DIRECTION('',(-0.,-0.,-1.));
#1686 = DIRECTION('',(1.,0.,0.));
#1687 = DEFINITIONAL_REPRESENTATION('',(#1688),#1692);
#1688 = LINE('',#1689,#1690);
#1689 = CARTESIAN_POINT('',(-6.28318530718,-2.));
#1690 = VECTOR('',#1691,1.);
#1691 = DIRECTION('',(1.,-0.));
#1692 = ( GEOMETRIC_REPRESENTATION_CONTEXT(2) 
PARAMETRIC_REPRESENTATION_CONTEXT() REPRESENTATION_CONTEXT('2D SPACE',''
  ) );
#1693 = ADVANCED_FACE('',(#1694,#1700),#957,.T.);
#1694 = FACE_BOUND('',#1695,.T.);
#1695 = EDGE_LOOP('',(#1696,#1697,#1698,#1699));
#1696 = ORIENTED_EDGE('',*,*,#1093,.T.);
#1697 = ORIENTED_EDGE('',*,*,#1045,.T.);
#1698 = ORIENTED_EDGE('',*,*,#940,.F.);
#1699 = ORIENTED_EDGE('',*,*,#1122,.T.);
#1700 = FACE_BOUND('',#1701,.T.);
#1701 = EDGE_LOOP('',(#1702));
#1702 = ORIENTED_EDGE('',*,*,#1703,.F.);
#1703 = EDGE_CURVE('',#1704,#1704,#1706,.T.);
#1704 = VERTEX_POINT('',#1705);
#1705 = CARTESIAN_POINT('',(-11.75,0.,72.3));
#1706 = SURFACE_CURVE('',#1707,(#1712,#1719),.PCURVE_S1.);
#1707 = CIRCLE('',#1708,0.75);
#1708 = AXIS2_PLACEMENT_3D('',#1709,#1710,#1711);
#1709 = CARTESIAN_POINT('',(-12.5,0.,72.3));
#1710 = DIRECTION('',(0.,0.,-1.));
#1711 = DIRECTION('',(1.,0.,0.));
#1712 = PCURVE('',#957,#1713);
#1713 = DEFINITIONAL_REPRESENTATION('',(#1714),#1718);
#1714 = CIRCLE('',#1715,0.75);
#1715 = AXIS2_PLACEMENT_2D('',#1716,#1717);
#1716 = CARTESIAN_POINT('',(12.5,2.537652627715E-17));
#1717 = DIRECTION('',(-1.,0.));
#1718 = ( GEOMETRIC_REPRESENTATION_CONTEXT(2) 
PARAMETRIC_REPRESENTATION_CONTEXT() REPRESENTATION_CONTEXT('2D SPACE',''
  ) );
#1719 = PCURVE('',#1720,#1725);
#1720 = CYLINDRICAL_SURFACE('',#1721,0.75);
#1721 = AXIS2_PLACEMENT_3D('',#1722,#1723,#1724);
#1722 = CARTESIAN_POINT('',(-12.5,0.,70.3));
#1723 = DIRECTION('',(-0.,-0.,-1.));
#1724 = DIRECTION('',(1.,0.,0.));
#1725 = DEFINITIONAL_REPRESENTATION('',(#1726),#1730);
#1726 = LINE('',#1727,#1728);
#1727 = CARTESIAN_POINT('',(-6.28318530718,-2.));
#1728 = VECTOR('',#1729,1.);
#1729 = DIRECTION('',(1.,-0.));
#1730 = ( GEOMETRIC_REPRESENTATION_CONTEXT(2) 
PARAMETRIC_REPRESENTATION_CONTEXT() REPRESENTATION_CONTEXT('2D SPACE',''
  ) );
#1731 = ADVANCED_FACE('',(#1732,#1735),#862,.F.);
#1732 = FACE_BOUND('',#1733,.F.);
#1733 = EDGE_LOOP('',(#1734));
#1734 = ORIENTED_EDGE('',*,*,#847,.T.);
#1735 = FACE_BOUND('',#1736,.F.);
#1736 = EDGE_LOOP('',(#1737));
#1737 = ORIENTED_EDGE('',*,*,#1738,.T.);
#1738 = EDGE_CURVE('',#1739,#1739,#1741,.T.);
#1739 = VERTEX_POINT('',#1740);
#1740 = CARTESIAN_POINT('',(2.1,0.,75.8));
#1741 = SURFACE_CURVE('',#1742,(#1747,#1758),.PCURVE_S1.);
#1742 = CIRCLE('',#1743,2.1);
#1743 = AXIS2_PLACEMENT_3D('',#1744,#1745,#1746);
#1744 = CARTESIAN_POINT('',(0.,0.,75.8));
#1745 = DIRECTION('',(0.,0.,-1.));
#1746 = DIRECTION('',(1.,0.,0.));
#1747 = PCURVE('',#862,#1748);
#1748 = DEFINITIONAL_REPRESENTATION('',(#1749),#1757);
#1749 = ( BOUNDED_CURVE() B_SPLINE_CURVE(2,(#1750,#1751,#1752,#1753,
#1754,#1755,#1756),.UNSPECIFIED.,.T.,.F.) B_SPLINE_CURVE_WITH_KNOTS((1,2
    ,2,2,2,1),(-2.094395102393,0.,2.094395102393,4.188790204786,
6.28318530718,8.377580409573),.UNSPECIFIED.) CURVE() 
GEOMETRIC_REPRESENTATION_ITEM() RATIONAL_B_SPLINE_CURVE((1.,0.5,1.,0.5,
1.,0.5,1.)) REPRESENTATION_ITEM('') );
#1750 = CARTESIAN_POINT('',(2.1,-3.49503809816E-16));
#1751 = CARTESIAN_POINT('',(2.1,-3.637306695895));
#1752 = CARTESIAN_POINT('',(-1.05,-1.818653347947));
#1753 = CARTESIAN_POINT('',(-4.2,-8.638554654579E-16));
#1754 = CARTESIAN_POINT('',(-1.05,1.818653347947));
#1755 = CARTESIAN_POINT('',(2.1,3.637306695895));
#1756 = CARTESIAN_POINT('',(2.1,-3.49503809816E-16));
#1757 = ( GEOMETRIC_REPRESENTATION_CONTEXT(2) 
PARAMETRIC_REPRESENTATION_CONTEXT() REPRESENTATION_CONTEXT('2D SPACE',''
  ) );
#1758 = PCURVE('',#1759,#1764);
#1759 = CYLINDRICAL_SURFACE('',#1760,2.1);
#1760 = AXIS2_PLACEMENT_3D('',#1761,#1762,#1763);
#1761 = CARTESIAN_POINT('',(0.,0.,69.3));
#1762 = DIRECTION('',(-0.,-0.,-1.));
#1763 = DIRECTION('',(1.,0.,0.));
#1764 = DEFINITIONAL_REPRESENTATION('',(#1765),#1769);
#1765 = LINE('',#1766,#1767);
#1766 = CARTESIAN_POINT('',(-6.28318530718,-6.5));
#1767 = VECTOR('',#1768,1.);
#1768 = DIRECTION('',(1.,-0.));
#1769 = ( GEOMETRIC_REPRESENTATION_CONTEXT(2) 
PARAMETRIC_REPRESENTATION_CONTEXT() REPRESENTATION_CONTEXT('2D SPACE',''
  ) );
#1770 = ADVANCED_FACE('',(#1771,#1878,#1908),#1206,.T.);
#1771 = FACE_BOUND('',#1772,.T.);
#1772 = EDGE_LOOP('',(#1773,#1803,#1831,#1859));
#1773 = ORIENTED_EDGE('',*,*,#1774,.F.);
#1774 = EDGE_CURVE('',#1775,#1777,#1779,.T.);
#1775 = VERTEX_POINT('',#1776);
#1776 = CARTESIAN_POINT('',(-6.4,-6.6,80.75));
#1777 = VERTEX_POINT('',#1778);
#1778 = CARTESIAN_POINT('',(-6.4,12.,80.75));
#1779 = SURFACE_CURVE('',#1780,(#1784,#1791),.PCURVE_S1.);
#1780 = LINE('',#1781,#1782);
#1781 = CARTESIAN_POINT('',(-6.4,-6.6,80.75));
#1782 = VECTOR('',#1783,1.);
#1783 = DIRECTION('',(0.,1.,0.));
#1784 = PCURVE('',#1206,#1785);
#1785 = DEFINITIONAL_REPRESENTATION('',(#1786),#1790);
#1786 = LINE('',#1787,#1788);
#1787 = CARTESIAN_POINT('',(0.,0.));
#1788 = VECTOR('',#1789,1.);
#1789 = DIRECTION('',(0.,1.));
#1790 = ( GEOMETRIC_REPRESENTATION_CONTEXT(2) 
PARAMETRIC_REPRESENTATION_CONTEXT() REPRESENTATION_CONTEXT('2D SPACE',''
  ) );
#1791 = PCURVE('',#1792,#1797);
#1792 = PLANE('',#1793);
#1793 = AXIS2_PLACEMENT_3D('',#1794,#1795,#1796);
#1794 = CARTESIAN_POINT('',(-6.4,-6.6,80.75));
#1795 = DIRECTION('',(1.,0.,0.));
#1796 = DIRECTION('',(0.,0.,1.));
#1797 = DEFINITIONAL_REPRESENTATION('',(#1798),#1802);
#1798 = LINE('',#1799,#1800);
#1799 = CARTESIAN_POINT('',(0.,0.));
#1800 = VECTOR('',#1801,1.);
#1801 = DIRECTION('',(0.,-1.));
#1802 = ( GEOMETRIC_REPRESENTATION_CONTEXT(2) 
PARAMETRIC_REPRESENTATION_CONTEXT() REPRESENTATION_CONTEXT('2D SPACE',''
  ) );
#1803 = ORIENTED_EDGE('',*,*,#1804,.T.);
#1804 = EDGE_CURVE('',#1775,#1805,#1807,.T.);
#1805 = VERTEX_POINT('',#1806);
#1806 = CARTESIAN_POINT('',(6.4,-6.6,80.75));
#1807 = SURFACE_CURVE('',#1808,(#1812,#1819),.PCURVE_S1.);
#1808 = LINE('',#1809,#1810);
#1809 = CARTESIAN_POINT('',(-6.4,-6.6,80.75));
#1810 = VECTOR('',#1811,1.);
#1811 = DIRECTION('',(1.,0.,0.));
#1812 = PCURVE('',#1206,#1813);
#1813 = DEFINITIONAL_REPRESENTATION('',(#1814),#1818);
#1814 = LINE('',#1815,#1816);
#1815 = CARTESIAN_POINT('',(0.,0.));
#1816 = VECTOR('',#1817,1.);
#1817 = DIRECTION('',(1.,0.));
#1818 = ( GEOMETRIC_REPRESENTATION_CONTEXT(2) 
PARAMETRIC_REPRESENTATION_CONTEXT() REPRESENTATION_CONTEXT('2D SPACE',''
  ) );
#1819 = PCURVE('',#1820,#1825);
#1820 = PLANE('',#1821);
#1821 = AXIS2_PLACEMENT_3D('',#1822,#1823,#1824);
#1822 = CARTESIAN_POINT('',(-6.4,-6.6,80.75));
#1823 = DIRECTION('',(0.,1.,0.));
#1824 = DIRECTION('',(0.,0.,1.));
#1825 = DEFINITIONAL_REPRESENTATION('',(#1826),#1830);
#1826 = LINE('',#1827,#1828);
#1827 = CARTESIAN_POINT('',(0.,0.));
#1828 = VECTOR('',#1829,1.);
#1829 = DIRECTION('',(0.,1.));
#1830 = ( GEOMETRIC_REPRESENTATION_CONTEXT(2) 
PARAMETRIC_REPRESENTATION_CONTEXT() REPRESENTATION_CONTEXT('2D SPACE',''
  ) );
#1831 = ORIENTED_EDGE('',*,*,#1832,.T.);
#1832 = EDGE_CURVE('',#1805,#1833,#1835,.T.);
#1833 = VERTEX_POINT('',#1834);
#1834 = CARTESIAN_POINT('',(6.4,12.,80.75));
#1835 = SURFACE_CURVE('',#1836,(#1840,#1847),.PCURVE_S1.);
#1836 = LINE('',#1837,#1838);
#1837 = CARTESIAN_POINT('',(6.4,-6.6,80.75));
#1838 = VECTOR('',#1839,1.);
#1839 = DIRECTION('',(0.,1.,0.));
#1840 = PCURVE('',#1206,#1841);
#1841 = DEFINITIONAL_REPRESENTATION('',(#1842),#1846);
#1842 = LINE('',#1843,#1844);
#1843 = CARTESIAN_POINT('',(12.8,0.));
#1844 = VECTOR('',#1845,1.);
#1845 = DIRECTION('',(0.,1.));
#1846 = ( GEOMETRIC_REPRESENTATION_CONTEXT(2) 
PARAMETRIC_REPRESENTATION_CONTEXT() REPRESENTATION_CONTEXT('2D SPACE',''
  ) );
#1847 = PCURVE('',#1848,#1853);
#1848 = PLANE('',#1849);
#1849 = AXIS2_PLACEMENT_3D('',#1850,#1851,#1852);
#1850 = CARTESIAN_POINT('',(6.4,-6.6,80.75));
#1851 = DIRECTION('',(1.,0.,0.));
#1852 = DIRECTION('',(0.,0.,1.));
#1853 = DEFINITIONAL_REPRESENTATION('',(#1854),#1858);
#1854 = LINE('',#1855,#1856);
#1855 = CARTESIAN_POINT('',(0.,0.));
#1856 = VECTOR('',#1857,1.);
#1857 = DIRECTION('',(0.,-1.));
#1858 = ( GEOMETRIC_REPRESENTATION_CONTEXT(2) 
PARAMETRIC_REPRESENTATION_CONTEXT() REPRESENTATION_CONTEXT('2D SPACE',''
  ) );
#1859 = ORIENTED_EDGE('',*,*,#1860,.T.);
#1860 = EDGE_CURVE('',#1833,#1777,#1861,.T.);
#1861 = SURFACE_CURVE('',#1862,(#1866,#1872),.PCURVE_S1.);
#1862 = LINE('',#1863,#1864);
#1863 = CARTESIAN_POINT('',(-3.2,12.,80.75));
#1864 = VECTOR('',#1865,1.);
#1865 = DIRECTION('',(-1.,0.,0.));
#1866 = PCURVE('',#1206,#1867);
#1867 = DEFINITIONAL_REPRESENTATION('',(#1868),#1871);
#1868 = B_SPLINE_CURVE_WITH_KNOTS('',1,(#1869,#1870),.UNSPECIFIED.,.F.,
  .F.,(2,2),(-9.6,3.2),.PIECEWISE_BEZIER_KNOTS.);
#1869 = CARTESIAN_POINT('',(12.8,18.6));
#1870 = CARTESIAN_POINT('',(0.,18.6));
#1871 = ( GEOMETRIC_REPRESENTATION_CONTEXT(2) 
PARAMETRIC_REPRESENTATION_CONTEXT() REPRESENTATION_CONTEXT('2D SPACE',''
  ) );
#1872 = PCURVE('',#1643,#1873);
#1873 = DEFINITIONAL_REPRESENTATION('',(#1874),#1877);
#1874 = B_SPLINE_CURVE_WITH_KNOTS('',1,(#1875,#1876),.UNSPECIFIED.,.F.,
  .F.,(2,2),(-9.6,3.2),.PIECEWISE_BEZIER_KNOTS.);
#1875 = CARTESIAN_POINT('',(6.4,-9.8));
#1876 = CARTESIAN_POINT('',(-6.4,-9.8));
#1877 = ( GEOMETRIC_REPRESENTATION_CONTEXT(2) 
PARAMETRIC_REPRESENTATION_CONTEXT() REPRESENTATION_CONTEXT('2D SPACE',''
  ) );
#1878 = FACE_BOUND('',#1879,.T.);
#1879 = EDGE_LOOP('',(#1880));
#1880 = ORIENTED_EDGE('',*,*,#1881,.T.);
#1881 = EDGE_CURVE('',#1882,#1882,#1884,.T.);
#1882 = VERTEX_POINT('',#1883);
#1883 = CARTESIAN_POINT('',(2.1,0.,80.75));
#1884 = SURFACE_CURVE('',#1885,(#1890,#1901),.PCURVE_S1.);
#1885 = CIRCLE('',#1886,2.1);
#1886 = AXIS2_PLACEMENT_3D('',#1887,#1888,#1889);
#1887 = CARTESIAN_POINT('',(0.,0.,80.75));
#1888 = DIRECTION('',(0.,0.,-1.));
#1889 = DIRECTION('',(1.,0.,0.));
#1890 = PCURVE('',#1206,#1891);
#1891 = DEFINITIONAL_REPRESENTATION('',(#1892),#1900);
#1892 = ( BOUNDED_CURVE() B_SPLINE_CURVE(2,(#1893,#1894,#1895,#1896,
#1897,#1898,#1899),.UNSPECIFIED.,.T.,.F.) B_SPLINE_CURVE_WITH_KNOTS((1,2
    ,2,2,2,1),(-2.094395102393,0.,2.094395102393,4.188790204786,
6.28318530718,8.377580409573),.UNSPECIFIED.) CURVE() 
GEOMETRIC_REPRESENTATION_ITEM() RATIONAL_B_SPLINE_CURVE((1.,0.5,1.,0.5,
1.,0.5,1.)) REPRESENTATION_ITEM('') );
#1893 = CARTESIAN_POINT('',(8.5,6.6));
#1894 = CARTESIAN_POINT('',(8.5,2.962693304105));
#1895 = CARTESIAN_POINT('',(5.35,4.781346652053));
#1896 = CARTESIAN_POINT('',(2.2,6.6));
#1897 = CARTESIAN_POINT('',(5.35,8.418653347947));
#1898 = CARTESIAN_POINT('',(8.5,10.237306695895));
#1899 = CARTESIAN_POINT('',(8.5,6.6));
#1900 = ( GEOMETRIC_REPRESENTATION_CONTEXT(2) 
PARAMETRIC_REPRESENTATION_CONTEXT() REPRESENTATION_CONTEXT('2D SPACE',''
  ) );
#1901 = PCURVE('',#1759,#1902);
#1902 = DEFINITIONAL_REPRESENTATION('',(#1903),#1907);
#1903 = LINE('',#1904,#1905);
#1904 = CARTESIAN_POINT('',(-6.28318530718,-11.45));
#1905 = VECTOR('',#1906,1.);
#1906 = DIRECTION('',(1.,-0.));
#1907 = ( GEOMETRIC_REPRESENTATION_CONTEXT(2) 
PARAMETRIC_REPRESENTATION_CONTEXT() REPRESENTATION_CONTEXT('2D SPACE',''
  ) );
#1908 = FACE_BOUND('',#1909,.T.);
#1909 = EDGE_LOOP('',(#1910,#1911,#1912,#1913));
#1910 = ORIENTED_EDGE('',*,*,#1193,.T.);
#1911 = ORIENTED_EDGE('',*,*,#1317,.T.);
#1912 = ORIENTED_EDGE('',*,*,#1292,.F.);
#1913 = ORIENTED_EDGE('',*,*,#1245,.F.);
#1914 = ADVANCED_FACE('',(#1915),#1410,.F.);
#1915 = FACE_BOUND('',#1916,.T.);
#1916 = EDGE_LOOP('',(#1917,#1918,#1919,#1947));
#1917 = ORIENTED_EDGE('',*,*,#1582,.F.);
#1918 = ORIENTED_EDGE('',*,*,#1396,.T.);
#1919 = ORIENTED_EDGE('',*,*,#1920,.T.);
#1920 = EDGE_CURVE('',#1369,#1921,#1923,.T.);
#1921 = VERTEX_POINT('',#1922);
#1922 = CARTESIAN_POINT('',(-14.2,12.,102.8));
#1923 = SURFACE_CURVE('',#1924,(#1928,#1935),.PCURVE_S1.);
#1924 = LINE('',#1925,#1926);
#1925 = CARTESIAN_POINT('',(-14.6,11.6,102.8));
#1926 = VECTOR('',#1927,1.);
#1927 = DIRECTION('',(0.707106781187,0.707106781187,-7.850462293419E-17)
  );
#1928 = PCURVE('',#1410,#1929);
#1929 = DEFINITIONAL_REPRESENTATION('',(#1930),#1934);
#1930 = LINE('',#1931,#1932);
#1931 = CARTESIAN_POINT('',(-24.5,-6.672892949406E-16));
#1932 = VECTOR('',#1933,1.);
#1933 = DIRECTION('',(-0.,1.));
#1934 = ( GEOMETRIC_REPRESENTATION_CONTEXT(2) 
PARAMETRIC_REPRESENTATION_CONTEXT() REPRESENTATION_CONTEXT('2D SPACE',''
  ) );
#1935 = PCURVE('',#1936,#1941);
#1936 = CONICAL_SURFACE('',#1937,15.,0.785398163397);
#1937 = AXIS2_PLACEMENT_3D('',#1938,#1939,#1940);
#1938 = CARTESIAN_POINT('',(0.,11.2,102.8));
#1939 = DIRECTION('',(0.,-1.,1.110223024625E-16));
#1940 = DIRECTION('',(-1.,0.,0.));
#1941 = DEFINITIONAL_REPRESENTATION('',(#1942),#1946);
#1942 = LINE('',#1943,#1944);
#1943 = CARTESIAN_POINT('',(-0.,-0.4));
#1944 = VECTOR('',#1945,1.);
#1945 = DIRECTION('',(-0.,-1.));
#1946 = ( GEOMETRIC_REPRESENTATION_CONTEXT(2) 
PARAMETRIC_REPRESENTATION_CONTEXT() REPRESENTATION_CONTEXT('2D SPACE',''
  ) );
#1947 = ORIENTED_EDGE('',*,*,#1948,.F.);
#1948 = EDGE_CURVE('',#1583,#1921,#1949,.T.);
#1949 = SURFACE_CURVE('',#1950,(#1954,#1961),.PCURVE_S1.);
#1950 = LINE('',#1951,#1952);
#1951 = CARTESIAN_POINT('',(-14.2,12.,78.3));
#1952 = VECTOR('',#1953,1.);
#1953 = DIRECTION('',(0.,1.110223024625E-16,1.));
#1954 = PCURVE('',#1410,#1955);
#1955 = DEFINITIONAL_REPRESENTATION('',(#1956),#1960);
#1956 = LINE('',#1957,#1958);
#1957 = CARTESIAN_POINT('',(-4.440892098501E-17,0.565685424949));
#1958 = VECTOR('',#1959,1.);
#1959 = DIRECTION('',(-1.,0.));
#1960 = ( GEOMETRIC_REPRESENTATION_CONTEXT(2) 
PARAMETRIC_REPRESENTATION_CONTEXT() REPRESENTATION_CONTEXT('2D SPACE',''
  ) );
#1961 = PCURVE('',#1643,#1962);
#1962 = DEFINITIONAL_REPRESENTATION('',(#1963),#1967);
#1963 = LINE('',#1964,#1965);
#1964 = CARTESIAN_POINT('',(-14.2,-12.25));
#1965 = VECTOR('',#1966,1.);
#1966 = DIRECTION('',(0.,1.));
#1967 = ( GEOMETRIC_REPRESENTATION_CONTEXT(2) 
PARAMETRIC_REPRESENTATION_CONTEXT() REPRESENTATION_CONTEXT('2D SPACE',''
  ) );
#1968 = ADVANCED_FACE('',(#1969),#1356,.T.);
#1969 = FACE_BOUND('',#1970,.F.);
#1970 = EDGE_LOOP('',(#1971,#1972,#1973,#2001));
#1971 = ORIENTED_EDGE('',*,*,#1425,.F.);
#1972 = ORIENTED_EDGE('',*,*,#1340,.T.);
#1973 = ORIENTED_EDGE('',*,*,#1974,.T.);
#1974 = EDGE_CURVE('',#1341,#1975,#1977,.T.);
#1975 = VERTEX_POINT('',#1976);
#1976 = CARTESIAN_POINT('',(-14.2,-10.5,102.8));
#1977 = SURFACE_CURVE('',#1978,(#1982,#1989),.PCURVE_S1.);
#1978 = LINE('',#1979,#1980);
#1979 = CARTESIAN_POINT('',(-14.6,-10.1,102.8));
#1980 = VECTOR('',#1981,1.);
#1981 = DIRECTION('',(0.707106781187,-0.707106781187,7.850462293419E-17)
  );
#1982 = PCURVE('',#1356,#1983);
#1983 = DEFINITIONAL_REPRESENTATION('',(#1984),#1988);
#1984 = LINE('',#1985,#1986);
#1985 = CARTESIAN_POINT('',(-24.5,6.672892949406E-16));
#1986 = VECTOR('',#1987,1.);
#1987 = DIRECTION('',(-0.,1.));
#1988 = ( GEOMETRIC_REPRESENTATION_CONTEXT(2) 
PARAMETRIC_REPRESENTATION_CONTEXT() REPRESENTATION_CONTEXT('2D SPACE',''
  ) );
#1989 = PCURVE('',#1990,#1995);
#1990 = CONICAL_SURFACE('',#1991,15.,0.785398163397);
#1991 = AXIS2_PLACEMENT_3D('',#1992,#1993,#1994);
#1992 = CARTESIAN_POINT('',(0.,-9.7,102.8));
#1993 = DIRECTION('',(-0.,1.,-1.110223024625E-16));
#1994 = DIRECTION('',(-1.,0.,0.));
#1995 = DEFINITIONAL_REPRESENTATION('',(#1996),#2000);
#1996 = LINE('',#1997,#1998);
#1997 = CARTESIAN_POINT('',(0.,-0.4));
#1998 = VECTOR('',#1999,1.);
#1999 = DIRECTION('',(0.,-1.));
#2000 = ( GEOMETRIC_REPRESENTATION_CONTEXT(2) 
PARAMETRIC_REPRESENTATION_CONTEXT() REPRESENTATION_CONTEXT('2D SPACE',''
  ) );
#2001 = ORIENTED_EDGE('',*,*,#2002,.F.);
#2002 = EDGE_CURVE('',#1426,#1975,#2003,.T.);
#2003 = SURFACE_CURVE('',#2004,(#2008,#2015),.PCURVE_S1.);
#2004 = LINE('',#2005,#2006);
#2005 = CARTESIAN_POINT('',(-14.2,-10.5,78.3));
#2006 = VECTOR('',#2007,1.);
#2007 = DIRECTION('',(0.,1.110223024625E-16,1.));
#2008 = PCURVE('',#1356,#2009);
#2009 = DEFINITIONAL_REPRESENTATION('',(#2010),#2014);
#2010 = LINE('',#2011,#2012);
#2011 = CARTESIAN_POINT('',(4.440892098501E-17,0.565685424949));
#2012 = VECTOR('',#2013,1.);
#2013 = DIRECTION('',(-1.,0.));
#2014 = ( GEOMETRIC_REPRESENTATION_CONTEXT(2) 
PARAMETRIC_REPRESENTATION_CONTEXT() REPRESENTATION_CONTEXT('2D SPACE',''
  ) );
#2015 = PCURVE('',#1491,#2016);
#2016 = DEFINITIONAL_REPRESENTATION('',(#2017),#2021);
#2017 = LINE('',#2018,#2019);
#2018 = CARTESIAN_POINT('',(-14.2,-12.25));
#2019 = VECTOR('',#2020,1.);
#2020 = DIRECTION('',(0.,1.));
#2021 = ( GEOMETRIC_REPRESENTATION_CONTEXT(2) 
PARAMETRIC_REPRESENTATION_CONTEXT() REPRESENTATION_CONTEXT('2D SPACE',''
  ) );
#2022 = ADVANCED_FACE('',(#2023,#2071),#1384,.T.);
#2023 = FACE_BOUND('',#2024,.F.);
#2024 = EDGE_LOOP('',(#2025,#2026,#2048,#2049));
#2025 = ORIENTED_EDGE('',*,*,#1530,.T.);
#2026 = ORIENTED_EDGE('',*,*,#2027,.F.);
#2027 = EDGE_CURVE('',#1341,#1508,#2028,.T.);
#2028 = SURFACE_CURVE('',#2029,(#2034,#2041),.PCURVE_S1.);
#2029 = CIRCLE('',#2030,15.);
#2030 = AXIS2_PLACEMENT_3D('',#2031,#2032,#2033);
#2031 = CARTESIAN_POINT('',(0.,-9.7,102.8));
#2032 = DIRECTION('',(0.,1.,-1.110223024625E-16));
#2033 = DIRECTION('',(-1.,0.,0.));
#2034 = PCURVE('',#1384,#2035);
#2035 = DEFINITIONAL_REPRESENTATION('',(#2036),#2040);
#2036 = LINE('',#2037,#2038);
#2037 = CARTESIAN_POINT('',(-3.14159265359,-21.7));
#2038 = VECTOR('',#2039,1.);
#2039 = DIRECTION('',(1.,-0.));
#2040 = ( GEOMETRIC_REPRESENTATION_CONTEXT(2) 
PARAMETRIC_REPRESENTATION_CONTEXT() REPRESENTATION_CONTEXT('2D SPACE',''
  ) );
#2041 = PCURVE('',#1990,#2042);
#2042 = DEFINITIONAL_REPRESENTATION('',(#2043),#2047);
#2043 = LINE('',#2044,#2045);
#2044 = CARTESIAN_POINT('',(0.,-0.));
#2045 = VECTOR('',#2046,1.);
#2046 = DIRECTION('',(1.,-0.));
#2047 = ( GEOMETRIC_REPRESENTATION_CONTEXT(2) 
PARAMETRIC_REPRESENTATION_CONTEXT() REPRESENTATION_CONTEXT('2D SPACE',''
  ) );
#2048 = ORIENTED_EDGE('',*,*,#1368,.F.);
#2049 = ORIENTED_EDGE('',*,*,#2050,.T.);
#2050 = EDGE_CURVE('',#1369,#1531,#2051,.T.);
#2051 = SURFACE_CURVE('',#2052,(#2057,#2064),.PCURVE_S1.);
#2052 = CIRCLE('',#2053,15.);
#2053 = AXIS2_PLACEMENT_3D('',#2054,#2055,#2056);
#2054 = CARTESIAN_POINT('',(0.,11.2,102.8));
#2055 = DIRECTION('',(0.,1.,-1.110223024625E-16));
#2056 = DIRECTION('',(-1.,0.,0.));
#2057 = PCURVE('',#1384,#2058);
#2058 = DEFINITIONAL_REPRESENTATION('',(#2059),#2063);
#2059 = LINE('',#2060,#2061);
#2060 = CARTESIAN_POINT('',(-3.14159265359,-0.8));
#2061 = VECTOR('',#2062,1.);
#2062 = DIRECTION('',(1.,-0.));
#2063 = ( GEOMETRIC_REPRESENTATION_CONTEXT(2) 
PARAMETRIC_REPRESENTATION_CONTEXT() REPRESENTATION_CONTEXT('2D SPACE',''
  ) );
#2064 = PCURVE('',#1936,#2065);
#2065 = DEFINITIONAL_REPRESENTATION('',(#2066),#2070);
#2066 = LINE('',#2067,#2068);
#2067 = CARTESIAN_POINT('',(-0.,-0.));
#2068 = VECTOR('',#2069,1.);
#2069 = DIRECTION('',(-1.,-0.));
#2070 = ( GEOMETRIC_REPRESENTATION_CONTEXT(2) 
PARAMETRIC_REPRESENTATION_CONTEXT() REPRESENTATION_CONTEXT('2D SPACE',''
  ) );
#2071 = FACE_BOUND('',#2072,.F.);
#2072 = EDGE_LOOP('',(#2073));
#2073 = ORIENTED_EDGE('',*,*,#2074,.T.);
#2074 = EDGE_CURVE('',#2075,#2075,#2077,.T.);
#2075 = VERTEX_POINT('',#2076);
#2076 = CARTESIAN_POINT('',(2.1,0.,117.65227255338));
#2077 = SURFACE_CURVE('',#2078,(#2130,#2185),.PCURVE_S1.);
#2078 = B_SPLINE_CURVE_WITH_KNOTS('',8,(#2079,#2080,#2081,#2082,#2083,
    #2084,#2085,#2086,#2087,#2088,#2089,#2090,#2091,#2092,#2093,#2094,
    #2095,#2096,#2097,#2098,#2099,#2100,#2101,#2102,#2103,#2104,#2105,
    #2106,#2107,#2108,#2109,#2110,#2111,#2112,#2113,#2114,#2115,#2116,
    #2117,#2118,#2119,#2120,#2121,#2122,#2123,#2124,#2125,#2126,#2127,
    #2128,#2129),.UNSPECIFIED.,.T.,.F.,(9,7,7,7,7,7,7,9),(0.,
    0.154254880516,0.286516703176,0.411833634831,0.568685304446,
    0.707171382205,0.828203163095,1.),.UNSPECIFIED.);
#2079 = CARTESIAN_POINT('',(2.1,-4.440892098501E-16,117.65227255338));
#2080 = CARTESIAN_POINT('',(2.1,0.219401573737,117.65227255338));
#2081 = CARTESIAN_POINT('',(2.073802727055,0.438495302644,
    117.65597644671));
#2082 = CARTESIAN_POINT('',(2.021538414565,0.655565891705,
    117.66336700896));
#2083 = CARTESIAN_POINT('',(1.94264755855,0.868706368257,117.67425654511
    ));
#2084 = CARTESIAN_POINT('',(1.836138189775,1.075440813425,
    117.68826706186));
#2085 = CARTESIAN_POINT('',(1.70075126551,1.272488212756,117.70472391421
    ));
#2086 = CARTESIAN_POINT('',(1.535192678224,1.455434242731,
    117.72253819533));
#2087 = CARTESIAN_POINT('',(1.170018866069,1.757532292931,
    117.75525661173));
#2088 = CARTESIAN_POINT('',(0.972387757452,1.88722141062,117.77077261571
    ));
#2089 = CARTESIAN_POINT('',(0.748627887694,1.995969013269,
    117.78512482735));
#2090 = CARTESIAN_POINT('',(0.504172481491,2.075439562137,
    117.79642089969));
#2091 = CARTESIAN_POINT('',(0.246435221953,2.120117744741,
    117.80293207433));
#2092 = CARTESIAN_POINT('',(-1.617462019259E-02,2.127359230716,
    117.80387132015));
#2093 = CARTESIAN_POINT('',(-0.275032829009,2.097498901818,
    117.79951822009));
#2094 = CARTESIAN_POINT('',(-0.756483719794,1.973883323405,
    117.78274557568));
#2095 = CARTESIAN_POINT('',(-0.973265097336,1.885364209669,
    117.77100541639));
#2096 = CARTESIAN_POINT('',(-1.170410088736,1.773706305357,
    117.75684511059));
#2097 = CARTESIAN_POINT('',(-1.346729124068,1.643458786922,
    117.74149101959));
#2098 = CARTESIAN_POINT('',(-1.50170118509,1.498666394575,
    117.72603639355));
#2099 = CARTESIAN_POINT('',(-1.635297421504,1.342971401087,
    117.71135877762));
#2100 = CARTESIAN_POINT('',(-1.747897613849,1.179660219532,
    117.69810431252));
#2101 = CARTESIAN_POINT('',(-1.955828483166,0.801435372344,
    117.67240057497));
#2102 = CARTESIAN_POINT('',(-2.040882648329,0.581695162183,
    117.66084519679));
#2103 = CARTESIAN_POINT('',(-2.096714872424,0.356141992368,
    117.6528192673));
#2104 = CARTESIAN_POINT('',(-2.124231986492,0.127473308238,
    117.64875652996));
#2105 = CARTESIAN_POINT('',(-2.123883046361,-0.10204203971,
    117.64883082272));
#2106 = CARTESIAN_POINT('',(-2.095627044584,-0.330269372223,
    117.65300837335));
#2107 = CARTESIAN_POINT('',(-2.038896723396,-0.55492568464,
    117.66103925772));
#2108 = CARTESIAN_POINT('',(-1.876277030656,-0.965656143529,
    117.68238889877));
#2109 = CARTESIAN_POINT('',(-1.776536140112,-1.154139720871,
    117.69502855279));
#2110 = CARTESIAN_POINT('',(-1.652359337524,-1.335745427742,
    117.70993489314));
#2111 = CARTESIAN_POINT('',(-1.502884212602,-1.507151181883,
    117.72648656458));
#2112 = CARTESIAN_POINT('',(-1.32752942941,-1.664341769365,
    117.7437656008));
#2113 = CARTESIAN_POINT('',(-1.126141868518,-1.802511917813,
    117.76050231934));
#2114 = CARTESIAN_POINT('',(-0.899294779849,-1.915872084208,
    117.77511489462));
#2115 = CARTESIAN_POINT('',(-0.430130973545,-2.068312645636,
    117.79543105823));
#2116 = CARTESIAN_POINT('',(-0.196635599064,-2.11389204938,
    117.80188416534));
#2117 = CARTESIAN_POINT('',(4.512712185556E-02,-2.129065496263,
    117.80418702727));
#2118 = CARTESIAN_POINT('',(0.287733143987,-2.111803482536,117.801688607
    ));
#2119 = CARTESIAN_POINT('',(0.523523013693,-2.062830176313,
    117.79456083333));
#2120 = CARTESIAN_POINT('',(0.745323878031,-1.985548474552,
    117.78388122746));
#2121 = CARTESIAN_POINT('',(0.947256817859,-1.886037838104,
    117.77112422202));
#2122 = CARTESIAN_POINT('',(1.377866666146,-1.612764518668,
    117.73873042632));
#2123 = CARTESIAN_POINT('',(1.590602366475,-1.420054500271,
    117.71782266545));
#2124 = CARTESIAN_POINT('',(1.764042478502,-1.205595017486,
    117.69765378054));
#2125 = CARTESIAN_POINT('',(1.900016895111,-0.976549586446,
    117.68012574147));
#2126 = CARTESIAN_POINT('',(2.000405310262,-0.738097874583,
    117.66635373892));
#2127 = CARTESIAN_POINT('',(2.066760474869,-0.494015945272,
    117.65697252729));
#2128 = CARTESIAN_POINT('',(2.1,-0.247138103297,117.65227255338));
#2129 = CARTESIAN_POINT('',(2.1,-4.440892098501E-16,117.65227255338));
#2130 = PCURVE('',#1384,#2131);
#2131 = DEFINITIONAL_REPRESENTATION('',(#2132),#2184);
#2132 = B_SPLINE_CURVE_WITH_KNOTS('',8,(#2133,#2134,#2135,#2136,#2137,
    #2138,#2139,#2140,#2141,#2142,#2143,#2144,#2145,#2146,#2147,#2148,
    #2149,#2150,#2151,#2152,#2153,#2154,#2155,#2156,#2157,#2158,#2159,
    #2160,#2161,#2162,#2163,#2164,#2165,#2166,#2167,#2168,#2169,#2170,
    #2171,#2172,#2173,#2174,#2175,#2176,#2177,#2178,#2179,#2180,#2181,
    #2182,#2183),.UNSPECIFIED.,.T.,.F.,(9,7,7,7,7,7,7,9),(0.,
    0.154254880516,0.286516703176,0.411833634831,0.568685304446,
    0.707171382205,0.828203163095,1.),.UNSPECIFIED.);
#2133 = CARTESIAN_POINT('',(-1.430334912085,-12.));
#2134 = CARTESIAN_POINT('',(-1.430334912085,-11.78059842626));
#2135 = CARTESIAN_POINT('',(-1.432098767104,-11.56150469735));
#2136 = CARTESIAN_POINT('',(-1.435617716392,-11.34443410829));
#2137 = CARTESIAN_POINT('',(-1.440926943599,-11.13129363174));
#2138 = CARTESIAN_POINT('',(-1.448088418742,-10.92455918657));
#2139 = CARTESIAN_POINT('',(-1.45717958973,-10.72751178724));
#2140 = CARTESIAN_POINT('',(-1.468278773447,-10.54456575727));
#2141 = CARTESIAN_POINT('',(-1.492721214483,-10.24246770706));
#2142 = CARTESIAN_POINT('',(-1.505936359838,-10.11277858938));
#2143 = CARTESIAN_POINT('',(-1.520881763737,-10.00403098673));
#2144 = CARTESIAN_POINT('',(-1.537190630562,-9.924560437864));
#2145 = CARTESIAN_POINT('',(-1.554370643351,-9.879882255259));
#2146 = CARTESIAN_POINT('',(-1.571872038434,-9.872640769285));
#2147 = CARTESIAN_POINT('',(-1.58912888843,-9.902501098182));
#2148 = CARTESIAN_POINT('',(-1.621245085924,-10.02611667659));
#2149 = CARTESIAN_POINT('',(-1.635715661032,-10.11463579033));
#2150 = CARTESIAN_POINT('',(-1.648889393775,-10.22629369464));
#2151 = CARTESIAN_POINT('',(-1.66068629805,-10.35654121307));
#2152 = CARTESIAN_POINT('',(-1.671067919888,-10.50133360542));
#2153 = CARTESIAN_POINT('',(-1.680027444702,-10.65702859891));
#2154 = CARTESIAN_POINT('',(-1.687585829745,-10.82033978046));
#2155 = CARTESIAN_POINT('',(-1.701553399889,-11.19856462765));
#2156 = CARTESIAN_POINT('',(-1.70727535773,-11.41830483781));
#2157 = CARTESIAN_POINT('',(-1.711035727709,-11.64385800763));
#2158 = CARTESIAN_POINT('',(-1.712890167796,-11.87252669176));
#2159 = CARTESIAN_POINT('',(-1.712866386665,-12.10204203971));
#2160 = CARTESIAN_POINT('',(-1.710962147592,-12.33026937222));
#2161 = CARTESIAN_POINT('',(-1.707142608567,-12.55492568464));
#2162 = CARTESIAN_POINT('',(-1.696208264784,-12.96565614352));
#2163 = CARTESIAN_POINT('',(-1.689505749591,-13.15413972087));
#2164 = CARTESIAN_POINT('',(-1.681168211183,-13.33574542774));
#2165 = CARTESIAN_POINT('',(-1.671143138269,-13.50715118188));
#2166 = CARTESIAN_POINT('',(-1.659398264511,-13.66434176936));
#2167 = CARTESIAN_POINT('',(-1.645929574894,-13.80251191781));
#2168 = CARTESIAN_POINT('',(-1.630778460024,-13.9158720842));
#2169 = CARTESIAN_POINT('',(-1.599471561697,-14.06831264563));
#2170 = CARTESIAN_POINT('',(-1.583901170855,-14.11389204938));
#2171 = CARTESIAN_POINT('',(-1.567787329992,-14.12906549626));
#2172 = CARTESIAN_POINT('',(-1.551619168634,-14.11180348253));
#2173 = CARTESIAN_POINT('',(-1.535897985038,-14.06283017631));
#2174 = CARTESIAN_POINT('',(-1.52109692143,-13.98554847455));
#2175 = CARTESIAN_POINT('',(-1.507608863429,-13.8860378381));
#2176 = CARTESIAN_POINT('',(-1.478820424435,-13.61276451866));
#2177 = CARTESIAN_POINT('',(-1.46457344788,-13.42005450027));
#2178 = CARTESIAN_POINT('',(-1.452935125387,-13.20559501748));
#2179 = CARTESIAN_POINT('',(-1.443795743742,-12.97654958644));
#2180 = CARTESIAN_POINT('',(-1.437040606601,-12.73809787458));
#2181 = CARTESIAN_POINT('',(-1.43257291979,-12.49401594527));
#2182 = CARTESIAN_POINT('',(-1.430334912085,-12.24713810329));
#2183 = CARTESIAN_POINT('',(-1.430334912085,-12.));
#2184 = ( GEOMETRIC_REPRESENTATION_CONTEXT(2) 
PARAMETRIC_REPRESENTATION_CONTEXT() REPRESENTATION_CONTEXT('2D SPACE',''
  ) );
#2185 = PCURVE('',#2186,#2191);
#2186 = CYLINDRICAL_SURFACE('',#2187,2.1);
#2187 = AXIS2_PLACEMENT_3D('',#2188,#2189,#2190);
#2188 = CARTESIAN_POINT('',(0.,0.,69.3));
#2189 = DIRECTION('',(-0.,-0.,-1.));
#2190 = DIRECTION('',(1.,0.,0.));
#2191 = DEFINITIONAL_REPRESENTATION('',(#2192),#2244);
#2192 = B_SPLINE_CURVE_WITH_KNOTS('',8,(#2193,#2194,#2195,#2196,#2197,
    #2198,#2199,#2200,#2201,#2202,#2203,#2204,#2205,#2206,#2207,#2208,
    #2209,#2210,#2211,#2212,#2213,#2214,#2215,#2216,#2217,#2218,#2219,
    #2220,#2221,#2222,#2223,#2224,#2225,#2226,#2227,#2228,#2229,#2230,
    #2231,#2232,#2233,#2234,#2235,#2236,#2237,#2238,#2239,#2240,#2241,
    #2242,#2243),.UNSPECIFIED.,.F.,.F.,(9,7,7,7,7,7,7,9),(0.,
    0.154254880516,0.286516703176,0.411833634831,0.568685304446,
    0.707171382205,0.828203163095,1.),.UNSPECIFIED.);
#2193 = CARTESIAN_POINT('',(0.,-48.35227255338));
#2194 = CARTESIAN_POINT('',(-0.104476939875,-48.35227255338));
#2195 = CARTESIAN_POINT('',(-0.208806930591,-48.35597644671));
#2196 = CARTESIAN_POINT('',(-0.313912924615,-48.36336700895));
#2197 = CARTESIAN_POINT('',(-0.420599704607,-48.37425654511));
#2198 = CARTESIAN_POINT('',(-0.529649728939,-48.38826706186));
#2199 = CARTESIAN_POINT('',(-0.641865837047,-48.40472391421));
#2200 = CARTESIAN_POINT('',(-0.758142330164,-48.42253819533));
#2201 = CARTESIAN_POINT('',(-0.983826045705,-48.45525661173));
#2202 = CARTESIAN_POINT('',(-1.09570451445,-48.47077261571));
#2203 = CARTESIAN_POINT('',(-1.212534787377,-48.48512482735));
#2204 = CARTESIAN_POINT('',(-1.332594181313,-48.49642089969));
#2205 = CARTESIAN_POINT('',(-1.454653451704,-48.50293207433));
#2206 = CARTESIAN_POINT('',(-1.577653822425,-48.50387132015));
#2207 = CARTESIAN_POINT('',(-1.700583454184,-48.49951822009));
#2208 = CARTESIAN_POINT('',(-1.937282106552,-48.48274557568));
#2209 = CARTESIAN_POINT('',(-2.047751363235,-48.47100541639));
#2210 = CARTESIAN_POINT('',(-2.154228714933,-48.45684511059));
#2211 = CARTESIAN_POINT('',(-2.257166659903,-48.44149101959));
#2212 = CARTESIAN_POINT('',(-2.35690093579,-48.42603639355));
#2213 = CARTESIAN_POINT('',(-2.453679066675,-48.41135877762));
#2214 = CARTESIAN_POINT('',(-2.547657813238,-48.39810431252));
#2215 = CARTESIAN_POINT('',(-2.753187537239,-48.37240057497));
#2216 = CARTESIAN_POINT('',(-2.864394820892,-48.36084519679));
#2217 = CARTESIAN_POINT('',(-2.973595517518,-48.3528192673));
#2218 = CARTESIAN_POINT('',(-3.081640642179,-48.34875652996));
#2219 = CARTESIAN_POINT('',(-3.189327403935,-48.34883082272));
#2220 = CARTESIAN_POINT('',(-3.29745271424,-48.35300837335));
#2221 = CARTESIAN_POINT('',(-3.406864204746,-48.36103925772));
#2222 = CARTESIAN_POINT('',(-3.617222216346,-48.38238889877));
#2223 = CARTESIAN_POINT('',(-3.718157118044,-48.39502855279));
#2224 = CARTESIAN_POINT('',(-3.821795992626,-48.40993489314));
#2225 = CARTESIAN_POINT('',(-3.928557978224,-48.42648656458));
#2226 = CARTESIAN_POINT('',(-4.038924059536,-48.4437656008));
#2227 = CARTESIAN_POINT('',(-4.153458433666,-48.46050231934));
#2228 = CARTESIAN_POINT('',(-4.272875844846,-48.47511489462));
#2229 = CARTESIAN_POINT('',(-4.507784425469,-48.49543105823));
#2230 = CARTESIAN_POINT('',(-4.620238016832,-48.50188416534));
#2231 = CARTESIAN_POINT('',(-4.733963758805,-48.50418702727));
#2232 = CARTESIAN_POINT('',(-4.847755788695,-48.501688607));
#2233 = CARTESIAN_POINT('',(-4.960480904153,-48.49456083333));
#2234 = CARTESIAN_POINT('',(-5.0709172345,-48.48388122746));
#2235 = CARTESIAN_POINT('',(-5.177497455145,-48.47112422202));
#2236 = CARTESIAN_POINT('',(-5.420356067913,-48.43873042632));
#2237 = CARTESIAN_POINT('',(-5.555060274094,-48.41782266545));
#2238 = CARTESIAN_POINT('',(-5.683918848533,-48.39765378054));
#2239 = CARTESIAN_POINT('',(-5.808244041604,-48.38012574147));
#2240 = CARTESIAN_POINT('',(-5.929228566776,-48.36635373892));
#2241 = CARTESIAN_POINT('',(-6.047939162791,-48.35697252729));
#2242 = CARTESIAN_POINT('',(-6.165500496086,-48.35227255338));
#2243 = CARTESIAN_POINT('',(-6.28318530718,-48.35227255338));
#2244 = ( GEOMETRIC_REPRESENTATION_CONTEXT(2) 
PARAMETRIC_REPRESENTATION_CONTEXT() REPRESENTATION_CONTEXT('2D SPACE',''
  ) );
#2245 = ADVANCED_FACE('',(#2246,#2299),#1491,.T.);
#2246 = FACE_BOUND('',#2247,.T.);
#2247 = EDGE_LOOP('',(#2248,#2249,#2250,#2273));
#2248 = ORIENTED_EDGE('',*,*,#2002,.F.);
#2249 = ORIENTED_EDGE('',*,*,#1477,.T.);
#2250 = ORIENTED_EDGE('',*,*,#2251,.F.);
#2251 = EDGE_CURVE('',#2252,#1450,#2254,.T.);
#2252 = VERTEX_POINT('',#2253);
#2253 = CARTESIAN_POINT('',(14.2,-10.5,102.8));
#2254 = SURFACE_CURVE('',#2255,(#2259,#2266),.PCURVE_S1.);
#2255 = LINE('',#2256,#2257);
#2256 = CARTESIAN_POINT('',(14.2,-10.5,102.8));
#2257 = VECTOR('',#2258,1.);
#2258 = DIRECTION('',(-0.,-1.110223024625E-16,-1.));
#2259 = PCURVE('',#1491,#2260);
#2260 = DEFINITIONAL_REPRESENTATION('',(#2261),#2265);
#2261 = LINE('',#2262,#2263);
#2262 = CARTESIAN_POINT('',(14.2,12.25));
#2263 = VECTOR('',#2264,1.);
#2264 = DIRECTION('',(-0.,-1.));
#2265 = ( GEOMETRIC_REPRESENTATION_CONTEXT(2) 
PARAMETRIC_REPRESENTATION_CONTEXT() REPRESENTATION_CONTEXT('2D SPACE',''
  ) );
#2266 = PCURVE('',#1465,#2267);
#2267 = DEFINITIONAL_REPRESENTATION('',(#2268),#2272);
#2268 = LINE('',#2269,#2270);
#2269 = CARTESIAN_POINT('',(4.440892098501E-17,0.565685424949));
#2270 = VECTOR('',#2271,1.);
#2271 = DIRECTION('',(1.,0.));
#2272 = ( GEOMETRIC_REPRESENTATION_CONTEXT(2) 
PARAMETRIC_REPRESENTATION_CONTEXT() REPRESENTATION_CONTEXT('2D SPACE',''
  ) );
#2273 = ORIENTED_EDGE('',*,*,#2274,.F.);
#2274 = EDGE_CURVE('',#1975,#2252,#2275,.T.);
#2275 = SURFACE_CURVE('',#2276,(#2281,#2292),.PCURVE_S1.);
#2276 = CIRCLE('',#2277,14.2);
#2277 = AXIS2_PLACEMENT_3D('',#2278,#2279,#2280);
#2278 = CARTESIAN_POINT('',(0.,-10.5,102.8));
#2279 = DIRECTION('',(0.,1.,-1.110223024625E-16));
#2280 = DIRECTION('',(-1.,0.,0.));
#2281 = PCURVE('',#1491,#2282);
#2282 = DEFINITIONAL_REPRESENTATION('',(#2283),#2291);
#2283 = ( BOUNDED_CURVE() B_SPLINE_CURVE(2,(#2284,#2285,#2286,#2287,
#2288,#2289,#2290),.UNSPECIFIED.,.T.,.F.) B_SPLINE_CURVE_WITH_KNOTS((1,2
    ,2,2,2,1),(-2.094395102393,0.,2.094395102393,4.188790204786,
6.28318530718,8.377580409573),.UNSPECIFIED.) CURVE() 
GEOMETRIC_REPRESENTATION_ITEM() RATIONAL_B_SPLINE_CURVE((1.,0.5,1.,0.5,
1.,0.5,1.)) REPRESENTATION_ITEM('') );
#2284 = CARTESIAN_POINT('',(-14.2,12.25));
#2285 = CARTESIAN_POINT('',(-14.2,36.845121467478));
#2286 = CARTESIAN_POINT('',(7.1,24.547560733739));
#2287 = CARTESIAN_POINT('',(28.4,12.25));
#2288 = CARTESIAN_POINT('',(7.1,-4.756073373902E-02));
#2289 = CARTESIAN_POINT('',(-14.2,-12.34512146747));
#2290 = CARTESIAN_POINT('',(-14.2,12.25));
#2291 = ( GEOMETRIC_REPRESENTATION_CONTEXT(2) 
PARAMETRIC_REPRESENTATION_CONTEXT() REPRESENTATION_CONTEXT('2D SPACE',''
  ) );
#2292 = PCURVE('',#1990,#2293);
#2293 = DEFINITIONAL_REPRESENTATION('',(#2294),#2298);
#2294 = LINE('',#2295,#2296);
#2295 = CARTESIAN_POINT('',(0.,-0.8));
#2296 = VECTOR('',#2297,1.);
#2297 = DIRECTION('',(1.,-0.));
#2298 = ( GEOMETRIC_REPRESENTATION_CONTEXT(2) 
PARAMETRIC_REPRESENTATION_CONTEXT() REPRESENTATION_CONTEXT('2D SPACE',''
  ) );
#2299 = FACE_BOUND('',#2300,.T.);
#2300 = EDGE_LOOP('',(#2301,#2336,#2358,#2384));
#2301 = ORIENTED_EDGE('',*,*,#2302,.T.);
#2302 = EDGE_CURVE('',#2303,#2305,#2307,.T.);
#2303 = VERTEX_POINT('',#2304);
#2304 = CARTESIAN_POINT('',(-6.4,-10.5,96.472283192177));
#2305 = VERTEX_POINT('',#2306);
#2306 = CARTESIAN_POINT('',(6.4,-10.5,96.472283192177));
#2307 = SURFACE_CURVE('',#2308,(#2313,#2324),.PCURVE_S1.);
#2308 = CIRCLE('',#2309,9.);
#2309 = AXIS2_PLACEMENT_3D('',#2310,#2311,#2312);
#2310 = CARTESIAN_POINT('',(0.,-10.5,102.8));
#2311 = DIRECTION('',(0.,1.,0.));
#2312 = DIRECTION('',(-0.711111111111,0.,-0.703079645314));
#2313 = PCURVE('',#1491,#2314);
#2314 = DEFINITIONAL_REPRESENTATION('',(#2315),#2323);
#2315 = ( BOUNDED_CURVE() B_SPLINE_CURVE(2,(#2316,#2317,#2318,#2319,
#2320,#2321,#2322),.UNSPECIFIED.,.T.,.F.) B_SPLINE_CURVE_WITH_KNOTS((1,2
    ,2,2,2,1),(-2.094395102393,0.,2.094395102393,4.188790204786,
6.28318530718,8.377580409573),.UNSPECIFIED.) CURVE() 
GEOMETRIC_REPRESENTATION_ITEM() RATIONAL_B_SPLINE_CURVE((1.,0.5,1.,0.5,
1.,0.5,1.)) REPRESENTATION_ITEM('') );
#2316 = CARTESIAN_POINT('',(-6.4,5.922283192177));
#2317 = CARTESIAN_POINT('',(-17.35992700705,17.007408360618));
#2318 = CARTESIAN_POINT('',(-2.279963503528,20.956420988132));
#2319 = CARTESIAN_POINT('',(12.8,24.905433615645));
#2320 = CARTESIAN_POINT('',(8.679963503528,9.871295819691));
#2321 = CARTESIAN_POINT('',(4.559927007056,-5.162841976263));
#2322 = CARTESIAN_POINT('',(-6.4,5.922283192177));
#2323 = ( GEOMETRIC_REPRESENTATION_CONTEXT(2) 
PARAMETRIC_REPRESENTATION_CONTEXT() REPRESENTATION_CONTEXT('2D SPACE',''
  ) );
#2324 = PCURVE('',#2325,#2330);
#2325 = CYLINDRICAL_SURFACE('',#2326,9.);
#2326 = AXIS2_PLACEMENT_3D('',#2327,#2328,#2329);
#2327 = CARTESIAN_POINT('',(0.,-10.,102.8));
#2328 = DIRECTION('',(-0.,1.,-0.));
#2329 = DIRECTION('',(1.,0.,0.));
#2330 = DEFINITIONAL_REPRESENTATION('',(#2331),#2335);
#2331 = LINE('',#2332,#2333);
#2332 = CARTESIAN_POINT('',(-10.20449698971,-0.5));
#2333 = VECTOR('',#2334,1.);
#2334 = DIRECTION('',(1.,-0.));
#2335 = ( GEOMETRIC_REPRESENTATION_CONTEXT(2) 
PARAMETRIC_REPRESENTATION_CONTEXT() REPRESENTATION_CONTEXT('2D SPACE',''
  ) );
#2336 = ORIENTED_EDGE('',*,*,#2337,.F.);
#2337 = EDGE_CURVE('',#2338,#2305,#2340,.T.);
#2338 = VERTEX_POINT('',#2339);
#2339 = CARTESIAN_POINT('',(6.4,-10.5,85.8));
#2340 = SURFACE_CURVE('',#2341,(#2345,#2351),.PCURVE_S1.);
#2341 = LINE('',#2342,#2343);
#2342 = CARTESIAN_POINT('',(6.4,-10.5,88.175));
#2343 = VECTOR('',#2344,1.);
#2344 = DIRECTION('',(-0.,1.110223024625E-16,1.));
#2345 = PCURVE('',#1491,#2346);
#2346 = DEFINITIONAL_REPRESENTATION('',(#2347),#2350);
#2347 = B_SPLINE_CURVE_WITH_KNOTS('',1,(#2348,#2349),.UNSPECIFIED.,.F.,
  .F.,(2,2),(-2.375,20.825),.PIECEWISE_BEZIER_KNOTS.);
#2348 = CARTESIAN_POINT('',(6.4,-4.75));
#2349 = CARTESIAN_POINT('',(6.4,18.45));
#2350 = ( GEOMETRIC_REPRESENTATION_CONTEXT(2) 
PARAMETRIC_REPRESENTATION_CONTEXT() REPRESENTATION_CONTEXT('2D SPACE',''
  ) );
#2351 = PCURVE('',#1848,#2352);
#2352 = DEFINITIONAL_REPRESENTATION('',(#2353),#2357);
#2353 = LINE('',#2354,#2355);
#2354 = CARTESIAN_POINT('',(7.425,3.9));
#2355 = VECTOR('',#2356,1.);
#2356 = DIRECTION('',(1.,-1.110223024625E-16));
#2357 = ( GEOMETRIC_REPRESENTATION_CONTEXT(2) 
PARAMETRIC_REPRESENTATION_CONTEXT() REPRESENTATION_CONTEXT('2D SPACE',''
  ) );
#2358 = ORIENTED_EDGE('',*,*,#2359,.T.);
#2359 = EDGE_CURVE('',#2338,#2360,#2362,.T.);
#2360 = VERTEX_POINT('',#2361);
#2361 = CARTESIAN_POINT('',(-6.4,-10.5,85.8));
#2362 = SURFACE_CURVE('',#2363,(#2367,#2373),.PCURVE_S1.);
#2363 = LINE('',#2364,#2365);
#2364 = CARTESIAN_POINT('',(-3.2,-10.5,85.8));
#2365 = VECTOR('',#2366,1.);
#2366 = DIRECTION('',(-1.,0.,0.));
#2367 = PCURVE('',#1491,#2368);
#2368 = DEFINITIONAL_REPRESENTATION('',(#2369),#2372);
#2369 = B_SPLINE_CURVE_WITH_KNOTS('',1,(#2370,#2371),.UNSPECIFIED.,.F.,
  .F.,(2,2),(-9.6,3.2),.PIECEWISE_BEZIER_KNOTS.);
#2370 = CARTESIAN_POINT('',(6.4,-4.75));
#2371 = CARTESIAN_POINT('',(-6.4,-4.75));
#2372 = ( GEOMETRIC_REPRESENTATION_CONTEXT(2) 
PARAMETRIC_REPRESENTATION_CONTEXT() REPRESENTATION_CONTEXT('2D SPACE',''
  ) );
#2373 = PCURVE('',#2374,#2379);
#2374 = PLANE('',#2375);
#2375 = AXIS2_PLACEMENT_3D('',#2376,#2377,#2378);
#2376 = CARTESIAN_POINT('',(-6.4,-20.5,85.8));
#2377 = DIRECTION('',(0.,0.,1.));
#2378 = DIRECTION('',(1.,0.,0.));
#2379 = DEFINITIONAL_REPRESENTATION('',(#2380),#2383);
#2380 = B_SPLINE_CURVE_WITH_KNOTS('',1,(#2381,#2382),.UNSPECIFIED.,.F.,
  .F.,(2,2),(-9.6,3.2),.PIECEWISE_BEZIER_KNOTS.);
#2381 = CARTESIAN_POINT('',(12.8,10.));
#2382 = CARTESIAN_POINT('',(0.,10.));
#2383 = ( GEOMETRIC_REPRESENTATION_CONTEXT(2) 
PARAMETRIC_REPRESENTATION_CONTEXT() REPRESENTATION_CONTEXT('2D SPACE',''
  ) );
#2384 = ORIENTED_EDGE('',*,*,#2385,.T.);
#2385 = EDGE_CURVE('',#2360,#2303,#2386,.T.);
#2386 = SURFACE_CURVE('',#2387,(#2391,#2397),.PCURVE_S1.);
#2387 = LINE('',#2388,#2389);
#2388 = CARTESIAN_POINT('',(-6.4,-10.5,88.175));
#2389 = VECTOR('',#2390,1.);
#2390 = DIRECTION('',(-0.,1.110223024625E-16,1.));
#2391 = PCURVE('',#1491,#2392);
#2392 = DEFINITIONAL_REPRESENTATION('',(#2393),#2396);
#2393 = B_SPLINE_CURVE_WITH_KNOTS('',1,(#2394,#2395),.UNSPECIFIED.,.F.,
  .F.,(2,2),(-2.375,20.825),.PIECEWISE_BEZIER_KNOTS.);
#2394 = CARTESIAN_POINT('',(-6.4,-4.75));
#2395 = CARTESIAN_POINT('',(-6.4,18.45));
#2396 = ( GEOMETRIC_REPRESENTATION_CONTEXT(2) 
PARAMETRIC_REPRESENTATION_CONTEXT() REPRESENTATION_CONTEXT('2D SPACE',''
  ) );
#2397 = PCURVE('',#1792,#2398);
#2398 = DEFINITIONAL_REPRESENTATION('',(#2399),#2403);
#2399 = LINE('',#2400,#2401);
#2400 = CARTESIAN_POINT('',(7.425,3.9));
#2401 = VECTOR('',#2402,1.);
#2402 = DIRECTION('',(1.,-1.110223024625E-16));
#2403 = ( GEOMETRIC_REPRESENTATION_CONTEXT(2) 
PARAMETRIC_REPRESENTATION_CONTEXT() REPRESENTATION_CONTEXT('2D SPACE',''
  ) );
#2404 = ADVANCED_FACE('',(#2405),#1465,.F.);
#2405 = FACE_BOUND('',#2406,.F.);
#2406 = EDGE_LOOP('',(#2407,#2428,#2429,#2430));
#2407 = ORIENTED_EDGE('',*,*,#2408,.F.);
#2408 = EDGE_CURVE('',#1508,#2252,#2409,.T.);
#2409 = SURFACE_CURVE('',#2410,(#2414,#2421),.PCURVE_S1.);
#2410 = LINE('',#2411,#2412);
#2411 = CARTESIAN_POINT('',(15.,-9.7,102.8));
#2412 = VECTOR('',#2413,1.);
#2413 = DIRECTION('',(-0.707106781187,-0.707106781187,-8.09098268936E-18
    ));
#2414 = PCURVE('',#1465,#2415);
#2415 = DEFINITIONAL_REPRESENTATION('',(#2416),#2420);
#2416 = LINE('',#2417,#2418);
#2417 = CARTESIAN_POINT('',(-4.440892098501E-17,-0.565685424949));
#2418 = VECTOR('',#2419,1.);
#2419 = DIRECTION('',(8.659560562355E-17,1.));
#2420 = ( GEOMETRIC_REPRESENTATION_CONTEXT(2) 
PARAMETRIC_REPRESENTATION_CONTEXT() REPRESENTATION_CONTEXT('2D SPACE',''
  ) );
#2421 = PCURVE('',#1990,#2422);
#2422 = DEFINITIONAL_REPRESENTATION('',(#2423),#2427);
#2423 = LINE('',#2424,#2425);
#2424 = CARTESIAN_POINT('',(3.14159265359,-0.));
#2425 = VECTOR('',#2426,1.);
#2426 = DIRECTION('',(0.,-1.));
#2427 = ( GEOMETRIC_REPRESENTATION_CONTEXT(2) 
PARAMETRIC_REPRESENTATION_CONTEXT() REPRESENTATION_CONTEXT('2D SPACE',''
  ) );
#2428 = ORIENTED_EDGE('',*,*,#1507,.T.);
#2429 = ORIENTED_EDGE('',*,*,#1449,.T.);
#2430 = ORIENTED_EDGE('',*,*,#2251,.F.);
#2431 = ADVANCED_FACE('',(#2432),#1567,.T.);
#2432 = FACE_BOUND('',#2433,.T.);
#2433 = EDGE_LOOP('',(#2434,#2457,#2458,#2459));
#2434 = ORIENTED_EDGE('',*,*,#2435,.F.);
#2435 = EDGE_CURVE('',#1531,#2436,#2438,.T.);
#2436 = VERTEX_POINT('',#2437);
#2437 = CARTESIAN_POINT('',(14.2,12.,102.8));
#2438 = SURFACE_CURVE('',#2439,(#2443,#2450),.PCURVE_S1.);
#2439 = LINE('',#2440,#2441);
#2440 = CARTESIAN_POINT('',(15.,11.2,102.8));
#2441 = VECTOR('',#2442,1.);
#2442 = DIRECTION('',(-0.707106781187,0.707106781187,-1.651002285577E-16
    ));
#2443 = PCURVE('',#1567,#2444);
#2444 = DEFINITIONAL_REPRESENTATION('',(#2445),#2449);
#2445 = LINE('',#2446,#2447);
#2446 = CARTESIAN_POINT('',(4.440892098501E-17,-0.565685424949));
#2447 = VECTOR('',#2448,1.);
#2448 = DIRECTION('',(8.659560562355E-17,1.));
#2449 = ( GEOMETRIC_REPRESENTATION_CONTEXT(2) 
PARAMETRIC_REPRESENTATION_CONTEXT() REPRESENTATION_CONTEXT('2D SPACE',''
  ) );
#2450 = PCURVE('',#1936,#2451);
#2451 = DEFINITIONAL_REPRESENTATION('',(#2452),#2456);
#2452 = LINE('',#2453,#2454);
#2453 = CARTESIAN_POINT('',(-3.14159265359,-0.));
#2454 = VECTOR('',#2455,1.);
#2455 = DIRECTION('',(-0.,-1.));
#2456 = ( GEOMETRIC_REPRESENTATION_CONTEXT(2) 
PARAMETRIC_REPRESENTATION_CONTEXT() REPRESENTATION_CONTEXT('2D SPACE',''
  ) );
#2457 = ORIENTED_EDGE('',*,*,#1553,.T.);
#2458 = ORIENTED_EDGE('',*,*,#1606,.T.);
#2459 = ORIENTED_EDGE('',*,*,#2460,.F.);
#2460 = EDGE_CURVE('',#2436,#1607,#2461,.T.);
#2461 = SURFACE_CURVE('',#2462,(#2466,#2473),.PCURVE_S1.);
#2462 = LINE('',#2463,#2464);
#2463 = CARTESIAN_POINT('',(14.2,12.,102.8));
#2464 = VECTOR('',#2465,1.);
#2465 = DIRECTION('',(-0.,-1.110223024625E-16,-1.));
#2466 = PCURVE('',#1567,#2467);
#2467 = DEFINITIONAL_REPRESENTATION('',(#2468),#2472);
#2468 = LINE('',#2469,#2470);
#2469 = CARTESIAN_POINT('',(-4.440892098501E-17,0.565685424949));
#2470 = VECTOR('',#2471,1.);
#2471 = DIRECTION('',(1.,0.));
#2472 = ( GEOMETRIC_REPRESENTATION_CONTEXT(2) 
PARAMETRIC_REPRESENTATION_CONTEXT() REPRESENTATION_CONTEXT('2D SPACE',''
  ) );
#2473 = PCURVE('',#1643,#2474);
#2474 = DEFINITIONAL_REPRESENTATION('',(#2475),#2479);
#2475 = LINE('',#2476,#2477);
#2476 = CARTESIAN_POINT('',(14.2,12.25));
#2477 = VECTOR('',#2478,1.);
#2478 = DIRECTION('',(-0.,-1.));
#2479 = ( GEOMETRIC_REPRESENTATION_CONTEXT(2) 
PARAMETRIC_REPRESENTATION_CONTEXT() REPRESENTATION_CONTEXT('2D SPACE',''
  ) );
#2480 = ADVANCED_FACE('',(#2481,#2512,#2547,#2582),#1643,.F.);
#2481 = FACE_BOUND('',#2482,.F.);
#2482 = EDGE_LOOP('',(#2483,#2484,#2485,#2486));
#2483 = ORIENTED_EDGE('',*,*,#1948,.F.);
#2484 = ORIENTED_EDGE('',*,*,#1629,.T.);
#2485 = ORIENTED_EDGE('',*,*,#2460,.F.);
#2486 = ORIENTED_EDGE('',*,*,#2487,.F.);
#2487 = EDGE_CURVE('',#1921,#2436,#2488,.T.);
#2488 = SURFACE_CURVE('',#2489,(#2494,#2505),.PCURVE_S1.);
#2489 = CIRCLE('',#2490,14.2);
#2490 = AXIS2_PLACEMENT_3D('',#2491,#2492,#2493);
#2491 = CARTESIAN_POINT('',(0.,12.,102.8));
#2492 = DIRECTION('',(0.,1.,-1.110223024625E-16));
#2493 = DIRECTION('',(-1.,0.,0.));
#2494 = PCURVE('',#1643,#2495);
#2495 = DEFINITIONAL_REPRESENTATION('',(#2496),#2504);
#2496 = ( BOUNDED_CURVE() B_SPLINE_CURVE(2,(#2497,#2498,#2499,#2500,
#2501,#2502,#2503),.UNSPECIFIED.,.T.,.F.) B_SPLINE_CURVE_WITH_KNOTS((1,2
    ,2,2,2,1),(-2.094395102393,0.,2.094395102393,4.188790204786,
6.28318530718,8.377580409573),.UNSPECIFIED.) CURVE() 
GEOMETRIC_REPRESENTATION_ITEM() RATIONAL_B_SPLINE_CURVE((1.,0.5,1.,0.5,
1.,0.5,1.)) REPRESENTATION_ITEM('') );
#2497 = CARTESIAN_POINT('',(-14.2,12.25));
#2498 = CARTESIAN_POINT('',(-14.2,36.845121467478));
#2499 = CARTESIAN_POINT('',(7.1,24.547560733739));
#2500 = CARTESIAN_POINT('',(28.4,12.25));
#2501 = CARTESIAN_POINT('',(7.1,-4.756073373902E-02));
#2502 = CARTESIAN_POINT('',(-14.2,-12.34512146747));
#2503 = CARTESIAN_POINT('',(-14.2,12.25));
#2504 = ( GEOMETRIC_REPRESENTATION_CONTEXT(2) 
PARAMETRIC_REPRESENTATION_CONTEXT() REPRESENTATION_CONTEXT('2D SPACE',''
  ) );
#2505 = PCURVE('',#1936,#2506);
#2506 = DEFINITIONAL_REPRESENTATION('',(#2507),#2511);
#2507 = LINE('',#2508,#2509);
#2508 = CARTESIAN_POINT('',(-0.,-0.8));
#2509 = VECTOR('',#2510,1.);
#2510 = DIRECTION('',(-1.,-0.));
#2511 = ( GEOMETRIC_REPRESENTATION_CONTEXT(2) 
PARAMETRIC_REPRESENTATION_CONTEXT() REPRESENTATION_CONTEXT('2D SPACE',''
  ) );
#2512 = FACE_BOUND('',#2513,.F.);
#2513 = EDGE_LOOP('',(#2514));
#2514 = ORIENTED_EDGE('',*,*,#2515,.T.);
#2515 = EDGE_CURVE('',#2516,#2516,#2518,.T.);
#2516 = VERTEX_POINT('',#2517);
#2517 = CARTESIAN_POINT('',(-9.7,12.,88.8));
#2518 = SURFACE_CURVE('',#2519,(#2524,#2535),.PCURVE_S1.);
#2519 = CIRCLE('',#2520,1.3);
#2520 = AXIS2_PLACEMENT_3D('',#2521,#2522,#2523);
#2521 = CARTESIAN_POINT('',(-11.,12.,88.8));
#2522 = DIRECTION('',(-0.,1.,0.));
#2523 = DIRECTION('',(1.,0.,0.));
#2524 = PCURVE('',#1643,#2525);
#2525 = DEFINITIONAL_REPRESENTATION('',(#2526),#2534);
#2526 = ( BOUNDED_CURVE() B_SPLINE_CURVE(2,(#2527,#2528,#2529,#2530,
#2531,#2532,#2533),.UNSPECIFIED.,.T.,.F.) B_SPLINE_CURVE_WITH_KNOTS((1,2
    ,2,2,2,1),(-2.094395102393,0.,2.094395102393,4.188790204786,
6.28318530718,8.377580409573),.UNSPECIFIED.) CURVE() 
GEOMETRIC_REPRESENTATION_ITEM() RATIONAL_B_SPLINE_CURVE((1.,0.5,1.,0.5,
1.,0.5,1.)) REPRESENTATION_ITEM('') );
#2527 = CARTESIAN_POINT('',(-9.7,-1.75));
#2528 = CARTESIAN_POINT('',(-9.7,-4.00166604984));
#2529 = CARTESIAN_POINT('',(-11.65,-2.87583302492));
#2530 = CARTESIAN_POINT('',(-13.6,-1.75));
#2531 = CARTESIAN_POINT('',(-11.65,-0.62416697508));
#2532 = CARTESIAN_POINT('',(-9.7,0.50166604984));
#2533 = CARTESIAN_POINT('',(-9.7,-1.75));
#2534 = ( GEOMETRIC_REPRESENTATION_CONTEXT(2) 
PARAMETRIC_REPRESENTATION_CONTEXT() REPRESENTATION_CONTEXT('2D SPACE',''
  ) );
#2535 = PCURVE('',#2536,#2541);
#2536 = CYLINDRICAL_SURFACE('',#2537,1.3);
#2537 = AXIS2_PLACEMENT_3D('',#2538,#2539,#2540);
#2538 = CARTESIAN_POINT('',(-11.,13.,88.8));
#2539 = DIRECTION('',(-0.,1.,-0.));
#2540 = DIRECTION('',(1.,0.,0.));
#2541 = DEFINITIONAL_REPRESENTATION('',(#2542),#2546);
#2542 = LINE('',#2543,#2544);
#2543 = CARTESIAN_POINT('',(-6.28318530718,-1.));
#2544 = VECTOR('',#2545,1.);
#2545 = DIRECTION('',(1.,-0.));
#2546 = ( GEOMETRIC_REPRESENTATION_CONTEXT(2) 
PARAMETRIC_REPRESENTATION_CONTEXT() REPRESENTATION_CONTEXT('2D SPACE',''
  ) );
#2547 = FACE_BOUND('',#2548,.F.);
#2548 = EDGE_LOOP('',(#2549));
#2549 = ORIENTED_EDGE('',*,*,#2550,.T.);
#2550 = EDGE_CURVE('',#2551,#2551,#2553,.T.);
#2551 = VERTEX_POINT('',#2552);
#2552 = CARTESIAN_POINT('',(12.3,12.,88.8));
#2553 = SURFACE_CURVE('',#2554,(#2559,#2570),.PCURVE_S1.);
#2554 = CIRCLE('',#2555,1.3);
#2555 = AXIS2_PLACEMENT_3D('',#2556,#2557,#2558);
#2556 = CARTESIAN_POINT('',(11.,12.,88.8));
#2557 = DIRECTION('',(-0.,1.,0.));
#2558 = DIRECTION('',(1.,0.,0.));
#2559 = PCURVE('',#1643,#2560);
#2560 = DEFINITIONAL_REPRESENTATION('',(#2561),#2569);
#2561 = ( BOUNDED_CURVE() B_SPLINE_CURVE(2,(#2562,#2563,#2564,#2565,
#2566,#2567,#2568),.UNSPECIFIED.,.T.,.F.) B_SPLINE_CURVE_WITH_KNOTS((1,2
    ,2,2,2,1),(-2.094395102393,0.,2.094395102393,4.188790204786,
6.28318530718,8.377580409573),.UNSPECIFIED.) CURVE() 
GEOMETRIC_REPRESENTATION_ITEM() RATIONAL_B_SPLINE_CURVE((1.,0.5,1.,0.5,
1.,0.5,1.)) REPRESENTATION_ITEM('') );
#2562 = CARTESIAN_POINT('',(12.3,-1.75));
#2563 = CARTESIAN_POINT('',(12.3,-4.00166604984));
#2564 = CARTESIAN_POINT('',(10.35,-2.87583302492));
#2565 = CARTESIAN_POINT('',(8.4,-1.75));
#2566 = CARTESIAN_POINT('',(10.35,-0.62416697508));
#2567 = CARTESIAN_POINT('',(12.3,0.50166604984));
#2568 = CARTESIAN_POINT('',(12.3,-1.75));
#2569 = ( GEOMETRIC_REPRESENTATION_CONTEXT(2) 
PARAMETRIC_REPRESENTATION_CONTEXT() REPRESENTATION_CONTEXT('2D SPACE',''
  ) );
#2570 = PCURVE('',#2571,#2576);
#2571 = CYLINDRICAL_SURFACE('',#2572,1.3);
#2572 = AXIS2_PLACEMENT_3D('',#2573,#2574,#2575);
#2573 = CARTESIAN_POINT('',(11.,13.,88.8));
#2574 = DIRECTION('',(-0.,1.,-0.));
#2575 = DIRECTION('',(1.,0.,0.));
#2576 = DEFINITIONAL_REPRESENTATION('',(#2577),#2581);
#2577 = LINE('',#2578,#2579);
#2578 = CARTESIAN_POINT('',(-6.28318530718,-1.));
#2579 = VECTOR('',#2580,1.);
#2580 = DIRECTION('',(1.,-0.));
#2581 = ( GEOMETRIC_REPRESENTATION_CONTEXT(2) 
PARAMETRIC_REPRESENTATION_CONTEXT() REPRESENTATION_CONTEXT('2D SPACE',''
  ) );
#2582 = FACE_BOUND('',#2583,.F.);
#2583 = EDGE_LOOP('',(#2584,#2585,#2608,#2634));
#2584 = ORIENTED_EDGE('',*,*,#1860,.T.);
#2585 = ORIENTED_EDGE('',*,*,#2586,.F.);
#2586 = EDGE_CURVE('',#2587,#1777,#2589,.T.);
#2587 = VERTEX_POINT('',#2588);
#2588 = CARTESIAN_POINT('',(-6.4,12.,114.05));
#2589 = SURFACE_CURVE('',#2590,(#2594,#2601),.PCURVE_S1.);
#2590 = LINE('',#2591,#2592);
#2591 = CARTESIAN_POINT('',(-6.4,12.,114.05));
#2592 = VECTOR('',#2593,1.);
#2593 = DIRECTION('',(0.,-2.13376196925E-16,-1.));
#2594 = PCURVE('',#1643,#2595);
#2595 = DEFINITIONAL_REPRESENTATION('',(#2596),#2600);
#2596 = LINE('',#2597,#2598);
#2597 = CARTESIAN_POINT('',(-6.4,23.5));
#2598 = VECTOR('',#2599,1.);
#2599 = DIRECTION('',(0.,-1.));
#2600 = ( GEOMETRIC_REPRESENTATION_CONTEXT(2) 
PARAMETRIC_REPRESENTATION_CONTEXT() REPRESENTATION_CONTEXT('2D SPACE',''
  ) );
#2601 = PCURVE('',#1792,#2602);
#2602 = DEFINITIONAL_REPRESENTATION('',(#2603),#2607);
#2603 = LINE('',#2604,#2605);
#2604 = CARTESIAN_POINT('',(33.3,-18.6));
#2605 = VECTOR('',#2606,1.);
#2606 = DIRECTION('',(-1.,2.13376196925E-16));
#2607 = ( GEOMETRIC_REPRESENTATION_CONTEXT(2) 
PARAMETRIC_REPRESENTATION_CONTEXT() REPRESENTATION_CONTEXT('2D SPACE',''
  ) );
#2608 = ORIENTED_EDGE('',*,*,#2609,.F.);
#2609 = EDGE_CURVE('',#2610,#2587,#2612,.T.);
#2610 = VERTEX_POINT('',#2611);
#2611 = CARTESIAN_POINT('',(6.4,12.,114.05));
#2612 = SURFACE_CURVE('',#2613,(#2617,#2623),.PCURVE_S1.);
#2613 = LINE('',#2614,#2615);
#2614 = CARTESIAN_POINT('',(-3.2,12.,114.05));
#2615 = VECTOR('',#2616,1.);
#2616 = DIRECTION('',(-1.,0.,0.));
#2617 = PCURVE('',#1643,#2618);
#2618 = DEFINITIONAL_REPRESENTATION('',(#2619),#2622);
#2619 = B_SPLINE_CURVE_WITH_KNOTS('',1,(#2620,#2621),.UNSPECIFIED.,.F.,
  .F.,(2,2),(-9.6,3.2),.PIECEWISE_BEZIER_KNOTS.);
#2620 = CARTESIAN_POINT('',(6.4,23.5));
#2621 = CARTESIAN_POINT('',(-6.4,23.5));
#2622 = ( GEOMETRIC_REPRESENTATION_CONTEXT(2) 
PARAMETRIC_REPRESENTATION_CONTEXT() REPRESENTATION_CONTEXT('2D SPACE',''
  ) );
#2623 = PCURVE('',#2624,#2629);
#2624 = PLANE('',#2625);
#2625 = AXIS2_PLACEMENT_3D('',#2626,#2627,#2628);
#2626 = CARTESIAN_POINT('',(-6.4,-6.6,114.05));
#2627 = DIRECTION('',(0.,0.,1.));
#2628 = DIRECTION('',(1.,0.,0.));
#2629 = DEFINITIONAL_REPRESENTATION('',(#2630),#2633);
#2630 = B_SPLINE_CURVE_WITH_KNOTS('',1,(#2631,#2632),.UNSPECIFIED.,.F.,
  .F.,(2,2),(-9.6,3.2),.PIECEWISE_BEZIER_KNOTS.);
#2631 = CARTESIAN_POINT('',(12.8,18.6));
#2632 = CARTESIAN_POINT('',(0.,18.6));
#2633 = ( GEOMETRIC_REPRESENTATION_CONTEXT(2) 
PARAMETRIC_REPRESENTATION_CONTEXT() REPRESENTATION_CONTEXT('2D SPACE',''
  ) );
#2634 = ORIENTED_EDGE('',*,*,#2635,.F.);
#2635 = EDGE_CURVE('',#1833,#2610,#2636,.T.);
#2636 = SURFACE_CURVE('',#2637,(#2641,#2648),.PCURVE_S1.);
#2637 = LINE('',#2638,#2639);
#2638 = CARTESIAN_POINT('',(6.4,12.,80.75));
#2639 = VECTOR('',#2640,1.);
#2640 = DIRECTION('',(0.,2.13376196925E-16,1.));
#2641 = PCURVE('',#1643,#2642);
#2642 = DEFINITIONAL_REPRESENTATION('',(#2643),#2647);
#2643 = LINE('',#2644,#2645);
#2644 = CARTESIAN_POINT('',(6.4,-9.8));
#2645 = VECTOR('',#2646,1.);
#2646 = DIRECTION('',(0.,1.));
#2647 = ( GEOMETRIC_REPRESENTATION_CONTEXT(2) 
PARAMETRIC_REPRESENTATION_CONTEXT() REPRESENTATION_CONTEXT('2D SPACE',''
  ) );
#2648 = PCURVE('',#1848,#2649);
#2649 = DEFINITIONAL_REPRESENTATION('',(#2650),#2654);
#2650 = LINE('',#2651,#2652);
#2651 = CARTESIAN_POINT('',(0.,-18.6));
#2652 = VECTOR('',#2653,1.);
#2653 = DIRECTION('',(1.,-2.13376196925E-16));
#2654 = ( GEOMETRIC_REPRESENTATION_CONTEXT(2) 
PARAMETRIC_REPRESENTATION_CONTEXT() REPRESENTATION_CONTEXT('2D SPACE',''
  ) );
#2655 = ADVANCED_FACE('',(#2656),#1682,.F.);
#2656 = FACE_BOUND('',#2657,.T.);
#2657 = EDGE_LOOP('',(#2658,#2659,#2682,#2709));
#2658 = ORIENTED_EDGE('',*,*,#1665,.T.);
#2659 = ORIENTED_EDGE('',*,*,#2660,.T.);
#2660 = EDGE_CURVE('',#1666,#2661,#2663,.T.);
#2661 = VERTEX_POINT('',#2662);
#2662 = CARTESIAN_POINT('',(13.25,0.,75.3));
#2663 = SEAM_CURVE('',#2664,(#2668,#2675),.PCURVE_S1.);
#2664 = LINE('',#2665,#2666);
#2665 = CARTESIAN_POINT('',(13.25,0.,70.3));
#2666 = VECTOR('',#2667,1.);
#2667 = DIRECTION('',(0.,0.,1.));
#2668 = PCURVE('',#1682,#2669);
#2669 = DEFINITIONAL_REPRESENTATION('',(#2670),#2674);
#2670 = LINE('',#2671,#2672);
#2671 = CARTESIAN_POINT('',(-6.28318530718,0.));
#2672 = VECTOR('',#2673,1.);
#2673 = DIRECTION('',(-0.,-1.));
#2674 = ( GEOMETRIC_REPRESENTATION_CONTEXT(2) 
PARAMETRIC_REPRESENTATION_CONTEXT() REPRESENTATION_CONTEXT('2D SPACE',''
  ) );
#2675 = PCURVE('',#1682,#2676);
#2676 = DEFINITIONAL_REPRESENTATION('',(#2677),#2681);
#2677 = LINE('',#2678,#2679);
#2678 = CARTESIAN_POINT('',(-0.,0.));
#2679 = VECTOR('',#2680,1.);
#2680 = DIRECTION('',(-0.,-1.));
#2681 = ( GEOMETRIC_REPRESENTATION_CONTEXT(2) 
PARAMETRIC_REPRESENTATION_CONTEXT() REPRESENTATION_CONTEXT('2D SPACE',''
  ) );
#2682 = ORIENTED_EDGE('',*,*,#2683,.T.);
#2683 = EDGE_CURVE('',#2661,#2661,#2684,.T.);
#2684 = SURFACE_CURVE('',#2685,(#2690,#2697),.PCURVE_S1.);
#2685 = CIRCLE('',#2686,0.75);
#2686 = AXIS2_PLACEMENT_3D('',#2687,#2688,#2689);
#2687 = CARTESIAN_POINT('',(12.5,0.,75.3));
#2688 = DIRECTION('',(0.,0.,1.));
#2689 = DIRECTION('',(1.,0.,0.));
#2690 = PCURVE('',#1682,#2691);
#2691 = DEFINITIONAL_REPRESENTATION('',(#2692),#2696);
#2692 = LINE('',#2693,#2694);
#2693 = CARTESIAN_POINT('',(-0.,-5.));
#2694 = VECTOR('',#2695,1.);
#2695 = DIRECTION('',(-1.,0.));
#2696 = ( GEOMETRIC_REPRESENTATION_CONTEXT(2) 
PARAMETRIC_REPRESENTATION_CONTEXT() REPRESENTATION_CONTEXT('2D SPACE',''
  ) );
#2697 = PCURVE('',#2698,#2703);
#2698 = PLANE('',#2699);
#2699 = AXIS2_PLACEMENT_3D('',#2700,#2701,#2702);
#2700 = CARTESIAN_POINT('',(12.5,5.484883830503E-17,75.3));
#2701 = DIRECTION('',(0.,0.,1.));
#2702 = DIRECTION('',(1.,0.,-0.));
#2703 = DEFINITIONAL_REPRESENTATION('',(#2704),#2708);
#2704 = CIRCLE('',#2705,0.75);
#2705 = AXIS2_PLACEMENT_2D('',#2706,#2707);
#2706 = CARTESIAN_POINT('',(1.7763568394E-15,-5.484883830503E-17));
#2707 = DIRECTION('',(1.,0.));
#2708 = ( GEOMETRIC_REPRESENTATION_CONTEXT(2) 
PARAMETRIC_REPRESENTATION_CONTEXT() REPRESENTATION_CONTEXT('2D SPACE',''
  ) );
#2709 = ORIENTED_EDGE('',*,*,#2660,.F.);
#2710 = ADVANCED_FACE('',(#2711),#1720,.F.);
#2711 = FACE_BOUND('',#2712,.T.);
#2712 = EDGE_LOOP('',(#2713,#2714,#2737,#2764));
#2713 = ORIENTED_EDGE('',*,*,#1703,.T.);
#2714 = ORIENTED_EDGE('',*,*,#2715,.T.);
#2715 = EDGE_CURVE('',#1704,#2716,#2718,.T.);
#2716 = VERTEX_POINT('',#2717);
#2717 = CARTESIAN_POINT('',(-11.75,0.,75.3));
#2718 = SEAM_CURVE('',#2719,(#2723,#2730),.PCURVE_S1.);
#2719 = LINE('',#2720,#2721);
#2720 = CARTESIAN_POINT('',(-11.75,0.,70.3));
#2721 = VECTOR('',#2722,1.);
#2722 = DIRECTION('',(0.,0.,1.));
#2723 = PCURVE('',#1720,#2724);
#2724 = DEFINITIONAL_REPRESENTATION('',(#2725),#2729);
#2725 = LINE('',#2726,#2727);
#2726 = CARTESIAN_POINT('',(-6.28318530718,0.));
#2727 = VECTOR('',#2728,1.);
#2728 = DIRECTION('',(-0.,-1.));
#2729 = ( GEOMETRIC_REPRESENTATION_CONTEXT(2) 
PARAMETRIC_REPRESENTATION_CONTEXT() REPRESENTATION_CONTEXT('2D SPACE',''
  ) );
#2730 = PCURVE('',#1720,#2731);
#2731 = DEFINITIONAL_REPRESENTATION('',(#2732),#2736);
#2732 = LINE('',#2733,#2734);
#2733 = CARTESIAN_POINT('',(-0.,0.));
#2734 = VECTOR('',#2735,1.);
#2735 = DIRECTION('',(-0.,-1.));
#2736 = ( GEOMETRIC_REPRESENTATION_CONTEXT(2) 
PARAMETRIC_REPRESENTATION_CONTEXT() REPRESENTATION_CONTEXT('2D SPACE',''
  ) );
#2737 = ORIENTED_EDGE('',*,*,#2738,.T.);
#2738 = EDGE_CURVE('',#2716,#2716,#2739,.T.);
#2739 = SURFACE_CURVE('',#2740,(#2745,#2752),.PCURVE_S1.);
#2740 = CIRCLE('',#2741,0.75);
#2741 = AXIS2_PLACEMENT_3D('',#2742,#2743,#2744);
#2742 = CARTESIAN_POINT('',(-12.5,0.,75.3));
#2743 = DIRECTION('',(0.,0.,1.));
#2744 = DIRECTION('',(1.,0.,0.));
#2745 = PCURVE('',#1720,#2746);
#2746 = DEFINITIONAL_REPRESENTATION('',(#2747),#2751);
#2747 = LINE('',#2748,#2749);
#2748 = CARTESIAN_POINT('',(-0.,-5.));
#2749 = VECTOR('',#2750,1.);
#2750 = DIRECTION('',(-1.,0.));
#2751 = ( GEOMETRIC_REPRESENTATION_CONTEXT(2) 
PARAMETRIC_REPRESENTATION_CONTEXT() REPRESENTATION_CONTEXT('2D SPACE',''
  ) );
#2752 = PCURVE('',#2753,#2758);
#2753 = PLANE('',#2754);
#2754 = AXIS2_PLACEMENT_3D('',#2755,#2756,#2757);
#2755 = CARTESIAN_POINT('',(-12.5,5.484883830503E-17,75.3));
#2756 = DIRECTION('',(0.,0.,1.));
#2757 = DIRECTION('',(1.,0.,-0.));
#2758 = DEFINITIONAL_REPRESENTATION('',(#2759),#2763);
#2759 = CIRCLE('',#2760,0.75);
#2760 = AXIS2_PLACEMENT_2D('',#2761,#2762);
#2761 = CARTESIAN_POINT('',(-1.7763568394E-15,-5.484883830503E-17));
#2762 = DIRECTION('',(1.,0.));
#2763 = ( GEOMETRIC_REPRESENTATION_CONTEXT(2) 
PARAMETRIC_REPRESENTATION_CONTEXT() REPRESENTATION_CONTEXT('2D SPACE',''
  ) );
#2764 = ORIENTED_EDGE('',*,*,#2715,.F.);
#2765 = ADVANCED_FACE('',(#2766),#1759,.F.);
#2766 = FACE_BOUND('',#2767,.T.);
#2767 = EDGE_LOOP('',(#2768,#2769,#2790,#2791));
#2768 = ORIENTED_EDGE('',*,*,#1738,.T.);
#2769 = ORIENTED_EDGE('',*,*,#2770,.T.);
#2770 = EDGE_CURVE('',#1739,#1882,#2771,.T.);
#2771 = SEAM_CURVE('',#2772,(#2776,#2783),.PCURVE_S1.);
#2772 = LINE('',#2773,#2774);
#2773 = CARTESIAN_POINT('',(2.1,0.,69.3));
#2774 = VECTOR('',#2775,1.);
#2775 = DIRECTION('',(0.,0.,1.));
#2776 = PCURVE('',#1759,#2777);
#2777 = DEFINITIONAL_REPRESENTATION('',(#2778),#2782);
#2778 = LINE('',#2779,#2780);
#2779 = CARTESIAN_POINT('',(-6.28318530718,0.));
#2780 = VECTOR('',#2781,1.);
#2781 = DIRECTION('',(-0.,-1.));
#2782 = ( GEOMETRIC_REPRESENTATION_CONTEXT(2) 
PARAMETRIC_REPRESENTATION_CONTEXT() REPRESENTATION_CONTEXT('2D SPACE',''
  ) );
#2783 = PCURVE('',#1759,#2784);
#2784 = DEFINITIONAL_REPRESENTATION('',(#2785),#2789);
#2785 = LINE('',#2786,#2787);
#2786 = CARTESIAN_POINT('',(-0.,0.));
#2787 = VECTOR('',#2788,1.);
#2788 = DIRECTION('',(-0.,-1.));
#2789 = ( GEOMETRIC_REPRESENTATION_CONTEXT(2) 
PARAMETRIC_REPRESENTATION_CONTEXT() REPRESENTATION_CONTEXT('2D SPACE',''
  ) );
#2790 = ORIENTED_EDGE('',*,*,#1881,.F.);
#2791 = ORIENTED_EDGE('',*,*,#2770,.F.);
#2792 = ADVANCED_FACE('',(#2793),#1792,.T.);
#2793 = FACE_BOUND('',#2794,.T.);
#2794 = EDGE_LOOP('',(#2795,#2796,#2819,#2847,#2875,#2907,#2934,#2961,
    #2981,#2982,#3005,#3026));
#2795 = ORIENTED_EDGE('',*,*,#2586,.F.);
#2796 = ORIENTED_EDGE('',*,*,#2797,.F.);
#2797 = EDGE_CURVE('',#2798,#2587,#2800,.T.);
#2798 = VERTEX_POINT('',#2799);
#2799 = CARTESIAN_POINT('',(-6.4,-6.6,114.05));
#2800 = SURFACE_CURVE('',#2801,(#2805,#2812),.PCURVE_S1.);
#2801 = LINE('',#2802,#2803);
#2802 = CARTESIAN_POINT('',(-6.4,-6.6,114.05));
#2803 = VECTOR('',#2804,1.);
#2804 = DIRECTION('',(0.,1.,0.));
#2805 = PCURVE('',#1792,#2806);
#2806 = DEFINITIONAL_REPRESENTATION('',(#2807),#2811);
#2807 = LINE('',#2808,#2809);
#2808 = CARTESIAN_POINT('',(33.3,0.));
#2809 = VECTOR('',#2810,1.);
#2810 = DIRECTION('',(0.,-1.));
#2811 = ( GEOMETRIC_REPRESENTATION_CONTEXT(2) 
PARAMETRIC_REPRESENTATION_CONTEXT() REPRESENTATION_CONTEXT('2D SPACE',''
  ) );
#2812 = PCURVE('',#2624,#2813);
#2813 = DEFINITIONAL_REPRESENTATION('',(#2814),#2818);
#2814 = LINE('',#2815,#2816);
#2815 = CARTESIAN_POINT('',(0.,0.));
#2816 = VECTOR('',#2817,1.);
#2817 = DIRECTION('',(0.,1.));
#2818 = ( GEOMETRIC_REPRESENTATION_CONTEXT(2) 
PARAMETRIC_REPRESENTATION_CONTEXT() REPRESENTATION_CONTEXT('2D SPACE',''
  ) );
#2819 = ORIENTED_EDGE('',*,*,#2820,.F.);
#2820 = EDGE_CURVE('',#2821,#2798,#2823,.T.);
#2821 = VERTEX_POINT('',#2822);
#2822 = CARTESIAN_POINT('',(-6.4,-6.6,109.));
#2823 = SURFACE_CURVE('',#2824,(#2828,#2835),.PCURVE_S1.);
#2824 = LINE('',#2825,#2826);
#2825 = CARTESIAN_POINT('',(-6.4,-6.6,80.75));
#2826 = VECTOR('',#2827,1.);
#2827 = DIRECTION('',(0.,0.,1.));
#2828 = PCURVE('',#1792,#2829);
#2829 = DEFINITIONAL_REPRESENTATION('',(#2830),#2834);
#2830 = LINE('',#2831,#2832);
#2831 = CARTESIAN_POINT('',(0.,0.));
#2832 = VECTOR('',#2833,1.);
#2833 = DIRECTION('',(1.,0.));
#2834 = ( GEOMETRIC_REPRESENTATION_CONTEXT(2) 
PARAMETRIC_REPRESENTATION_CONTEXT() REPRESENTATION_CONTEXT('2D SPACE',''
  ) );
#2835 = PCURVE('',#2836,#2841);
#2836 = PLANE('',#2837);
#2837 = AXIS2_PLACEMENT_3D('',#2838,#2839,#2840);
#2838 = CARTESIAN_POINT('',(-6.4,-6.6,80.75));
#2839 = DIRECTION('',(0.,1.,0.));
#2840 = DIRECTION('',(0.,0.,1.));
#2841 = DEFINITIONAL_REPRESENTATION('',(#2842),#2846);
#2842 = LINE('',#2843,#2844);
#2843 = CARTESIAN_POINT('',(0.,0.));
#2844 = VECTOR('',#2845,1.);
#2845 = DIRECTION('',(1.,0.));
#2846 = ( GEOMETRIC_REPRESENTATION_CONTEXT(2) 
PARAMETRIC_REPRESENTATION_CONTEXT() REPRESENTATION_CONTEXT('2D SPACE',''
  ) );
#2847 = ORIENTED_EDGE('',*,*,#2848,.F.);
#2848 = EDGE_CURVE('',#2849,#2821,#2851,.T.);
#2849 = VERTEX_POINT('',#2850);
#2850 = CARTESIAN_POINT('',(-6.4,-14.48933223602,109.));
#2851 = SURFACE_CURVE('',#2852,(#2856,#2863),.PCURVE_S1.);
#2852 = LINE('',#2853,#2854);
#2853 = CARTESIAN_POINT('',(-6.4,-20.5,109.));
#2854 = VECTOR('',#2855,1.);
#2855 = DIRECTION('',(0.,1.,0.));
#2856 = PCURVE('',#1792,#2857);
#2857 = DEFINITIONAL_REPRESENTATION('',(#2858),#2862);
#2858 = LINE('',#2859,#2860);
#2859 = CARTESIAN_POINT('',(28.25,13.9));
#2860 = VECTOR('',#2861,1.);
#2861 = DIRECTION('',(0.,-1.));
#2862 = ( GEOMETRIC_REPRESENTATION_CONTEXT(2) 
PARAMETRIC_REPRESENTATION_CONTEXT() REPRESENTATION_CONTEXT('2D SPACE',''
  ) );
#2863 = PCURVE('',#2864,#2869);
#2864 = PLANE('',#2865);
#2865 = AXIS2_PLACEMENT_3D('',#2866,#2867,#2868);
#2866 = CARTESIAN_POINT('',(-6.4,-20.5,109.));
#2867 = DIRECTION('',(0.,0.,1.));
#2868 = DIRECTION('',(1.,0.,0.));
#2869 = DEFINITIONAL_REPRESENTATION('',(#2870),#2874);
#2870 = LINE('',#2871,#2872);
#2871 = CARTESIAN_POINT('',(0.,0.));
#2872 = VECTOR('',#2873,1.);
#2873 = DIRECTION('',(0.,1.));
#2874 = ( GEOMETRIC_REPRESENTATION_CONTEXT(2) 
PARAMETRIC_REPRESENTATION_CONTEXT() REPRESENTATION_CONTEXT('2D SPACE',''
  ) );
#2875 = ORIENTED_EDGE('',*,*,#2876,.F.);
#2876 = EDGE_CURVE('',#2877,#2849,#2879,.T.);
#2877 = VERTEX_POINT('',#2878);
#2878 = CARTESIAN_POINT('',(-6.4,-15.,108.24058820349));
#2879 = SURFACE_CURVE('',#2880,(#2885,#2892),.PCURVE_S1.);
#2880 = HYPERBOLA('',#2881,6.4,6.4);
#2881 = AXIS2_PLACEMENT_3D('',#2882,#2883,#2884);
#2882 = CARTESIAN_POINT('',(-6.4,-23.4,102.8));
#2883 = DIRECTION('',(1.,0.,0.));
#2884 = DIRECTION('',(-0.,1.,0.));
#2885 = PCURVE('',#1792,#2886);
#2886 = DEFINITIONAL_REPRESENTATION('',(#2887),#2891);
#2887 = HYPERBOLA('',#2888,6.4,6.4);
#2888 = AXIS2_PLACEMENT_2D('',#2889,#2890);
#2889 = CARTESIAN_POINT('',(22.05,16.8));
#2890 = DIRECTION('',(0.,-1.));
#2891 = ( GEOMETRIC_REPRESENTATION_CONTEXT(2) 
PARAMETRIC_REPRESENTATION_CONTEXT() REPRESENTATION_CONTEXT('2D SPACE',''
  ) );
#2892 = PCURVE('',#2893,#2898);
#2893 = CONICAL_SURFACE('',#2894,9.,0.785398163397);
#2894 = AXIS2_PLACEMENT_3D('',#2895,#2896,#2897);
#2895 = CARTESIAN_POINT('',(0.,-14.4,102.8));
#2896 = DIRECTION('',(-0.,1.,0.));
#2897 = DIRECTION('',(1.,0.,0.));
#2898 = DEFINITIONAL_REPRESENTATION('',(#2899),#2906);
#2899 = B_SPLINE_CURVE_WITH_KNOTS('',5,(#2900,#2901,#2902,#2903,#2904,
    #2905),.UNSPECIFIED.,.F.,.F.,(6,6),(0.771307459173,0.859102978455),
  .PIECEWISE_BEZIER_KNOTS.);
#2900 = CARTESIAN_POINT('',(-8.720230542317,-0.6));
#2901 = CARTESIAN_POINT('',(-8.706852177474,-0.504468146695));
#2902 = CARTESIAN_POINT('',(-8.693664000077,-0.405698911263));
#2903 = CARTESIAN_POINT('',(-8.680667393952,-0.303630928747));
#2904 = CARTESIAN_POINT('',(-8.667863135022,-0.198198679967));
#2905 = CARTESIAN_POINT('',(-8.65525148036,-8.93322360413E-02));
#2906 = ( GEOMETRIC_REPRESENTATION_CONTEXT(2) 
PARAMETRIC_REPRESENTATION_CONTEXT() REPRESENTATION_CONTEXT('2D SPACE',''
  ) );
#2907 = ORIENTED_EDGE('',*,*,#2908,.F.);
#2908 = EDGE_CURVE('',#2909,#2877,#2911,.T.);
#2909 = VERTEX_POINT('',#2910);
#2910 = CARTESIAN_POINT('',(-6.4,-15.,97.359411796506));
#2911 = SURFACE_CURVE('',#2912,(#2916,#2923),.PCURVE_S1.);
#2912 = LINE('',#2913,#2914);
#2913 = CARTESIAN_POINT('',(-6.4,-15.,94.3));
#2914 = VECTOR('',#2915,1.);
#2915 = DIRECTION('',(0.,0.,1.));
#2916 = PCURVE('',#1792,#2917);
#2917 = DEFINITIONAL_REPRESENTATION('',(#2918),#2922);
#2918 = LINE('',#2919,#2920);
#2919 = CARTESIAN_POINT('',(13.55,8.4));
#2920 = VECTOR('',#2921,1.);
#2921 = DIRECTION('',(1.,0.));
#2922 = ( GEOMETRIC_REPRESENTATION_CONTEXT(2) 
PARAMETRIC_REPRESENTATION_CONTEXT() REPRESENTATION_CONTEXT('2D SPACE',''
  ) );
#2923 = PCURVE('',#2924,#2929);
#2924 = PLANE('',#2925);
#2925 = AXIS2_PLACEMENT_3D('',#2926,#2927,#2928);
#2926 = CARTESIAN_POINT('',(-6.077511700175E-16,-15.,102.8));
#2927 = DIRECTION('',(-0.,-1.,-0.));
#2928 = DIRECTION('',(0.,0.,-1.));
#2929 = DEFINITIONAL_REPRESENTATION('',(#2930),#2933);
#2930 = B_SPLINE_CURVE_WITH_KNOTS('',1,(#2931,#2932),.UNSPECIFIED.,.F.,
  .F.,(2,2),(0.1,14.7),.PIECEWISE_BEZIER_KNOTS.);
#2931 = CARTESIAN_POINT('',(8.4,-6.4));
#2932 = CARTESIAN_POINT('',(-6.2,-6.4));
#2933 = ( GEOMETRIC_REPRESENTATION_CONTEXT(2) 
PARAMETRIC_REPRESENTATION_CONTEXT() REPRESENTATION_CONTEXT('2D SPACE',''
  ) );
#2934 = ORIENTED_EDGE('',*,*,#2935,.F.);
#2935 = EDGE_CURVE('',#2936,#2909,#2938,.T.);
#2936 = VERTEX_POINT('',#2937);
#2937 = CARTESIAN_POINT('',(-6.4,-14.4,96.472283192177));
#2938 = SURFACE_CURVE('',#2939,(#2944,#2951),.PCURVE_S1.);
#2939 = HYPERBOLA('',#2940,6.4,6.4);
#2940 = AXIS2_PLACEMENT_3D('',#2941,#2942,#2943);
#2941 = CARTESIAN_POINT('',(-6.4,-23.4,102.8));
#2942 = DIRECTION('',(1.,0.,0.));
#2943 = DIRECTION('',(-0.,1.,0.));
#2944 = PCURVE('',#1792,#2945);
#2945 = DEFINITIONAL_REPRESENTATION('',(#2946),#2950);
#2946 = HYPERBOLA('',#2947,6.4,6.4);
#2947 = AXIS2_PLACEMENT_2D('',#2948,#2949);
#2948 = CARTESIAN_POINT('',(22.05,16.8));
#2949 = DIRECTION('',(0.,-1.));
#2950 = ( GEOMETRIC_REPRESENTATION_CONTEXT(2) 
PARAMETRIC_REPRESENTATION_CONTEXT() REPRESENTATION_CONTEXT('2D SPACE',''
  ) );
#2951 = PCURVE('',#2893,#2952);
#2952 = DEFINITIONAL_REPRESENTATION('',(#2953),#2960);
#2953 = B_SPLINE_CURVE_WITH_KNOTS('',5,(#2954,#2955,#2956,#2957,#2958,
    #2959),.UNSPECIFIED.,.F.,.F.,(6,6),(-0.873364755211,-0.771307459173)
  ,.PIECEWISE_BEZIER_KNOTS.);
#2954 = CARTESIAN_POINT('',(-10.20449698971,2.6645352591E-15));
#2955 = CARTESIAN_POINT('',(-10.18998217427,-0.1291579335));
#2956 = CARTESIAN_POINT('',(-10.1752069834,-0.253628806046));
#2957 = CARTESIAN_POINT('',(-10.16017155981,-0.373524721433));
#2958 = CARTESIAN_POINT('',(-10.14487696719,-0.488949655819));
#2959 = CARTESIAN_POINT('',(-10.12932537922,-0.6));
#2960 = ( GEOMETRIC_REPRESENTATION_CONTEXT(2) 
PARAMETRIC_REPRESENTATION_CONTEXT() REPRESENTATION_CONTEXT('2D SPACE',''
  ) );
#2961 = ORIENTED_EDGE('',*,*,#2962,.T.);
#2962 = EDGE_CURVE('',#2936,#2303,#2963,.T.);
#2963 = SURFACE_CURVE('',#2964,(#2968,#2975),.PCURVE_S1.);
#2964 = LINE('',#2965,#2966);
#2965 = CARTESIAN_POINT('',(-6.4,-10.,96.472283192177));
#2966 = VECTOR('',#2967,1.);
#2967 = DIRECTION('',(-0.,1.,-0.));
#2968 = PCURVE('',#1792,#2969);
#2969 = DEFINITIONAL_REPRESENTATION('',(#2970),#2974);
#2970 = LINE('',#2971,#2972);
#2971 = CARTESIAN_POINT('',(15.722283192177,3.4));
#2972 = VECTOR('',#2973,1.);
#2973 = DIRECTION('',(0.,-1.));
#2974 = ( GEOMETRIC_REPRESENTATION_CONTEXT(2) 
PARAMETRIC_REPRESENTATION_CONTEXT() REPRESENTATION_CONTEXT('2D SPACE',''
  ) );
#2975 = PCURVE('',#2325,#2976);
#2976 = DEFINITIONAL_REPRESENTATION('',(#2977),#2980);
#2977 = B_SPLINE_CURVE_WITH_KNOTS('',1,(#2978,#2979),.UNSPECIFIED.,.F.,
  .F.,(2,2),(-4.4,-0.5),.PIECEWISE_BEZIER_KNOTS.);
#2978 = CARTESIAN_POINT('',(-10.20449698971,-4.4));
#2979 = CARTESIAN_POINT('',(-10.20449698971,-0.5));
#2980 = ( GEOMETRIC_REPRESENTATION_CONTEXT(2) 
PARAMETRIC_REPRESENTATION_CONTEXT() REPRESENTATION_CONTEXT('2D SPACE',''
  ) );
#2981 = ORIENTED_EDGE('',*,*,#2385,.F.);
#2982 = ORIENTED_EDGE('',*,*,#2983,.T.);
#2983 = EDGE_CURVE('',#2360,#2984,#2986,.T.);
#2984 = VERTEX_POINT('',#2985);
#2985 = CARTESIAN_POINT('',(-6.4,-6.6,85.8));
#2986 = SURFACE_CURVE('',#2987,(#2991,#2998),.PCURVE_S1.);
#2987 = LINE('',#2988,#2989);
#2988 = CARTESIAN_POINT('',(-6.4,-20.5,85.8));
#2989 = VECTOR('',#2990,1.);
#2990 = DIRECTION('',(0.,1.,0.));
#2991 = PCURVE('',#1792,#2992);
#2992 = DEFINITIONAL_REPRESENTATION('',(#2993),#2997);
#2993 = LINE('',#2994,#2995);
#2994 = CARTESIAN_POINT('',(5.05,13.9));
#2995 = VECTOR('',#2996,1.);
#2996 = DIRECTION('',(0.,-1.));
#2997 = ( GEOMETRIC_REPRESENTATION_CONTEXT(2) 
PARAMETRIC_REPRESENTATION_CONTEXT() REPRESENTATION_CONTEXT('2D SPACE',''
  ) );
#2998 = PCURVE('',#2374,#2999);
#2999 = DEFINITIONAL_REPRESENTATION('',(#3000),#3004);
#3000 = LINE('',#3001,#3002);
#3001 = CARTESIAN_POINT('',(0.,0.));
#3002 = VECTOR('',#3003,1.);
#3003 = DIRECTION('',(0.,1.));
#3004 = ( GEOMETRIC_REPRESENTATION_CONTEXT(2) 
PARAMETRIC_REPRESENTATION_CONTEXT() REPRESENTATION_CONTEXT('2D SPACE',''
  ) );
#3005 = ORIENTED_EDGE('',*,*,#3006,.F.);
#3006 = EDGE_CURVE('',#1775,#2984,#3007,.T.);
#3007 = SURFACE_CURVE('',#3008,(#3012,#3019),.PCURVE_S1.);
#3008 = LINE('',#3009,#3010);
#3009 = CARTESIAN_POINT('',(-6.4,-6.6,80.75));
#3010 = VECTOR('',#3011,1.);
#3011 = DIRECTION('',(0.,0.,1.));
#3012 = PCURVE('',#1792,#3013);
#3013 = DEFINITIONAL_REPRESENTATION('',(#3014),#3018);
#3014 = LINE('',#3015,#3016);
#3015 = CARTESIAN_POINT('',(0.,0.));
#3016 = VECTOR('',#3017,1.);
#3017 = DIRECTION('',(1.,0.));
#3018 = ( GEOMETRIC_REPRESENTATION_CONTEXT(2) 
PARAMETRIC_REPRESENTATION_CONTEXT() REPRESENTATION_CONTEXT('2D SPACE',''
  ) );
#3019 = PCURVE('',#1820,#3020);
#3020 = DEFINITIONAL_REPRESENTATION('',(#3021),#3025);
#3021 = LINE('',#3022,#3023);
#3022 = CARTESIAN_POINT('',(0.,0.));
#3023 = VECTOR('',#3024,1.);
#3024 = DIRECTION('',(1.,0.));
#3025 = ( GEOMETRIC_REPRESENTATION_CONTEXT(2) 
PARAMETRIC_REPRESENTATION_CONTEXT() REPRESENTATION_CONTEXT('2D SPACE',''
  ) );
#3026 = ORIENTED_EDGE('',*,*,#1774,.T.);
#3027 = ADVANCED_FACE('',(#3028),#1820,.T.);
#3028 = FACE_BOUND('',#3029,.T.);
#3029 = EDGE_LOOP('',(#3030,#3053,#3054,#3055));
#3030 = ORIENTED_EDGE('',*,*,#3031,.F.);
#3031 = EDGE_CURVE('',#1805,#3032,#3034,.T.);
#3032 = VERTEX_POINT('',#3033);
#3033 = CARTESIAN_POINT('',(6.4,-6.6,85.8));
#3034 = SURFACE_CURVE('',#3035,(#3039,#3046),.PCURVE_S1.);
#3035 = LINE('',#3036,#3037);
#3036 = CARTESIAN_POINT('',(6.4,-6.6,80.75));
#3037 = VECTOR('',#3038,1.);
#3038 = DIRECTION('',(0.,0.,1.));
#3039 = PCURVE('',#1820,#3040);
#3040 = DEFINITIONAL_REPRESENTATION('',(#3041),#3045);
#3041 = LINE('',#3042,#3043);
#3042 = CARTESIAN_POINT('',(0.,12.8));
#3043 = VECTOR('',#3044,1.);
#3044 = DIRECTION('',(1.,0.));
#3045 = ( GEOMETRIC_REPRESENTATION_CONTEXT(2) 
PARAMETRIC_REPRESENTATION_CONTEXT() REPRESENTATION_CONTEXT('2D SPACE',''
  ) );
#3046 = PCURVE('',#1848,#3047);
#3047 = DEFINITIONAL_REPRESENTATION('',(#3048),#3052);
#3048 = LINE('',#3049,#3050);
#3049 = CARTESIAN_POINT('',(0.,0.));
#3050 = VECTOR('',#3051,1.);
#3051 = DIRECTION('',(1.,0.));
#3052 = ( GEOMETRIC_REPRESENTATION_CONTEXT(2) 
PARAMETRIC_REPRESENTATION_CONTEXT() REPRESENTATION_CONTEXT('2D SPACE',''
  ) );
#3053 = ORIENTED_EDGE('',*,*,#1804,.F.);
#3054 = ORIENTED_EDGE('',*,*,#3006,.T.);
#3055 = ORIENTED_EDGE('',*,*,#3056,.T.);
#3056 = EDGE_CURVE('',#2984,#3032,#3057,.T.);
#3057 = SURFACE_CURVE('',#3058,(#3062,#3068),.PCURVE_S1.);
#3058 = LINE('',#3059,#3060);
#3059 = CARTESIAN_POINT('',(-6.4,-6.6,85.8));
#3060 = VECTOR('',#3061,1.);
#3061 = DIRECTION('',(1.,0.,0.));
#3062 = PCURVE('',#1820,#3063);
#3063 = DEFINITIONAL_REPRESENTATION('',(#3064),#3067);
#3064 = B_SPLINE_CURVE_WITH_KNOTS('',1,(#3065,#3066),.UNSPECIFIED.,.F.,
  .F.,(2,2),(0.,12.8),.PIECEWISE_BEZIER_KNOTS.);
#3065 = CARTESIAN_POINT('',(5.05,0.));
#3066 = CARTESIAN_POINT('',(5.05,12.8));
#3067 = ( GEOMETRIC_REPRESENTATION_CONTEXT(2) 
PARAMETRIC_REPRESENTATION_CONTEXT() REPRESENTATION_CONTEXT('2D SPACE',''
  ) );
#3068 = PCURVE('',#2374,#3069);
#3069 = DEFINITIONAL_REPRESENTATION('',(#3070),#3073);
#3070 = B_SPLINE_CURVE_WITH_KNOTS('',1,(#3071,#3072),.UNSPECIFIED.,.F.,
  .F.,(2,2),(0.,12.8),.PIECEWISE_BEZIER_KNOTS.);
#3071 = CARTESIAN_POINT('',(0.,13.9));
#3072 = CARTESIAN_POINT('',(12.8,13.9));
#3073 = ( GEOMETRIC_REPRESENTATION_CONTEXT(2) 
PARAMETRIC_REPRESENTATION_CONTEXT() REPRESENTATION_CONTEXT('2D SPACE',''
  ) );
#3074 = ADVANCED_FACE('',(#3075),#1848,.F.);
#3075 = FACE_BOUND('',#3076,.F.);
#3076 = EDGE_LOOP('',(#3077,#3078,#3101,#3124,#3147,#3174,#3201,#3228,
    #3248,#3249,#3270,#3271));
#3077 = ORIENTED_EDGE('',*,*,#2635,.T.);
#3078 = ORIENTED_EDGE('',*,*,#3079,.F.);
#3079 = EDGE_CURVE('',#3080,#2610,#3082,.T.);
#3080 = VERTEX_POINT('',#3081);
#3081 = CARTESIAN_POINT('',(6.4,-6.6,114.05));
#3082 = SURFACE_CURVE('',#3083,(#3087,#3094),.PCURVE_S1.);
#3083 = LINE('',#3084,#3085);
#3084 = CARTESIAN_POINT('',(6.4,-6.6,114.05));
#3085 = VECTOR('',#3086,1.);
#3086 = DIRECTION('',(0.,1.,0.));
#3087 = PCURVE('',#1848,#3088);
#3088 = DEFINITIONAL_REPRESENTATION('',(#3089),#3093);
#3089 = LINE('',#3090,#3091);
#3090 = CARTESIAN_POINT('',(33.3,0.));
#3091 = VECTOR('',#3092,1.);
#3092 = DIRECTION('',(0.,-1.));
#3093 = ( GEOMETRIC_REPRESENTATION_CONTEXT(2) 
PARAMETRIC_REPRESENTATION_CONTEXT() REPRESENTATION_CONTEXT('2D SPACE',''
  ) );
#3094 = PCURVE('',#2624,#3095);
#3095 = DEFINITIONAL_REPRESENTATION('',(#3096),#3100);
#3096 = LINE('',#3097,#3098);
#3097 = CARTESIAN_POINT('',(12.8,0.));
#3098 = VECTOR('',#3099,1.);
#3099 = DIRECTION('',(0.,1.));
#3100 = ( GEOMETRIC_REPRESENTATION_CONTEXT(2) 
PARAMETRIC_REPRESENTATION_CONTEXT() REPRESENTATION_CONTEXT('2D SPACE',''
  ) );
#3101 = ORIENTED_EDGE('',*,*,#3102,.F.);
#3102 = EDGE_CURVE('',#3103,#3080,#3105,.T.);
#3103 = VERTEX_POINT('',#3104);
#3104 = CARTESIAN_POINT('',(6.4,-6.6,109.));
#3105 = SURFACE_CURVE('',#3106,(#3110,#3117),.PCURVE_S1.);
#3106 = LINE('',#3107,#3108);
#3107 = CARTESIAN_POINT('',(6.4,-6.6,80.75));
#3108 = VECTOR('',#3109,1.);
#3109 = DIRECTION('',(0.,0.,1.));
#3110 = PCURVE('',#1848,#3111);
#3111 = DEFINITIONAL_REPRESENTATION('',(#3112),#3116);
#3112 = LINE('',#3113,#3114);
#3113 = CARTESIAN_POINT('',(0.,0.));
#3114 = VECTOR('',#3115,1.);
#3115 = DIRECTION('',(1.,0.));
#3116 = ( GEOMETRIC_REPRESENTATION_CONTEXT(2) 
PARAMETRIC_REPRESENTATION_CONTEXT() REPRESENTATION_CONTEXT('2D SPACE',''
  ) );
#3117 = PCURVE('',#2836,#3118);
#3118 = DEFINITIONAL_REPRESENTATION('',(#3119),#3123);
#3119 = LINE('',#3120,#3121);
#3120 = CARTESIAN_POINT('',(0.,12.8));
#3121 = VECTOR('',#3122,1.);
#3122 = DIRECTION('',(1.,0.));
#3123 = ( GEOMETRIC_REPRESENTATION_CONTEXT(2) 
PARAMETRIC_REPRESENTATION_CONTEXT() REPRESENTATION_CONTEXT('2D SPACE',''
  ) );
#3124 = ORIENTED_EDGE('',*,*,#3125,.F.);
#3125 = EDGE_CURVE('',#3126,#3103,#3128,.T.);
#3126 = VERTEX_POINT('',#3127);
#3127 = CARTESIAN_POINT('',(6.4,-14.48933223602,109.));
#3128 = SURFACE_CURVE('',#3129,(#3133,#3140),.PCURVE_S1.);
#3129 = LINE('',#3130,#3131);
#3130 = CARTESIAN_POINT('',(6.4,-20.5,109.));
#3131 = VECTOR('',#3132,1.);
#3132 = DIRECTION('',(0.,1.,0.));
#3133 = PCURVE('',#1848,#3134);
#3134 = DEFINITIONAL_REPRESENTATION('',(#3135),#3139);
#3135 = LINE('',#3136,#3137);
#3136 = CARTESIAN_POINT('',(28.25,13.9));
#3137 = VECTOR('',#3138,1.);
#3138 = DIRECTION('',(0.,-1.));
#3139 = ( GEOMETRIC_REPRESENTATION_CONTEXT(2) 
PARAMETRIC_REPRESENTATION_CONTEXT() REPRESENTATION_CONTEXT('2D SPACE',''
  ) );
#3140 = PCURVE('',#2864,#3141);
#3141 = DEFINITIONAL_REPRESENTATION('',(#3142),#3146);
#3142 = LINE('',#3143,#3144);
#3143 = CARTESIAN_POINT('',(12.8,0.));
#3144 = VECTOR('',#3145,1.);
#3145 = DIRECTION('',(0.,1.));
#3146 = ( GEOMETRIC_REPRESENTATION_CONTEXT(2) 
PARAMETRIC_REPRESENTATION_CONTEXT() REPRESENTATION_CONTEXT('2D SPACE',''
  ) );
#3147 = ORIENTED_EDGE('',*,*,#3148,.F.);
#3148 = EDGE_CURVE('',#3149,#3126,#3151,.T.);
#3149 = VERTEX_POINT('',#3150);
#3150 = CARTESIAN_POINT('',(6.4,-15.,108.24058820349));
#3151 = SURFACE_CURVE('',#3152,(#3157,#3164),.PCURVE_S1.);
#3152 = HYPERBOLA('',#3153,6.4,6.4);
#3153 = AXIS2_PLACEMENT_3D('',#3154,#3155,#3156);
#3154 = CARTESIAN_POINT('',(6.4,-23.4,102.8));
#3155 = DIRECTION('',(1.,0.,0.));
#3156 = DIRECTION('',(-0.,1.,0.));
#3157 = PCURVE('',#1848,#3158);
#3158 = DEFINITIONAL_REPRESENTATION('',(#3159),#3163);
#3159 = HYPERBOLA('',#3160,6.4,6.4);
#3160 = AXIS2_PLACEMENT_2D('',#3161,#3162);
#3161 = CARTESIAN_POINT('',(22.05,16.8));
#3162 = DIRECTION('',(0.,-1.));
#3163 = ( GEOMETRIC_REPRESENTATION_CONTEXT(2) 
PARAMETRIC_REPRESENTATION_CONTEXT() REPRESENTATION_CONTEXT('2D SPACE',''
  ) );
#3164 = PCURVE('',#2893,#3165);
#3165 = DEFINITIONAL_REPRESENTATION('',(#3166),#3173);
#3166 = B_SPLINE_CURVE_WITH_KNOTS('',5,(#3167,#3168,#3169,#3170,#3171,
    #3172),.UNSPECIFIED.,.F.,.F.,(6,6),(0.771307459173,0.859102978455),
  .PIECEWISE_BEZIER_KNOTS.);
#3167 = CARTESIAN_POINT('',(-6.987732725632,-0.6));
#3168 = CARTESIAN_POINT('',(-7.001111090475,-0.504468146695));
#3169 = CARTESIAN_POINT('',(-7.014299267872,-0.405698911263));
#3170 = CARTESIAN_POINT('',(-7.027295873997,-0.303630928747));
#3171 = CARTESIAN_POINT('',(-7.040100132927,-0.198198679967));
#3172 = CARTESIAN_POINT('',(-7.052711787589,-8.93322360413E-02));
#3173 = ( GEOMETRIC_REPRESENTATION_CONTEXT(2) 
PARAMETRIC_REPRESENTATION_CONTEXT() REPRESENTATION_CONTEXT('2D SPACE',''
  ) );
#3174 = ORIENTED_EDGE('',*,*,#3175,.F.);
#3175 = EDGE_CURVE('',#3176,#3149,#3178,.T.);
#3176 = VERTEX_POINT('',#3177);
#3177 = CARTESIAN_POINT('',(6.4,-15.,97.359411796506));
#3178 = SURFACE_CURVE('',#3179,(#3183,#3190),.PCURVE_S1.);
#3179 = LINE('',#3180,#3181);
#3180 = CARTESIAN_POINT('',(6.4,-15.,94.3));
#3181 = VECTOR('',#3182,1.);
#3182 = DIRECTION('',(0.,0.,1.));
#3183 = PCURVE('',#1848,#3184);
#3184 = DEFINITIONAL_REPRESENTATION('',(#3185),#3189);
#3185 = LINE('',#3186,#3187);
#3186 = CARTESIAN_POINT('',(13.55,8.4));
#3187 = VECTOR('',#3188,1.);
#3188 = DIRECTION('',(1.,0.));
#3189 = ( GEOMETRIC_REPRESENTATION_CONTEXT(2) 
PARAMETRIC_REPRESENTATION_CONTEXT() REPRESENTATION_CONTEXT('2D SPACE',''
  ) );
#3190 = PCURVE('',#3191,#3196);
#3191 = PLANE('',#3192);
#3192 = AXIS2_PLACEMENT_3D('',#3193,#3194,#3195);
#3193 = CARTESIAN_POINT('',(-6.077511700175E-16,-15.,102.8));
#3194 = DIRECTION('',(-0.,-1.,-0.));
#3195 = DIRECTION('',(0.,0.,-1.));
#3196 = DEFINITIONAL_REPRESENTATION('',(#3197),#3200);
#3197 = B_SPLINE_CURVE_WITH_KNOTS('',1,(#3198,#3199),.UNSPECIFIED.,.F.,
  .F.,(2,2),(0.1,14.7),.PIECEWISE_BEZIER_KNOTS.);
#3198 = CARTESIAN_POINT('',(8.4,6.4));
#3199 = CARTESIAN_POINT('',(-6.2,6.4));
#3200 = ( GEOMETRIC_REPRESENTATION_CONTEXT(2) 
PARAMETRIC_REPRESENTATION_CONTEXT() REPRESENTATION_CONTEXT('2D SPACE',''
  ) );
#3201 = ORIENTED_EDGE('',*,*,#3202,.F.);
#3202 = EDGE_CURVE('',#3203,#3176,#3205,.T.);
#3203 = VERTEX_POINT('',#3204);
#3204 = CARTESIAN_POINT('',(6.4,-14.4,96.472283192177));
#3205 = SURFACE_CURVE('',#3206,(#3211,#3218),.PCURVE_S1.);
#3206 = HYPERBOLA('',#3207,6.4,6.4);
#3207 = AXIS2_PLACEMENT_3D('',#3208,#3209,#3210);
#3208 = CARTESIAN_POINT('',(6.4,-23.4,102.8));
#3209 = DIRECTION('',(1.,0.,0.));
#3210 = DIRECTION('',(-0.,1.,0.));
#3211 = PCURVE('',#1848,#3212);
#3212 = DEFINITIONAL_REPRESENTATION('',(#3213),#3217);
#3213 = HYPERBOLA('',#3214,6.4,6.4);
#3214 = AXIS2_PLACEMENT_2D('',#3215,#3216);
#3215 = CARTESIAN_POINT('',(22.05,16.8));
#3216 = DIRECTION('',(0.,-1.));
#3217 = ( GEOMETRIC_REPRESENTATION_CONTEXT(2) 
PARAMETRIC_REPRESENTATION_CONTEXT() REPRESENTATION_CONTEXT('2D SPACE',''
  ) );
#3218 = PCURVE('',#2893,#3219);
#3219 = DEFINITIONAL_REPRESENTATION('',(#3220),#3227);
#3220 = B_SPLINE_CURVE_WITH_KNOTS('',5,(#3221,#3222,#3223,#3224,#3225,
    #3226),.UNSPECIFIED.,.F.,.F.,(6,6),(-0.873364755211,-0.771307459173)
  ,.PIECEWISE_BEZIER_KNOTS.);
#3221 = CARTESIAN_POINT('',(-5.503466278238,2.6645352591E-15));
#3222 = CARTESIAN_POINT('',(-5.517981093675,-0.1291579335));
#3223 = CARTESIAN_POINT('',(-5.532756284547,-0.253628806046));
#3224 = CARTESIAN_POINT('',(-5.547791708138,-0.373524721433));
#3225 = CARTESIAN_POINT('',(-5.563086300759,-0.488949655819));
#3226 = CARTESIAN_POINT('',(-5.578637888727,-0.6));
#3227 = ( GEOMETRIC_REPRESENTATION_CONTEXT(2) 
PARAMETRIC_REPRESENTATION_CONTEXT() REPRESENTATION_CONTEXT('2D SPACE',''
  ) );
#3228 = ORIENTED_EDGE('',*,*,#3229,.T.);
#3229 = EDGE_CURVE('',#3203,#2305,#3230,.T.);
#3230 = SURFACE_CURVE('',#3231,(#3235,#3242),.PCURVE_S1.);
#3231 = LINE('',#3232,#3233);
#3232 = CARTESIAN_POINT('',(6.4,-10.,96.472283192177));
#3233 = VECTOR('',#3234,1.);
#3234 = DIRECTION('',(-0.,1.,-0.));
#3235 = PCURVE('',#1848,#3236);
#3236 = DEFINITIONAL_REPRESENTATION('',(#3237),#3241);
#3237 = LINE('',#3238,#3239);
#3238 = CARTESIAN_POINT('',(15.722283192177,3.4));
#3239 = VECTOR('',#3240,1.);
#3240 = DIRECTION('',(0.,-1.));
#3241 = ( GEOMETRIC_REPRESENTATION_CONTEXT(2) 
PARAMETRIC_REPRESENTATION_CONTEXT() REPRESENTATION_CONTEXT('2D SPACE',''
  ) );
#3242 = PCURVE('',#2325,#3243);
#3243 = DEFINITIONAL_REPRESENTATION('',(#3244),#3247);
#3244 = B_SPLINE_CURVE_WITH_KNOTS('',1,(#3245,#3246),.UNSPECIFIED.,.F.,
  .F.,(2,2),(-4.4,-0.5),.PIECEWISE_BEZIER_KNOTS.);
#3245 = CARTESIAN_POINT('',(-5.503466278238,-4.4));
#3246 = CARTESIAN_POINT('',(-5.503466278238,-0.5));
#3247 = ( GEOMETRIC_REPRESENTATION_CONTEXT(2) 
PARAMETRIC_REPRESENTATION_CONTEXT() REPRESENTATION_CONTEXT('2D SPACE',''
  ) );
#3248 = ORIENTED_EDGE('',*,*,#2337,.F.);
#3249 = ORIENTED_EDGE('',*,*,#3250,.T.);
#3250 = EDGE_CURVE('',#2338,#3032,#3251,.T.);
#3251 = SURFACE_CURVE('',#3252,(#3256,#3263),.PCURVE_S1.);
#3252 = LINE('',#3253,#3254);
#3253 = CARTESIAN_POINT('',(6.4,-20.5,85.8));
#3254 = VECTOR('',#3255,1.);
#3255 = DIRECTION('',(0.,1.,0.));
#3256 = PCURVE('',#1848,#3257);
#3257 = DEFINITIONAL_REPRESENTATION('',(#3258),#3262);
#3258 = LINE('',#3259,#3260);
#3259 = CARTESIAN_POINT('',(5.05,13.9));
#3260 = VECTOR('',#3261,1.);
#3261 = DIRECTION('',(0.,-1.));
#3262 = ( GEOMETRIC_REPRESENTATION_CONTEXT(2) 
PARAMETRIC_REPRESENTATION_CONTEXT() REPRESENTATION_CONTEXT('2D SPACE',''
  ) );
#3263 = PCURVE('',#2374,#3264);
#3264 = DEFINITIONAL_REPRESENTATION('',(#3265),#3269);
#3265 = LINE('',#3266,#3267);
#3266 = CARTESIAN_POINT('',(12.8,0.));
#3267 = VECTOR('',#3268,1.);
#3268 = DIRECTION('',(0.,1.));
#3269 = ( GEOMETRIC_REPRESENTATION_CONTEXT(2) 
PARAMETRIC_REPRESENTATION_CONTEXT() REPRESENTATION_CONTEXT('2D SPACE',''
  ) );
#3270 = ORIENTED_EDGE('',*,*,#3031,.F.);
#3271 = ORIENTED_EDGE('',*,*,#1832,.T.);
#3272 = ADVANCED_FACE('',(#3273),#1936,.T.);
#3273 = FACE_BOUND('',#3274,.T.);
#3274 = EDGE_LOOP('',(#3275,#3276,#3277,#3278));
#3275 = ORIENTED_EDGE('',*,*,#1920,.F.);
#3276 = ORIENTED_EDGE('',*,*,#2050,.T.);
#3277 = ORIENTED_EDGE('',*,*,#2435,.T.);
#3278 = ORIENTED_EDGE('',*,*,#2487,.F.);
#3279 = ADVANCED_FACE('',(#3280),#1990,.T.);
#3280 = FACE_BOUND('',#3281,.F.);
#3281 = EDGE_LOOP('',(#3282,#3283,#3284,#3285));
#3282 = ORIENTED_EDGE('',*,*,#1974,.F.);
#3283 = ORIENTED_EDGE('',*,*,#2027,.T.);
#3284 = ORIENTED_EDGE('',*,*,#2408,.T.);
#3285 = ORIENTED_EDGE('',*,*,#2274,.F.);
#3286 = ADVANCED_FACE('',(#3287),#2186,.F.);
#3287 = FACE_BOUND('',#3288,.T.);
#3288 = EDGE_LOOP('',(#3289,#3317,#3338,#3339));
#3289 = ORIENTED_EDGE('',*,*,#3290,.T.);
#3290 = EDGE_CURVE('',#3291,#3291,#3293,.T.);
#3291 = VERTEX_POINT('',#3292);
#3292 = CARTESIAN_POINT('',(2.1,0.,114.05));
#3293 = SURFACE_CURVE('',#3294,(#3299,#3306),.PCURVE_S1.);
#3294 = CIRCLE('',#3295,2.1);
#3295 = AXIS2_PLACEMENT_3D('',#3296,#3297,#3298);
#3296 = CARTESIAN_POINT('',(0.,0.,114.05));
#3297 = DIRECTION('',(0.,0.,-1.));
#3298 = DIRECTION('',(1.,0.,0.));
#3299 = PCURVE('',#2186,#3300);
#3300 = DEFINITIONAL_REPRESENTATION('',(#3301),#3305);
#3301 = LINE('',#3302,#3303);
#3302 = CARTESIAN_POINT('',(-6.28318530718,-44.75));
#3303 = VECTOR('',#3304,1.);
#3304 = DIRECTION('',(1.,-0.));
#3305 = ( GEOMETRIC_REPRESENTATION_CONTEXT(2) 
PARAMETRIC_REPRESENTATION_CONTEXT() REPRESENTATION_CONTEXT('2D SPACE',''
  ) );
#3306 = PCURVE('',#2624,#3307);
#3307 = DEFINITIONAL_REPRESENTATION('',(#3308),#3316);
#3308 = ( BOUNDED_CURVE() B_SPLINE_CURVE(2,(#3309,#3310,#3311,#3312,
#3313,#3314,#3315),.UNSPECIFIED.,.T.,.F.) B_SPLINE_CURVE_WITH_KNOTS((1,2
    ,2,2,2,1),(-2.094395102393,0.,2.094395102393,4.188790204786,
6.28318530718,8.377580409573),.UNSPECIFIED.) CURVE() 
GEOMETRIC_REPRESENTATION_ITEM() RATIONAL_B_SPLINE_CURVE((1.,0.5,1.,0.5,
1.,0.5,1.)) REPRESENTATION_ITEM('') );
#3309 = CARTESIAN_POINT('',(8.5,6.6));
#3310 = CARTESIAN_POINT('',(8.5,2.962693304105));
#3311 = CARTESIAN_POINT('',(5.35,4.781346652053));
#3312 = CARTESIAN_POINT('',(2.2,6.6));
#3313 = CARTESIAN_POINT('',(5.35,8.418653347947));
#3314 = CARTESIAN_POINT('',(8.5,10.237306695895));
#3315 = CARTESIAN_POINT('',(8.5,6.6));
#3316 = ( GEOMETRIC_REPRESENTATION_CONTEXT(2) 
PARAMETRIC_REPRESENTATION_CONTEXT() REPRESENTATION_CONTEXT('2D SPACE',''
  ) );
#3317 = ORIENTED_EDGE('',*,*,#3318,.T.);
#3318 = EDGE_CURVE('',#3291,#2075,#3319,.T.);
#3319 = SEAM_CURVE('',#3320,(#3324,#3331),.PCURVE_S1.);
#3320 = LINE('',#3321,#3322);
#3321 = CARTESIAN_POINT('',(2.1,0.,69.3));
#3322 = VECTOR('',#3323,1.);
#3323 = DIRECTION('',(0.,0.,1.));
#3324 = PCURVE('',#2186,#3325);
#3325 = DEFINITIONAL_REPRESENTATION('',(#3326),#3330);
#3326 = LINE('',#3327,#3328);
#3327 = CARTESIAN_POINT('',(-6.28318530718,0.));
#3328 = VECTOR('',#3329,1.);
#3329 = DIRECTION('',(-0.,-1.));
#3330 = ( GEOMETRIC_REPRESENTATION_CONTEXT(2) 
PARAMETRIC_REPRESENTATION_CONTEXT() REPRESENTATION_CONTEXT('2D SPACE',''
  ) );
#3331 = PCURVE('',#2186,#3332);
#3332 = DEFINITIONAL_REPRESENTATION('',(#3333),#3337);
#3333 = LINE('',#3334,#3335);
#3334 = CARTESIAN_POINT('',(-0.,0.));
#3335 = VECTOR('',#3336,1.);
#3336 = DIRECTION('',(-0.,-1.));
#3337 = ( GEOMETRIC_REPRESENTATION_CONTEXT(2) 
PARAMETRIC_REPRESENTATION_CONTEXT() REPRESENTATION_CONTEXT('2D SPACE',''
  ) );
#3338 = ORIENTED_EDGE('',*,*,#2074,.T.);
#3339 = ORIENTED_EDGE('',*,*,#3318,.F.);
#3340 = ADVANCED_FACE('',(#3341),#2325,.T.);
#3341 = FACE_BOUND('',#3342,.F.);
#3342 = EDGE_LOOP('',(#3343,#3344,#3345,#3367));
#3343 = ORIENTED_EDGE('',*,*,#2302,.T.);
#3344 = ORIENTED_EDGE('',*,*,#3229,.F.);
#3345 = ORIENTED_EDGE('',*,*,#3346,.F.);
#3346 = EDGE_CURVE('',#2936,#3203,#3347,.T.);
#3347 = SURFACE_CURVE('',#3348,(#3353,#3360),.PCURVE_S1.);
#3348 = CIRCLE('',#3349,9.);
#3349 = AXIS2_PLACEMENT_3D('',#3350,#3351,#3352);
#3350 = CARTESIAN_POINT('',(0.,-14.4,102.8));
#3351 = DIRECTION('',(0.,1.,0.));
#3352 = DIRECTION('',(-0.711111111111,0.,-0.703079645314));
#3353 = PCURVE('',#2325,#3354);
#3354 = DEFINITIONAL_REPRESENTATION('',(#3355),#3359);
#3355 = LINE('',#3356,#3357);
#3356 = CARTESIAN_POINT('',(-10.20449698971,-4.4));
#3357 = VECTOR('',#3358,1.);
#3358 = DIRECTION('',(1.,-0.));
#3359 = ( GEOMETRIC_REPRESENTATION_CONTEXT(2) 
PARAMETRIC_REPRESENTATION_CONTEXT() REPRESENTATION_CONTEXT('2D SPACE',''
  ) );
#3360 = PCURVE('',#2893,#3361);
#3361 = DEFINITIONAL_REPRESENTATION('',(#3362),#3366);
#3362 = LINE('',#3363,#3364);
#3363 = CARTESIAN_POINT('',(-10.20449698971,-0.));
#3364 = VECTOR('',#3365,1.);
#3365 = DIRECTION('',(1.,-0.));
#3366 = ( GEOMETRIC_REPRESENTATION_CONTEXT(2) 
PARAMETRIC_REPRESENTATION_CONTEXT() REPRESENTATION_CONTEXT('2D SPACE',''
  ) );
#3367 = ORIENTED_EDGE('',*,*,#2962,.T.);
#3368 = ADVANCED_FACE('',(#3369),#2374,.T.);
#3369 = FACE_BOUND('',#3370,.T.);
#3370 = EDGE_LOOP('',(#3371,#3372,#3373,#3374));
#3371 = ORIENTED_EDGE('',*,*,#3056,.F.);
#3372 = ORIENTED_EDGE('',*,*,#2983,.F.);
#3373 = ORIENTED_EDGE('',*,*,#2359,.F.);
#3374 = ORIENTED_EDGE('',*,*,#3250,.T.);
#3375 = ADVANCED_FACE('',(#3376),#2536,.F.);
#3376 = FACE_BOUND('',#3377,.T.);
#3377 = EDGE_LOOP('',(#3378,#3379,#3402,#3429));
#3378 = ORIENTED_EDGE('',*,*,#2515,.T.);
#3379 = ORIENTED_EDGE('',*,*,#3380,.T.);
#3380 = EDGE_CURVE('',#2516,#3381,#3383,.T.);
#3381 = VERTEX_POINT('',#3382);
#3382 = CARTESIAN_POINT('',(-9.7,2.,88.8));
#3383 = SEAM_CURVE('',#3384,(#3388,#3395),.PCURVE_S1.);
#3384 = LINE('',#3385,#3386);
#3385 = CARTESIAN_POINT('',(-9.7,13.,88.8));
#3386 = VECTOR('',#3387,1.);
#3387 = DIRECTION('',(0.,-1.,0.));
#3388 = PCURVE('',#2536,#3389);
#3389 = DEFINITIONAL_REPRESENTATION('',(#3390),#3394);
#3390 = LINE('',#3391,#3392);
#3391 = CARTESIAN_POINT('',(-6.28318530718,0.));
#3392 = VECTOR('',#3393,1.);
#3393 = DIRECTION('',(-0.,-1.));
#3394 = ( GEOMETRIC_REPRESENTATION_CONTEXT(2) 
PARAMETRIC_REPRESENTATION_CONTEXT() REPRESENTATION_CONTEXT('2D SPACE',''
  ) );
#3395 = PCURVE('',#2536,#3396);
#3396 = DEFINITIONAL_REPRESENTATION('',(#3397),#3401);
#3397 = LINE('',#3398,#3399);
#3398 = CARTESIAN_POINT('',(-0.,0.));
#3399 = VECTOR('',#3400,1.);
#3400 = DIRECTION('',(-0.,-1.));
#3401 = ( GEOMETRIC_REPRESENTATION_CONTEXT(2) 
PARAMETRIC_REPRESENTATION_CONTEXT() REPRESENTATION_CONTEXT('2D SPACE',''
  ) );
#3402 = ORIENTED_EDGE('',*,*,#3403,.T.);
#3403 = EDGE_CURVE('',#3381,#3381,#3404,.T.);
#3404 = SURFACE_CURVE('',#3405,(#3410,#3417),.PCURVE_S1.);
#3405 = CIRCLE('',#3406,1.3);
#3406 = AXIS2_PLACEMENT_3D('',#3407,#3408,#3409);
#3407 = CARTESIAN_POINT('',(-11.,2.,88.8));
#3408 = DIRECTION('',(0.,-1.,0.));
#3409 = DIRECTION('',(1.,0.,0.));
#3410 = PCURVE('',#2536,#3411);
#3411 = DEFINITIONAL_REPRESENTATION('',(#3412),#3416);
#3412 = LINE('',#3413,#3414);
#3413 = CARTESIAN_POINT('',(-0.,-11.));
#3414 = VECTOR('',#3415,1.);
#3415 = DIRECTION('',(-1.,0.));
#3416 = ( GEOMETRIC_REPRESENTATION_CONTEXT(2) 
PARAMETRIC_REPRESENTATION_CONTEXT() REPRESENTATION_CONTEXT('2D SPACE',''
  ) );
#3417 = PCURVE('',#3418,#3423);
#3418 = PLANE('',#3419);
#3419 = AXIS2_PLACEMENT_3D('',#3420,#3421,#3422);
#3420 = CARTESIAN_POINT('',(-11.,2.,88.8));
#3421 = DIRECTION('',(-0.,-1.,-0.));
#3422 = DIRECTION('',(0.,0.,-1.));
#3423 = DEFINITIONAL_REPRESENTATION('',(#3424),#3428);
#3424 = CIRCLE('',#3425,1.3);
#3425 = AXIS2_PLACEMENT_2D('',#3426,#3427);
#3426 = CARTESIAN_POINT('',(-1.42108547152E-14,0.));
#3427 = DIRECTION('',(0.,1.));
#3428 = ( GEOMETRIC_REPRESENTATION_CONTEXT(2) 
PARAMETRIC_REPRESENTATION_CONTEXT() REPRESENTATION_CONTEXT('2D SPACE',''
  ) );
#3429 = ORIENTED_EDGE('',*,*,#3380,.F.);
#3430 = ADVANCED_FACE('',(#3431),#2571,.F.);
#3431 = FACE_BOUND('',#3432,.T.);
#3432 = EDGE_LOOP('',(#3433,#3434,#3457,#3484));
#3433 = ORIENTED_EDGE('',*,*,#2550,.T.);
#3434 = ORIENTED_EDGE('',*,*,#3435,.T.);
#3435 = EDGE_CURVE('',#2551,#3436,#3438,.T.);
#3436 = VERTEX_POINT('',#3437);
#3437 = CARTESIAN_POINT('',(12.3,2.,88.8));
#3438 = SEAM_CURVE('',#3439,(#3443,#3450),.PCURVE_S1.);
#3439 = LINE('',#3440,#3441);
#3440 = CARTESIAN_POINT('',(12.3,13.,88.8));
#3441 = VECTOR('',#3442,1.);
#3442 = DIRECTION('',(0.,-1.,0.));
#3443 = PCURVE('',#2571,#3444);
#3444 = DEFINITIONAL_REPRESENTATION('',(#3445),#3449);
#3445 = LINE('',#3446,#3447);
#3446 = CARTESIAN_POINT('',(-6.28318530718,0.));
#3447 = VECTOR('',#3448,1.);
#3448 = DIRECTION('',(-0.,-1.));
#3449 = ( GEOMETRIC_REPRESENTATION_CONTEXT(2) 
PARAMETRIC_REPRESENTATION_CONTEXT() REPRESENTATION_CONTEXT('2D SPACE',''
  ) );
#3450 = PCURVE('',#2571,#3451);
#3451 = DEFINITIONAL_REPRESENTATION('',(#3452),#3456);
#3452 = LINE('',#3453,#3454);
#3453 = CARTESIAN_POINT('',(-0.,0.));
#3454 = VECTOR('',#3455,1.);
#3455 = DIRECTION('',(-0.,-1.));
#3456 = ( GEOMETRIC_REPRESENTATION_CONTEXT(2) 
PARAMETRIC_REPRESENTATION_CONTEXT() REPRESENTATION_CONTEXT('2D SPACE',''
  ) );
#3457 = ORIENTED_EDGE('',*,*,#3458,.T.);
#3458 = EDGE_CURVE('',#3436,#3436,#3459,.T.);
#3459 = SURFACE_CURVE('',#3460,(#3465,#3472),.PCURVE_S1.);
#3460 = CIRCLE('',#3461,1.3);
#3461 = AXIS2_PLACEMENT_3D('',#3462,#3463,#3464);
#3462 = CARTESIAN_POINT('',(11.,2.,88.8));
#3463 = DIRECTION('',(0.,-1.,0.));
#3464 = DIRECTION('',(1.,0.,0.));
#3465 = PCURVE('',#2571,#3466);
#3466 = DEFINITIONAL_REPRESENTATION('',(#3467),#3471);
#3467 = LINE('',#3468,#3469);
#3468 = CARTESIAN_POINT('',(-0.,-11.));
#3469 = VECTOR('',#3470,1.);
#3470 = DIRECTION('',(-1.,0.));
#3471 = ( GEOMETRIC_REPRESENTATION_CONTEXT(2) 
PARAMETRIC_REPRESENTATION_CONTEXT() REPRESENTATION_CONTEXT('2D SPACE',''
  ) );
#3472 = PCURVE('',#3473,#3478);
#3473 = PLANE('',#3474);
#3474 = AXIS2_PLACEMENT_3D('',#3475,#3476,#3477);
#3475 = CARTESIAN_POINT('',(11.,2.,88.8));
#3476 = DIRECTION('',(-0.,-1.,-0.));
#3477 = DIRECTION('',(0.,0.,-1.));
#3478 = DEFINITIONAL_REPRESENTATION('',(#3479),#3483);
#3479 = CIRCLE('',#3480,1.3);
#3480 = AXIS2_PLACEMENT_2D('',#3481,#3482);
#3481 = CARTESIAN_POINT('',(-1.42108547152E-14,0.));
#3482 = DIRECTION('',(0.,1.));
#3483 = ( GEOMETRIC_REPRESENTATION_CONTEXT(2) 
PARAMETRIC_REPRESENTATION_CONTEXT() REPRESENTATION_CONTEXT('2D SPACE',''
  ) );
#3484 = ORIENTED_EDGE('',*,*,#3435,.F.);
#3485 = ADVANCED_FACE('',(#3486,#3512),#2624,.F.);
#3486 = FACE_BOUND('',#3487,.F.);
#3487 = EDGE_LOOP('',(#3488,#3489,#3510,#3511));
#3488 = ORIENTED_EDGE('',*,*,#2797,.F.);
#3489 = ORIENTED_EDGE('',*,*,#3490,.T.);
#3490 = EDGE_CURVE('',#2798,#3080,#3491,.T.);
#3491 = SURFACE_CURVE('',#3492,(#3496,#3503),.PCURVE_S1.);
#3492 = LINE('',#3493,#3494);
#3493 = CARTESIAN_POINT('',(-6.4,-6.6,114.05));
#3494 = VECTOR('',#3495,1.);
#3495 = DIRECTION('',(1.,0.,0.));
#3496 = PCURVE('',#2624,#3497);
#3497 = DEFINITIONAL_REPRESENTATION('',(#3498),#3502);
#3498 = LINE('',#3499,#3500);
#3499 = CARTESIAN_POINT('',(0.,0.));
#3500 = VECTOR('',#3501,1.);
#3501 = DIRECTION('',(1.,0.));
#3502 = ( GEOMETRIC_REPRESENTATION_CONTEXT(2) 
PARAMETRIC_REPRESENTATION_CONTEXT() REPRESENTATION_CONTEXT('2D SPACE',''
  ) );
#3503 = PCURVE('',#2836,#3504);
#3504 = DEFINITIONAL_REPRESENTATION('',(#3505),#3509);
#3505 = LINE('',#3506,#3507);
#3506 = CARTESIAN_POINT('',(33.3,0.));
#3507 = VECTOR('',#3508,1.);
#3508 = DIRECTION('',(0.,1.));
#3509 = ( GEOMETRIC_REPRESENTATION_CONTEXT(2) 
PARAMETRIC_REPRESENTATION_CONTEXT() REPRESENTATION_CONTEXT('2D SPACE',''
  ) );
#3510 = ORIENTED_EDGE('',*,*,#3079,.T.);
#3511 = ORIENTED_EDGE('',*,*,#2609,.T.);
#3512 = FACE_BOUND('',#3513,.F.);
#3513 = EDGE_LOOP('',(#3514));
#3514 = ORIENTED_EDGE('',*,*,#3290,.T.);
#3515 = ADVANCED_FACE('',(#3516),#2698,.F.);
#3516 = FACE_BOUND('',#3517,.F.);
#3517 = EDGE_LOOP('',(#3518));
#3518 = ORIENTED_EDGE('',*,*,#2683,.T.);
#3519 = ADVANCED_FACE('',(#3520),#2753,.F.);
#3520 = FACE_BOUND('',#3521,.F.);
#3521 = EDGE_LOOP('',(#3522));
#3522 = ORIENTED_EDGE('',*,*,#2738,.T.);
#3523 = ADVANCED_FACE('',(#3524),#2836,.T.);
#3524 = FACE_BOUND('',#3525,.T.);
#3525 = EDGE_LOOP('',(#3526,#3527,#3546,#3547));
#3526 = ORIENTED_EDGE('',*,*,#3102,.F.);
#3527 = ORIENTED_EDGE('',*,*,#3528,.F.);
#3528 = EDGE_CURVE('',#2821,#3103,#3529,.T.);
#3529 = SURFACE_CURVE('',#3530,(#3534,#3540),.PCURVE_S1.);
#3530 = LINE('',#3531,#3532);
#3531 = CARTESIAN_POINT('',(-6.4,-6.6,109.));
#3532 = VECTOR('',#3533,1.);
#3533 = DIRECTION('',(1.,0.,0.));
#3534 = PCURVE('',#2836,#3535);
#3535 = DEFINITIONAL_REPRESENTATION('',(#3536),#3539);
#3536 = B_SPLINE_CURVE_WITH_KNOTS('',1,(#3537,#3538),.UNSPECIFIED.,.F.,
  .F.,(2,2),(0.,12.8),.PIECEWISE_BEZIER_KNOTS.);
#3537 = CARTESIAN_POINT('',(28.25,0.));
#3538 = CARTESIAN_POINT('',(28.25,12.8));
#3539 = ( GEOMETRIC_REPRESENTATION_CONTEXT(2) 
PARAMETRIC_REPRESENTATION_CONTEXT() REPRESENTATION_CONTEXT('2D SPACE',''
  ) );
#3540 = PCURVE('',#2864,#3541);
#3541 = DEFINITIONAL_REPRESENTATION('',(#3542),#3545);
#3542 = B_SPLINE_CURVE_WITH_KNOTS('',1,(#3543,#3544),.UNSPECIFIED.,.F.,
  .F.,(2,2),(0.,12.8),.PIECEWISE_BEZIER_KNOTS.);
#3543 = CARTESIAN_POINT('',(0.,13.9));
#3544 = CARTESIAN_POINT('',(12.8,13.9));
#3545 = ( GEOMETRIC_REPRESENTATION_CONTEXT(2) 
PARAMETRIC_REPRESENTATION_CONTEXT() REPRESENTATION_CONTEXT('2D SPACE',''
  ) );
#3546 = ORIENTED_EDGE('',*,*,#2820,.T.);
#3547 = ORIENTED_EDGE('',*,*,#3490,.T.);
#3548 = ADVANCED_FACE('',(#3549),#2864,.F.);
#3549 = FACE_BOUND('',#3550,.F.);
#3550 = EDGE_LOOP('',(#3551,#3552,#3553,#3580,#3606,#3632,#3658,#3679,
    #3700,#3725));
#3551 = ORIENTED_EDGE('',*,*,#3528,.F.);
#3552 = ORIENTED_EDGE('',*,*,#2848,.F.);
#3553 = ORIENTED_EDGE('',*,*,#3554,.F.);
#3554 = EDGE_CURVE('',#3555,#2849,#3557,.T.);
#3555 = VERTEX_POINT('',#3556);
#3556 = CARTESIAN_POINT('',(-5.667450926122,-15.,109.));
#3557 = SURFACE_CURVE('',#3558,(#3563,#3570),.PCURVE_S1.);
#3558 = HYPERBOLA('',#3559,6.2,6.2);
#3559 = AXIS2_PLACEMENT_3D('',#3560,#3561,#3562);
#3560 = CARTESIAN_POINT('',(0.,-23.4,109.));
#3561 = DIRECTION('',(0.,0.,1.));
#3562 = DIRECTION('',(-0.,1.,0.));
#3563 = PCURVE('',#2864,#3564);
#3564 = DEFINITIONAL_REPRESENTATION('',(#3565),#3569);
#3565 = ( BOUNDED_CURVE() B_SPLINE_CURVE(2,(#3566,#3567,#3568),
.UNSPECIFIED.,.F.,.F.) B_SPLINE_CURVE_WITH_KNOTS((3,3),(0.819314391811,
0.917825203784),.PIECEWISE_BEZIER_KNOTS.) CURVE() 
GEOMETRIC_REPRESENTATION_ITEM() RATIONAL_B_SPLINE_CURVE((1.,
1.001213292777,1.)) REPRESENTATION_ITEM('') );
#3566 = CARTESIAN_POINT('',(0.732549073878,5.5));
#3567 = CARTESIAN_POINT('',(0.319137934431,5.778927064896));
#3568 = CARTESIAN_POINT('',(-0.12380257212,6.1));
#3569 = ( GEOMETRIC_REPRESENTATION_CONTEXT(2) 
PARAMETRIC_REPRESENTATION_CONTEXT() REPRESENTATION_CONTEXT('2D SPACE',''
  ) );
#3570 = PCURVE('',#2893,#3571);
#3571 = DEFINITIONAL_REPRESENTATION('',(#3572),#3579);
#3572 = B_SPLINE_CURVE_WITH_KNOTS('',5,(#3573,#3574,#3575,#3576,#3577,
    #3578),.UNSPECIFIED.,.F.,.F.,(6,6),(0.819314391811,0.904000532865),
  .PIECEWISE_BEZIER_KNOTS.);
#3573 = CARTESIAN_POINT('',(-8.59453511793,-0.6));
#3574 = CARTESIAN_POINT('',(-8.607036405419,-0.504009090291));
#3575 = CARTESIAN_POINT('',(-8.619359120016,-0.405006048915));
#3576 = CARTESIAN_POINT('',(-8.631502592407,-0.302933506363));
#3577 = CARTESIAN_POINT('',(-8.643466638008,-0.197730496599));
#3578 = CARTESIAN_POINT('',(-8.655251480365,-8.933223603762E-02));
#3579 = ( GEOMETRIC_REPRESENTATION_CONTEXT(2) 
PARAMETRIC_REPRESENTATION_CONTEXT() REPRESENTATION_CONTEXT('2D SPACE',''
  ) );
#3580 = ORIENTED_EDGE('',*,*,#3581,.F.);
#3581 = EDGE_CURVE('',#3582,#3555,#3584,.T.);
#3582 = VERTEX_POINT('',#3583);
#3583 = CARTESIAN_POINT('',(-1.118033988749,-15.,109.));
#3584 = SURFACE_CURVE('',#3585,(#3589,#3595),.PCURVE_S1.);
#3585 = LINE('',#3586,#3587);
#3586 = CARTESIAN_POINT('',(-3.2,-15.,109.));
#3587 = VECTOR('',#3588,1.);
#3588 = DIRECTION('',(-1.,0.,0.));
#3589 = PCURVE('',#2864,#3590);
#3590 = DEFINITIONAL_REPRESENTATION('',(#3591),#3594);
#3591 = B_SPLINE_CURVE_WITH_KNOTS('',1,(#3592,#3593),.UNSPECIFIED.,.F.,
  .F.,(2,2),(-9.6,3.2),.PIECEWISE_BEZIER_KNOTS.);
#3592 = CARTESIAN_POINT('',(12.8,5.5));
#3593 = CARTESIAN_POINT('',(0.,5.5));
#3594 = ( GEOMETRIC_REPRESENTATION_CONTEXT(2) 
PARAMETRIC_REPRESENTATION_CONTEXT() REPRESENTATION_CONTEXT('2D SPACE',''
  ) );
#3595 = PCURVE('',#3596,#3601);
#3596 = PLANE('',#3597);
#3597 = AXIS2_PLACEMENT_3D('',#3598,#3599,#3600);
#3598 = CARTESIAN_POINT('',(-6.077511700175E-16,-15.,102.8));
#3599 = DIRECTION('',(-0.,-1.,-0.));
#3600 = DIRECTION('',(0.,0.,-1.));
#3601 = DEFINITIONAL_REPRESENTATION('',(#3602),#3605);
#3602 = B_SPLINE_CURVE_WITH_KNOTS('',1,(#3603,#3604),.UNSPECIFIED.,.F.,
  .F.,(2,2),(-9.6,3.2),.PIECEWISE_BEZIER_KNOTS.);
#3603 = CARTESIAN_POINT('',(-6.2,6.4));
#3604 = CARTESIAN_POINT('',(-6.2,-6.4));
#3605 = ( GEOMETRIC_REPRESENTATION_CONTEXT(2) 
PARAMETRIC_REPRESENTATION_CONTEXT() REPRESENTATION_CONTEXT('2D SPACE',''
  ) );
#3606 = ORIENTED_EDGE('',*,*,#3607,.T.);
#3607 = EDGE_CURVE('',#3582,#3608,#3610,.T.);
#3608 = VERTEX_POINT('',#3609);
#3609 = CARTESIAN_POINT('',(-1.11803398875,-9.5,109.));
#3610 = SURFACE_CURVE('',#3611,(#3615,#3621),.PCURVE_S1.);
#3611 = LINE('',#3612,#3613);
#3612 = CARTESIAN_POINT('',(-1.11803398875,-9.5,109.));
#3613 = VECTOR('',#3614,1.);
#3614 = DIRECTION('',(-0.,1.,-0.));
#3615 = PCURVE('',#2864,#3616);
#3616 = DEFINITIONAL_REPRESENTATION('',(#3617),#3620);
#3617 = B_SPLINE_CURVE_WITH_KNOTS('',1,(#3618,#3619),.UNSPECIFIED.,.F.,
  .F.,(2,2),(-6.34,5.999999999062E-07),.PIECEWISE_BEZIER_KNOTS.);
#3618 = CARTESIAN_POINT('',(5.28196601125,4.66));
#3619 = CARTESIAN_POINT('',(5.28196601125,11.0000006));
#3620 = ( GEOMETRIC_REPRESENTATION_CONTEXT(2) 
PARAMETRIC_REPRESENTATION_CONTEXT() REPRESENTATION_CONTEXT('2D SPACE',''
  ) );
#3621 = PCURVE('',#3622,#3627);
#3622 = CYLINDRICAL_SURFACE('',#3623,6.3);
#3623 = AXIS2_PLACEMENT_3D('',#3624,#3625,#3626);
#3624 = CARTESIAN_POINT('',(0.,-9.5,102.8));
#3625 = DIRECTION('',(-0.,1.,-0.));
#3626 = DIRECTION('',(1.,0.,0.));
#3627 = DEFINITIONAL_REPRESENTATION('',(#3628),#3631);
#3628 = B_SPLINE_CURVE_WITH_KNOTS('',1,(#3629,#3630),.UNSPECIFIED.,.F.,
  .F.,(2,2),(-6.34,5.999999999062E-07),.PIECEWISE_BEZIER_KNOTS.);
#3629 = CARTESIAN_POINT('',(-1.74920701389,-6.34));
#3630 = CARTESIAN_POINT('',(-1.74920701389,5.999999999062E-07));
#3631 = ( GEOMETRIC_REPRESENTATION_CONTEXT(2) 
PARAMETRIC_REPRESENTATION_CONTEXT() REPRESENTATION_CONTEXT('2D SPACE',''
  ) );
#3632 = ORIENTED_EDGE('',*,*,#3633,.T.);
#3633 = EDGE_CURVE('',#3608,#3634,#3636,.T.);
#3634 = VERTEX_POINT('',#3635);
#3635 = CARTESIAN_POINT('',(1.11803398875,-9.5,109.));
#3636 = SURFACE_CURVE('',#3637,(#3641,#3647),.PCURVE_S1.);
#3637 = LINE('',#3638,#3639);
#3638 = CARTESIAN_POINT('',(-3.2,-9.5,109.));
#3639 = VECTOR('',#3640,1.);
#3640 = DIRECTION('',(1.,0.,0.));
#3641 = PCURVE('',#2864,#3642);
#3642 = DEFINITIONAL_REPRESENTATION('',(#3643),#3646);
#3643 = B_SPLINE_CURVE_WITH_KNOTS('',1,(#3644,#3645),.UNSPECIFIED.,.F.,
  .F.,(2,2),(-3.1,9.5),.PIECEWISE_BEZIER_KNOTS.);
#3644 = CARTESIAN_POINT('',(0.1,11.));
#3645 = CARTESIAN_POINT('',(12.7,11.));
#3646 = ( GEOMETRIC_REPRESENTATION_CONTEXT(2) 
PARAMETRIC_REPRESENTATION_CONTEXT() REPRESENTATION_CONTEXT('2D SPACE',''
  ) );
#3647 = PCURVE('',#3648,#3653);
#3648 = PLANE('',#3649);
#3649 = AXIS2_PLACEMENT_3D('',#3650,#3651,#3652);
#3650 = CARTESIAN_POINT('',(0.,-9.5,102.8));
#3651 = DIRECTION('',(-0.,-1.,-0.));
#3652 = DIRECTION('',(0.,0.,-1.));
#3653 = DEFINITIONAL_REPRESENTATION('',(#3654),#3657);
#3654 = B_SPLINE_CURVE_WITH_KNOTS('',1,(#3655,#3656),.UNSPECIFIED.,.F.,
  .F.,(2,2),(-3.1,9.5),.PIECEWISE_BEZIER_KNOTS.);
#3655 = CARTESIAN_POINT('',(-6.2,-6.3));
#3656 = CARTESIAN_POINT('',(-6.2,6.3));
#3657 = ( GEOMETRIC_REPRESENTATION_CONTEXT(2) 
PARAMETRIC_REPRESENTATION_CONTEXT() REPRESENTATION_CONTEXT('2D SPACE',''
  ) );
#3658 = ORIENTED_EDGE('',*,*,#3659,.F.);
#3659 = EDGE_CURVE('',#3660,#3634,#3662,.T.);
#3660 = VERTEX_POINT('',#3661);
#3661 = CARTESIAN_POINT('',(1.118033988749,-15.,109.));
#3662 = SURFACE_CURVE('',#3663,(#3667,#3673),.PCURVE_S1.);
#3663 = LINE('',#3664,#3665);
#3664 = CARTESIAN_POINT('',(1.11803398875,-9.5,109.));
#3665 = VECTOR('',#3666,1.);
#3666 = DIRECTION('',(-0.,1.,-0.));
#3667 = PCURVE('',#2864,#3668);
#3668 = DEFINITIONAL_REPRESENTATION('',(#3669),#3672);
#3669 = B_SPLINE_CURVE_WITH_KNOTS('',1,(#3670,#3671),.UNSPECIFIED.,.F.,
  .F.,(2,2),(-6.34,5.999999999062E-07),.PIECEWISE_BEZIER_KNOTS.);
#3670 = CARTESIAN_POINT('',(7.51803398875,4.66));
#3671 = CARTESIAN_POINT('',(7.51803398875,11.0000006));
#3672 = ( GEOMETRIC_REPRESENTATION_CONTEXT(2) 
PARAMETRIC_REPRESENTATION_CONTEXT() REPRESENTATION_CONTEXT('2D SPACE',''
  ) );
#3673 = PCURVE('',#3622,#3674);
#3674 = DEFINITIONAL_REPRESENTATION('',(#3675),#3678);
#3675 = B_SPLINE_CURVE_WITH_KNOTS('',1,(#3676,#3677),.UNSPECIFIED.,.F.,
  .F.,(2,2),(-6.34,5.999999999062E-07),.PIECEWISE_BEZIER_KNOTS.);
#3676 = CARTESIAN_POINT('',(-1.3923856397,-6.34));
#3677 = CARTESIAN_POINT('',(-1.3923856397,5.999999999062E-07));
#3678 = ( GEOMETRIC_REPRESENTATION_CONTEXT(2) 
PARAMETRIC_REPRESENTATION_CONTEXT() REPRESENTATION_CONTEXT('2D SPACE',''
  ) );
#3679 = ORIENTED_EDGE('',*,*,#3680,.F.);
#3680 = EDGE_CURVE('',#3681,#3660,#3683,.T.);
#3681 = VERTEX_POINT('',#3682);
#3682 = CARTESIAN_POINT('',(5.667450926122,-15.,109.));
#3683 = SURFACE_CURVE('',#3684,(#3688,#3694),.PCURVE_S1.);
#3684 = LINE('',#3685,#3686);
#3685 = CARTESIAN_POINT('',(-3.2,-15.,109.));
#3686 = VECTOR('',#3687,1.);
#3687 = DIRECTION('',(-1.,0.,0.));
#3688 = PCURVE('',#2864,#3689);
#3689 = DEFINITIONAL_REPRESENTATION('',(#3690),#3693);
#3690 = B_SPLINE_CURVE_WITH_KNOTS('',1,(#3691,#3692),.UNSPECIFIED.,.F.,
  .F.,(2,2),(-9.6,3.2),.PIECEWISE_BEZIER_KNOTS.);
#3691 = CARTESIAN_POINT('',(12.8,5.5));
#3692 = CARTESIAN_POINT('',(0.,5.5));
#3693 = ( GEOMETRIC_REPRESENTATION_CONTEXT(2) 
PARAMETRIC_REPRESENTATION_CONTEXT() REPRESENTATION_CONTEXT('2D SPACE',''
  ) );
#3694 = PCURVE('',#3596,#3695);
#3695 = DEFINITIONAL_REPRESENTATION('',(#3696),#3699);
#3696 = B_SPLINE_CURVE_WITH_KNOTS('',1,(#3697,#3698),.UNSPECIFIED.,.F.,
  .F.,(2,2),(-9.6,3.2),.PIECEWISE_BEZIER_KNOTS.);
#3697 = CARTESIAN_POINT('',(-6.2,6.4));
#3698 = CARTESIAN_POINT('',(-6.2,-6.4));
#3699 = ( GEOMETRIC_REPRESENTATION_CONTEXT(2) 
PARAMETRIC_REPRESENTATION_CONTEXT() REPRESENTATION_CONTEXT('2D SPACE',''
  ) );
#3700 = ORIENTED_EDGE('',*,*,#3701,.F.);
#3701 = EDGE_CURVE('',#3126,#3681,#3702,.T.);
#3702 = SURFACE_CURVE('',#3703,(#3708,#3715),.PCURVE_S1.);
#3703 = HYPERBOLA('',#3704,6.2,6.2);
#3704 = AXIS2_PLACEMENT_3D('',#3705,#3706,#3707);
#3705 = CARTESIAN_POINT('',(0.,-23.4,109.));
#3706 = DIRECTION('',(0.,0.,1.));
#3707 = DIRECTION('',(-0.,1.,0.));
#3708 = PCURVE('',#2864,#3709);
#3709 = DEFINITIONAL_REPRESENTATION('',(#3710),#3714);
#3710 = ( BOUNDED_CURVE() B_SPLINE_CURVE(2,(#3711,#3712,#3713),
.UNSPECIFIED.,.F.,.F.) B_SPLINE_CURVE_WITH_KNOTS((3,3),(-0.917825203784,
-0.819314391811),.PIECEWISE_BEZIER_KNOTS.) CURVE() 
GEOMETRIC_REPRESENTATION_ITEM() RATIONAL_B_SPLINE_CURVE((1.,
1.001213292777,1.)) REPRESENTATION_ITEM('') );
#3711 = CARTESIAN_POINT('',(12.92380257212,6.1));
#3712 = CARTESIAN_POINT('',(12.480862065569,5.778927064896));
#3713 = CARTESIAN_POINT('',(12.067450926122,5.5));
#3714 = ( GEOMETRIC_REPRESENTATION_CONTEXT(2) 
PARAMETRIC_REPRESENTATION_CONTEXT() REPRESENTATION_CONTEXT('2D SPACE',''
  ) );
#3715 = PCURVE('',#2893,#3716);
#3716 = DEFINITIONAL_REPRESENTATION('',(#3717),#3724);
#3717 = B_SPLINE_CURVE_WITH_KNOTS('',5,(#3718,#3719,#3720,#3721,#3722,
    #3723),.UNSPECIFIED.,.F.,.F.,(6,6),(-0.904000532865,-0.819314391811)
  ,.PIECEWISE_BEZIER_KNOTS.);
#3718 = CARTESIAN_POINT('',(-7.052711787584,-8.933223603762E-02));
#3719 = CARTESIAN_POINT('',(-7.064496629941,-0.197730496599));
#3720 = CARTESIAN_POINT('',(-7.076460675542,-0.302933506363));
#3721 = CARTESIAN_POINT('',(-7.088604147933,-0.405006048915));
#3722 = CARTESIAN_POINT('',(-7.10092686253,-0.504009090291));
#3723 = CARTESIAN_POINT('',(-7.113428150019,-0.6));
#3724 = ( GEOMETRIC_REPRESENTATION_CONTEXT(2) 
PARAMETRIC_REPRESENTATION_CONTEXT() REPRESENTATION_CONTEXT('2D SPACE',''
  ) );
#3725 = ORIENTED_EDGE('',*,*,#3125,.T.);
#3726 = ADVANCED_FACE('',(#3727),#2893,.T.);
#3727 = FACE_BOUND('',#3728,.T.);
#3728 = EDGE_LOOP('',(#3729,#3755,#3756,#3757,#3758,#3779,#3780,#3781,
    #3802,#3803));
#3729 = ORIENTED_EDGE('',*,*,#3730,.T.);
#3730 = EDGE_CURVE('',#3149,#3176,#3731,.T.);
#3731 = SURFACE_CURVE('',#3732,(#3737,#3744),.PCURVE_S1.);
#3732 = CIRCLE('',#3733,8.4);
#3733 = AXIS2_PLACEMENT_3D('',#3734,#3735,#3736);
#3734 = CARTESIAN_POINT('',(0.,-15.,102.8));
#3735 = DIRECTION('',(0.,1.,0.));
#3736 = DIRECTION('',(0.761904761905,-0.,0.647689071845));
#3737 = PCURVE('',#2893,#3738);
#3738 = DEFINITIONAL_REPRESENTATION('',(#3739),#3743);
#3739 = LINE('',#3740,#3741);
#3740 = CARTESIAN_POINT('',(-6.987732725632,-0.6));
#3741 = VECTOR('',#3742,1.);
#3742 = DIRECTION('',(1.,-0.));
#3743 = ( GEOMETRIC_REPRESENTATION_CONTEXT(2) 
PARAMETRIC_REPRESENTATION_CONTEXT() REPRESENTATION_CONTEXT('2D SPACE',''
  ) );
#3744 = PCURVE('',#3191,#3745);
#3745 = DEFINITIONAL_REPRESENTATION('',(#3746),#3754);
#3746 = ( BOUNDED_CURVE() B_SPLINE_CURVE(2,(#3747,#3748,#3749,#3750,
#3751,#3752,#3753),.UNSPECIFIED.,.T.,.F.) B_SPLINE_CURVE_WITH_KNOTS((1,2
    ,2,2,2,1),(-2.094395102393,0.,2.094395102393,4.188790204786,
6.28318530718,8.377580409573),.UNSPECIFIED.) CURVE() 
GEOMETRIC_REPRESENTATION_ITEM() RATIONAL_B_SPLINE_CURVE((1.,0.5,1.,0.5,
1.,0.5,1.)) REPRESENTATION_ITEM('') );
#3747 = CARTESIAN_POINT('',(-5.440588203494,6.4));
#3748 = CARTESIAN_POINT('',(5.644536964947,15.823375191512));
#3749 = CARTESIAN_POINT('',(8.262856685967,1.511687595756));
#3750 = CARTESIAN_POINT('',(10.881176406988,-12.8));
#3751 = CARTESIAN_POINT('',(-2.822268482473,-7.911687595756));
#3752 = CARTESIAN_POINT('',(-16.52571337193,-3.023375191512));
#3753 = CARTESIAN_POINT('',(-5.440588203494,6.4));
#3754 = ( GEOMETRIC_REPRESENTATION_CONTEXT(2) 
PARAMETRIC_REPRESENTATION_CONTEXT() REPRESENTATION_CONTEXT('2D SPACE',''
  ) );
#3755 = ORIENTED_EDGE('',*,*,#3202,.F.);
#3756 = ORIENTED_EDGE('',*,*,#3346,.F.);
#3757 = ORIENTED_EDGE('',*,*,#2935,.T.);
#3758 = ORIENTED_EDGE('',*,*,#3759,.F.);
#3759 = EDGE_CURVE('',#2877,#2909,#3760,.T.);
#3760 = SURFACE_CURVE('',#3761,(#3766,#3772),.PCURVE_S1.);
#3761 = CIRCLE('',#3762,8.4);
#3762 = AXIS2_PLACEMENT_3D('',#3763,#3764,#3765);
#3763 = CARTESIAN_POINT('',(0.,-15.,102.8));
#3764 = DIRECTION('',(0.,-1.,-0.));
#3765 = DIRECTION('',(1.,0.,0.));
#3766 = PCURVE('',#2893,#3767);
#3767 = DEFINITIONAL_REPRESENTATION('',(#3768),#3771);
#3768 = B_SPLINE_CURVE_WITH_KNOTS('',1,(#3769,#3770),.UNSPECIFIED.,.F.,
  .F.,(2,2),(2.437045235137,3.846140072043),.PIECEWISE_BEZIER_KNOTS.);
#3769 = CARTESIAN_POINT('',(-8.720230542317,-0.6));
#3770 = CARTESIAN_POINT('',(-10.12932537922,-0.6));
#3771 = ( GEOMETRIC_REPRESENTATION_CONTEXT(2) 
PARAMETRIC_REPRESENTATION_CONTEXT() REPRESENTATION_CONTEXT('2D SPACE',''
  ) );
#3772 = PCURVE('',#2924,#3773);
#3773 = DEFINITIONAL_REPRESENTATION('',(#3774),#3778);
#3774 = CIRCLE('',#3775,8.4);
#3775 = AXIS2_PLACEMENT_2D('',#3776,#3777);
#3776 = CARTESIAN_POINT('',(0.,6.077511700175E-16));
#3777 = DIRECTION('',(0.,1.));
#3778 = ( GEOMETRIC_REPRESENTATION_CONTEXT(2) 
PARAMETRIC_REPRESENTATION_CONTEXT() REPRESENTATION_CONTEXT('2D SPACE',''
  ) );
#3779 = ORIENTED_EDGE('',*,*,#2876,.T.);
#3780 = ORIENTED_EDGE('',*,*,#3554,.F.);
#3781 = ORIENTED_EDGE('',*,*,#3782,.F.);
#3782 = EDGE_CURVE('',#3681,#3555,#3783,.T.);
#3783 = SURFACE_CURVE('',#3784,(#3789,#3795),.PCURVE_S1.);
#3784 = CIRCLE('',#3785,8.4);
#3785 = AXIS2_PLACEMENT_3D('',#3786,#3787,#3788);
#3786 = CARTESIAN_POINT('',(0.,-15.,102.8));
#3787 = DIRECTION('',(0.,-1.,-0.));
#3788 = DIRECTION('',(1.,0.,0.));
#3789 = PCURVE('',#2893,#3790);
#3790 = DEFINITIONAL_REPRESENTATION('',(#3791),#3794);
#3791 = B_SPLINE_CURVE_WITH_KNOTS('',1,(#3792,#3793),.UNSPECIFIED.,.F.,
  .F.,(2,2),(0.830242842839,2.31134981075),.PIECEWISE_BEZIER_KNOTS.);
#3792 = CARTESIAN_POINT('',(-7.113428150019,-0.6));
#3793 = CARTESIAN_POINT('',(-8.59453511793,-0.6));
#3794 = ( GEOMETRIC_REPRESENTATION_CONTEXT(2) 
PARAMETRIC_REPRESENTATION_CONTEXT() REPRESENTATION_CONTEXT('2D SPACE',''
  ) );
#3795 = PCURVE('',#3596,#3796);
#3796 = DEFINITIONAL_REPRESENTATION('',(#3797),#3801);
#3797 = CIRCLE('',#3798,8.4);
#3798 = AXIS2_PLACEMENT_2D('',#3799,#3800);
#3799 = CARTESIAN_POINT('',(0.,6.077511700175E-16));
#3800 = DIRECTION('',(0.,1.));
#3801 = ( GEOMETRIC_REPRESENTATION_CONTEXT(2) 
PARAMETRIC_REPRESENTATION_CONTEXT() REPRESENTATION_CONTEXT('2D SPACE',''
  ) );
#3802 = ORIENTED_EDGE('',*,*,#3701,.F.);
#3803 = ORIENTED_EDGE('',*,*,#3148,.F.);
#3804 = ADVANCED_FACE('',(#3805),#2924,.T.);
#3805 = FACE_BOUND('',#3806,.T.);
#3806 = EDGE_LOOP('',(#3807,#3808));
#3807 = ORIENTED_EDGE('',*,*,#3759,.T.);
#3808 = ORIENTED_EDGE('',*,*,#2908,.T.);
#3809 = ADVANCED_FACE('',(#3810),#3191,.T.);
#3810 = FACE_BOUND('',#3811,.T.);
#3811 = EDGE_LOOP('',(#3812,#3813));
#3812 = ORIENTED_EDGE('',*,*,#3175,.F.);
#3813 = ORIENTED_EDGE('',*,*,#3730,.F.);
#3814 = ADVANCED_FACE('',(#3815),#3418,.F.);
#3815 = FACE_BOUND('',#3816,.F.);
#3816 = EDGE_LOOP('',(#3817));
#3817 = ORIENTED_EDGE('',*,*,#3403,.T.);
#3818 = ADVANCED_FACE('',(#3819),#3473,.F.);
#3819 = FACE_BOUND('',#3820,.F.);
#3820 = EDGE_LOOP('',(#3821));
#3821 = ORIENTED_EDGE('',*,*,#3458,.T.);
#3822 = ADVANCED_FACE('',(#3823),#3596,.T.);
#3823 = FACE_BOUND('',#3824,.T.);
#3824 = EDGE_LOOP('',(#3825,#3826,#3827,#3828));
#3825 = ORIENTED_EDGE('',*,*,#3680,.F.);
#3826 = ORIENTED_EDGE('',*,*,#3782,.T.);
#3827 = ORIENTED_EDGE('',*,*,#3581,.F.);
#3828 = ORIENTED_EDGE('',*,*,#3829,.T.);
#3829 = EDGE_CURVE('',#3582,#3660,#3830,.T.);
#3830 = SURFACE_CURVE('',#3831,(#3836,#3847),.PCURVE_S1.);
#3831 = CIRCLE('',#3832,6.3);
#3832 = AXIS2_PLACEMENT_3D('',#3833,#3834,#3835);
#3833 = CARTESIAN_POINT('',(0.,-15.,102.8));
#3834 = DIRECTION('',(-0.,1.,0.));
#3835 = DIRECTION('',(1.,0.,0.));
#3836 = PCURVE('',#3596,#3837);
#3837 = DEFINITIONAL_REPRESENTATION('',(#3838),#3846);
#3838 = ( BOUNDED_CURVE() B_SPLINE_CURVE(2,(#3839,#3840,#3841,#3842,
#3843,#3844,#3845),.UNSPECIFIED.,.T.,.F.) B_SPLINE_CURVE_WITH_KNOTS((1,2
    ,2,2,2,1),(-2.094395102393,0.,2.094395102393,4.188790204786,
6.28318530718,8.377580409573),.UNSPECIFIED.) CURVE() 
GEOMETRIC_REPRESENTATION_ITEM() RATIONAL_B_SPLINE_CURVE((1.,0.5,1.,0.5,
1.,0.5,1.)) REPRESENTATION_ITEM('') );
#3839 = CARTESIAN_POINT('',(0.,6.3));
#3840 = CARTESIAN_POINT('',(10.911920087684,6.3));
#3841 = CARTESIAN_POINT('',(5.455960043842,-3.15));
#3842 = CARTESIAN_POINT('',(1.543054966926E-15,-12.6));
#3843 = CARTESIAN_POINT('',(-5.455960043842,-3.15));
#3844 = CARTESIAN_POINT('',(-10.91192008768,6.3));
#3845 = CARTESIAN_POINT('',(0.,6.3));
#3846 = ( GEOMETRIC_REPRESENTATION_CONTEXT(2) 
PARAMETRIC_REPRESENTATION_CONTEXT() REPRESENTATION_CONTEXT('2D SPACE',''
  ) );
#3847 = PCURVE('',#3622,#3848);
#3848 = DEFINITIONAL_REPRESENTATION('',(#3849),#3853);
#3849 = LINE('',#3850,#3851);
#3850 = CARTESIAN_POINT('',(-6.28318530718,-5.5));
#3851 = VECTOR('',#3852,1.);
#3852 = DIRECTION('',(1.,-0.));
#3853 = ( GEOMETRIC_REPRESENTATION_CONTEXT(2) 
PARAMETRIC_REPRESENTATION_CONTEXT() REPRESENTATION_CONTEXT('2D SPACE',''
  ) );
#3854 = ADVANCED_FACE('',(#3855),#3622,.F.);
#3855 = FACE_BOUND('',#3856,.T.);
#3856 = EDGE_LOOP('',(#3857,#3879,#3880,#3881));
#3857 = ORIENTED_EDGE('',*,*,#3858,.F.);
#3858 = EDGE_CURVE('',#3634,#3608,#3859,.T.);
#3859 = SURFACE_CURVE('',#3860,(#3865,#3872),.PCURVE_S1.);
#3860 = CIRCLE('',#3861,6.3);
#3861 = AXIS2_PLACEMENT_3D('',#3862,#3863,#3864);
#3862 = CARTESIAN_POINT('',(0.,-9.5,102.8));
#3863 = DIRECTION('',(0.,-1.,0.));
#3864 = DIRECTION('',(1.,0.,0.));
#3865 = PCURVE('',#3622,#3866);
#3866 = DEFINITIONAL_REPRESENTATION('',(#3867),#3871);
#3867 = LINE('',#3868,#3869);
#3868 = CARTESIAN_POINT('',(-0.,0.));
#3869 = VECTOR('',#3870,1.);
#3870 = DIRECTION('',(-1.,0.));
#3871 = ( GEOMETRIC_REPRESENTATION_CONTEXT(2) 
PARAMETRIC_REPRESENTATION_CONTEXT() REPRESENTATION_CONTEXT('2D SPACE',''
  ) );
#3872 = PCURVE('',#3648,#3873);
#3873 = DEFINITIONAL_REPRESENTATION('',(#3874),#3878);
#3874 = CIRCLE('',#3875,6.3);
#3875 = AXIS2_PLACEMENT_2D('',#3876,#3877);
#3876 = CARTESIAN_POINT('',(-1.42108547152E-14,0.));
#3877 = DIRECTION('',(0.,1.));
#3878 = ( GEOMETRIC_REPRESENTATION_CONTEXT(2) 
PARAMETRIC_REPRESENTATION_CONTEXT() REPRESENTATION_CONTEXT('2D SPACE',''
  ) );
#3879 = ORIENTED_EDGE('',*,*,#3659,.F.);
#3880 = ORIENTED_EDGE('',*,*,#3829,.F.);
#3881 = ORIENTED_EDGE('',*,*,#3607,.T.);
#3882 = ADVANCED_FACE('',(#3883),#3648,.T.);
#3883 = FACE_BOUND('',#3884,.T.);
#3884 = EDGE_LOOP('',(#3885,#3886));
#3885 = ORIENTED_EDGE('',*,*,#3633,.T.);
#3886 = ORIENTED_EDGE('',*,*,#3858,.T.);
#3887 = ( GEOMETRIC_REPRESENTATION_CONTEXT(3) 
GLOBAL_UNCERTAINTY_ASSIGNED_CONTEXT((#3891)) 
GLOBAL_UNIT_ASSIGNED_CONTEXT((#3888,#3889,#3890)) REPRESENTATION_CONTEXT
('Context #1','3D Context with UNIT and UNCERTAINTY') );
#3888 = ( LENGTH_UNIT() NAMED_UNIT(*) SI_UNIT(.MILLI.,.METRE.) );
#3889 = ( NAMED_UNIT(*) PLANE_ANGLE_UNIT() SI_UNIT($,.RADIAN.) );
#3890 = ( NAMED_UNIT(*) SI_UNIT($,.STERADIAN.) SOLID_ANGLE_UNIT() );
#3891 = UNCERTAINTY_MEASURE_WITH_UNIT(LENGTH_MEASURE(5.E-06),#3888,
  'distance_accuracy_value','confusion accuracy');
#3892 = PRODUCT_RELATED_PRODUCT_CATEGORY('part',$,(#7));
ENDSEC;
END-ISO-10303-21;
