ISO-10303-21;
HEADER;
FILE_DESCRIPTION(('Open CASCADE Model'),'2;1');
FILE_NAME('Open CASCADE Shape Model','2026-10-02T21:04:07',('Author'),(
    'Open CASCADE'),'Open CASCADE STEP processor 7.9','Open CASCADE 7.9'
  ,'Unknown');
FILE_SCHEMA(('AUTOMOTIVE_DESIGN { 1 0 10303 214 1 1 1 1 }'));
ENDSEC;
DATA;
#1 = APPLICATION_PROTOCOL_DEFINITION('international standard',
  'automotive_design',2000,#2);
#2 = APPLICATION_CONTEXT(
  'core data for automotive mechanical design processes');
#3 = SHAPE_DEFINITION_REPRESENTATION(#4,#10);
#4 = PRODUCT_DEFINITION_SHAPE('','',#5);
#5 = PRODUCT_DEFINITION('design','',#6,#9);
#6 = PRODUCT_DEFINITION_FORMATION('','',#7);
#7 = PRODUCT('Open CASCADE STEP translator 7.9 1',
  'Open CASCADE STEP translator 7.9 1','',(#8));
#8 = PRODUCT_CONTEXT('',#2,'mechanical');
#9 = PRODUCT_DEFINITION_CONTEXT('part definition',#2,'design');
#10 = ADVANCED_BREP_SHAPE_REPRESENTATION('',(#11,#15),#16013);
#11 = AXIS2_PLACEMENT_3D('',#12,#13,#14);
#12 = CARTESIAN_POINT('',(0.,0.,0.));
#13 = DIRECTION('',(0.,0.,1.));
#14 = DIRECTION('',(1.,0.,-0.));
#15 = MANIFOLD_SOLID_BREP('',#16);
#16 = CLOSED_SHELL('',(#17,#1129,#1541,#1613,#1685,#2077,#2132,#2182,
    #2232,#2282,#2332,#2382,#2432,#2482,#2532,#2582,#2632,#2682,#2732,
    #2782,#2832,#2882,#2932,#2982,#3032,#3082,#3132,#3182,#3232,#3282,
    #3332,#3382,#3432,#3482,#3532,#3582,#3632,#3682,#3740,#5447,#5475,
    #5515,#5550,#5575,#6643,#6729,#6760,#7933,#7971,#7978,#7985,#8021,
    #8060,#8066,#8104,#8129,#8367,#8421,#8427,#8455,#8490,#8496,#8668,
    #8693,#8718,#8777,#8836,#8860,#8884,#9125,#9560,#9588,#9616,#9657,
    #9698,#9723,#9748,#9775,#9830,#9885,#9954,#10008,#10062,#10087,
    #10156,#10210,#10264,#10289,#10344,#10413,#10467,#10521,#10546,
    #10615,#10669,#10723,#10748,#10817,#10871,#10925,#10950,#11019,
    #11073,#11127,#11152,#11221,#11275,#11329,#11354,#11409,#11436,
    #11461,#11511,#11561,#11611,#11661,#11711,#11761,#11811,#11861,
    #11911,#11961,#12011,#12061,#12111,#12161,#12211,#12261,#12311,
    #12361,#12411,#12461,#12511,#12561,#12611,#12661,#12711,#12761,
    #12811,#12861,#12911,#12961,#13011,#13061,#13086,#13125,#13173,
    #13179,#13185,#13223,#13270,#13295,#13320,#13347,#13401,#13428,
    #13706,#13873,#13925,#13973,#14023,#14075,#14236,#14264,#14312,
    #14364,#14412,#14462,#14514,#14659,#14687,#14741,#14790,#14817,
    #14844,#14871,#14900,#15101,#15109,#15208,#15235,#15262,#15269,
    #15277,#15281,#15285,#15289,#15293,#15340,#15367,#15394,#15401,
    #15456,#15511,#15566,#15621,#15660,#15699,#15738,#15777,#15832,
    #15887,#15942,#15997,#16001,#16005,#16009));
#17 = ADVANCED_FACE('',(#18,#137,#168,#199,#230,#261,#292,#323,#354,#385
    ,#416,#447,#478,#509,#540,#571,#602,#633,#664,#695,#726,#757,#788,
    #819,#850,#881,#912,#943,#974,#1005,#1036,#1067,#1098),#32,.T.);
#18 = FACE_BOUND('',#19,.T.);
#19 = EDGE_LOOP('',(#20,#55,#83,#111));
#20 = ORIENTED_EDGE('',*,*,#21,.T.);
#21 = EDGE_CURVE('',#22,#24,#26,.T.);
#22 = VERTEX_POINT('',#23);
#23 = CARTESIAN_POINT('',(-56.,-32.,0.6));
#24 = VERTEX_POINT('',#25);
#25 = CARTESIAN_POINT('',(-56.,-32.,29.2));
#26 = SURFACE_CURVE('',#27,(#31,#43),.PCURVE_S1.);
#27 = LINE('',#28,#29);
#28 = CARTESIAN_POINT('',(-56.,-32.,0.));
#29 = VECTOR('',#30,1.);
#30 = DIRECTION('',(0.,0.,1.));
#31 = PCURVE('',#32,#37);
#32 = PLANE('',#33);
#33 = AXIS2_PLACEMENT_3D('',#34,#35,#36);
#34 = CARTESIAN_POINT('',(-56.,-32.,0.));
#35 = DIRECTION('',(-1.,0.,0.));
#36 = DIRECTION('',(0.,1.,0.));
#37 = DEFINITIONAL_REPRESENTATION('',(#38),#42);
#38 = LINE('',#39,#40);
#39 = CARTESIAN_POINT('',(0.,0.));
#40 = VECTOR('',#41,1.);
#41 = DIRECTION('',(0.,-1.));
#42 = ( GEOMETRIC_REPRESENTATION_CONTEXT(2) 
PARAMETRIC_REPRESENTATION_CONTEXT() REPRESENTATION_CONTEXT('2D SPACE',''
  ) );
#43 = PCURVE('',#44,#49);
#44 = CYLINDRICAL_SURFACE('',#45,24.);
#45 = AXIS2_PLACEMENT_3D('',#46,#47,#48);
#46 = CARTESIAN_POINT('',(-32.,-32.,0.));
#47 = DIRECTION('',(-0.,-0.,-1.));
#48 = DIRECTION('',(1.,0.,0.));
#49 = DEFINITIONAL_REPRESENTATION('',(#50),#54);
#50 = LINE('',#51,#52);
#51 = CARTESIAN_POINT('',(-3.14159265359,0.));
#52 = VECTOR('',#53,1.);
#53 = DIRECTION('',(-0.,-1.));
#54 = ( GEOMETRIC_REPRESENTATION_CONTEXT(2) 
PARAMETRIC_REPRESENTATION_CONTEXT() REPRESENTATION_CONTEXT('2D SPACE',''
  ) );
#55 = ORIENTED_EDGE('',*,*,#56,.T.);
#56 = EDGE_CURVE('',#24,#57,#59,.T.);
#57 = VERTEX_POINT('',#58);
#58 = CARTESIAN_POINT('',(-56.,32.,29.2));
#59 = SURFACE_CURVE('',#60,(#64,#71),.PCURVE_S1.);
#60 = LINE('',#61,#62);
#61 = CARTESIAN_POINT('',(-56.,-32.,29.2));
#62 = VECTOR('',#63,1.);
#63 = DIRECTION('',(0.,1.,0.));
#64 = PCURVE('',#32,#65);
#65 = DEFINITIONAL_REPRESENTATION('',(#66),#70);
#66 = LINE('',#67,#68);
#67 = CARTESIAN_POINT('',(0.,-29.2));
#68 = VECTOR('',#69,1.);
#69 = DIRECTION('',(1.,0.));
#70 = ( GEOMETRIC_REPRESENTATION_CONTEXT(2) 
PARAMETRIC_REPRESENTATION_CONTEXT() REPRESENTATION_CONTEXT('2D SPACE',''
  ) );
#71 = PCURVE('',#72,#77);
#72 = PLANE('',#73);
#73 = AXIS2_PLACEMENT_3D('',#74,#75,#76);
#74 = CARTESIAN_POINT('',(-55.6,-32.,29.6));
#75 = DIRECTION('',(-0.707106781187,-6.983161618628E-18,0.707106781187)
  );
#76 = DIRECTION('',(4.937840934654E-18,-1.,-4.937840934654E-18));
#77 = DEFINITIONAL_REPRESENTATION('',(#78),#82);
#78 = LINE('',#79,#80);
#79 = CARTESIAN_POINT('',(-0.,-0.565685424949));
#80 = VECTOR('',#81,1.);
#81 = DIRECTION('',(-1.,0.));
#82 = ( GEOMETRIC_REPRESENTATION_CONTEXT(2) 
PARAMETRIC_REPRESENTATION_CONTEXT() REPRESENTATION_CONTEXT('2D SPACE',''
  ) );
#83 = ORIENTED_EDGE('',*,*,#84,.F.);
#84 = EDGE_CURVE('',#85,#57,#87,.T.);
#85 = VERTEX_POINT('',#86);
#86 = CARTESIAN_POINT('',(-56.,32.,0.6));
#87 = SURFACE_CURVE('',#88,(#92,#99),.PCURVE_S1.);
#88 = LINE('',#89,#90);
#89 = CARTESIAN_POINT('',(-56.,32.,0.));
#90 = VECTOR('',#91,1.);
#91 = DIRECTION('',(0.,0.,1.));
#92 = PCURVE('',#32,#93);
#93 = DEFINITIONAL_REPRESENTATION('',(#94),#98);
#94 = LINE('',#95,#96);
#95 = CARTESIAN_POINT('',(64.,0.));
#96 = VECTOR('',#97,1.);
#97 = DIRECTION('',(0.,-1.));
#98 = ( GEOMETRIC_REPRESENTATION_CONTEXT(2) 
PARAMETRIC_REPRESENTATION_CONTEXT() REPRESENTATION_CONTEXT('2D SPACE',''
  ) );
#99 = PCURVE('',#100,#105);
#100 = CYLINDRICAL_SURFACE('',#101,24.);
#101 = AXIS2_PLACEMENT_3D('',#102,#103,#104);
#102 = CARTESIAN_POINT('',(-32.,32.,0.));
#103 = DIRECTION('',(-0.,-0.,-1.));
#104 = DIRECTION('',(1.,0.,0.));
#105 = DEFINITIONAL_REPRESENTATION('',(#106),#110);
#106 = LINE('',#107,#108);
#107 = CARTESIAN_POINT('',(-3.14159265359,0.));
#108 = VECTOR('',#109,1.);
#109 = DIRECTION('',(-0.,-1.));
#110 = ( GEOMETRIC_REPRESENTATION_CONTEXT(2) 
PARAMETRIC_REPRESENTATION_CONTEXT() REPRESENTATION_CONTEXT('2D SPACE',''
  ) );
#111 = ORIENTED_EDGE('',*,*,#112,.F.);
#112 = EDGE_CURVE('',#22,#85,#113,.T.);
#113 = SURFACE_CURVE('',#114,(#118,#125),.PCURVE_S1.);
#114 = LINE('',#115,#116);
#115 = CARTESIAN_POINT('',(-56.,-32.,0.6));
#116 = VECTOR('',#117,1.);
#117 = DIRECTION('',(0.,1.,0.));
#118 = PCURVE('',#32,#119);
#119 = DEFINITIONAL_REPRESENTATION('',(#120),#124);
#120 = LINE('',#121,#122);
#121 = CARTESIAN_POINT('',(0.,-0.6));
#122 = VECTOR('',#123,1.);
#123 = DIRECTION('',(1.,0.));
#124 = ( GEOMETRIC_REPRESENTATION_CONTEXT(2) 
PARAMETRIC_REPRESENTATION_CONTEXT() REPRESENTATION_CONTEXT('2D SPACE',''
  ) );
#125 = PCURVE('',#126,#131);
#126 = PLANE('',#127);
#127 = AXIS2_PLACEMENT_3D('',#128,#129,#130);
#128 = CARTESIAN_POINT('',(-55.7,-32.,0.3));
#129 = DIRECTION('',(0.707106781187,0.,0.707106781187));
#130 = DIRECTION('',(0.,-1.,-0.));
#131 = DEFINITIONAL_REPRESENTATION('',(#132),#136);
#132 = LINE('',#133,#134);
#133 = CARTESIAN_POINT('',(-0.,-0.424264068712));
#134 = VECTOR('',#135,1.);
#135 = DIRECTION('',(-1.,0.));
#136 = ( GEOMETRIC_REPRESENTATION_CONTEXT(2) 
PARAMETRIC_REPRESENTATION_CONTEXT() REPRESENTATION_CONTEXT('2D SPACE',''
  ) );
#137 = FACE_BOUND('',#138,.T.);
#138 = EDGE_LOOP('',(#139));
#139 = ORIENTED_EDGE('',*,*,#140,.F.);
#140 = EDGE_CURVE('',#141,#141,#143,.T.);
#141 = VERTEX_POINT('',#142);
#142 = CARTESIAN_POINT('',(-56.,-28.4,22.));
#143 = SURFACE_CURVE('',#144,(#149,#156),.PCURVE_S1.);
#144 = CIRCLE('',#145,1.6);
#145 = AXIS2_PLACEMENT_3D('',#146,#147,#148);
#146 = CARTESIAN_POINT('',(-56.,-30.,22.));
#147 = DIRECTION('',(-1.,0.,0.));
#148 = DIRECTION('',(0.,1.,0.));
#149 = PCURVE('',#32,#150);
#150 = DEFINITIONAL_REPRESENTATION('',(#151),#155);
#151 = CIRCLE('',#152,1.6);
#152 = AXIS2_PLACEMENT_2D('',#153,#154);
#153 = CARTESIAN_POINT('',(2.,-22.));
#154 = DIRECTION('',(1.,0.));
#155 = ( GEOMETRIC_REPRESENTATION_CONTEXT(2) 
PARAMETRIC_REPRESENTATION_CONTEXT() REPRESENTATION_CONTEXT('2D SPACE',''
  ) );
#156 = PCURVE('',#157,#162);
#157 = CYLINDRICAL_SURFACE('',#158,1.6);
#158 = AXIS2_PLACEMENT_3D('',#159,#160,#161);
#159 = CARTESIAN_POINT('',(-57.,-30.,22.));
#160 = DIRECTION('',(-1.,-0.,-0.));
#161 = DIRECTION('',(0.,1.,0.));
#162 = DEFINITIONAL_REPRESENTATION('',(#163),#167);
#163 = LINE('',#164,#165);
#164 = CARTESIAN_POINT('',(-6.28318530718,-1.));
#165 = VECTOR('',#166,1.);
#166 = DIRECTION('',(1.,-0.));
#167 = ( GEOMETRIC_REPRESENTATION_CONTEXT(2) 
PARAMETRIC_REPRESENTATION_CONTEXT() REPRESENTATION_CONTEXT('2D SPACE',''
  ) );
#168 = FACE_BOUND('',#169,.T.);
#169 = EDGE_LOOP('',(#170));
#170 = ORIENTED_EDGE('',*,*,#171,.F.);
#171 = EDGE_CURVE('',#172,#172,#174,.T.);
#172 = VERTEX_POINT('',#173);
#173 = CARTESIAN_POINT('',(-56.,-22.4,22.));
#174 = SURFACE_CURVE('',#175,(#180,#187),.PCURVE_S1.);
#175 = CIRCLE('',#176,1.6);
#176 = AXIS2_PLACEMENT_3D('',#177,#178,#179);
#177 = CARTESIAN_POINT('',(-56.,-24.,22.));
#178 = DIRECTION('',(-1.,0.,0.));
#179 = DIRECTION('',(0.,1.,0.));
#180 = PCURVE('',#32,#181);
#181 = DEFINITIONAL_REPRESENTATION('',(#182),#186);
#182 = CIRCLE('',#183,1.6);
#183 = AXIS2_PLACEMENT_2D('',#184,#185);
#184 = CARTESIAN_POINT('',(8.,-22.));
#185 = DIRECTION('',(1.,0.));
#186 = ( GEOMETRIC_REPRESENTATION_CONTEXT(2) 
PARAMETRIC_REPRESENTATION_CONTEXT() REPRESENTATION_CONTEXT('2D SPACE',''
  ) );
#187 = PCURVE('',#188,#193);
#188 = CYLINDRICAL_SURFACE('',#189,1.6);
#189 = AXIS2_PLACEMENT_3D('',#190,#191,#192);
#190 = CARTESIAN_POINT('',(-57.,-24.,22.));
#191 = DIRECTION('',(-1.,-0.,-0.));
#192 = DIRECTION('',(0.,1.,0.));
#193 = DEFINITIONAL_REPRESENTATION('',(#194),#198);
#194 = LINE('',#195,#196);
#195 = CARTESIAN_POINT('',(-6.28318530718,-1.));
#196 = VECTOR('',#197,1.);
#197 = DIRECTION('',(1.,-0.));
#198 = ( GEOMETRIC_REPRESENTATION_CONTEXT(2) 
PARAMETRIC_REPRESENTATION_CONTEXT() REPRESENTATION_CONTEXT('2D SPACE',''
  ) );
#199 = FACE_BOUND('',#200,.T.);
#200 = EDGE_LOOP('',(#201));
#201 = ORIENTED_EDGE('',*,*,#202,.F.);
#202 = EDGE_CURVE('',#203,#203,#205,.T.);
#203 = VERTEX_POINT('',#204);
#204 = CARTESIAN_POINT('',(-56.,-16.4,22.));
#205 = SURFACE_CURVE('',#206,(#211,#218),.PCURVE_S1.);
#206 = CIRCLE('',#207,1.6);
#207 = AXIS2_PLACEMENT_3D('',#208,#209,#210);
#208 = CARTESIAN_POINT('',(-56.,-18.,22.));
#209 = DIRECTION('',(-1.,0.,0.));
#210 = DIRECTION('',(0.,1.,0.));
#211 = PCURVE('',#32,#212);
#212 = DEFINITIONAL_REPRESENTATION('',(#213),#217);
#213 = CIRCLE('',#214,1.6);
#214 = AXIS2_PLACEMENT_2D('',#215,#216);
#215 = CARTESIAN_POINT('',(14.,-22.));
#216 = DIRECTION('',(1.,0.));
#217 = ( GEOMETRIC_REPRESENTATION_CONTEXT(2) 
PARAMETRIC_REPRESENTATION_CONTEXT() REPRESENTATION_CONTEXT('2D SPACE',''
  ) );
#218 = PCURVE('',#219,#224);
#219 = CYLINDRICAL_SURFACE('',#220,1.6);
#220 = AXIS2_PLACEMENT_3D('',#221,#222,#223);
#221 = CARTESIAN_POINT('',(-57.,-18.,22.));
#222 = DIRECTION('',(-1.,-0.,-0.));
#223 = DIRECTION('',(0.,1.,0.));
#224 = DEFINITIONAL_REPRESENTATION('',(#225),#229);
#225 = LINE('',#226,#227);
#226 = CARTESIAN_POINT('',(-6.28318530718,-1.));
#227 = VECTOR('',#228,1.);
#228 = DIRECTION('',(1.,-0.));
#229 = ( GEOMETRIC_REPRESENTATION_CONTEXT(2) 
PARAMETRIC_REPRESENTATION_CONTEXT() REPRESENTATION_CONTEXT('2D SPACE',''
  ) );
#230 = FACE_BOUND('',#231,.T.);
#231 = EDGE_LOOP('',(#232));
#232 = ORIENTED_EDGE('',*,*,#233,.F.);
#233 = EDGE_CURVE('',#234,#234,#236,.T.);
#234 = VERTEX_POINT('',#235);
#235 = CARTESIAN_POINT('',(-56.,-10.4,22.));
#236 = SURFACE_CURVE('',#237,(#242,#249),.PCURVE_S1.);
#237 = CIRCLE('',#238,1.6);
#238 = AXIS2_PLACEMENT_3D('',#239,#240,#241);
#239 = CARTESIAN_POINT('',(-56.,-12.,22.));
#240 = DIRECTION('',(-1.,0.,0.));
#241 = DIRECTION('',(0.,1.,0.));
#242 = PCURVE('',#32,#243);
#243 = DEFINITIONAL_REPRESENTATION('',(#244),#248);
#244 = CIRCLE('',#245,1.6);
#245 = AXIS2_PLACEMENT_2D('',#246,#247);
#246 = CARTESIAN_POINT('',(20.,-22.));
#247 = DIRECTION('',(1.,0.));
#248 = ( GEOMETRIC_REPRESENTATION_CONTEXT(2) 
PARAMETRIC_REPRESENTATION_CONTEXT() REPRESENTATION_CONTEXT('2D SPACE',''
  ) );
#249 = PCURVE('',#250,#255);
#250 = CYLINDRICAL_SURFACE('',#251,1.6);
#251 = AXIS2_PLACEMENT_3D('',#252,#253,#254);
#252 = CARTESIAN_POINT('',(-57.,-12.,22.));
#253 = DIRECTION('',(-1.,-0.,-0.));
#254 = DIRECTION('',(0.,1.,0.));
#255 = DEFINITIONAL_REPRESENTATION('',(#256),#260);
#256 = LINE('',#257,#258);
#257 = CARTESIAN_POINT('',(-6.28318530718,-1.));
#258 = VECTOR('',#259,1.);
#259 = DIRECTION('',(1.,-0.));
#260 = ( GEOMETRIC_REPRESENTATION_CONTEXT(2) 
PARAMETRIC_REPRESENTATION_CONTEXT() REPRESENTATION_CONTEXT('2D SPACE',''
  ) );
#261 = FACE_BOUND('',#262,.T.);
#262 = EDGE_LOOP('',(#263));
#263 = ORIENTED_EDGE('',*,*,#264,.F.);
#264 = EDGE_CURVE('',#265,#265,#267,.T.);
#265 = VERTEX_POINT('',#266);
#266 = CARTESIAN_POINT('',(-56.,-4.4,22.));
#267 = SURFACE_CURVE('',#268,(#273,#280),.PCURVE_S1.);
#268 = CIRCLE('',#269,1.6);
#269 = AXIS2_PLACEMENT_3D('',#270,#271,#272);
#270 = CARTESIAN_POINT('',(-56.,-6.,22.));
#271 = DIRECTION('',(-1.,0.,0.));
#272 = DIRECTION('',(0.,1.,0.));
#273 = PCURVE('',#32,#274);
#274 = DEFINITIONAL_REPRESENTATION('',(#275),#279);
#275 = CIRCLE('',#276,1.6);
#276 = AXIS2_PLACEMENT_2D('',#277,#278);
#277 = CARTESIAN_POINT('',(26.,-22.));
#278 = DIRECTION('',(1.,0.));
#279 = ( GEOMETRIC_REPRESENTATION_CONTEXT(2) 
PARAMETRIC_REPRESENTATION_CONTEXT() REPRESENTATION_CONTEXT('2D SPACE',''
  ) );
#280 = PCURVE('',#281,#286);
#281 = CYLINDRICAL_SURFACE('',#282,1.6);
#282 = AXIS2_PLACEMENT_3D('',#283,#284,#285);
#283 = CARTESIAN_POINT('',(-57.,-6.,22.));
#284 = DIRECTION('',(-1.,-0.,-0.));
#285 = DIRECTION('',(0.,1.,0.));
#286 = DEFINITIONAL_REPRESENTATION('',(#287),#291);
#287 = LINE('',#288,#289);
#288 = CARTESIAN_POINT('',(-6.28318530718,-1.));
#289 = VECTOR('',#290,1.);
#290 = DIRECTION('',(1.,-0.));
#291 = ( GEOMETRIC_REPRESENTATION_CONTEXT(2) 
PARAMETRIC_REPRESENTATION_CONTEXT() REPRESENTATION_CONTEXT('2D SPACE',''
  ) );
#292 = FACE_BOUND('',#293,.T.);
#293 = EDGE_LOOP('',(#294));
#294 = ORIENTED_EDGE('',*,*,#295,.F.);
#295 = EDGE_CURVE('',#296,#296,#298,.T.);
#296 = VERTEX_POINT('',#297);
#297 = CARTESIAN_POINT('',(-56.,1.6,22.));
#298 = SURFACE_CURVE('',#299,(#304,#311),.PCURVE_S1.);
#299 = CIRCLE('',#300,1.6);
#300 = AXIS2_PLACEMENT_3D('',#301,#302,#303);
#301 = CARTESIAN_POINT('',(-56.,0.,22.));
#302 = DIRECTION('',(-1.,0.,0.));
#303 = DIRECTION('',(0.,1.,0.));
#304 = PCURVE('',#32,#305);
#305 = DEFINITIONAL_REPRESENTATION('',(#306),#310);
#306 = CIRCLE('',#307,1.6);
#307 = AXIS2_PLACEMENT_2D('',#308,#309);
#308 = CARTESIAN_POINT('',(32.,-22.));
#309 = DIRECTION('',(1.,0.));
#310 = ( GEOMETRIC_REPRESENTATION_CONTEXT(2) 
PARAMETRIC_REPRESENTATION_CONTEXT() REPRESENTATION_CONTEXT('2D SPACE',''
  ) );
#311 = PCURVE('',#312,#317);
#312 = CYLINDRICAL_SURFACE('',#313,1.6);
#313 = AXIS2_PLACEMENT_3D('',#314,#315,#316);
#314 = CARTESIAN_POINT('',(-57.,0.,22.));
#315 = DIRECTION('',(-1.,-0.,-0.));
#316 = DIRECTION('',(0.,1.,0.));
#317 = DEFINITIONAL_REPRESENTATION('',(#318),#322);
#318 = LINE('',#319,#320);
#319 = CARTESIAN_POINT('',(-6.28318530718,-1.));
#320 = VECTOR('',#321,1.);
#321 = DIRECTION('',(1.,-0.));
#322 = ( GEOMETRIC_REPRESENTATION_CONTEXT(2) 
PARAMETRIC_REPRESENTATION_CONTEXT() REPRESENTATION_CONTEXT('2D SPACE',''
  ) );
#323 = FACE_BOUND('',#324,.T.);
#324 = EDGE_LOOP('',(#325));
#325 = ORIENTED_EDGE('',*,*,#326,.F.);
#326 = EDGE_CURVE('',#327,#327,#329,.T.);
#327 = VERTEX_POINT('',#328);
#328 = CARTESIAN_POINT('',(-56.,7.6,22.));
#329 = SURFACE_CURVE('',#330,(#335,#342),.PCURVE_S1.);
#330 = CIRCLE('',#331,1.6);
#331 = AXIS2_PLACEMENT_3D('',#332,#333,#334);
#332 = CARTESIAN_POINT('',(-56.,6.,22.));
#333 = DIRECTION('',(-1.,0.,0.));
#334 = DIRECTION('',(0.,1.,0.));
#335 = PCURVE('',#32,#336);
#336 = DEFINITIONAL_REPRESENTATION('',(#337),#341);
#337 = CIRCLE('',#338,1.6);
#338 = AXIS2_PLACEMENT_2D('',#339,#340);
#339 = CARTESIAN_POINT('',(38.,-22.));
#340 = DIRECTION('',(1.,0.));
#341 = ( GEOMETRIC_REPRESENTATION_CONTEXT(2) 
PARAMETRIC_REPRESENTATION_CONTEXT() REPRESENTATION_CONTEXT('2D SPACE',''
  ) );
#342 = PCURVE('',#343,#348);
#343 = CYLINDRICAL_SURFACE('',#344,1.6);
#344 = AXIS2_PLACEMENT_3D('',#345,#346,#347);
#345 = CARTESIAN_POINT('',(-57.,6.,22.));
#346 = DIRECTION('',(-1.,-0.,-0.));
#347 = DIRECTION('',(0.,1.,0.));
#348 = DEFINITIONAL_REPRESENTATION('',(#349),#353);
#349 = LINE('',#350,#351);
#350 = CARTESIAN_POINT('',(-6.28318530718,-1.));
#351 = VECTOR('',#352,1.);
#352 = DIRECTION('',(1.,-0.));
#353 = ( GEOMETRIC_REPRESENTATION_CONTEXT(2) 
PARAMETRIC_REPRESENTATION_CONTEXT() REPRESENTATION_CONTEXT('2D SPACE',''
  ) );
#354 = FACE_BOUND('',#355,.T.);
#355 = EDGE_LOOP('',(#356));
#356 = ORIENTED_EDGE('',*,*,#357,.F.);
#357 = EDGE_CURVE('',#358,#358,#360,.T.);
#358 = VERTEX_POINT('',#359);
#359 = CARTESIAN_POINT('',(-56.,13.6,22.));
#360 = SURFACE_CURVE('',#361,(#366,#373),.PCURVE_S1.);
#361 = CIRCLE('',#362,1.6);
#362 = AXIS2_PLACEMENT_3D('',#363,#364,#365);
#363 = CARTESIAN_POINT('',(-56.,12.,22.));
#364 = DIRECTION('',(-1.,0.,0.));
#365 = DIRECTION('',(0.,1.,0.));
#366 = PCURVE('',#32,#367);
#367 = DEFINITIONAL_REPRESENTATION('',(#368),#372);
#368 = CIRCLE('',#369,1.6);
#369 = AXIS2_PLACEMENT_2D('',#370,#371);
#370 = CARTESIAN_POINT('',(44.,-22.));
#371 = DIRECTION('',(1.,0.));
#372 = ( GEOMETRIC_REPRESENTATION_CONTEXT(2) 
PARAMETRIC_REPRESENTATION_CONTEXT() REPRESENTATION_CONTEXT('2D SPACE',''
  ) );
#373 = PCURVE('',#374,#379);
#374 = CYLINDRICAL_SURFACE('',#375,1.6);
#375 = AXIS2_PLACEMENT_3D('',#376,#377,#378);
#376 = CARTESIAN_POINT('',(-57.,12.,22.));
#377 = DIRECTION('',(-1.,-0.,-0.));
#378 = DIRECTION('',(0.,1.,0.));
#379 = DEFINITIONAL_REPRESENTATION('',(#380),#384);
#380 = LINE('',#381,#382);
#381 = CARTESIAN_POINT('',(-6.28318530718,-1.));
#382 = VECTOR('',#383,1.);
#383 = DIRECTION('',(1.,-0.));
#384 = ( GEOMETRIC_REPRESENTATION_CONTEXT(2) 
PARAMETRIC_REPRESENTATION_CONTEXT() REPRESENTATION_CONTEXT('2D SPACE',''
  ) );
#385 = FACE_BOUND('',#386,.T.);
#386 = EDGE_LOOP('',(#387));
#387 = ORIENTED_EDGE('',*,*,#388,.F.);
#388 = EDGE_CURVE('',#389,#389,#391,.T.);
#389 = VERTEX_POINT('',#390);
#390 = CARTESIAN_POINT('',(-56.,19.6,22.));
#391 = SURFACE_CURVE('',#392,(#397,#404),.PCURVE_S1.);
#392 = CIRCLE('',#393,1.6);
#393 = AXIS2_PLACEMENT_3D('',#394,#395,#396);
#394 = CARTESIAN_POINT('',(-56.,18.,22.));
#395 = DIRECTION('',(-1.,0.,0.));
#396 = DIRECTION('',(0.,1.,0.));
#397 = PCURVE('',#32,#398);
#398 = DEFINITIONAL_REPRESENTATION('',(#399),#403);
#399 = CIRCLE('',#400,1.6);
#400 = AXIS2_PLACEMENT_2D('',#401,#402);
#401 = CARTESIAN_POINT('',(50.,-22.));
#402 = DIRECTION('',(1.,0.));
#403 = ( GEOMETRIC_REPRESENTATION_CONTEXT(2) 
PARAMETRIC_REPRESENTATION_CONTEXT() REPRESENTATION_CONTEXT('2D SPACE',''
  ) );
#404 = PCURVE('',#405,#410);
#405 = CYLINDRICAL_SURFACE('',#406,1.6);
#406 = AXIS2_PLACEMENT_3D('',#407,#408,#409);
#407 = CARTESIAN_POINT('',(-57.,18.,22.));
#408 = DIRECTION('',(-1.,-0.,-0.));
#409 = DIRECTION('',(0.,1.,0.));
#410 = DEFINITIONAL_REPRESENTATION('',(#411),#415);
#411 = LINE('',#412,#413);
#412 = CARTESIAN_POINT('',(-6.28318530718,-1.));
#413 = VECTOR('',#414,1.);
#414 = DIRECTION('',(1.,-0.));
#415 = ( GEOMETRIC_REPRESENTATION_CONTEXT(2) 
PARAMETRIC_REPRESENTATION_CONTEXT() REPRESENTATION_CONTEXT('2D SPACE',''
  ) );
#416 = FACE_BOUND('',#417,.T.);
#417 = EDGE_LOOP('',(#418));
#418 = ORIENTED_EDGE('',*,*,#419,.F.);
#419 = EDGE_CURVE('',#420,#420,#422,.T.);
#420 = VERTEX_POINT('',#421);
#421 = CARTESIAN_POINT('',(-56.,25.6,22.));
#422 = SURFACE_CURVE('',#423,(#428,#435),.PCURVE_S1.);
#423 = CIRCLE('',#424,1.6);
#424 = AXIS2_PLACEMENT_3D('',#425,#426,#427);
#425 = CARTESIAN_POINT('',(-56.,24.,22.));
#426 = DIRECTION('',(-1.,0.,0.));
#427 = DIRECTION('',(0.,1.,0.));
#428 = PCURVE('',#32,#429);
#429 = DEFINITIONAL_REPRESENTATION('',(#430),#434);
#430 = CIRCLE('',#431,1.6);
#431 = AXIS2_PLACEMENT_2D('',#432,#433);
#432 = CARTESIAN_POINT('',(56.,-22.));
#433 = DIRECTION('',(1.,0.));
#434 = ( GEOMETRIC_REPRESENTATION_CONTEXT(2) 
PARAMETRIC_REPRESENTATION_CONTEXT() REPRESENTATION_CONTEXT('2D SPACE',''
  ) );
#435 = PCURVE('',#436,#441);
#436 = CYLINDRICAL_SURFACE('',#437,1.6);
#437 = AXIS2_PLACEMENT_3D('',#438,#439,#440);
#438 = CARTESIAN_POINT('',(-57.,24.,22.));
#439 = DIRECTION('',(-1.,-0.,-0.));
#440 = DIRECTION('',(0.,1.,0.));
#441 = DEFINITIONAL_REPRESENTATION('',(#442),#446);
#442 = LINE('',#443,#444);
#443 = CARTESIAN_POINT('',(-6.28318530718,-1.));
#444 = VECTOR('',#445,1.);
#445 = DIRECTION('',(1.,-0.));
#446 = ( GEOMETRIC_REPRESENTATION_CONTEXT(2) 
PARAMETRIC_REPRESENTATION_CONTEXT() REPRESENTATION_CONTEXT('2D SPACE',''
  ) );
#447 = FACE_BOUND('',#448,.T.);
#448 = EDGE_LOOP('',(#449));
#449 = ORIENTED_EDGE('',*,*,#450,.F.);
#450 = EDGE_CURVE('',#451,#451,#453,.T.);
#451 = VERTEX_POINT('',#452);
#452 = CARTESIAN_POINT('',(-56.,31.6,22.));
#453 = SURFACE_CURVE('',#454,(#459,#466),.PCURVE_S1.);
#454 = CIRCLE('',#455,1.6);
#455 = AXIS2_PLACEMENT_3D('',#456,#457,#458);
#456 = CARTESIAN_POINT('',(-56.,30.,22.));
#457 = DIRECTION('',(-1.,0.,0.));
#458 = DIRECTION('',(0.,1.,0.));
#459 = PCURVE('',#32,#460);
#460 = DEFINITIONAL_REPRESENTATION('',(#461),#465);
#461 = CIRCLE('',#462,1.6);
#462 = AXIS2_PLACEMENT_2D('',#463,#464);
#463 = CARTESIAN_POINT('',(62.,-22.));
#464 = DIRECTION('',(1.,0.));
#465 = ( GEOMETRIC_REPRESENTATION_CONTEXT(2) 
PARAMETRIC_REPRESENTATION_CONTEXT() REPRESENTATION_CONTEXT('2D SPACE',''
  ) );
#466 = PCURVE('',#467,#472);
#467 = CYLINDRICAL_SURFACE('',#468,1.6);
#468 = AXIS2_PLACEMENT_3D('',#469,#470,#471);
#469 = CARTESIAN_POINT('',(-57.,30.,22.));
#470 = DIRECTION('',(-1.,-0.,-0.));
#471 = DIRECTION('',(0.,1.,0.));
#472 = DEFINITIONAL_REPRESENTATION('',(#473),#477);
#473 = LINE('',#474,#475);
#474 = CARTESIAN_POINT('',(-6.28318530718,-1.));
#475 = VECTOR('',#476,1.);
#476 = DIRECTION('',(1.,-0.));
#477 = ( GEOMETRIC_REPRESENTATION_CONTEXT(2) 
PARAMETRIC_REPRESENTATION_CONTEXT() REPRESENTATION_CONTEXT('2D SPACE',''
  ) );
#478 = FACE_BOUND('',#479,.T.);
#479 = EDGE_LOOP('',(#480));
#480 = ORIENTED_EDGE('',*,*,#481,.F.);
#481 = EDGE_CURVE('',#482,#482,#484,.T.);
#482 = VERTEX_POINT('',#483);
#483 = CARTESIAN_POINT('',(-56.,-25.4,16.));
#484 = SURFACE_CURVE('',#485,(#490,#497),.PCURVE_S1.);
#485 = CIRCLE('',#486,1.6);
#486 = AXIS2_PLACEMENT_3D('',#487,#488,#489);
#487 = CARTESIAN_POINT('',(-56.,-27.,16.));
#488 = DIRECTION('',(-1.,0.,0.));
#489 = DIRECTION('',(0.,1.,0.));
#490 = PCURVE('',#32,#491);
#491 = DEFINITIONAL_REPRESENTATION('',(#492),#496);
#492 = CIRCLE('',#493,1.6);
#493 = AXIS2_PLACEMENT_2D('',#494,#495);
#494 = CARTESIAN_POINT('',(5.,-16.));
#495 = DIRECTION('',(1.,0.));
#496 = ( GEOMETRIC_REPRESENTATION_CONTEXT(2) 
PARAMETRIC_REPRESENTATION_CONTEXT() REPRESENTATION_CONTEXT('2D SPACE',''
  ) );
#497 = PCURVE('',#498,#503);
#498 = CYLINDRICAL_SURFACE('',#499,1.6);
#499 = AXIS2_PLACEMENT_3D('',#500,#501,#502);
#500 = CARTESIAN_POINT('',(-57.,-27.,16.));
#501 = DIRECTION('',(-1.,-0.,-0.));
#502 = DIRECTION('',(0.,1.,0.));
#503 = DEFINITIONAL_REPRESENTATION('',(#504),#508);
#504 = LINE('',#505,#506);
#505 = CARTESIAN_POINT('',(-6.28318530718,-1.));
#506 = VECTOR('',#507,1.);
#507 = DIRECTION('',(1.,-0.));
#508 = ( GEOMETRIC_REPRESENTATION_CONTEXT(2) 
PARAMETRIC_REPRESENTATION_CONTEXT() REPRESENTATION_CONTEXT('2D SPACE',''
  ) );
#509 = FACE_BOUND('',#510,.T.);
#510 = EDGE_LOOP('',(#511));
#511 = ORIENTED_EDGE('',*,*,#512,.F.);
#512 = EDGE_CURVE('',#513,#513,#515,.T.);
#513 = VERTEX_POINT('',#514);
#514 = CARTESIAN_POINT('',(-56.,-19.4,16.));
#515 = SURFACE_CURVE('',#516,(#521,#528),.PCURVE_S1.);
#516 = CIRCLE('',#517,1.6);
#517 = AXIS2_PLACEMENT_3D('',#518,#519,#520);
#518 = CARTESIAN_POINT('',(-56.,-21.,16.));
#519 = DIRECTION('',(-1.,0.,0.));
#520 = DIRECTION('',(0.,1.,0.));
#521 = PCURVE('',#32,#522);
#522 = DEFINITIONAL_REPRESENTATION('',(#523),#527);
#523 = CIRCLE('',#524,1.6);
#524 = AXIS2_PLACEMENT_2D('',#525,#526);
#525 = CARTESIAN_POINT('',(11.,-16.));
#526 = DIRECTION('',(1.,0.));
#527 = ( GEOMETRIC_REPRESENTATION_CONTEXT(2) 
PARAMETRIC_REPRESENTATION_CONTEXT() REPRESENTATION_CONTEXT('2D SPACE',''
  ) );
#528 = PCURVE('',#529,#534);
#529 = CYLINDRICAL_SURFACE('',#530,1.6);
#530 = AXIS2_PLACEMENT_3D('',#531,#532,#533);
#531 = CARTESIAN_POINT('',(-57.,-21.,16.));
#532 = DIRECTION('',(-1.,-0.,-0.));
#533 = DIRECTION('',(0.,1.,0.));
#534 = DEFINITIONAL_REPRESENTATION('',(#535),#539);
#535 = LINE('',#536,#537);
#536 = CARTESIAN_POINT('',(-6.28318530718,-1.));
#537 = VECTOR('',#538,1.);
#538 = DIRECTION('',(1.,-0.));
#539 = ( GEOMETRIC_REPRESENTATION_CONTEXT(2) 
PARAMETRIC_REPRESENTATION_CONTEXT() REPRESENTATION_CONTEXT('2D SPACE',''
  ) );
#540 = FACE_BOUND('',#541,.T.);
#541 = EDGE_LOOP('',(#542));
#542 = ORIENTED_EDGE('',*,*,#543,.F.);
#543 = EDGE_CURVE('',#544,#544,#546,.T.);
#544 = VERTEX_POINT('',#545);
#545 = CARTESIAN_POINT('',(-56.,-13.4,16.));
#546 = SURFACE_CURVE('',#547,(#552,#559),.PCURVE_S1.);
#547 = CIRCLE('',#548,1.6);
#548 = AXIS2_PLACEMENT_3D('',#549,#550,#551);
#549 = CARTESIAN_POINT('',(-56.,-15.,16.));
#550 = DIRECTION('',(-1.,0.,0.));
#551 = DIRECTION('',(0.,1.,0.));
#552 = PCURVE('',#32,#553);
#553 = DEFINITIONAL_REPRESENTATION('',(#554),#558);
#554 = CIRCLE('',#555,1.6);
#555 = AXIS2_PLACEMENT_2D('',#556,#557);
#556 = CARTESIAN_POINT('',(17.,-16.));
#557 = DIRECTION('',(1.,0.));
#558 = ( GEOMETRIC_REPRESENTATION_CONTEXT(2) 
PARAMETRIC_REPRESENTATION_CONTEXT() REPRESENTATION_CONTEXT('2D SPACE',''
  ) );
#559 = PCURVE('',#560,#565);
#560 = CYLINDRICAL_SURFACE('',#561,1.6);
#561 = AXIS2_PLACEMENT_3D('',#562,#563,#564);
#562 = CARTESIAN_POINT('',(-57.,-15.,16.));
#563 = DIRECTION('',(-1.,-0.,-0.));
#564 = DIRECTION('',(0.,1.,0.));
#565 = DEFINITIONAL_REPRESENTATION('',(#566),#570);
#566 = LINE('',#567,#568);
#567 = CARTESIAN_POINT('',(-6.28318530718,-1.));
#568 = VECTOR('',#569,1.);
#569 = DIRECTION('',(1.,-0.));
#570 = ( GEOMETRIC_REPRESENTATION_CONTEXT(2) 
PARAMETRIC_REPRESENTATION_CONTEXT() REPRESENTATION_CONTEXT('2D SPACE',''
  ) );
#571 = FACE_BOUND('',#572,.T.);
#572 = EDGE_LOOP('',(#573));
#573 = ORIENTED_EDGE('',*,*,#574,.F.);
#574 = EDGE_CURVE('',#575,#575,#577,.T.);
#575 = VERTEX_POINT('',#576);
#576 = CARTESIAN_POINT('',(-56.,-7.4,16.));
#577 = SURFACE_CURVE('',#578,(#583,#590),.PCURVE_S1.);
#578 = CIRCLE('',#579,1.6);
#579 = AXIS2_PLACEMENT_3D('',#580,#581,#582);
#580 = CARTESIAN_POINT('',(-56.,-9.,16.));
#581 = DIRECTION('',(-1.,0.,0.));
#582 = DIRECTION('',(0.,1.,0.));
#583 = PCURVE('',#32,#584);
#584 = DEFINITIONAL_REPRESENTATION('',(#585),#589);
#585 = CIRCLE('',#586,1.6);
#586 = AXIS2_PLACEMENT_2D('',#587,#588);
#587 = CARTESIAN_POINT('',(23.,-16.));
#588 = DIRECTION('',(1.,0.));
#589 = ( GEOMETRIC_REPRESENTATION_CONTEXT(2) 
PARAMETRIC_REPRESENTATION_CONTEXT() REPRESENTATION_CONTEXT('2D SPACE',''
  ) );
#590 = PCURVE('',#591,#596);
#591 = CYLINDRICAL_SURFACE('',#592,1.6);
#592 = AXIS2_PLACEMENT_3D('',#593,#594,#595);
#593 = CARTESIAN_POINT('',(-57.,-9.,16.));
#594 = DIRECTION('',(-1.,-0.,-0.));
#595 = DIRECTION('',(0.,1.,0.));
#596 = DEFINITIONAL_REPRESENTATION('',(#597),#601);
#597 = LINE('',#598,#599);
#598 = CARTESIAN_POINT('',(-6.28318530718,-1.));
#599 = VECTOR('',#600,1.);
#600 = DIRECTION('',(1.,-0.));
#601 = ( GEOMETRIC_REPRESENTATION_CONTEXT(2) 
PARAMETRIC_REPRESENTATION_CONTEXT() REPRESENTATION_CONTEXT('2D SPACE',''
  ) );
#602 = FACE_BOUND('',#603,.T.);
#603 = EDGE_LOOP('',(#604));
#604 = ORIENTED_EDGE('',*,*,#605,.F.);
#605 = EDGE_CURVE('',#606,#606,#608,.T.);
#606 = VERTEX_POINT('',#607);
#607 = CARTESIAN_POINT('',(-56.,-1.4,16.));
#608 = SURFACE_CURVE('',#609,(#614,#621),.PCURVE_S1.);
#609 = CIRCLE('',#610,1.6);
#610 = AXIS2_PLACEMENT_3D('',#611,#612,#613);
#611 = CARTESIAN_POINT('',(-56.,-3.,16.));
#612 = DIRECTION('',(-1.,0.,0.));
#613 = DIRECTION('',(0.,1.,0.));
#614 = PCURVE('',#32,#615);
#615 = DEFINITIONAL_REPRESENTATION('',(#616),#620);
#616 = CIRCLE('',#617,1.6);
#617 = AXIS2_PLACEMENT_2D('',#618,#619);
#618 = CARTESIAN_POINT('',(29.,-16.));
#619 = DIRECTION('',(1.,0.));
#620 = ( GEOMETRIC_REPRESENTATION_CONTEXT(2) 
PARAMETRIC_REPRESENTATION_CONTEXT() REPRESENTATION_CONTEXT('2D SPACE',''
  ) );
#621 = PCURVE('',#622,#627);
#622 = CYLINDRICAL_SURFACE('',#623,1.6);
#623 = AXIS2_PLACEMENT_3D('',#624,#625,#626);
#624 = CARTESIAN_POINT('',(-57.,-3.,16.));
#625 = DIRECTION('',(-1.,-0.,-0.));
#626 = DIRECTION('',(0.,1.,0.));
#627 = DEFINITIONAL_REPRESENTATION('',(#628),#632);
#628 = LINE('',#629,#630);
#629 = CARTESIAN_POINT('',(-6.28318530718,-1.));
#630 = VECTOR('',#631,1.);
#631 = DIRECTION('',(1.,-0.));
#632 = ( GEOMETRIC_REPRESENTATION_CONTEXT(2) 
PARAMETRIC_REPRESENTATION_CONTEXT() REPRESENTATION_CONTEXT('2D SPACE',''
  ) );
#633 = FACE_BOUND('',#634,.T.);
#634 = EDGE_LOOP('',(#635));
#635 = ORIENTED_EDGE('',*,*,#636,.F.);
#636 = EDGE_CURVE('',#637,#637,#639,.T.);
#637 = VERTEX_POINT('',#638);
#638 = CARTESIAN_POINT('',(-56.,-28.4,10.));
#639 = SURFACE_CURVE('',#640,(#645,#652),.PCURVE_S1.);
#640 = CIRCLE('',#641,1.6);
#641 = AXIS2_PLACEMENT_3D('',#642,#643,#644);
#642 = CARTESIAN_POINT('',(-56.,-30.,10.));
#643 = DIRECTION('',(-1.,0.,0.));
#644 = DIRECTION('',(0.,1.,0.));
#645 = PCURVE('',#32,#646);
#646 = DEFINITIONAL_REPRESENTATION('',(#647),#651);
#647 = CIRCLE('',#648,1.6);
#648 = AXIS2_PLACEMENT_2D('',#649,#650);
#649 = CARTESIAN_POINT('',(2.,-10.));
#650 = DIRECTION('',(1.,0.));
#651 = ( GEOMETRIC_REPRESENTATION_CONTEXT(2) 
PARAMETRIC_REPRESENTATION_CONTEXT() REPRESENTATION_CONTEXT('2D SPACE',''
  ) );
#652 = PCURVE('',#653,#658);
#653 = CYLINDRICAL_SURFACE('',#654,1.6);
#654 = AXIS2_PLACEMENT_3D('',#655,#656,#657);
#655 = CARTESIAN_POINT('',(-57.,-30.,10.));
#656 = DIRECTION('',(-1.,-0.,-0.));
#657 = DIRECTION('',(0.,1.,0.));
#658 = DEFINITIONAL_REPRESENTATION('',(#659),#663);
#659 = LINE('',#660,#661);
#660 = CARTESIAN_POINT('',(-6.28318530718,-1.));
#661 = VECTOR('',#662,1.);
#662 = DIRECTION('',(1.,-0.));
#663 = ( GEOMETRIC_REPRESENTATION_CONTEXT(2) 
PARAMETRIC_REPRESENTATION_CONTEXT() REPRESENTATION_CONTEXT('2D SPACE',''
  ) );
#664 = FACE_BOUND('',#665,.T.);
#665 = EDGE_LOOP('',(#666));
#666 = ORIENTED_EDGE('',*,*,#667,.F.);
#667 = EDGE_CURVE('',#668,#668,#670,.T.);
#668 = VERTEX_POINT('',#669);
#669 = CARTESIAN_POINT('',(-56.,-22.4,10.));
#670 = SURFACE_CURVE('',#671,(#676,#683),.PCURVE_S1.);
#671 = CIRCLE('',#672,1.6);
#672 = AXIS2_PLACEMENT_3D('',#673,#674,#675);
#673 = CARTESIAN_POINT('',(-56.,-24.,10.));
#674 = DIRECTION('',(-1.,0.,0.));
#675 = DIRECTION('',(0.,1.,0.));
#676 = PCURVE('',#32,#677);
#677 = DEFINITIONAL_REPRESENTATION('',(#678),#682);
#678 = CIRCLE('',#679,1.6);
#679 = AXIS2_PLACEMENT_2D('',#680,#681);
#680 = CARTESIAN_POINT('',(8.,-10.));
#681 = DIRECTION('',(1.,0.));
#682 = ( GEOMETRIC_REPRESENTATION_CONTEXT(2) 
PARAMETRIC_REPRESENTATION_CONTEXT() REPRESENTATION_CONTEXT('2D SPACE',''
  ) );
#683 = PCURVE('',#684,#689);
#684 = CYLINDRICAL_SURFACE('',#685,1.6);
#685 = AXIS2_PLACEMENT_3D('',#686,#687,#688);
#686 = CARTESIAN_POINT('',(-57.,-24.,10.));
#687 = DIRECTION('',(-1.,-0.,-0.));
#688 = DIRECTION('',(0.,1.,0.));
#689 = DEFINITIONAL_REPRESENTATION('',(#690),#694);
#690 = LINE('',#691,#692);
#691 = CARTESIAN_POINT('',(-6.28318530718,-1.));
#692 = VECTOR('',#693,1.);
#693 = DIRECTION('',(1.,-0.));
#694 = ( GEOMETRIC_REPRESENTATION_CONTEXT(2) 
PARAMETRIC_REPRESENTATION_CONTEXT() REPRESENTATION_CONTEXT('2D SPACE',''
  ) );
#695 = FACE_BOUND('',#696,.T.);
#696 = EDGE_LOOP('',(#697));
#697 = ORIENTED_EDGE('',*,*,#698,.F.);
#698 = EDGE_CURVE('',#699,#699,#701,.T.);
#699 = VERTEX_POINT('',#700);
#700 = CARTESIAN_POINT('',(-56.,-16.4,10.));
#701 = SURFACE_CURVE('',#702,(#707,#714),.PCURVE_S1.);
#702 = CIRCLE('',#703,1.6);
#703 = AXIS2_PLACEMENT_3D('',#704,#705,#706);
#704 = CARTESIAN_POINT('',(-56.,-18.,10.));
#705 = DIRECTION('',(-1.,0.,0.));
#706 = DIRECTION('',(0.,1.,0.));
#707 = PCURVE('',#32,#708);
#708 = DEFINITIONAL_REPRESENTATION('',(#709),#713);
#709 = CIRCLE('',#710,1.6);
#710 = AXIS2_PLACEMENT_2D('',#711,#712);
#711 = CARTESIAN_POINT('',(14.,-10.));
#712 = DIRECTION('',(1.,0.));
#713 = ( GEOMETRIC_REPRESENTATION_CONTEXT(2) 
PARAMETRIC_REPRESENTATION_CONTEXT() REPRESENTATION_CONTEXT('2D SPACE',''
  ) );
#714 = PCURVE('',#715,#720);
#715 = CYLINDRICAL_SURFACE('',#716,1.6);
#716 = AXIS2_PLACEMENT_3D('',#717,#718,#719);
#717 = CARTESIAN_POINT('',(-57.,-18.,10.));
#718 = DIRECTION('',(-1.,-0.,-0.));
#719 = DIRECTION('',(0.,1.,0.));
#720 = DEFINITIONAL_REPRESENTATION('',(#721),#725);
#721 = LINE('',#722,#723);
#722 = CARTESIAN_POINT('',(-6.28318530718,-1.));
#723 = VECTOR('',#724,1.);
#724 = DIRECTION('',(1.,-0.));
#725 = ( GEOMETRIC_REPRESENTATION_CONTEXT(2) 
PARAMETRIC_REPRESENTATION_CONTEXT() REPRESENTATION_CONTEXT('2D SPACE',''
  ) );
#726 = FACE_BOUND('',#727,.T.);
#727 = EDGE_LOOP('',(#728));
#728 = ORIENTED_EDGE('',*,*,#729,.F.);
#729 = EDGE_CURVE('',#730,#730,#732,.T.);
#730 = VERTEX_POINT('',#731);
#731 = CARTESIAN_POINT('',(-56.,-10.4,10.));
#732 = SURFACE_CURVE('',#733,(#738,#745),.PCURVE_S1.);
#733 = CIRCLE('',#734,1.6);
#734 = AXIS2_PLACEMENT_3D('',#735,#736,#737);
#735 = CARTESIAN_POINT('',(-56.,-12.,10.));
#736 = DIRECTION('',(-1.,0.,0.));
#737 = DIRECTION('',(0.,1.,0.));
#738 = PCURVE('',#32,#739);
#739 = DEFINITIONAL_REPRESENTATION('',(#740),#744);
#740 = CIRCLE('',#741,1.6);
#741 = AXIS2_PLACEMENT_2D('',#742,#743);
#742 = CARTESIAN_POINT('',(20.,-10.));
#743 = DIRECTION('',(1.,0.));
#744 = ( GEOMETRIC_REPRESENTATION_CONTEXT(2) 
PARAMETRIC_REPRESENTATION_CONTEXT() REPRESENTATION_CONTEXT('2D SPACE',''
  ) );
#745 = PCURVE('',#746,#751);
#746 = CYLINDRICAL_SURFACE('',#747,1.6);
#747 = AXIS2_PLACEMENT_3D('',#748,#749,#750);
#748 = CARTESIAN_POINT('',(-57.,-12.,10.));
#749 = DIRECTION('',(-1.,-0.,-0.));
#750 = DIRECTION('',(0.,1.,0.));
#751 = DEFINITIONAL_REPRESENTATION('',(#752),#756);
#752 = LINE('',#753,#754);
#753 = CARTESIAN_POINT('',(-6.28318530718,-1.));
#754 = VECTOR('',#755,1.);
#755 = DIRECTION('',(1.,-0.));
#756 = ( GEOMETRIC_REPRESENTATION_CONTEXT(2) 
PARAMETRIC_REPRESENTATION_CONTEXT() REPRESENTATION_CONTEXT('2D SPACE',''
  ) );
#757 = FACE_BOUND('',#758,.T.);
#758 = EDGE_LOOP('',(#759));
#759 = ORIENTED_EDGE('',*,*,#760,.F.);
#760 = EDGE_CURVE('',#761,#761,#763,.T.);
#761 = VERTEX_POINT('',#762);
#762 = CARTESIAN_POINT('',(-56.,-4.4,10.));
#763 = SURFACE_CURVE('',#764,(#769,#776),.PCURVE_S1.);
#764 = CIRCLE('',#765,1.6);
#765 = AXIS2_PLACEMENT_3D('',#766,#767,#768);
#766 = CARTESIAN_POINT('',(-56.,-6.,10.));
#767 = DIRECTION('',(-1.,0.,0.));
#768 = DIRECTION('',(0.,1.,0.));
#769 = PCURVE('',#32,#770);
#770 = DEFINITIONAL_REPRESENTATION('',(#771),#775);
#771 = CIRCLE('',#772,1.6);
#772 = AXIS2_PLACEMENT_2D('',#773,#774);
#773 = CARTESIAN_POINT('',(26.,-10.));
#774 = DIRECTION('',(1.,0.));
#775 = ( GEOMETRIC_REPRESENTATION_CONTEXT(2) 
PARAMETRIC_REPRESENTATION_CONTEXT() REPRESENTATION_CONTEXT('2D SPACE',''
  ) );
#776 = PCURVE('',#777,#782);
#777 = CYLINDRICAL_SURFACE('',#778,1.6);
#778 = AXIS2_PLACEMENT_3D('',#779,#780,#781);
#779 = CARTESIAN_POINT('',(-57.,-6.,10.));
#780 = DIRECTION('',(-1.,-0.,-0.));
#781 = DIRECTION('',(0.,1.,0.));
#782 = DEFINITIONAL_REPRESENTATION('',(#783),#787);
#783 = LINE('',#784,#785);
#784 = CARTESIAN_POINT('',(-6.28318530718,-1.));
#785 = VECTOR('',#786,1.);
#786 = DIRECTION('',(1.,-0.));
#787 = ( GEOMETRIC_REPRESENTATION_CONTEXT(2) 
PARAMETRIC_REPRESENTATION_CONTEXT() REPRESENTATION_CONTEXT('2D SPACE',''
  ) );
#788 = FACE_BOUND('',#789,.T.);
#789 = EDGE_LOOP('',(#790));
#790 = ORIENTED_EDGE('',*,*,#791,.F.);
#791 = EDGE_CURVE('',#792,#792,#794,.T.);
#792 = VERTEX_POINT('',#793);
#793 = CARTESIAN_POINT('',(-56.,1.6,10.));
#794 = SURFACE_CURVE('',#795,(#800,#807),.PCURVE_S1.);
#795 = CIRCLE('',#796,1.6);
#796 = AXIS2_PLACEMENT_3D('',#797,#798,#799);
#797 = CARTESIAN_POINT('',(-56.,0.,10.));
#798 = DIRECTION('',(-1.,0.,0.));
#799 = DIRECTION('',(0.,1.,0.));
#800 = PCURVE('',#32,#801);
#801 = DEFINITIONAL_REPRESENTATION('',(#802),#806);
#802 = CIRCLE('',#803,1.6);
#803 = AXIS2_PLACEMENT_2D('',#804,#805);
#804 = CARTESIAN_POINT('',(32.,-10.));
#805 = DIRECTION('',(1.,0.));
#806 = ( GEOMETRIC_REPRESENTATION_CONTEXT(2) 
PARAMETRIC_REPRESENTATION_CONTEXT() REPRESENTATION_CONTEXT('2D SPACE',''
  ) );
#807 = PCURVE('',#808,#813);
#808 = CYLINDRICAL_SURFACE('',#809,1.6);
#809 = AXIS2_PLACEMENT_3D('',#810,#811,#812);
#810 = CARTESIAN_POINT('',(-57.,0.,10.));
#811 = DIRECTION('',(-1.,-0.,-0.));
#812 = DIRECTION('',(0.,1.,0.));
#813 = DEFINITIONAL_REPRESENTATION('',(#814),#818);
#814 = LINE('',#815,#816);
#815 = CARTESIAN_POINT('',(-6.28318530718,-1.));
#816 = VECTOR('',#817,1.);
#817 = DIRECTION('',(1.,-0.));
#818 = ( GEOMETRIC_REPRESENTATION_CONTEXT(2) 
PARAMETRIC_REPRESENTATION_CONTEXT() REPRESENTATION_CONTEXT('2D SPACE',''
  ) );
#819 = FACE_BOUND('',#820,.T.);
#820 = EDGE_LOOP('',(#821));
#821 = ORIENTED_EDGE('',*,*,#822,.F.);
#822 = EDGE_CURVE('',#823,#823,#825,.T.);
#823 = VERTEX_POINT('',#824);
#824 = CARTESIAN_POINT('',(-56.,4.6,16.));
#825 = SURFACE_CURVE('',#826,(#831,#838),.PCURVE_S1.);
#826 = CIRCLE('',#827,1.6);
#827 = AXIS2_PLACEMENT_3D('',#828,#829,#830);
#828 = CARTESIAN_POINT('',(-56.,3.,16.));
#829 = DIRECTION('',(-1.,0.,0.));
#830 = DIRECTION('',(0.,1.,0.));
#831 = PCURVE('',#32,#832);
#832 = DEFINITIONAL_REPRESENTATION('',(#833),#837);
#833 = CIRCLE('',#834,1.6);
#834 = AXIS2_PLACEMENT_2D('',#835,#836);
#835 = CARTESIAN_POINT('',(35.,-16.));
#836 = DIRECTION('',(1.,0.));
#837 = ( GEOMETRIC_REPRESENTATION_CONTEXT(2) 
PARAMETRIC_REPRESENTATION_CONTEXT() REPRESENTATION_CONTEXT('2D SPACE',''
  ) );
#838 = PCURVE('',#839,#844);
#839 = CYLINDRICAL_SURFACE('',#840,1.6);
#840 = AXIS2_PLACEMENT_3D('',#841,#842,#843);
#841 = CARTESIAN_POINT('',(-57.,3.,16.));
#842 = DIRECTION('',(-1.,-0.,-0.));
#843 = DIRECTION('',(0.,1.,0.));
#844 = DEFINITIONAL_REPRESENTATION('',(#845),#849);
#845 = LINE('',#846,#847);
#846 = CARTESIAN_POINT('',(-6.28318530718,-1.));
#847 = VECTOR('',#848,1.);
#848 = DIRECTION('',(1.,-0.));
#849 = ( GEOMETRIC_REPRESENTATION_CONTEXT(2) 
PARAMETRIC_REPRESENTATION_CONTEXT() REPRESENTATION_CONTEXT('2D SPACE',''
  ) );
#850 = FACE_BOUND('',#851,.T.);
#851 = EDGE_LOOP('',(#852));
#852 = ORIENTED_EDGE('',*,*,#853,.F.);
#853 = EDGE_CURVE('',#854,#854,#856,.T.);
#854 = VERTEX_POINT('',#855);
#855 = CARTESIAN_POINT('',(-56.,10.6,16.));
#856 = SURFACE_CURVE('',#857,(#862,#869),.PCURVE_S1.);
#857 = CIRCLE('',#858,1.6);
#858 = AXIS2_PLACEMENT_3D('',#859,#860,#861);
#859 = CARTESIAN_POINT('',(-56.,9.,16.));
#860 = DIRECTION('',(-1.,0.,0.));
#861 = DIRECTION('',(0.,1.,0.));
#862 = PCURVE('',#32,#863);
#863 = DEFINITIONAL_REPRESENTATION('',(#864),#868);
#864 = CIRCLE('',#865,1.6);
#865 = AXIS2_PLACEMENT_2D('',#866,#867);
#866 = CARTESIAN_POINT('',(41.,-16.));
#867 = DIRECTION('',(1.,0.));
#868 = ( GEOMETRIC_REPRESENTATION_CONTEXT(2) 
PARAMETRIC_REPRESENTATION_CONTEXT() REPRESENTATION_CONTEXT('2D SPACE',''
  ) );
#869 = PCURVE('',#870,#875);
#870 = CYLINDRICAL_SURFACE('',#871,1.6);
#871 = AXIS2_PLACEMENT_3D('',#872,#873,#874);
#872 = CARTESIAN_POINT('',(-57.,9.,16.));
#873 = DIRECTION('',(-1.,-0.,-0.));
#874 = DIRECTION('',(0.,1.,0.));
#875 = DEFINITIONAL_REPRESENTATION('',(#876),#880);
#876 = LINE('',#877,#878);
#877 = CARTESIAN_POINT('',(-6.28318530718,-1.));
#878 = VECTOR('',#879,1.);
#879 = DIRECTION('',(1.,-0.));
#880 = ( GEOMETRIC_REPRESENTATION_CONTEXT(2) 
PARAMETRIC_REPRESENTATION_CONTEXT() REPRESENTATION_CONTEXT('2D SPACE',''
  ) );
#881 = FACE_BOUND('',#882,.T.);
#882 = EDGE_LOOP('',(#883));
#883 = ORIENTED_EDGE('',*,*,#884,.F.);
#884 = EDGE_CURVE('',#885,#885,#887,.T.);
#885 = VERTEX_POINT('',#886);
#886 = CARTESIAN_POINT('',(-56.,16.6,16.));
#887 = SURFACE_CURVE('',#888,(#893,#900),.PCURVE_S1.);
#888 = CIRCLE('',#889,1.6);
#889 = AXIS2_PLACEMENT_3D('',#890,#891,#892);
#890 = CARTESIAN_POINT('',(-56.,15.,16.));
#891 = DIRECTION('',(-1.,0.,0.));
#892 = DIRECTION('',(0.,1.,0.));
#893 = PCURVE('',#32,#894);
#894 = DEFINITIONAL_REPRESENTATION('',(#895),#899);
#895 = CIRCLE('',#896,1.6);
#896 = AXIS2_PLACEMENT_2D('',#897,#898);
#897 = CARTESIAN_POINT('',(47.,-16.));
#898 = DIRECTION('',(1.,0.));
#899 = ( GEOMETRIC_REPRESENTATION_CONTEXT(2) 
PARAMETRIC_REPRESENTATION_CONTEXT() REPRESENTATION_CONTEXT('2D SPACE',''
  ) );
#900 = PCURVE('',#901,#906);
#901 = CYLINDRICAL_SURFACE('',#902,1.6);
#902 = AXIS2_PLACEMENT_3D('',#903,#904,#905);
#903 = CARTESIAN_POINT('',(-57.,15.,16.));
#904 = DIRECTION('',(-1.,-0.,-0.));
#905 = DIRECTION('',(0.,1.,0.));
#906 = DEFINITIONAL_REPRESENTATION('',(#907),#911);
#907 = LINE('',#908,#909);
#908 = CARTESIAN_POINT('',(-6.28318530718,-1.));
#909 = VECTOR('',#910,1.);
#910 = DIRECTION('',(1.,-0.));
#911 = ( GEOMETRIC_REPRESENTATION_CONTEXT(2) 
PARAMETRIC_REPRESENTATION_CONTEXT() REPRESENTATION_CONTEXT('2D SPACE',''
  ) );
#912 = FACE_BOUND('',#913,.T.);
#913 = EDGE_LOOP('',(#914));
#914 = ORIENTED_EDGE('',*,*,#915,.F.);
#915 = EDGE_CURVE('',#916,#916,#918,.T.);
#916 = VERTEX_POINT('',#917);
#917 = CARTESIAN_POINT('',(-56.,22.6,16.));
#918 = SURFACE_CURVE('',#919,(#924,#931),.PCURVE_S1.);
#919 = CIRCLE('',#920,1.6);
#920 = AXIS2_PLACEMENT_3D('',#921,#922,#923);
#921 = CARTESIAN_POINT('',(-56.,21.,16.));
#922 = DIRECTION('',(-1.,0.,0.));
#923 = DIRECTION('',(0.,1.,0.));
#924 = PCURVE('',#32,#925);
#925 = DEFINITIONAL_REPRESENTATION('',(#926),#930);
#926 = CIRCLE('',#927,1.6);
#927 = AXIS2_PLACEMENT_2D('',#928,#929);
#928 = CARTESIAN_POINT('',(53.,-16.));
#929 = DIRECTION('',(1.,0.));
#930 = ( GEOMETRIC_REPRESENTATION_CONTEXT(2) 
PARAMETRIC_REPRESENTATION_CONTEXT() REPRESENTATION_CONTEXT('2D SPACE',''
  ) );
#931 = PCURVE('',#932,#937);
#932 = CYLINDRICAL_SURFACE('',#933,1.6);
#933 = AXIS2_PLACEMENT_3D('',#934,#935,#936);
#934 = CARTESIAN_POINT('',(-57.,21.,16.));
#935 = DIRECTION('',(-1.,-0.,-0.));
#936 = DIRECTION('',(0.,1.,0.));
#937 = DEFINITIONAL_REPRESENTATION('',(#938),#942);
#938 = LINE('',#939,#940);
#939 = CARTESIAN_POINT('',(-6.28318530718,-1.));
#940 = VECTOR('',#941,1.);
#941 = DIRECTION('',(1.,-0.));
#942 = ( GEOMETRIC_REPRESENTATION_CONTEXT(2) 
PARAMETRIC_REPRESENTATION_CONTEXT() REPRESENTATION_CONTEXT('2D SPACE',''
  ) );
#943 = FACE_BOUND('',#944,.T.);
#944 = EDGE_LOOP('',(#945));
#945 = ORIENTED_EDGE('',*,*,#946,.F.);
#946 = EDGE_CURVE('',#947,#947,#949,.T.);
#947 = VERTEX_POINT('',#948);
#948 = CARTESIAN_POINT('',(-56.,28.6,16.));
#949 = SURFACE_CURVE('',#950,(#955,#962),.PCURVE_S1.);
#950 = CIRCLE('',#951,1.6);
#951 = AXIS2_PLACEMENT_3D('',#952,#953,#954);
#952 = CARTESIAN_POINT('',(-56.,27.,16.));
#953 = DIRECTION('',(-1.,0.,0.));
#954 = DIRECTION('',(0.,1.,0.));
#955 = PCURVE('',#32,#956);
#956 = DEFINITIONAL_REPRESENTATION('',(#957),#961);
#957 = CIRCLE('',#958,1.6);
#958 = AXIS2_PLACEMENT_2D('',#959,#960);
#959 = CARTESIAN_POINT('',(59.,-16.));
#960 = DIRECTION('',(1.,0.));
#961 = ( GEOMETRIC_REPRESENTATION_CONTEXT(2) 
PARAMETRIC_REPRESENTATION_CONTEXT() REPRESENTATION_CONTEXT('2D SPACE',''
  ) );
#962 = PCURVE('',#963,#968);
#963 = CYLINDRICAL_SURFACE('',#964,1.6);
#964 = AXIS2_PLACEMENT_3D('',#965,#966,#967);
#965 = CARTESIAN_POINT('',(-57.,27.,16.));
#966 = DIRECTION('',(-1.,-0.,-0.));
#967 = DIRECTION('',(0.,1.,0.));
#968 = DEFINITIONAL_REPRESENTATION('',(#969),#973);
#969 = LINE('',#970,#971);
#970 = CARTESIAN_POINT('',(-6.28318530718,-1.));
#971 = VECTOR('',#972,1.);
#972 = DIRECTION('',(1.,-0.));
#973 = ( GEOMETRIC_REPRESENTATION_CONTEXT(2) 
PARAMETRIC_REPRESENTATION_CONTEXT() REPRESENTATION_CONTEXT('2D SPACE',''
  ) );
#974 = FACE_BOUND('',#975,.T.);
#975 = EDGE_LOOP('',(#976));
#976 = ORIENTED_EDGE('',*,*,#977,.F.);
#977 = EDGE_CURVE('',#978,#978,#980,.T.);
#978 = VERTEX_POINT('',#979);
#979 = CARTESIAN_POINT('',(-56.,7.6,10.));
#980 = SURFACE_CURVE('',#981,(#986,#993),.PCURVE_S1.);
#981 = CIRCLE('',#982,1.6);
#982 = AXIS2_PLACEMENT_3D('',#983,#984,#985);
#983 = CARTESIAN_POINT('',(-56.,6.,10.));
#984 = DIRECTION('',(-1.,0.,0.));
#985 = DIRECTION('',(0.,1.,0.));
#986 = PCURVE('',#32,#987);
#987 = DEFINITIONAL_REPRESENTATION('',(#988),#992);
#988 = CIRCLE('',#989,1.6);
#989 = AXIS2_PLACEMENT_2D('',#990,#991);
#990 = CARTESIAN_POINT('',(38.,-10.));
#991 = DIRECTION('',(1.,0.));
#992 = ( GEOMETRIC_REPRESENTATION_CONTEXT(2) 
PARAMETRIC_REPRESENTATION_CONTEXT() REPRESENTATION_CONTEXT('2D SPACE',''
  ) );
#993 = PCURVE('',#994,#999);
#994 = CYLINDRICAL_SURFACE('',#995,1.6);
#995 = AXIS2_PLACEMENT_3D('',#996,#997,#998);
#996 = CARTESIAN_POINT('',(-57.,6.,10.));
#997 = DIRECTION('',(-1.,-0.,-0.));
#998 = DIRECTION('',(0.,1.,0.));
#999 = DEFINITIONAL_REPRESENTATION('',(#1000),#1004);
#1000 = LINE('',#1001,#1002);
#1001 = CARTESIAN_POINT('',(-6.28318530718,-1.));
#1002 = VECTOR('',#1003,1.);
#1003 = DIRECTION('',(1.,-0.));
#1004 = ( GEOMETRIC_REPRESENTATION_CONTEXT(2) 
PARAMETRIC_REPRESENTATION_CONTEXT() REPRESENTATION_CONTEXT('2D SPACE',''
  ) );
#1005 = FACE_BOUND('',#1006,.T.);
#1006 = EDGE_LOOP('',(#1007));
#1007 = ORIENTED_EDGE('',*,*,#1008,.F.);
#1008 = EDGE_CURVE('',#1009,#1009,#1011,.T.);
#1009 = VERTEX_POINT('',#1010);
#1010 = CARTESIAN_POINT('',(-56.,13.6,10.));
#1011 = SURFACE_CURVE('',#1012,(#1017,#1024),.PCURVE_S1.);
#1012 = CIRCLE('',#1013,1.6);
#1013 = AXIS2_PLACEMENT_3D('',#1014,#1015,#1016);
#1014 = CARTESIAN_POINT('',(-56.,12.,10.));
#1015 = DIRECTION('',(-1.,0.,0.));
#1016 = DIRECTION('',(0.,1.,0.));
#1017 = PCURVE('',#32,#1018);
#1018 = DEFINITIONAL_REPRESENTATION('',(#1019),#1023);
#1019 = CIRCLE('',#1020,1.6);
#1020 = AXIS2_PLACEMENT_2D('',#1021,#1022);
#1021 = CARTESIAN_POINT('',(44.,-10.));
#1022 = DIRECTION('',(1.,0.));
#1023 = ( GEOMETRIC_REPRESENTATION_CONTEXT(2) 
PARAMETRIC_REPRESENTATION_CONTEXT() REPRESENTATION_CONTEXT('2D SPACE',''
  ) );
#1024 = PCURVE('',#1025,#1030);
#1025 = CYLINDRICAL_SURFACE('',#1026,1.6);
#1026 = AXIS2_PLACEMENT_3D('',#1027,#1028,#1029);
#1027 = CARTESIAN_POINT('',(-57.,12.,10.));
#1028 = DIRECTION('',(-1.,-0.,-0.));
#1029 = DIRECTION('',(0.,1.,0.));
#1030 = DEFINITIONAL_REPRESENTATION('',(#1031),#1035);
#1031 = LINE('',#1032,#1033);
#1032 = CARTESIAN_POINT('',(-6.28318530718,-1.));
#1033 = VECTOR('',#1034,1.);
#1034 = DIRECTION('',(1.,-0.));
#1035 = ( GEOMETRIC_REPRESENTATION_CONTEXT(2) 
PARAMETRIC_REPRESENTATION_CONTEXT() REPRESENTATION_CONTEXT('2D SPACE',''
  ) );
#1036 = FACE_BOUND('',#1037,.T.);
#1037 = EDGE_LOOP('',(#1038));
#1038 = ORIENTED_EDGE('',*,*,#1039,.F.);
#1039 = EDGE_CURVE('',#1040,#1040,#1042,.T.);
#1040 = VERTEX_POINT('',#1041);
#1041 = CARTESIAN_POINT('',(-56.,19.6,10.));
#1042 = SURFACE_CURVE('',#1043,(#1048,#1055),.PCURVE_S1.);
#1043 = CIRCLE('',#1044,1.6);
#1044 = AXIS2_PLACEMENT_3D('',#1045,#1046,#1047);
#1045 = CARTESIAN_POINT('',(-56.,18.,10.));
#1046 = DIRECTION('',(-1.,0.,0.));
#1047 = DIRECTION('',(0.,1.,0.));
#1048 = PCURVE('',#32,#1049);
#1049 = DEFINITIONAL_REPRESENTATION('',(#1050),#1054);
#1050 = CIRCLE('',#1051,1.6);
#1051 = AXIS2_PLACEMENT_2D('',#1052,#1053);
#1052 = CARTESIAN_POINT('',(50.,-10.));
#1053 = DIRECTION('',(1.,0.));
#1054 = ( GEOMETRIC_REPRESENTATION_CONTEXT(2) 
PARAMETRIC_REPRESENTATION_CONTEXT() REPRESENTATION_CONTEXT('2D SPACE',''
  ) );
#1055 = PCURVE('',#1056,#1061);
#1056 = CYLINDRICAL_SURFACE('',#1057,1.6);
#1057 = AXIS2_PLACEMENT_3D('',#1058,#1059,#1060);
#1058 = CARTESIAN_POINT('',(-57.,18.,10.));
#1059 = DIRECTION('',(-1.,-0.,-0.));
#1060 = DIRECTION('',(0.,1.,0.));
#1061 = DEFINITIONAL_REPRESENTATION('',(#1062),#1066);
#1062 = LINE('',#1063,#1064);
#1063 = CARTESIAN_POINT('',(-6.28318530718,-1.));
#1064 = VECTOR('',#1065,1.);
#1065 = DIRECTION('',(1.,-0.));
#1066 = ( GEOMETRIC_REPRESENTATION_CONTEXT(2) 
PARAMETRIC_REPRESENTATION_CONTEXT() REPRESENTATION_CONTEXT('2D SPACE',''
  ) );
#1067 = FACE_BOUND('',#1068,.T.);
#1068 = EDGE_LOOP('',(#1069));
#1069 = ORIENTED_EDGE('',*,*,#1070,.F.);
#1070 = EDGE_CURVE('',#1071,#1071,#1073,.T.);
#1071 = VERTEX_POINT('',#1072);
#1072 = CARTESIAN_POINT('',(-56.,25.6,10.));
#1073 = SURFACE_CURVE('',#1074,(#1079,#1086),.PCURVE_S1.);
#1074 = CIRCLE('',#1075,1.6);
#1075 = AXIS2_PLACEMENT_3D('',#1076,#1077,#1078);
#1076 = CARTESIAN_POINT('',(-56.,24.,10.));
#1077 = DIRECTION('',(-1.,0.,0.));
#1078 = DIRECTION('',(0.,1.,0.));
#1079 = PCURVE('',#32,#1080);
#1080 = DEFINITIONAL_REPRESENTATION('',(#1081),#1085);
#1081 = CIRCLE('',#1082,1.6);
#1082 = AXIS2_PLACEMENT_2D('',#1083,#1084);
#1083 = CARTESIAN_POINT('',(56.,-10.));
#1084 = DIRECTION('',(1.,0.));
#1085 = ( GEOMETRIC_REPRESENTATION_CONTEXT(2) 
PARAMETRIC_REPRESENTATION_CONTEXT() REPRESENTATION_CONTEXT('2D SPACE',''
  ) );
#1086 = PCURVE('',#1087,#1092);
#1087 = CYLINDRICAL_SURFACE('',#1088,1.6);
#1088 = AXIS2_PLACEMENT_3D('',#1089,#1090,#1091);
#1089 = CARTESIAN_POINT('',(-57.,24.,10.));
#1090 = DIRECTION('',(-1.,-0.,-0.));
#1091 = DIRECTION('',(0.,1.,0.));
#1092 = DEFINITIONAL_REPRESENTATION('',(#1093),#1097);
#1093 = LINE('',#1094,#1095);
#1094 = CARTESIAN_POINT('',(-6.28318530718,-1.));
#1095 = VECTOR('',#1096,1.);
#1096 = DIRECTION('',(1.,-0.));
#1097 = ( GEOMETRIC_REPRESENTATION_CONTEXT(2) 
PARAMETRIC_REPRESENTATION_CONTEXT() REPRESENTATION_CONTEXT('2D SPACE',''
  ) );
#1098 = FACE_BOUND('',#1099,.T.);
#1099 = EDGE_LOOP('',(#1100));
#1100 = ORIENTED_EDGE('',*,*,#1101,.F.);
#1101 = EDGE_CURVE('',#1102,#1102,#1104,.T.);
#1102 = VERTEX_POINT('',#1103);
#1103 = CARTESIAN_POINT('',(-56.,31.6,10.));
#1104 = SURFACE_CURVE('',#1105,(#1110,#1117),.PCURVE_S1.);
#1105 = CIRCLE('',#1106,1.6);
#1106 = AXIS2_PLACEMENT_3D('',#1107,#1108,#1109);
#1107 = CARTESIAN_POINT('',(-56.,30.,10.));
#1108 = DIRECTION('',(-1.,0.,0.));
#1109 = DIRECTION('',(0.,1.,0.));
#1110 = PCURVE('',#32,#1111);
#1111 = DEFINITIONAL_REPRESENTATION('',(#1112),#1116);
#1112 = CIRCLE('',#1113,1.6);
#1113 = AXIS2_PLACEMENT_2D('',#1114,#1115);
#1114 = CARTESIAN_POINT('',(62.,-10.));
#1115 = DIRECTION('',(1.,0.));
#1116 = ( GEOMETRIC_REPRESENTATION_CONTEXT(2) 
PARAMETRIC_REPRESENTATION_CONTEXT() REPRESENTATION_CONTEXT('2D SPACE',''
  ) );
#1117 = PCURVE('',#1118,#1123);
#1118 = CYLINDRICAL_SURFACE('',#1119,1.6);
#1119 = AXIS2_PLACEMENT_3D('',#1120,#1121,#1122);
#1120 = CARTESIAN_POINT('',(-57.,30.,10.));
#1121 = DIRECTION('',(-1.,-0.,-0.));
#1122 = DIRECTION('',(0.,1.,0.));
#1123 = DEFINITIONAL_REPRESENTATION('',(#1124),#1128);
#1124 = LINE('',#1125,#1126);
#1125 = CARTESIAN_POINT('',(-6.28318530718,-1.));
#1126 = VECTOR('',#1127,1.);
#1127 = DIRECTION('',(1.,-0.));
#1128 = ( GEOMETRIC_REPRESENTATION_CONTEXT(2) 
PARAMETRIC_REPRESENTATION_CONTEXT() REPRESENTATION_CONTEXT('2D SPACE',''
  ) );
#1129 = ADVANCED_FACE('',(#1130),#44,.T.);
#1130 = FACE_BOUND('',#1131,.F.);
#1131 = EDGE_LOOP('',(#1132,#1160,#1187,#1188,#1217,#1243,#1272,#1298,
    #1327,#1355,#1384,#1410,#1439,#1465,#1498,#1519));
#1132 = ORIENTED_EDGE('',*,*,#1133,.F.);
#1133 = EDGE_CURVE('',#1134,#1136,#1138,.T.);
#1134 = VERTEX_POINT('',#1135);
#1135 = CARTESIAN_POINT('',(-51.16361828971,-46.44838171028,0.6));
#1136 = VERTEX_POINT('',#1137);
#1137 = CARTESIAN_POINT('',(-51.16361828971,-46.44838171028,0.));
#1138 = SURFACE_CURVE('',#1139,(#1143,#1149),.PCURVE_S1.);
#1139 = LINE('',#1140,#1141);
#1140 = CARTESIAN_POINT('',(-51.16361828971,-46.44838171028,0.));
#1141 = VECTOR('',#1142,1.);
#1142 = DIRECTION('',(-0.,-0.,-1.));
#1143 = PCURVE('',#44,#1144);
#1144 = DEFINITIONAL_REPRESENTATION('',(#1145),#1148);
#1145 = B_SPLINE_CURVE_WITH_KNOTS('',1,(#1146,#1147),.UNSPECIFIED.,.F.,
  .F.,(2,2),(-30.0000006,6.E-07),.PIECEWISE_BEZIER_KNOTS.);
#1146 = CARTESIAN_POINT('',(-3.787616031491,-30.0000006));
#1147 = CARTESIAN_POINT('',(-3.787616031491,6.E-07));
#1148 = ( GEOMETRIC_REPRESENTATION_CONTEXT(2) 
PARAMETRIC_REPRESENTATION_CONTEXT() REPRESENTATION_CONTEXT('2D SPACE',''
  ) );
#1149 = PCURVE('',#1150,#1155);
#1150 = CYLINDRICAL_SURFACE('',#1151,4.2);
#1151 = AXIS2_PLACEMENT_3D('',#1152,#1153,#1154);
#1152 = CARTESIAN_POINT('',(-47.,-47.,0.));
#1153 = DIRECTION('',(-0.,-0.,-1.));
#1154 = DIRECTION('',(1.,0.,0.));
#1155 = DEFINITIONAL_REPRESENTATION('',(#1156),#1159);
#1156 = B_SPLINE_CURVE_WITH_KNOTS('',1,(#1157,#1158),.UNSPECIFIED.,.F.,
  .F.,(2,2),(-30.0000006,6.E-07),.PIECEWISE_BEZIER_KNOTS.);
#1157 = CARTESIAN_POINT('',(-9.293059724501,-30.0000006));
#1158 = CARTESIAN_POINT('',(-9.293059724501,6.E-07));
#1159 = ( GEOMETRIC_REPRESENTATION_CONTEXT(2) 
PARAMETRIC_REPRESENTATION_CONTEXT() REPRESENTATION_CONTEXT('2D SPACE',''
  ) );
#1160 = ORIENTED_EDGE('',*,*,#1161,.T.);
#1161 = EDGE_CURVE('',#1134,#22,#1162,.T.);
#1162 = SURFACE_CURVE('',#1163,(#1168,#1175),.PCURVE_S1.);
#1163 = CIRCLE('',#1164,24.);
#1164 = AXIS2_PLACEMENT_3D('',#1165,#1166,#1167);
#1165 = CARTESIAN_POINT('',(-32.,-32.,0.6));
#1166 = DIRECTION('',(-0.,0.,-1.));
#1167 = DIRECTION('',(-2.960594732334E-16,-1.,0.));
#1168 = PCURVE('',#44,#1169);
#1169 = DEFINITIONAL_REPRESENTATION('',(#1170),#1174);
#1170 = LINE('',#1171,#1172);
#1171 = CARTESIAN_POINT('',(-4.712388980385,-0.6));
#1172 = VECTOR('',#1173,1.);
#1173 = DIRECTION('',(1.,-0.));
#1174 = ( GEOMETRIC_REPRESENTATION_CONTEXT(2) 
PARAMETRIC_REPRESENTATION_CONTEXT() REPRESENTATION_CONTEXT('2D SPACE',''
  ) );
#1175 = PCURVE('',#1176,#1181);
#1176 = CONICAL_SURFACE('',#1177,24.,0.785398163397);
#1177 = AXIS2_PLACEMENT_3D('',#1178,#1179,#1180);
#1178 = CARTESIAN_POINT('',(-32.,-32.,0.6));
#1179 = DIRECTION('',(0.,0.,1.));
#1180 = DIRECTION('',(-2.960594732334E-16,-1.,0.));
#1181 = DEFINITIONAL_REPRESENTATION('',(#1182),#1186);
#1182 = LINE('',#1183,#1184);
#1183 = CARTESIAN_POINT('',(-0.,-0.));
#1184 = VECTOR('',#1185,1.);
#1185 = DIRECTION('',(-1.,-0.));
#1186 = ( GEOMETRIC_REPRESENTATION_CONTEXT(2) 
PARAMETRIC_REPRESENTATION_CONTEXT() REPRESENTATION_CONTEXT('2D SPACE',''
  ) );
#1187 = ORIENTED_EDGE('',*,*,#21,.T.);
#1188 = ORIENTED_EDGE('',*,*,#1189,.F.);
#1189 = EDGE_CURVE('',#1190,#24,#1192,.T.);
#1190 = VERTEX_POINT('',#1191);
#1191 = CARTESIAN_POINT('',(-51.16361828971,-46.44838171028,29.2));
#1192 = SURFACE_CURVE('',#1193,(#1198,#1205),.PCURVE_S1.);
#1193 = CIRCLE('',#1194,24.);
#1194 = AXIS2_PLACEMENT_3D('',#1195,#1196,#1197);
#1195 = CARTESIAN_POINT('',(-32.,-32.,29.2));
#1196 = DIRECTION('',(-0.,0.,-1.));
#1197 = DIRECTION('',(-2.960594732334E-16,-1.,0.));
#1198 = PCURVE('',#44,#1199);
#1199 = DEFINITIONAL_REPRESENTATION('',(#1200),#1204);
#1200 = LINE('',#1201,#1202);
#1201 = CARTESIAN_POINT('',(-4.712388980385,-29.2));
#1202 = VECTOR('',#1203,1.);
#1203 = DIRECTION('',(1.,-0.));
#1204 = ( GEOMETRIC_REPRESENTATION_CONTEXT(2) 
PARAMETRIC_REPRESENTATION_CONTEXT() REPRESENTATION_CONTEXT('2D SPACE',''
  ) );
#1205 = PCURVE('',#1206,#1211);
#1206 = CONICAL_SURFACE('',#1207,24.,0.785398163397);
#1207 = AXIS2_PLACEMENT_3D('',#1208,#1209,#1210);
#1208 = CARTESIAN_POINT('',(-32.,-32.,29.2));
#1209 = DIRECTION('',(-0.,-0.,-1.));
#1210 = DIRECTION('',(-2.960594732334E-16,-1.,0.));
#1211 = DEFINITIONAL_REPRESENTATION('',(#1212),#1216);
#1212 = LINE('',#1213,#1214);
#1213 = CARTESIAN_POINT('',(0.,-0.));
#1214 = VECTOR('',#1215,1.);
#1215 = DIRECTION('',(1.,-0.));
#1216 = ( GEOMETRIC_REPRESENTATION_CONTEXT(2) 
PARAMETRIC_REPRESENTATION_CONTEXT() REPRESENTATION_CONTEXT('2D SPACE',''
  ) );
#1217 = ORIENTED_EDGE('',*,*,#1218,.F.);
#1218 = EDGE_CURVE('',#1219,#1190,#1221,.T.);
#1219 = VERTEX_POINT('',#1220);
#1220 = CARTESIAN_POINT('',(-51.16361828971,-46.44838171028,30.));
#1221 = SURFACE_CURVE('',#1222,(#1226,#1232),.PCURVE_S1.);
#1222 = LINE('',#1223,#1224);
#1223 = CARTESIAN_POINT('',(-51.16361828971,-46.44838171028,0.));
#1224 = VECTOR('',#1225,1.);
#1225 = DIRECTION('',(-0.,-0.,-1.));
#1226 = PCURVE('',#44,#1227);
#1227 = DEFINITIONAL_REPRESENTATION('',(#1228),#1231);
#1228 = B_SPLINE_CURVE_WITH_KNOTS('',1,(#1229,#1230),.UNSPECIFIED.,.F.,
  .F.,(2,2),(-30.0000006,6.E-07),.PIECEWISE_BEZIER_KNOTS.);
#1229 = CARTESIAN_POINT('',(-3.787616031491,-30.0000006));
#1230 = CARTESIAN_POINT('',(-3.787616031491,6.E-07));
#1231 = ( GEOMETRIC_REPRESENTATION_CONTEXT(2) 
PARAMETRIC_REPRESENTATION_CONTEXT() REPRESENTATION_CONTEXT('2D SPACE',''
  ) );
#1232 = PCURVE('',#1233,#1238);
#1233 = CYLINDRICAL_SURFACE('',#1234,4.2);
#1234 = AXIS2_PLACEMENT_3D('',#1235,#1236,#1237);
#1235 = CARTESIAN_POINT('',(-47.,-47.,0.));
#1236 = DIRECTION('',(-0.,-0.,-1.));
#1237 = DIRECTION('',(1.,0.,0.));
#1238 = DEFINITIONAL_REPRESENTATION('',(#1239),#1242);
#1239 = B_SPLINE_CURVE_WITH_KNOTS('',1,(#1240,#1241),.UNSPECIFIED.,.F.,
  .F.,(2,2),(-30.0000006,6.E-07),.PIECEWISE_BEZIER_KNOTS.);
#1240 = CARTESIAN_POINT('',(-9.293059724501,-30.0000006));
#1241 = CARTESIAN_POINT('',(-9.293059724501,6.E-07));
#1242 = ( GEOMETRIC_REPRESENTATION_CONTEXT(2) 
PARAMETRIC_REPRESENTATION_CONTEXT() REPRESENTATION_CONTEXT('2D SPACE',''
  ) );
#1243 = ORIENTED_EDGE('',*,*,#1244,.T.);
#1244 = EDGE_CURVE('',#1219,#1245,#1247,.T.);
#1245 = VERTEX_POINT('',#1246);
#1246 = CARTESIAN_POINT('',(-46.44838171028,-51.16361828971,30.));
#1247 = SURFACE_CURVE('',#1248,(#1253,#1260),.PCURVE_S1.);
#1248 = CIRCLE('',#1249,24.);
#1249 = AXIS2_PLACEMENT_3D('',#1250,#1251,#1252);
#1250 = CARTESIAN_POINT('',(-32.,-32.,30.));
#1251 = DIRECTION('',(0.,0.,1.));
#1252 = DIRECTION('',(1.,0.,0.));
#1253 = PCURVE('',#44,#1254);
#1254 = DEFINITIONAL_REPRESENTATION('',(#1255),#1259);
#1255 = LINE('',#1256,#1257);
#1256 = CARTESIAN_POINT('',(-0.,-30.));
#1257 = VECTOR('',#1258,1.);
#1258 = DIRECTION('',(-1.,0.));
#1259 = ( GEOMETRIC_REPRESENTATION_CONTEXT(2) 
PARAMETRIC_REPRESENTATION_CONTEXT() REPRESENTATION_CONTEXT('2D SPACE',''
  ) );
#1260 = PCURVE('',#1261,#1266);
#1261 = PLANE('',#1262);
#1262 = AXIS2_PLACEMENT_3D('',#1263,#1264,#1265);
#1263 = CARTESIAN_POINT('',(0.,0.,30.));
#1264 = DIRECTION('',(0.,0.,1.));
#1265 = DIRECTION('',(1.,0.,0.));
#1266 = DEFINITIONAL_REPRESENTATION('',(#1267),#1271);
#1267 = CIRCLE('',#1268,24.);
#1268 = AXIS2_PLACEMENT_2D('',#1269,#1270);
#1269 = CARTESIAN_POINT('',(-32.,-32.));
#1270 = DIRECTION('',(1.,0.));
#1271 = ( GEOMETRIC_REPRESENTATION_CONTEXT(2) 
PARAMETRIC_REPRESENTATION_CONTEXT() REPRESENTATION_CONTEXT('2D SPACE',''
  ) );
#1272 = ORIENTED_EDGE('',*,*,#1273,.T.);
#1273 = EDGE_CURVE('',#1245,#1274,#1276,.T.);
#1274 = VERTEX_POINT('',#1275);
#1275 = CARTESIAN_POINT('',(-46.44838171028,-51.16361828971,29.2));
#1276 = SURFACE_CURVE('',#1277,(#1281,#1287),.PCURVE_S1.);
#1277 = LINE('',#1278,#1279);
#1278 = CARTESIAN_POINT('',(-46.44838171028,-51.16361828971,0.));
#1279 = VECTOR('',#1280,1.);
#1280 = DIRECTION('',(-0.,-0.,-1.));
#1281 = PCURVE('',#44,#1282);
#1282 = DEFINITIONAL_REPRESENTATION('',(#1283),#1286);
#1283 = B_SPLINE_CURVE_WITH_KNOTS('',1,(#1284,#1285),.UNSPECIFIED.,.F.,
  .F.,(2,2),(-30.0000006,6.E-07),.PIECEWISE_BEZIER_KNOTS.);
#1284 = CARTESIAN_POINT('',(-4.066365602484,-30.0000006));
#1285 = CARTESIAN_POINT('',(-4.066365602484,6.E-07));
#1286 = ( GEOMETRIC_REPRESENTATION_CONTEXT(2) 
PARAMETRIC_REPRESENTATION_CONTEXT() REPRESENTATION_CONTEXT('2D SPACE',''
  ) );
#1287 = PCURVE('',#1288,#1293);
#1288 = CYLINDRICAL_SURFACE('',#1289,4.2);
#1289 = AXIS2_PLACEMENT_3D('',#1290,#1291,#1292);
#1290 = CARTESIAN_POINT('',(-47.,-47.,0.));
#1291 = DIRECTION('',(-0.,-0.,-1.));
#1292 = DIRECTION('',(1.,0.,0.));
#1293 = DEFINITIONAL_REPRESENTATION('',(#1294),#1297);
#1294 = B_SPLINE_CURVE_WITH_KNOTS('',1,(#1295,#1296),.UNSPECIFIED.,.F.,
  .F.,(2,2),(-30.0000006,6.E-07),.PIECEWISE_BEZIER_KNOTS.);
#1295 = CARTESIAN_POINT('',(-4.844107216653,-30.0000006));
#1296 = CARTESIAN_POINT('',(-4.844107216653,6.E-07));
#1297 = ( GEOMETRIC_REPRESENTATION_CONTEXT(2) 
PARAMETRIC_REPRESENTATION_CONTEXT() REPRESENTATION_CONTEXT('2D SPACE',''
  ) );
#1298 = ORIENTED_EDGE('',*,*,#1299,.F.);
#1299 = EDGE_CURVE('',#1300,#1274,#1302,.T.);
#1300 = VERTEX_POINT('',#1301);
#1301 = CARTESIAN_POINT('',(-32.,-56.,29.2));
#1302 = SURFACE_CURVE('',#1303,(#1308,#1315),.PCURVE_S1.);
#1303 = CIRCLE('',#1304,24.);
#1304 = AXIS2_PLACEMENT_3D('',#1305,#1306,#1307);
#1305 = CARTESIAN_POINT('',(-32.,-32.,29.2));
#1306 = DIRECTION('',(-0.,0.,-1.));
#1307 = DIRECTION('',(-2.960594732334E-16,-1.,0.));
#1308 = PCURVE('',#44,#1309);
#1309 = DEFINITIONAL_REPRESENTATION('',(#1310),#1314);
#1310 = LINE('',#1311,#1312);
#1311 = CARTESIAN_POINT('',(-4.712388980385,-29.2));
#1312 = VECTOR('',#1313,1.);
#1313 = DIRECTION('',(1.,-0.));
#1314 = ( GEOMETRIC_REPRESENTATION_CONTEXT(2) 
PARAMETRIC_REPRESENTATION_CONTEXT() REPRESENTATION_CONTEXT('2D SPACE',''
  ) );
#1315 = PCURVE('',#1316,#1321);
#1316 = CONICAL_SURFACE('',#1317,24.,0.785398163397);
#1317 = AXIS2_PLACEMENT_3D('',#1318,#1319,#1320);
#1318 = CARTESIAN_POINT('',(-32.,-32.,29.2));
#1319 = DIRECTION('',(-0.,-0.,-1.));
#1320 = DIRECTION('',(-2.960594732334E-16,-1.,0.));
#1321 = DEFINITIONAL_REPRESENTATION('',(#1322),#1326);
#1322 = LINE('',#1323,#1324);
#1323 = CARTESIAN_POINT('',(0.,-0.));
#1324 = VECTOR('',#1325,1.);
#1325 = DIRECTION('',(1.,-0.));
#1326 = ( GEOMETRIC_REPRESENTATION_CONTEXT(2) 
PARAMETRIC_REPRESENTATION_CONTEXT() REPRESENTATION_CONTEXT('2D SPACE',''
  ) );
#1327 = ORIENTED_EDGE('',*,*,#1328,.F.);
#1328 = EDGE_CURVE('',#1329,#1300,#1331,.T.);
#1329 = VERTEX_POINT('',#1330);
#1330 = CARTESIAN_POINT('',(-32.,-56.,0.6));
#1331 = SURFACE_CURVE('',#1332,(#1336,#1343),.PCURVE_S1.);
#1332 = LINE('',#1333,#1334);
#1333 = CARTESIAN_POINT('',(-32.,-56.,0.));
#1334 = VECTOR('',#1335,1.);
#1335 = DIRECTION('',(0.,0.,1.));
#1336 = PCURVE('',#44,#1337);
#1337 = DEFINITIONAL_REPRESENTATION('',(#1338),#1342);
#1338 = LINE('',#1339,#1340);
#1339 = CARTESIAN_POINT('',(-4.712388980385,0.));
#1340 = VECTOR('',#1341,1.);
#1341 = DIRECTION('',(-0.,-1.));
#1342 = ( GEOMETRIC_REPRESENTATION_CONTEXT(2) 
PARAMETRIC_REPRESENTATION_CONTEXT() REPRESENTATION_CONTEXT('2D SPACE',''
  ) );
#1343 = PCURVE('',#1344,#1349);
#1344 = PLANE('',#1345);
#1345 = AXIS2_PLACEMENT_3D('',#1346,#1347,#1348);
#1346 = CARTESIAN_POINT('',(-32.,-56.,0.));
#1347 = DIRECTION('',(0.,1.,0.));
#1348 = DIRECTION('',(1.,0.,0.));
#1349 = DEFINITIONAL_REPRESENTATION('',(#1350),#1354);
#1350 = LINE('',#1351,#1352);
#1351 = CARTESIAN_POINT('',(0.,0.));
#1352 = VECTOR('',#1353,1.);
#1353 = DIRECTION('',(0.,-1.));
#1354 = ( GEOMETRIC_REPRESENTATION_CONTEXT(2) 
PARAMETRIC_REPRESENTATION_CONTEXT() REPRESENTATION_CONTEXT('2D SPACE',''
  ) );
#1355 = ORIENTED_EDGE('',*,*,#1356,.T.);
#1356 = EDGE_CURVE('',#1329,#1357,#1359,.T.);
#1357 = VERTEX_POINT('',#1358);
#1358 = CARTESIAN_POINT('',(-46.44838171028,-51.16361828971,0.6));
#1359 = SURFACE_CURVE('',#1360,(#1365,#1372),.PCURVE_S1.);
#1360 = CIRCLE('',#1361,24.);
#1361 = AXIS2_PLACEMENT_3D('',#1362,#1363,#1364);
#1362 = CARTESIAN_POINT('',(-32.,-32.,0.6));
#1363 = DIRECTION('',(-0.,0.,-1.));
#1364 = DIRECTION('',(-2.960594732334E-16,-1.,0.));
#1365 = PCURVE('',#44,#1366);
#1366 = DEFINITIONAL_REPRESENTATION('',(#1367),#1371);
#1367 = LINE('',#1368,#1369);
#1368 = CARTESIAN_POINT('',(-4.712388980385,-0.6));
#1369 = VECTOR('',#1370,1.);
#1370 = DIRECTION('',(1.,-0.));
#1371 = ( GEOMETRIC_REPRESENTATION_CONTEXT(2) 
PARAMETRIC_REPRESENTATION_CONTEXT() REPRESENTATION_CONTEXT('2D SPACE',''
  ) );
#1372 = PCURVE('',#1373,#1378);
#1373 = CONICAL_SURFACE('',#1374,24.,0.785398163397);
#1374 = AXIS2_PLACEMENT_3D('',#1375,#1376,#1377);
#1375 = CARTESIAN_POINT('',(-32.,-32.,0.6));
#1376 = DIRECTION('',(0.,0.,1.));
#1377 = DIRECTION('',(-2.960594732334E-16,-1.,0.));
#1378 = DEFINITIONAL_REPRESENTATION('',(#1379),#1383);
#1379 = LINE('',#1380,#1381);
#1380 = CARTESIAN_POINT('',(-0.,-0.));
#1381 = VECTOR('',#1382,1.);
#1382 = DIRECTION('',(-1.,-0.));
#1383 = ( GEOMETRIC_REPRESENTATION_CONTEXT(2) 
PARAMETRIC_REPRESENTATION_CONTEXT() REPRESENTATION_CONTEXT('2D SPACE',''
  ) );
#1384 = ORIENTED_EDGE('',*,*,#1385,.T.);
#1385 = EDGE_CURVE('',#1357,#1386,#1388,.T.);
#1386 = VERTEX_POINT('',#1387);
#1387 = CARTESIAN_POINT('',(-46.44838171028,-51.16361828971,0.));
#1388 = SURFACE_CURVE('',#1389,(#1393,#1399),.PCURVE_S1.);
#1389 = LINE('',#1390,#1391);
#1390 = CARTESIAN_POINT('',(-46.44838171028,-51.16361828971,0.));
#1391 = VECTOR('',#1392,1.);
#1392 = DIRECTION('',(-0.,-0.,-1.));
#1393 = PCURVE('',#44,#1394);
#1394 = DEFINITIONAL_REPRESENTATION('',(#1395),#1398);
#1395 = B_SPLINE_CURVE_WITH_KNOTS('',1,(#1396,#1397),.UNSPECIFIED.,.F.,
  .F.,(2,2),(-30.0000006,6.E-07),.PIECEWISE_BEZIER_KNOTS.);
#1396 = CARTESIAN_POINT('',(-4.066365602484,-30.0000006));
#1397 = CARTESIAN_POINT('',(-4.066365602484,6.E-07));
#1398 = ( GEOMETRIC_REPRESENTATION_CONTEXT(2) 
PARAMETRIC_REPRESENTATION_CONTEXT() REPRESENTATION_CONTEXT('2D SPACE',''
  ) );
#1399 = PCURVE('',#1400,#1405);
#1400 = CYLINDRICAL_SURFACE('',#1401,4.2);
#1401 = AXIS2_PLACEMENT_3D('',#1402,#1403,#1404);
#1402 = CARTESIAN_POINT('',(-47.,-47.,0.));
#1403 = DIRECTION('',(-0.,-0.,-1.));
#1404 = DIRECTION('',(1.,0.,0.));
#1405 = DEFINITIONAL_REPRESENTATION('',(#1406),#1409);
#1406 = B_SPLINE_CURVE_WITH_KNOTS('',1,(#1407,#1408),.UNSPECIFIED.,.F.,
  .F.,(2,2),(-30.0000006,6.E-07),.PIECEWISE_BEZIER_KNOTS.);
#1407 = CARTESIAN_POINT('',(-4.844107216653,-30.0000006));
#1408 = CARTESIAN_POINT('',(-4.844107216653,6.E-07));
#1409 = ( GEOMETRIC_REPRESENTATION_CONTEXT(2) 
PARAMETRIC_REPRESENTATION_CONTEXT() REPRESENTATION_CONTEXT('2D SPACE',''
  ) );
#1410 = ORIENTED_EDGE('',*,*,#1411,.F.);
#1411 = EDGE_CURVE('',#1412,#1386,#1414,.T.);
#1412 = VERTEX_POINT('',#1413);
#1413 = CARTESIAN_POINT('',(-48.11483534557,-49.78516465442,0.));
#1414 = SURFACE_CURVE('',#1415,(#1420,#1427),.PCURVE_S1.);
#1415 = CIRCLE('',#1416,24.);
#1416 = AXIS2_PLACEMENT_3D('',#1417,#1418,#1419);
#1417 = CARTESIAN_POINT('',(-32.,-32.,0.));
#1418 = DIRECTION('',(0.,0.,1.));
#1419 = DIRECTION('',(1.,0.,0.));
#1420 = PCURVE('',#44,#1421);
#1421 = DEFINITIONAL_REPRESENTATION('',(#1422),#1426);
#1422 = LINE('',#1423,#1424);
#1423 = CARTESIAN_POINT('',(-0.,0.));
#1424 = VECTOR('',#1425,1.);
#1425 = DIRECTION('',(-1.,0.));
#1426 = ( GEOMETRIC_REPRESENTATION_CONTEXT(2) 
PARAMETRIC_REPRESENTATION_CONTEXT() REPRESENTATION_CONTEXT('2D SPACE',''
  ) );
#1427 = PCURVE('',#1428,#1433);
#1428 = PLANE('',#1429);
#1429 = AXIS2_PLACEMENT_3D('',#1430,#1431,#1432);
#1430 = CARTESIAN_POINT('',(0.,0.,0.));
#1431 = DIRECTION('',(0.,0.,1.));
#1432 = DIRECTION('',(1.,0.,0.));
#1433 = DEFINITIONAL_REPRESENTATION('',(#1434),#1438);
#1434 = CIRCLE('',#1435,24.);
#1435 = AXIS2_PLACEMENT_2D('',#1436,#1437);
#1436 = CARTESIAN_POINT('',(-32.,-32.));
#1437 = DIRECTION('',(1.,0.));
#1438 = ( GEOMETRIC_REPRESENTATION_CONTEXT(2) 
PARAMETRIC_REPRESENTATION_CONTEXT() REPRESENTATION_CONTEXT('2D SPACE',''
  ) );
#1439 = ORIENTED_EDGE('',*,*,#1440,.F.);
#1440 = EDGE_CURVE('',#1441,#1412,#1443,.T.);
#1441 = VERTEX_POINT('',#1442);
#1442 = CARTESIAN_POINT('',(-48.11483534557,-49.78516465442,25.));
#1443 = SURFACE_CURVE('',#1444,(#1448,#1454),.PCURVE_S1.);
#1444 = LINE('',#1445,#1446);
#1445 = CARTESIAN_POINT('',(-48.11483534557,-49.78516465442,0.));
#1446 = VECTOR('',#1447,1.);
#1447 = DIRECTION('',(-0.,-0.,-1.));
#1448 = PCURVE('',#44,#1449);
#1449 = DEFINITIONAL_REPRESENTATION('',(#1450),#1453);
#1450 = B_SPLINE_CURVE_WITH_KNOTS('',1,(#1451,#1452),.UNSPECIFIED.,.F.,
  .F.,(2,2),(-25.0000006,6.E-07),.PIECEWISE_BEZIER_KNOTS.);
#1451 = CARTESIAN_POINT('',(-3.976223252321,-25.0000006));
#1452 = CARTESIAN_POINT('',(-3.976223252321,6.E-07));
#1453 = ( GEOMETRIC_REPRESENTATION_CONTEXT(2) 
PARAMETRIC_REPRESENTATION_CONTEXT() REPRESENTATION_CONTEXT('2D SPACE',''
  ) );
#1454 = PCURVE('',#1455,#1460);
#1455 = CYLINDRICAL_SURFACE('',#1456,3.);
#1456 = AXIS2_PLACEMENT_3D('',#1457,#1458,#1459);
#1457 = CARTESIAN_POINT('',(-47.,-47.,-1.));
#1458 = DIRECTION('',(-0.,-0.,-1.));
#1459 = DIRECTION('',(1.,0.,0.));
#1460 = DEFINITIONAL_REPRESENTATION('',(#1461),#1464);
#1461 = B_SPLINE_CURVE_WITH_KNOTS('',1,(#1462,#1463),.UNSPECIFIED.,.F.,
  .F.,(2,2),(-25.,0.),.PIECEWISE_BEZIER_KNOTS.);
#1462 = CARTESIAN_POINT('',(-4.331644454011,-26.));
#1463 = CARTESIAN_POINT('',(-4.331644454011,-1.));
#1464 = ( GEOMETRIC_REPRESENTATION_CONTEXT(2) 
PARAMETRIC_REPRESENTATION_CONTEXT() REPRESENTATION_CONTEXT('2D SPACE',''
  ) );
#1465 = ORIENTED_EDGE('',*,*,#1466,.T.);
#1466 = EDGE_CURVE('',#1441,#1467,#1469,.T.);
#1467 = VERTEX_POINT('',#1468);
#1468 = CARTESIAN_POINT('',(-49.78516465442,-48.11483534557,25.));
#1469 = SURFACE_CURVE('',#1470,(#1475,#1482),.PCURVE_S1.);
#1470 = CIRCLE('',#1471,24.);
#1471 = AXIS2_PLACEMENT_3D('',#1472,#1473,#1474);
#1472 = CARTESIAN_POINT('',(-32.,-32.,25.));
#1473 = DIRECTION('',(0.,0.,-1.));
#1474 = DIRECTION('',(1.,0.,0.));
#1475 = PCURVE('',#44,#1476);
#1476 = DEFINITIONAL_REPRESENTATION('',(#1477),#1481);
#1477 = LINE('',#1478,#1479);
#1478 = CARTESIAN_POINT('',(-6.28318530718,-25.));
#1479 = VECTOR('',#1480,1.);
#1480 = DIRECTION('',(1.,-0.));
#1481 = ( GEOMETRIC_REPRESENTATION_CONTEXT(2) 
PARAMETRIC_REPRESENTATION_CONTEXT() REPRESENTATION_CONTEXT('2D SPACE',''
  ) );
#1482 = PCURVE('',#1483,#1488);
#1483 = PLANE('',#1484);
#1484 = AXIS2_PLACEMENT_3D('',#1485,#1486,#1487);
#1485 = CARTESIAN_POINT('',(-47.,-47.,25.));
#1486 = DIRECTION('',(0.,0.,1.));
#1487 = DIRECTION('',(1.,0.,-0.));
#1488 = DEFINITIONAL_REPRESENTATION('',(#1489),#1497);
#1489 = ( BOUNDED_CURVE() B_SPLINE_CURVE(2,(#1490,#1491,#1492,#1493,
#1494,#1495,#1496),.UNSPECIFIED.,.T.,.F.) B_SPLINE_CURVE_WITH_KNOTS((1,2
    ,2,2,2,1),(-2.094395102393,0.,2.094395102393,4.188790204786,
6.28318530718,8.377580409573),.UNSPECIFIED.) CURVE() 
GEOMETRIC_REPRESENTATION_ITEM() RATIONAL_B_SPLINE_CURVE((1.,0.5,1.,0.5,
1.,0.5,1.)) REPRESENTATION_ITEM('') );
#1490 = CARTESIAN_POINT('',(39.,15.));
#1491 = CARTESIAN_POINT('',(39.,-26.56921938165));
#1492 = CARTESIAN_POINT('',(3.,-5.784609690827));
#1493 = CARTESIAN_POINT('',(-33.,15.));
#1494 = CARTESIAN_POINT('',(3.,35.784609690827));
#1495 = CARTESIAN_POINT('',(39.,56.569219381653));
#1496 = CARTESIAN_POINT('',(39.,15.));
#1497 = ( GEOMETRIC_REPRESENTATION_CONTEXT(2) 
PARAMETRIC_REPRESENTATION_CONTEXT() REPRESENTATION_CONTEXT('2D SPACE',''
  ) );
#1498 = ORIENTED_EDGE('',*,*,#1499,.T.);
#1499 = EDGE_CURVE('',#1467,#1500,#1502,.T.);
#1500 = VERTEX_POINT('',#1501);
#1501 = CARTESIAN_POINT('',(-49.78516465442,-48.11483534557,0.));
#1502 = SURFACE_CURVE('',#1503,(#1507,#1513),.PCURVE_S1.);
#1503 = LINE('',#1504,#1505);
#1504 = CARTESIAN_POINT('',(-49.78516465442,-48.11483534557,0.));
#1505 = VECTOR('',#1506,1.);
#1506 = DIRECTION('',(-0.,-0.,-1.));
#1507 = PCURVE('',#44,#1508);
#1508 = DEFINITIONAL_REPRESENTATION('',(#1509),#1512);
#1509 = B_SPLINE_CURVE_WITH_KNOTS('',1,(#1510,#1511),.UNSPECIFIED.,.F.,
  .F.,(2,2),(-25.0000006,6.E-07),.PIECEWISE_BEZIER_KNOTS.);
#1510 = CARTESIAN_POINT('',(-3.877758381654,-25.0000006));
#1511 = CARTESIAN_POINT('',(-3.877758381654,6.E-07));
#1512 = ( GEOMETRIC_REPRESENTATION_CONTEXT(2) 
PARAMETRIC_REPRESENTATION_CONTEXT() REPRESENTATION_CONTEXT('2D SPACE',''
  ) );
#1513 = PCURVE('',#1455,#1514);
#1514 = DEFINITIONAL_REPRESENTATION('',(#1515),#1518);
#1515 = B_SPLINE_CURVE_WITH_KNOTS('',1,(#1516,#1517),.UNSPECIFIED.,.F.,
  .F.,(2,2),(-25.,0.),.PIECEWISE_BEZIER_KNOTS.);
#1516 = CARTESIAN_POINT('',(-9.805522487143,-26.));
#1517 = CARTESIAN_POINT('',(-9.805522487143,-1.));
#1518 = ( GEOMETRIC_REPRESENTATION_CONTEXT(2) 
PARAMETRIC_REPRESENTATION_CONTEXT() REPRESENTATION_CONTEXT('2D SPACE',''
  ) );
#1519 = ORIENTED_EDGE('',*,*,#1520,.F.);
#1520 = EDGE_CURVE('',#1136,#1500,#1521,.T.);
#1521 = SURFACE_CURVE('',#1522,(#1527,#1534),.PCURVE_S1.);
#1522 = CIRCLE('',#1523,24.);
#1523 = AXIS2_PLACEMENT_3D('',#1524,#1525,#1526);
#1524 = CARTESIAN_POINT('',(-32.,-32.,0.));
#1525 = DIRECTION('',(0.,0.,1.));
#1526 = DIRECTION('',(1.,0.,0.));
#1527 = PCURVE('',#44,#1528);
#1528 = DEFINITIONAL_REPRESENTATION('',(#1529),#1533);
#1529 = LINE('',#1530,#1531);
#1530 = CARTESIAN_POINT('',(-0.,0.));
#1531 = VECTOR('',#1532,1.);
#1532 = DIRECTION('',(-1.,0.));
#1533 = ( GEOMETRIC_REPRESENTATION_CONTEXT(2) 
PARAMETRIC_REPRESENTATION_CONTEXT() REPRESENTATION_CONTEXT('2D SPACE',''
  ) );
#1534 = PCURVE('',#1428,#1535);
#1535 = DEFINITIONAL_REPRESENTATION('',(#1536),#1540);
#1536 = CIRCLE('',#1537,24.);
#1537 = AXIS2_PLACEMENT_2D('',#1538,#1539);
#1538 = CARTESIAN_POINT('',(-32.,-32.));
#1539 = DIRECTION('',(1.,0.));
#1540 = ( GEOMETRIC_REPRESENTATION_CONTEXT(2) 
PARAMETRIC_REPRESENTATION_CONTEXT() REPRESENTATION_CONTEXT('2D SPACE',''
  ) );
#1541 = ADVANCED_FACE('',(#1542),#126,.F.);
#1542 = FACE_BOUND('',#1543,.T.);
#1543 = EDGE_LOOP('',(#1544,#1565,#1566,#1592));
#1544 = ORIENTED_EDGE('',*,*,#1545,.F.);
#1545 = EDGE_CURVE('',#22,#1546,#1548,.T.);
#1546 = VERTEX_POINT('',#1547);
#1547 = CARTESIAN_POINT('',(-55.4,-32.,-4.107825191113E-15));
#1548 = SURFACE_CURVE('',#1549,(#1553,#1559),.PCURVE_S1.);
#1549 = LINE('',#1550,#1551);
#1550 = CARTESIAN_POINT('',(-55.7,-32.,0.3));
#1551 = VECTOR('',#1552,1.);
#1552 = DIRECTION('',(0.707106781187,0.,-0.707106781187));
#1553 = PCURVE('',#126,#1554);
#1554 = DEFINITIONAL_REPRESENTATION('',(#1555),#1558);
#1555 = B_SPLINE_CURVE_WITH_KNOTS('',1,(#1556,#1557),.UNSPECIFIED.,.F.,
  .F.,(2,2),(-0.424264068712,0.424264068712),.PIECEWISE_BEZIER_KNOTS.);
#1556 = CARTESIAN_POINT('',(0.,-0.424264068712));
#1557 = CARTESIAN_POINT('',(0.,0.424264068712));
#1558 = ( GEOMETRIC_REPRESENTATION_CONTEXT(2) 
PARAMETRIC_REPRESENTATION_CONTEXT() REPRESENTATION_CONTEXT('2D SPACE',''
  ) );
#1559 = PCURVE('',#1176,#1560);
#1560 = DEFINITIONAL_REPRESENTATION('',(#1561),#1564);
#1561 = B_SPLINE_CURVE_WITH_KNOTS('',1,(#1562,#1563),.UNSPECIFIED.,.F.,
  .F.,(2,2),(-0.424264068712,0.424264068712),.PIECEWISE_BEZIER_KNOTS.);
#1562 = CARTESIAN_POINT('',(-1.570796326795,0.));
#1563 = CARTESIAN_POINT('',(-1.570796326795,-0.6));
#1564 = ( GEOMETRIC_REPRESENTATION_CONTEXT(2) 
PARAMETRIC_REPRESENTATION_CONTEXT() REPRESENTATION_CONTEXT('2D SPACE',''
  ) );
#1565 = ORIENTED_EDGE('',*,*,#112,.T.);
#1566 = ORIENTED_EDGE('',*,*,#1567,.T.);
#1567 = EDGE_CURVE('',#85,#1568,#1570,.T.);
#1568 = VERTEX_POINT('',#1569);
#1569 = CARTESIAN_POINT('',(-55.4,32.,-4.107825191113E-15));
#1570 = SURFACE_CURVE('',#1571,(#1575,#1581),.PCURVE_S1.);
#1571 = LINE('',#1572,#1573);
#1572 = CARTESIAN_POINT('',(-55.7,32.,0.3));
#1573 = VECTOR('',#1574,1.);
#1574 = DIRECTION('',(0.707106781187,0.,-0.707106781187));
#1575 = PCURVE('',#126,#1576);
#1576 = DEFINITIONAL_REPRESENTATION('',(#1577),#1580);
#1577 = B_SPLINE_CURVE_WITH_KNOTS('',1,(#1578,#1579),.UNSPECIFIED.,.F.,
  .F.,(2,2),(-0.424264068712,0.424264068712),.PIECEWISE_BEZIER_KNOTS.);
#1578 = CARTESIAN_POINT('',(-64.,-0.424264068712));
#1579 = CARTESIAN_POINT('',(-64.,0.424264068712));
#1580 = ( GEOMETRIC_REPRESENTATION_CONTEXT(2) 
PARAMETRIC_REPRESENTATION_CONTEXT() REPRESENTATION_CONTEXT('2D SPACE',''
  ) );
#1581 = PCURVE('',#1582,#1587);
#1582 = CONICAL_SURFACE('',#1583,24.,0.785398163397);
#1583 = AXIS2_PLACEMENT_3D('',#1584,#1585,#1586);
#1584 = CARTESIAN_POINT('',(-32.,32.,0.6));
#1585 = DIRECTION('',(0.,0.,1.));
#1586 = DIRECTION('',(-1.,0.,0.));
#1587 = DEFINITIONAL_REPRESENTATION('',(#1588),#1591);
#1588 = B_SPLINE_CURVE_WITH_KNOTS('',1,(#1589,#1590),.UNSPECIFIED.,.F.,
  .F.,(2,2),(-0.424264068712,0.424264068712),.PIECEWISE_BEZIER_KNOTS.);
#1589 = CARTESIAN_POINT('',(0.,0.));
#1590 = CARTESIAN_POINT('',(0.,-0.6));
#1591 = ( GEOMETRIC_REPRESENTATION_CONTEXT(2) 
PARAMETRIC_REPRESENTATION_CONTEXT() REPRESENTATION_CONTEXT('2D SPACE',''
  ) );
#1592 = ORIENTED_EDGE('',*,*,#1593,.F.);
#1593 = EDGE_CURVE('',#1546,#1568,#1594,.T.);
#1594 = SURFACE_CURVE('',#1595,(#1599,#1606),.PCURVE_S1.);
#1595 = LINE('',#1596,#1597);
#1596 = CARTESIAN_POINT('',(-55.4,-32.,0.));
#1597 = VECTOR('',#1598,1.);
#1598 = DIRECTION('',(0.,1.,0.));
#1599 = PCURVE('',#126,#1600);
#1600 = DEFINITIONAL_REPRESENTATION('',(#1601),#1605);
#1601 = LINE('',#1602,#1603);
#1602 = CARTESIAN_POINT('',(-0.,0.424264068712));
#1603 = VECTOR('',#1604,1.);
#1604 = DIRECTION('',(-1.,0.));
#1605 = ( GEOMETRIC_REPRESENTATION_CONTEXT(2) 
PARAMETRIC_REPRESENTATION_CONTEXT() REPRESENTATION_CONTEXT('2D SPACE',''
  ) );
#1606 = PCURVE('',#1428,#1607);
#1607 = DEFINITIONAL_REPRESENTATION('',(#1608),#1612);
#1608 = LINE('',#1609,#1610);
#1609 = CARTESIAN_POINT('',(-55.4,-32.));
#1610 = VECTOR('',#1611,1.);
#1611 = DIRECTION('',(0.,1.));
#1612 = ( GEOMETRIC_REPRESENTATION_CONTEXT(2) 
PARAMETRIC_REPRESENTATION_CONTEXT() REPRESENTATION_CONTEXT('2D SPACE',''
  ) );
#1613 = ADVANCED_FACE('',(#1614),#72,.T.);
#1614 = FACE_BOUND('',#1615,.F.);
#1615 = EDGE_LOOP('',(#1616,#1637,#1638,#1664));
#1616 = ORIENTED_EDGE('',*,*,#1617,.F.);
#1617 = EDGE_CURVE('',#24,#1618,#1620,.T.);
#1618 = VERTEX_POINT('',#1619);
#1619 = CARTESIAN_POINT('',(-55.2,-32.,30.));
#1620 = SURFACE_CURVE('',#1621,(#1625,#1631),.PCURVE_S1.);
#1621 = LINE('',#1622,#1623);
#1622 = CARTESIAN_POINT('',(-55.6,-32.,29.6));
#1623 = VECTOR('',#1624,1.);
#1624 = DIRECTION('',(0.707106781187,-0.,0.707106781187));
#1625 = PCURVE('',#72,#1626);
#1626 = DEFINITIONAL_REPRESENTATION('',(#1627),#1630);
#1627 = B_SPLINE_CURVE_WITH_KNOTS('',1,(#1628,#1629),.UNSPECIFIED.,.F.,
  .F.,(2,2),(-0.565685424949,0.565685424949),.PIECEWISE_BEZIER_KNOTS.);
#1628 = CARTESIAN_POINT('',(0.,-0.565685424949));
#1629 = CARTESIAN_POINT('',(0.,0.565685424949));
#1630 = ( GEOMETRIC_REPRESENTATION_CONTEXT(2) 
PARAMETRIC_REPRESENTATION_CONTEXT() REPRESENTATION_CONTEXT('2D SPACE',''
  ) );
#1631 = PCURVE('',#1206,#1632);
#1632 = DEFINITIONAL_REPRESENTATION('',(#1633),#1636);
#1633 = B_SPLINE_CURVE_WITH_KNOTS('',1,(#1634,#1635),.UNSPECIFIED.,.F.,
  .F.,(2,2),(-0.565685424949,0.565685424949),.PIECEWISE_BEZIER_KNOTS.);
#1634 = CARTESIAN_POINT('',(1.570796326795,0.));
#1635 = CARTESIAN_POINT('',(1.570796326795,-0.8));
#1636 = ( GEOMETRIC_REPRESENTATION_CONTEXT(2) 
PARAMETRIC_REPRESENTATION_CONTEXT() REPRESENTATION_CONTEXT('2D SPACE',''
  ) );
#1637 = ORIENTED_EDGE('',*,*,#56,.T.);
#1638 = ORIENTED_EDGE('',*,*,#1639,.T.);
#1639 = EDGE_CURVE('',#57,#1640,#1642,.T.);
#1640 = VERTEX_POINT('',#1641);
#1641 = CARTESIAN_POINT('',(-55.2,32.,30.));
#1642 = SURFACE_CURVE('',#1643,(#1647,#1653),.PCURVE_S1.);
#1643 = LINE('',#1644,#1645);
#1644 = CARTESIAN_POINT('',(-55.6,32.,29.6));
#1645 = VECTOR('',#1646,1.);
#1646 = DIRECTION('',(0.707106781187,-0.,0.707106781187));
#1647 = PCURVE('',#72,#1648);
#1648 = DEFINITIONAL_REPRESENTATION('',(#1649),#1652);
#1649 = B_SPLINE_CURVE_WITH_KNOTS('',1,(#1650,#1651),.UNSPECIFIED.,.F.,
  .F.,(2,2),(-0.565685424949,0.565685424949),.PIECEWISE_BEZIER_KNOTS.);
#1650 = CARTESIAN_POINT('',(-64.,-0.565685424949));
#1651 = CARTESIAN_POINT('',(-64.,0.565685424949));
#1652 = ( GEOMETRIC_REPRESENTATION_CONTEXT(2) 
PARAMETRIC_REPRESENTATION_CONTEXT() REPRESENTATION_CONTEXT('2D SPACE',''
  ) );
#1653 = PCURVE('',#1654,#1659);
#1654 = CONICAL_SURFACE('',#1655,24.,0.785398163397);
#1655 = AXIS2_PLACEMENT_3D('',#1656,#1657,#1658);
#1656 = CARTESIAN_POINT('',(-32.,32.,29.2));
#1657 = DIRECTION('',(-0.,-0.,-1.));
#1658 = DIRECTION('',(-1.,0.,0.));
#1659 = DEFINITIONAL_REPRESENTATION('',(#1660),#1663);
#1660 = B_SPLINE_CURVE_WITH_KNOTS('',1,(#1661,#1662),.UNSPECIFIED.,.F.,
  .F.,(2,2),(-0.565685424949,0.565685424949),.PIECEWISE_BEZIER_KNOTS.);
#1661 = CARTESIAN_POINT('',(0.,0.));
#1662 = CARTESIAN_POINT('',(0.,-0.8));
#1663 = ( GEOMETRIC_REPRESENTATION_CONTEXT(2) 
PARAMETRIC_REPRESENTATION_CONTEXT() REPRESENTATION_CONTEXT('2D SPACE',''
  ) );
#1664 = ORIENTED_EDGE('',*,*,#1665,.F.);
#1665 = EDGE_CURVE('',#1618,#1640,#1666,.T.);
#1666 = SURFACE_CURVE('',#1667,(#1671,#1678),.PCURVE_S1.);
#1667 = LINE('',#1668,#1669);
#1668 = CARTESIAN_POINT('',(-55.2,-32.,30.));
#1669 = VECTOR('',#1670,1.);
#1670 = DIRECTION('',(0.,1.,0.));
#1671 = PCURVE('',#72,#1672);
#1672 = DEFINITIONAL_REPRESENTATION('',(#1673),#1677);
#1673 = LINE('',#1674,#1675);
#1674 = CARTESIAN_POINT('',(-0.,0.565685424949));
#1675 = VECTOR('',#1676,1.);
#1676 = DIRECTION('',(-1.,0.));
#1677 = ( GEOMETRIC_REPRESENTATION_CONTEXT(2) 
PARAMETRIC_REPRESENTATION_CONTEXT() REPRESENTATION_CONTEXT('2D SPACE',''
  ) );
#1678 = PCURVE('',#1261,#1679);
#1679 = DEFINITIONAL_REPRESENTATION('',(#1680),#1684);
#1680 = LINE('',#1681,#1682);
#1681 = CARTESIAN_POINT('',(-55.2,-32.));
#1682 = VECTOR('',#1683,1.);
#1683 = DIRECTION('',(0.,1.));
#1684 = ( GEOMETRIC_REPRESENTATION_CONTEXT(2) 
PARAMETRIC_REPRESENTATION_CONTEXT() REPRESENTATION_CONTEXT('2D SPACE',''
  ) );
#1685 = ADVANCED_FACE('',(#1686),#100,.T.);
#1686 = FACE_BOUND('',#1687,.F.);
#1687 = EDGE_LOOP('',(#1688,#1689,#1713,#1739,#1763,#1789,#1822,#1843,
    #1867,#1893,#1922,#1950,#1979,#2005,#2029,#2055));
#1688 = ORIENTED_EDGE('',*,*,#84,.F.);
#1689 = ORIENTED_EDGE('',*,*,#1690,.T.);
#1690 = EDGE_CURVE('',#85,#1691,#1693,.T.);
#1691 = VERTEX_POINT('',#1692);
#1692 = CARTESIAN_POINT('',(-51.16361828971,46.448381710285,0.6));
#1693 = SURFACE_CURVE('',#1694,(#1699,#1706),.PCURVE_S1.);
#1694 = CIRCLE('',#1695,24.);
#1695 = AXIS2_PLACEMENT_3D('',#1696,#1697,#1698);
#1696 = CARTESIAN_POINT('',(-32.,32.,0.6));
#1697 = DIRECTION('',(-0.,0.,-1.));
#1698 = DIRECTION('',(-1.,0.,0.));
#1699 = PCURVE('',#100,#1700);
#1700 = DEFINITIONAL_REPRESENTATION('',(#1701),#1705);
#1701 = LINE('',#1702,#1703);
#1702 = CARTESIAN_POINT('',(-3.14159265359,-0.6));
#1703 = VECTOR('',#1704,1.);
#1704 = DIRECTION('',(1.,-0.));
#1705 = ( GEOMETRIC_REPRESENTATION_CONTEXT(2) 
PARAMETRIC_REPRESENTATION_CONTEXT() REPRESENTATION_CONTEXT('2D SPACE',''
  ) );
#1706 = PCURVE('',#1582,#1707);
#1707 = DEFINITIONAL_REPRESENTATION('',(#1708),#1712);
#1708 = LINE('',#1709,#1710);
#1709 = CARTESIAN_POINT('',(-0.,-0.));
#1710 = VECTOR('',#1711,1.);
#1711 = DIRECTION('',(-1.,-0.));
#1712 = ( GEOMETRIC_REPRESENTATION_CONTEXT(2) 
PARAMETRIC_REPRESENTATION_CONTEXT() REPRESENTATION_CONTEXT('2D SPACE',''
  ) );
#1713 = ORIENTED_EDGE('',*,*,#1714,.T.);
#1714 = EDGE_CURVE('',#1691,#1715,#1717,.T.);
#1715 = VERTEX_POINT('',#1716);
#1716 = CARTESIAN_POINT('',(-51.16361828971,46.448381710285,0.));
#1717 = SURFACE_CURVE('',#1718,(#1722,#1728),.PCURVE_S1.);
#1718 = LINE('',#1719,#1720);
#1719 = CARTESIAN_POINT('',(-51.16361828971,46.448381710285,0.));
#1720 = VECTOR('',#1721,1.);
#1721 = DIRECTION('',(-0.,-0.,-1.));
#1722 = PCURVE('',#100,#1723);
#1723 = DEFINITIONAL_REPRESENTATION('',(#1724),#1727);
#1724 = B_SPLINE_CURVE_WITH_KNOTS('',1,(#1725,#1726),.UNSPECIFIED.,.F.,
  .F.,(2,2),(-30.0000006,6.E-07),.PIECEWISE_BEZIER_KNOTS.);
#1725 = CARTESIAN_POINT('',(-2.495569275689,-30.0000006));
#1726 = CARTESIAN_POINT('',(-2.495569275689,6.E-07));
#1727 = ( GEOMETRIC_REPRESENTATION_CONTEXT(2) 
PARAMETRIC_REPRESENTATION_CONTEXT() REPRESENTATION_CONTEXT('2D SPACE',''
  ) );
#1728 = PCURVE('',#1729,#1734);
#1729 = CYLINDRICAL_SURFACE('',#1730,4.2);
#1730 = AXIS2_PLACEMENT_3D('',#1731,#1732,#1733);
#1731 = CARTESIAN_POINT('',(-47.,47.,0.));
#1732 = DIRECTION('',(-0.,-0.,-1.));
#1733 = DIRECTION('',(1.,0.,0.));
#1734 = DEFINITIONAL_REPRESENTATION('',(#1735),#1738);
#1735 = B_SPLINE_CURVE_WITH_KNOTS('',1,(#1736,#1737),.UNSPECIFIED.,.F.,
  .F.,(2,2),(-30.0000006,6.E-07),.PIECEWISE_BEZIER_KNOTS.);
#1736 = CARTESIAN_POINT('',(-3.273310889858,-30.0000006));
#1737 = CARTESIAN_POINT('',(-3.273310889858,6.E-07));
#1738 = ( GEOMETRIC_REPRESENTATION_CONTEXT(2) 
PARAMETRIC_REPRESENTATION_CONTEXT() REPRESENTATION_CONTEXT('2D SPACE',''
  ) );
#1739 = ORIENTED_EDGE('',*,*,#1740,.F.);
#1740 = EDGE_CURVE('',#1741,#1715,#1743,.T.);
#1741 = VERTEX_POINT('',#1742);
#1742 = CARTESIAN_POINT('',(-49.78516465442,48.114835345576,0.));
#1743 = SURFACE_CURVE('',#1744,(#1749,#1756),.PCURVE_S1.);
#1744 = CIRCLE('',#1745,24.);
#1745 = AXIS2_PLACEMENT_3D('',#1746,#1747,#1748);
#1746 = CARTESIAN_POINT('',(-32.,32.,0.));
#1747 = DIRECTION('',(0.,0.,1.));
#1748 = DIRECTION('',(1.,0.,0.));
#1749 = PCURVE('',#100,#1750);
#1750 = DEFINITIONAL_REPRESENTATION('',(#1751),#1755);
#1751 = LINE('',#1752,#1753);
#1752 = CARTESIAN_POINT('',(-0.,0.));
#1753 = VECTOR('',#1754,1.);
#1754 = DIRECTION('',(-1.,0.));
#1755 = ( GEOMETRIC_REPRESENTATION_CONTEXT(2) 
PARAMETRIC_REPRESENTATION_CONTEXT() REPRESENTATION_CONTEXT('2D SPACE',''
  ) );
#1756 = PCURVE('',#1428,#1757);
#1757 = DEFINITIONAL_REPRESENTATION('',(#1758),#1762);
#1758 = CIRCLE('',#1759,24.);
#1759 = AXIS2_PLACEMENT_2D('',#1760,#1761);
#1760 = CARTESIAN_POINT('',(-32.,32.));
#1761 = DIRECTION('',(1.,0.));
#1762 = ( GEOMETRIC_REPRESENTATION_CONTEXT(2) 
PARAMETRIC_REPRESENTATION_CONTEXT() REPRESENTATION_CONTEXT('2D SPACE',''
  ) );
#1763 = ORIENTED_EDGE('',*,*,#1764,.F.);
#1764 = EDGE_CURVE('',#1765,#1741,#1767,.T.);
#1765 = VERTEX_POINT('',#1766);
#1766 = CARTESIAN_POINT('',(-49.78516465442,48.114835345576,25.));
#1767 = SURFACE_CURVE('',#1768,(#1772,#1778),.PCURVE_S1.);
#1768 = LINE('',#1769,#1770);
#1769 = CARTESIAN_POINT('',(-49.78516465442,48.114835345575,0.));
#1770 = VECTOR('',#1771,1.);
#1771 = DIRECTION('',(-0.,-0.,-1.));
#1772 = PCURVE('',#100,#1773);
#1773 = DEFINITIONAL_REPRESENTATION('',(#1774),#1777);
#1774 = B_SPLINE_CURVE_WITH_KNOTS('',1,(#1775,#1776),.UNSPECIFIED.,.F.,
  .F.,(2,2),(-25.0000006,6.E-07),.PIECEWISE_BEZIER_KNOTS.);
#1775 = CARTESIAN_POINT('',(-2.405426925526,-25.0000006));
#1776 = CARTESIAN_POINT('',(-2.405426925526,6.E-07));
#1777 = ( GEOMETRIC_REPRESENTATION_CONTEXT(2) 
PARAMETRIC_REPRESENTATION_CONTEXT() REPRESENTATION_CONTEXT('2D SPACE',''
  ) );
#1778 = PCURVE('',#1779,#1784);
#1779 = CYLINDRICAL_SURFACE('',#1780,3.);
#1780 = AXIS2_PLACEMENT_3D('',#1781,#1782,#1783);
#1781 = CARTESIAN_POINT('',(-47.,47.,-1.));
#1782 = DIRECTION('',(-0.,-0.,-1.));
#1783 = DIRECTION('',(1.,0.,0.));
#1784 = DEFINITIONAL_REPRESENTATION('',(#1785),#1788);
#1785 = B_SPLINE_CURVE_WITH_KNOTS('',1,(#1786,#1787),.UNSPECIFIED.,.F.,
  .F.,(2,2),(-25.,-0.),.PIECEWISE_BEZIER_KNOTS.);
#1786 = CARTESIAN_POINT('',(-2.760848127216,-26.));
#1787 = CARTESIAN_POINT('',(-2.760848127216,-1.));
#1788 = ( GEOMETRIC_REPRESENTATION_CONTEXT(2) 
PARAMETRIC_REPRESENTATION_CONTEXT() REPRESENTATION_CONTEXT('2D SPACE',''
  ) );
#1789 = ORIENTED_EDGE('',*,*,#1790,.T.);
#1790 = EDGE_CURVE('',#1765,#1791,#1793,.T.);
#1791 = VERTEX_POINT('',#1792);
#1792 = CARTESIAN_POINT('',(-48.11483534557,49.785164654425,25.));
#1793 = SURFACE_CURVE('',#1794,(#1799,#1806),.PCURVE_S1.);
#1794 = CIRCLE('',#1795,24.);
#1795 = AXIS2_PLACEMENT_3D('',#1796,#1797,#1798);
#1796 = CARTESIAN_POINT('',(-32.,32.,25.));
#1797 = DIRECTION('',(0.,0.,-1.));
#1798 = DIRECTION('',(1.,0.,0.));
#1799 = PCURVE('',#100,#1800);
#1800 = DEFINITIONAL_REPRESENTATION('',(#1801),#1805);
#1801 = LINE('',#1802,#1803);
#1802 = CARTESIAN_POINT('',(-6.28318530718,-25.));
#1803 = VECTOR('',#1804,1.);
#1804 = DIRECTION('',(1.,-0.));
#1805 = ( GEOMETRIC_REPRESENTATION_CONTEXT(2) 
PARAMETRIC_REPRESENTATION_CONTEXT() REPRESENTATION_CONTEXT('2D SPACE',''
  ) );
#1806 = PCURVE('',#1807,#1812);
#1807 = PLANE('',#1808);
#1808 = AXIS2_PLACEMENT_3D('',#1809,#1810,#1811);
#1809 = CARTESIAN_POINT('',(-47.,47.,25.));
#1810 = DIRECTION('',(0.,0.,1.));
#1811 = DIRECTION('',(1.,0.,-0.));
#1812 = DEFINITIONAL_REPRESENTATION('',(#1813),#1821);
#1813 = ( BOUNDED_CURVE() B_SPLINE_CURVE(2,(#1814,#1815,#1816,#1817,
#1818,#1819,#1820),.UNSPECIFIED.,.T.,.F.) B_SPLINE_CURVE_WITH_KNOTS((1,2
    ,2,2,2,1),(-2.094395102393,0.,2.094395102393,4.188790204786,
6.28318530718,8.377580409573),.UNSPECIFIED.) CURVE() 
GEOMETRIC_REPRESENTATION_ITEM() RATIONAL_B_SPLINE_CURVE((1.,0.5,1.,0.5,
1.,0.5,1.)) REPRESENTATION_ITEM('') );
#1814 = CARTESIAN_POINT('',(39.,-15.));
#1815 = CARTESIAN_POINT('',(39.,-56.56921938165));
#1816 = CARTESIAN_POINT('',(3.,-35.78460969082));
#1817 = CARTESIAN_POINT('',(-33.,-15.));
#1818 = CARTESIAN_POINT('',(3.,5.784609690827));
#1819 = CARTESIAN_POINT('',(39.,26.569219381653));
#1820 = CARTESIAN_POINT('',(39.,-15.));
#1821 = ( GEOMETRIC_REPRESENTATION_CONTEXT(2) 
PARAMETRIC_REPRESENTATION_CONTEXT() REPRESENTATION_CONTEXT('2D SPACE',''
  ) );
#1822 = ORIENTED_EDGE('',*,*,#1823,.T.);
#1823 = EDGE_CURVE('',#1791,#1824,#1826,.T.);
#1824 = VERTEX_POINT('',#1825);
#1825 = CARTESIAN_POINT('',(-48.11483534557,49.785164654424,0.));
#1826 = SURFACE_CURVE('',#1827,(#1831,#1837),.PCURVE_S1.);
#1827 = LINE('',#1828,#1829);
#1828 = CARTESIAN_POINT('',(-48.11483534557,49.785164654425,0.));
#1829 = VECTOR('',#1830,1.);
#1830 = DIRECTION('',(-0.,-0.,-1.));
#1831 = PCURVE('',#100,#1832);
#1832 = DEFINITIONAL_REPRESENTATION('',(#1833),#1836);
#1833 = B_SPLINE_CURVE_WITH_KNOTS('',1,(#1834,#1835),.UNSPECIFIED.,.F.,
  .F.,(2,2),(-25.0000006,6.E-07),.PIECEWISE_BEZIER_KNOTS.);
#1834 = CARTESIAN_POINT('',(-2.306962054859,-25.0000006));
#1835 = CARTESIAN_POINT('',(-2.306962054859,6.E-07));
#1836 = ( GEOMETRIC_REPRESENTATION_CONTEXT(2) 
PARAMETRIC_REPRESENTATION_CONTEXT() REPRESENTATION_CONTEXT('2D SPACE',''
  ) );
#1837 = PCURVE('',#1779,#1838);
#1838 = DEFINITIONAL_REPRESENTATION('',(#1839),#1842);
#1839 = B_SPLINE_CURVE_WITH_KNOTS('',1,(#1840,#1841),.UNSPECIFIED.,.F.,
  .F.,(2,2),(-25.,0.),.PIECEWISE_BEZIER_KNOTS.);
#1840 = CARTESIAN_POINT('',(-8.234726160348,-26.));
#1841 = CARTESIAN_POINT('',(-8.234726160348,-1.));
#1842 = ( GEOMETRIC_REPRESENTATION_CONTEXT(2) 
PARAMETRIC_REPRESENTATION_CONTEXT() REPRESENTATION_CONTEXT('2D SPACE',''
  ) );
#1843 = ORIENTED_EDGE('',*,*,#1844,.F.);
#1844 = EDGE_CURVE('',#1845,#1824,#1847,.T.);
#1845 = VERTEX_POINT('',#1846);
#1846 = CARTESIAN_POINT('',(-46.44838171028,51.163618289715,0.));
#1847 = SURFACE_CURVE('',#1848,(#1853,#1860),.PCURVE_S1.);
#1848 = CIRCLE('',#1849,24.);
#1849 = AXIS2_PLACEMENT_3D('',#1850,#1851,#1852);
#1850 = CARTESIAN_POINT('',(-32.,32.,0.));
#1851 = DIRECTION('',(0.,0.,1.));
#1852 = DIRECTION('',(1.,0.,0.));
#1853 = PCURVE('',#100,#1854);
#1854 = DEFINITIONAL_REPRESENTATION('',(#1855),#1859);
#1855 = LINE('',#1856,#1857);
#1856 = CARTESIAN_POINT('',(-0.,0.));
#1857 = VECTOR('',#1858,1.);
#1858 = DIRECTION('',(-1.,0.));
#1859 = ( GEOMETRIC_REPRESENTATION_CONTEXT(2) 
PARAMETRIC_REPRESENTATION_CONTEXT() REPRESENTATION_CONTEXT('2D SPACE',''
  ) );
#1860 = PCURVE('',#1428,#1861);
#1861 = DEFINITIONAL_REPRESENTATION('',(#1862),#1866);
#1862 = CIRCLE('',#1863,24.);
#1863 = AXIS2_PLACEMENT_2D('',#1864,#1865);
#1864 = CARTESIAN_POINT('',(-32.,32.));
#1865 = DIRECTION('',(1.,0.));
#1866 = ( GEOMETRIC_REPRESENTATION_CONTEXT(2) 
PARAMETRIC_REPRESENTATION_CONTEXT() REPRESENTATION_CONTEXT('2D SPACE',''
  ) );
#1867 = ORIENTED_EDGE('',*,*,#1868,.F.);
#1868 = EDGE_CURVE('',#1869,#1845,#1871,.T.);
#1869 = VERTEX_POINT('',#1870);
#1870 = CARTESIAN_POINT('',(-46.44838171028,51.163618289715,0.6));
#1871 = SURFACE_CURVE('',#1872,(#1876,#1882),.PCURVE_S1.);
#1872 = LINE('',#1873,#1874);
#1873 = CARTESIAN_POINT('',(-46.44838171028,51.163618289715,0.));
#1874 = VECTOR('',#1875,1.);
#1875 = DIRECTION('',(-0.,-0.,-1.));
#1876 = PCURVE('',#100,#1877);
#1877 = DEFINITIONAL_REPRESENTATION('',(#1878),#1881);
#1878 = B_SPLINE_CURVE_WITH_KNOTS('',1,(#1879,#1880),.UNSPECIFIED.,.F.,
  .F.,(2,2),(-30.0000006,6.E-07),.PIECEWISE_BEZIER_KNOTS.);
#1879 = CARTESIAN_POINT('',(-2.216819704696,-30.0000006));
#1880 = CARTESIAN_POINT('',(-2.216819704696,6.E-07));
#1881 = ( GEOMETRIC_REPRESENTATION_CONTEXT(2) 
PARAMETRIC_REPRESENTATION_CONTEXT() REPRESENTATION_CONTEXT('2D SPACE',''
  ) );
#1882 = PCURVE('',#1883,#1888);
#1883 = CYLINDRICAL_SURFACE('',#1884,4.2);
#1884 = AXIS2_PLACEMENT_3D('',#1885,#1886,#1887);
#1885 = CARTESIAN_POINT('',(-47.,47.,0.));
#1886 = DIRECTION('',(-0.,-0.,-1.));
#1887 = DIRECTION('',(1.,0.,0.));
#1888 = DEFINITIONAL_REPRESENTATION('',(#1889),#1892);
#1889 = B_SPLINE_CURVE_WITH_KNOTS('',1,(#1890,#1891),.UNSPECIFIED.,.F.,
  .F.,(2,2),(-30.0000006,6.E-07),.PIECEWISE_BEZIER_KNOTS.);
#1890 = CARTESIAN_POINT('',(-7.722263397706,-30.0000006));
#1891 = CARTESIAN_POINT('',(-7.722263397706,6.E-07));
#1892 = ( GEOMETRIC_REPRESENTATION_CONTEXT(2) 
PARAMETRIC_REPRESENTATION_CONTEXT() REPRESENTATION_CONTEXT('2D SPACE',''
  ) );
#1893 = ORIENTED_EDGE('',*,*,#1894,.T.);
#1894 = EDGE_CURVE('',#1869,#1895,#1897,.T.);
#1895 = VERTEX_POINT('',#1896);
#1896 = CARTESIAN_POINT('',(-32.,56.,0.6));
#1897 = SURFACE_CURVE('',#1898,(#1903,#1910),.PCURVE_S1.);
#1898 = CIRCLE('',#1899,24.);
#1899 = AXIS2_PLACEMENT_3D('',#1900,#1901,#1902);
#1900 = CARTESIAN_POINT('',(-32.,32.,0.6));
#1901 = DIRECTION('',(-0.,0.,-1.));
#1902 = DIRECTION('',(-1.,0.,0.));
#1903 = PCURVE('',#100,#1904);
#1904 = DEFINITIONAL_REPRESENTATION('',(#1905),#1909);
#1905 = LINE('',#1906,#1907);
#1906 = CARTESIAN_POINT('',(-3.14159265359,-0.6));
#1907 = VECTOR('',#1908,1.);
#1908 = DIRECTION('',(1.,-0.));
#1909 = ( GEOMETRIC_REPRESENTATION_CONTEXT(2) 
PARAMETRIC_REPRESENTATION_CONTEXT() REPRESENTATION_CONTEXT('2D SPACE',''
  ) );
#1910 = PCURVE('',#1911,#1916);
#1911 = CONICAL_SURFACE('',#1912,24.,0.785398163397);
#1912 = AXIS2_PLACEMENT_3D('',#1913,#1914,#1915);
#1913 = CARTESIAN_POINT('',(-32.,32.,0.6));
#1914 = DIRECTION('',(0.,0.,1.));
#1915 = DIRECTION('',(-1.,0.,0.));
#1916 = DEFINITIONAL_REPRESENTATION('',(#1917),#1921);
#1917 = LINE('',#1918,#1919);
#1918 = CARTESIAN_POINT('',(-0.,-0.));
#1919 = VECTOR('',#1920,1.);
#1920 = DIRECTION('',(-1.,-0.));
#1921 = ( GEOMETRIC_REPRESENTATION_CONTEXT(2) 
PARAMETRIC_REPRESENTATION_CONTEXT() REPRESENTATION_CONTEXT('2D SPACE',''
  ) );
#1922 = ORIENTED_EDGE('',*,*,#1923,.T.);
#1923 = EDGE_CURVE('',#1895,#1924,#1926,.T.);
#1924 = VERTEX_POINT('',#1925);
#1925 = CARTESIAN_POINT('',(-32.,56.,29.2));
#1926 = SURFACE_CURVE('',#1927,(#1931,#1938),.PCURVE_S1.);
#1927 = LINE('',#1928,#1929);
#1928 = CARTESIAN_POINT('',(-32.,56.,0.));
#1929 = VECTOR('',#1930,1.);
#1930 = DIRECTION('',(0.,0.,1.));
#1931 = PCURVE('',#100,#1932);
#1932 = DEFINITIONAL_REPRESENTATION('',(#1933),#1937);
#1933 = LINE('',#1934,#1935);
#1934 = CARTESIAN_POINT('',(-1.570796326795,0.));
#1935 = VECTOR('',#1936,1.);
#1936 = DIRECTION('',(-0.,-1.));
#1937 = ( GEOMETRIC_REPRESENTATION_CONTEXT(2) 
PARAMETRIC_REPRESENTATION_CONTEXT() REPRESENTATION_CONTEXT('2D SPACE',''
  ) );
#1938 = PCURVE('',#1939,#1944);
#1939 = PLANE('',#1940);
#1940 = AXIS2_PLACEMENT_3D('',#1941,#1942,#1943);
#1941 = CARTESIAN_POINT('',(-32.,56.,0.));
#1942 = DIRECTION('',(0.,1.,0.));
#1943 = DIRECTION('',(1.,0.,0.));
#1944 = DEFINITIONAL_REPRESENTATION('',(#1945),#1949);
#1945 = LINE('',#1946,#1947);
#1946 = CARTESIAN_POINT('',(0.,0.));
#1947 = VECTOR('',#1948,1.);
#1948 = DIRECTION('',(0.,-1.));
#1949 = ( GEOMETRIC_REPRESENTATION_CONTEXT(2) 
PARAMETRIC_REPRESENTATION_CONTEXT() REPRESENTATION_CONTEXT('2D SPACE',''
  ) );
#1950 = ORIENTED_EDGE('',*,*,#1951,.F.);
#1951 = EDGE_CURVE('',#1952,#1924,#1954,.T.);
#1952 = VERTEX_POINT('',#1953);
#1953 = CARTESIAN_POINT('',(-46.44838171028,51.163618289715,29.2));
#1954 = SURFACE_CURVE('',#1955,(#1960,#1967),.PCURVE_S1.);
#1955 = CIRCLE('',#1956,24.);
#1956 = AXIS2_PLACEMENT_3D('',#1957,#1958,#1959);
#1957 = CARTESIAN_POINT('',(-32.,32.,29.2));
#1958 = DIRECTION('',(-0.,0.,-1.));
#1959 = DIRECTION('',(-1.,0.,0.));
#1960 = PCURVE('',#100,#1961);
#1961 = DEFINITIONAL_REPRESENTATION('',(#1962),#1966);
#1962 = LINE('',#1963,#1964);
#1963 = CARTESIAN_POINT('',(-3.14159265359,-29.2));
#1964 = VECTOR('',#1965,1.);
#1965 = DIRECTION('',(1.,-0.));
#1966 = ( GEOMETRIC_REPRESENTATION_CONTEXT(2) 
PARAMETRIC_REPRESENTATION_CONTEXT() REPRESENTATION_CONTEXT('2D SPACE',''
  ) );
#1967 = PCURVE('',#1968,#1973);
#1968 = CONICAL_SURFACE('',#1969,24.,0.785398163397);
#1969 = AXIS2_PLACEMENT_3D('',#1970,#1971,#1972);
#1970 = CARTESIAN_POINT('',(-32.,32.,29.2));
#1971 = DIRECTION('',(-0.,-0.,-1.));
#1972 = DIRECTION('',(-1.,0.,0.));
#1973 = DEFINITIONAL_REPRESENTATION('',(#1974),#1978);
#1974 = LINE('',#1975,#1976);
#1975 = CARTESIAN_POINT('',(0.,-0.));
#1976 = VECTOR('',#1977,1.);
#1977 = DIRECTION('',(1.,-0.));
#1978 = ( GEOMETRIC_REPRESENTATION_CONTEXT(2) 
PARAMETRIC_REPRESENTATION_CONTEXT() REPRESENTATION_CONTEXT('2D SPACE',''
  ) );
#1979 = ORIENTED_EDGE('',*,*,#1980,.F.);
#1980 = EDGE_CURVE('',#1981,#1952,#1983,.T.);
#1981 = VERTEX_POINT('',#1982);
#1982 = CARTESIAN_POINT('',(-46.44838171028,51.163618289715,30.));
#1983 = SURFACE_CURVE('',#1984,(#1988,#1994),.PCURVE_S1.);
#1984 = LINE('',#1985,#1986);
#1985 = CARTESIAN_POINT('',(-46.44838171028,51.163618289715,0.));
#1986 = VECTOR('',#1987,1.);
#1987 = DIRECTION('',(-0.,-0.,-1.));
#1988 = PCURVE('',#100,#1989);
#1989 = DEFINITIONAL_REPRESENTATION('',(#1990),#1993);
#1990 = B_SPLINE_CURVE_WITH_KNOTS('',1,(#1991,#1992),.UNSPECIFIED.,.F.,
  .F.,(2,2),(-30.0000006,6.E-07),.PIECEWISE_BEZIER_KNOTS.);
#1991 = CARTESIAN_POINT('',(-2.216819704696,-30.0000006));
#1992 = CARTESIAN_POINT('',(-2.216819704696,6.E-07));
#1993 = ( GEOMETRIC_REPRESENTATION_CONTEXT(2) 
PARAMETRIC_REPRESENTATION_CONTEXT() REPRESENTATION_CONTEXT('2D SPACE',''
  ) );
#1994 = PCURVE('',#1995,#2000);
#1995 = CYLINDRICAL_SURFACE('',#1996,4.2);
#1996 = AXIS2_PLACEMENT_3D('',#1997,#1998,#1999);
#1997 = CARTESIAN_POINT('',(-47.,47.,0.));
#1998 = DIRECTION('',(-0.,-0.,-1.));
#1999 = DIRECTION('',(1.,0.,0.));
#2000 = DEFINITIONAL_REPRESENTATION('',(#2001),#2004);
#2001 = B_SPLINE_CURVE_WITH_KNOTS('',1,(#2002,#2003),.UNSPECIFIED.,.F.,
  .F.,(2,2),(-30.0000006,6.E-07),.PIECEWISE_BEZIER_KNOTS.);
#2002 = CARTESIAN_POINT('',(-7.722263397706,-30.0000006));
#2003 = CARTESIAN_POINT('',(-7.722263397706,6.E-07));
#2004 = ( GEOMETRIC_REPRESENTATION_CONTEXT(2) 
PARAMETRIC_REPRESENTATION_CONTEXT() REPRESENTATION_CONTEXT('2D SPACE',''
  ) );
#2005 = ORIENTED_EDGE('',*,*,#2006,.T.);
#2006 = EDGE_CURVE('',#1981,#2007,#2009,.T.);
#2007 = VERTEX_POINT('',#2008);
#2008 = CARTESIAN_POINT('',(-51.16361828971,46.448381710285,30.));
#2009 = SURFACE_CURVE('',#2010,(#2015,#2022),.PCURVE_S1.);
#2010 = CIRCLE('',#2011,24.);
#2011 = AXIS2_PLACEMENT_3D('',#2012,#2013,#2014);
#2012 = CARTESIAN_POINT('',(-32.,32.,30.));
#2013 = DIRECTION('',(0.,0.,1.));
#2014 = DIRECTION('',(1.,0.,0.));
#2015 = PCURVE('',#100,#2016);
#2016 = DEFINITIONAL_REPRESENTATION('',(#2017),#2021);
#2017 = LINE('',#2018,#2019);
#2018 = CARTESIAN_POINT('',(-0.,-30.));
#2019 = VECTOR('',#2020,1.);
#2020 = DIRECTION('',(-1.,0.));
#2021 = ( GEOMETRIC_REPRESENTATION_CONTEXT(2) 
PARAMETRIC_REPRESENTATION_CONTEXT() REPRESENTATION_CONTEXT('2D SPACE',''
  ) );
#2022 = PCURVE('',#1261,#2023);
#2023 = DEFINITIONAL_REPRESENTATION('',(#2024),#2028);
#2024 = CIRCLE('',#2025,24.);
#2025 = AXIS2_PLACEMENT_2D('',#2026,#2027);
#2026 = CARTESIAN_POINT('',(-32.,32.));
#2027 = DIRECTION('',(1.,0.));
#2028 = ( GEOMETRIC_REPRESENTATION_CONTEXT(2) 
PARAMETRIC_REPRESENTATION_CONTEXT() REPRESENTATION_CONTEXT('2D SPACE',''
  ) );
#2029 = ORIENTED_EDGE('',*,*,#2030,.T.);
#2030 = EDGE_CURVE('',#2007,#2031,#2033,.T.);
#2031 = VERTEX_POINT('',#2032);
#2032 = CARTESIAN_POINT('',(-51.16361828971,46.448381710285,29.2));
#2033 = SURFACE_CURVE('',#2034,(#2038,#2044),.PCURVE_S1.);
#2034 = LINE('',#2035,#2036);
#2035 = CARTESIAN_POINT('',(-51.16361828971,46.448381710285,0.));
#2036 = VECTOR('',#2037,1.);
#2037 = DIRECTION('',(-0.,-0.,-1.));
#2038 = PCURVE('',#100,#2039);
#2039 = DEFINITIONAL_REPRESENTATION('',(#2040),#2043);
#2040 = B_SPLINE_CURVE_WITH_KNOTS('',1,(#2041,#2042),.UNSPECIFIED.,.F.,
  .F.,(2,2),(-30.0000006,6.E-07),.PIECEWISE_BEZIER_KNOTS.);
#2041 = CARTESIAN_POINT('',(-2.495569275689,-30.0000006));
#2042 = CARTESIAN_POINT('',(-2.495569275689,6.E-07));
#2043 = ( GEOMETRIC_REPRESENTATION_CONTEXT(2) 
PARAMETRIC_REPRESENTATION_CONTEXT() REPRESENTATION_CONTEXT('2D SPACE',''
  ) );
#2044 = PCURVE('',#2045,#2050);
#2045 = CYLINDRICAL_SURFACE('',#2046,4.2);
#2046 = AXIS2_PLACEMENT_3D('',#2047,#2048,#2049);
#2047 = CARTESIAN_POINT('',(-47.,47.,0.));
#2048 = DIRECTION('',(-0.,-0.,-1.));
#2049 = DIRECTION('',(1.,0.,0.));
#2050 = DEFINITIONAL_REPRESENTATION('',(#2051),#2054);
#2051 = B_SPLINE_CURVE_WITH_KNOTS('',1,(#2052,#2053),.UNSPECIFIED.,.F.,
  .F.,(2,2),(-30.0000006,6.E-07),.PIECEWISE_BEZIER_KNOTS.);
#2052 = CARTESIAN_POINT('',(-3.273310889858,-30.0000006));
#2053 = CARTESIAN_POINT('',(-3.273310889858,6.E-07));
#2054 = ( GEOMETRIC_REPRESENTATION_CONTEXT(2) 
PARAMETRIC_REPRESENTATION_CONTEXT() REPRESENTATION_CONTEXT('2D SPACE',''
  ) );
#2055 = ORIENTED_EDGE('',*,*,#2056,.F.);
#2056 = EDGE_CURVE('',#57,#2031,#2057,.T.);
#2057 = SURFACE_CURVE('',#2058,(#2063,#2070),.PCURVE_S1.);
#2058 = CIRCLE('',#2059,24.);
#2059 = AXIS2_PLACEMENT_3D('',#2060,#2061,#2062);
#2060 = CARTESIAN_POINT('',(-32.,32.,29.2));
#2061 = DIRECTION('',(-0.,0.,-1.));
#2062 = DIRECTION('',(-1.,0.,0.));
#2063 = PCURVE('',#100,#2064);
#2064 = DEFINITIONAL_REPRESENTATION('',(#2065),#2069);
#2065 = LINE('',#2066,#2067);
#2066 = CARTESIAN_POINT('',(-3.14159265359,-29.2));
#2067 = VECTOR('',#2068,1.);
#2068 = DIRECTION('',(1.,-0.));
#2069 = ( GEOMETRIC_REPRESENTATION_CONTEXT(2) 
PARAMETRIC_REPRESENTATION_CONTEXT() REPRESENTATION_CONTEXT('2D SPACE',''
  ) );
#2070 = PCURVE('',#1654,#2071);
#2071 = DEFINITIONAL_REPRESENTATION('',(#2072),#2076);
#2072 = LINE('',#2073,#2074);
#2073 = CARTESIAN_POINT('',(0.,-0.));
#2074 = VECTOR('',#2075,1.);
#2075 = DIRECTION('',(1.,-0.));
#2076 = ( GEOMETRIC_REPRESENTATION_CONTEXT(2) 
PARAMETRIC_REPRESENTATION_CONTEXT() REPRESENTATION_CONTEXT('2D SPACE',''
  ) );
#2077 = ADVANCED_FACE('',(#2078),#157,.F.);
#2078 = FACE_BOUND('',#2079,.T.);
#2079 = EDGE_LOOP('',(#2080,#2081,#2104,#2131));
#2080 = ORIENTED_EDGE('',*,*,#140,.T.);
#2081 = ORIENTED_EDGE('',*,*,#2082,.T.);
#2082 = EDGE_CURVE('',#141,#2083,#2085,.T.);
#2083 = VERTEX_POINT('',#2084);
#2084 = CARTESIAN_POINT('',(-53.,-28.4,22.));
#2085 = SEAM_CURVE('',#2086,(#2090,#2097),.PCURVE_S1.);
#2086 = LINE('',#2087,#2088);
#2087 = CARTESIAN_POINT('',(-57.,-28.4,22.));
#2088 = VECTOR('',#2089,1.);
#2089 = DIRECTION('',(1.,0.,0.));
#2090 = PCURVE('',#157,#2091);
#2091 = DEFINITIONAL_REPRESENTATION('',(#2092),#2096);
#2092 = LINE('',#2093,#2094);
#2093 = CARTESIAN_POINT('',(-6.28318530718,0.));
#2094 = VECTOR('',#2095,1.);
#2095 = DIRECTION('',(-0.,-1.));
#2096 = ( GEOMETRIC_REPRESENTATION_CONTEXT(2) 
PARAMETRIC_REPRESENTATION_CONTEXT() REPRESENTATION_CONTEXT('2D SPACE',''
  ) );
#2097 = PCURVE('',#157,#2098);
#2098 = DEFINITIONAL_REPRESENTATION('',(#2099),#2103);
#2099 = LINE('',#2100,#2101);
#2100 = CARTESIAN_POINT('',(-0.,0.));
#2101 = VECTOR('',#2102,1.);
#2102 = DIRECTION('',(-0.,-1.));
#2103 = ( GEOMETRIC_REPRESENTATION_CONTEXT(2) 
PARAMETRIC_REPRESENTATION_CONTEXT() REPRESENTATION_CONTEXT('2D SPACE',''
  ) );
#2104 = ORIENTED_EDGE('',*,*,#2105,.F.);
#2105 = EDGE_CURVE('',#2083,#2083,#2106,.T.);
#2106 = SURFACE_CURVE('',#2107,(#2112,#2119),.PCURVE_S1.);
#2107 = CIRCLE('',#2108,1.6);
#2108 = AXIS2_PLACEMENT_3D('',#2109,#2110,#2111);
#2109 = CARTESIAN_POINT('',(-53.,-30.,22.));
#2110 = DIRECTION('',(-1.,0.,0.));
#2111 = DIRECTION('',(0.,1.,0.));
#2112 = PCURVE('',#157,#2113);
#2113 = DEFINITIONAL_REPRESENTATION('',(#2114),#2118);
#2114 = LINE('',#2115,#2116);
#2115 = CARTESIAN_POINT('',(-6.28318530718,-4.));
#2116 = VECTOR('',#2117,1.);
#2117 = DIRECTION('',(1.,-0.));
#2118 = ( GEOMETRIC_REPRESENTATION_CONTEXT(2) 
PARAMETRIC_REPRESENTATION_CONTEXT() REPRESENTATION_CONTEXT('2D SPACE',''
  ) );
#2119 = PCURVE('',#2120,#2125);
#2120 = PLANE('',#2121);
#2121 = AXIS2_PLACEMENT_3D('',#2122,#2123,#2124);
#2122 = CARTESIAN_POINT('',(-53.,-32.,2.4));
#2123 = DIRECTION('',(-1.,0.,0.));
#2124 = DIRECTION('',(0.,1.,0.));
#2125 = DEFINITIONAL_REPRESENTATION('',(#2126),#2130);
#2126 = CIRCLE('',#2127,1.6);
#2127 = AXIS2_PLACEMENT_2D('',#2128,#2129);
#2128 = CARTESIAN_POINT('',(2.,-19.6));
#2129 = DIRECTION('',(1.,0.));
#2130 = ( GEOMETRIC_REPRESENTATION_CONTEXT(2) 
PARAMETRIC_REPRESENTATION_CONTEXT() REPRESENTATION_CONTEXT('2D SPACE',''
  ) );
#2131 = ORIENTED_EDGE('',*,*,#2082,.F.);
#2132 = ADVANCED_FACE('',(#2133),#188,.F.);
#2133 = FACE_BOUND('',#2134,.T.);
#2134 = EDGE_LOOP('',(#2135,#2136,#2159,#2181));
#2135 = ORIENTED_EDGE('',*,*,#171,.T.);
#2136 = ORIENTED_EDGE('',*,*,#2137,.T.);
#2137 = EDGE_CURVE('',#172,#2138,#2140,.T.);
#2138 = VERTEX_POINT('',#2139);
#2139 = CARTESIAN_POINT('',(-53.,-22.4,22.));
#2140 = SEAM_CURVE('',#2141,(#2145,#2152),.PCURVE_S1.);
#2141 = LINE('',#2142,#2143);
#2142 = CARTESIAN_POINT('',(-57.,-22.4,22.));
#2143 = VECTOR('',#2144,1.);
#2144 = DIRECTION('',(1.,0.,0.));
#2145 = PCURVE('',#188,#2146);
#2146 = DEFINITIONAL_REPRESENTATION('',(#2147),#2151);
#2147 = LINE('',#2148,#2149);
#2148 = CARTESIAN_POINT('',(-6.28318530718,0.));
#2149 = VECTOR('',#2150,1.);
#2150 = DIRECTION('',(-0.,-1.));
#2151 = ( GEOMETRIC_REPRESENTATION_CONTEXT(2) 
PARAMETRIC_REPRESENTATION_CONTEXT() REPRESENTATION_CONTEXT('2D SPACE',''
  ) );
#2152 = PCURVE('',#188,#2153);
#2153 = DEFINITIONAL_REPRESENTATION('',(#2154),#2158);
#2154 = LINE('',#2155,#2156);
#2155 = CARTESIAN_POINT('',(-0.,0.));
#2156 = VECTOR('',#2157,1.);
#2157 = DIRECTION('',(-0.,-1.));
#2158 = ( GEOMETRIC_REPRESENTATION_CONTEXT(2) 
PARAMETRIC_REPRESENTATION_CONTEXT() REPRESENTATION_CONTEXT('2D SPACE',''
  ) );
#2159 = ORIENTED_EDGE('',*,*,#2160,.F.);
#2160 = EDGE_CURVE('',#2138,#2138,#2161,.T.);
#2161 = SURFACE_CURVE('',#2162,(#2167,#2174),.PCURVE_S1.);
#2162 = CIRCLE('',#2163,1.6);
#2163 = AXIS2_PLACEMENT_3D('',#2164,#2165,#2166);
#2164 = CARTESIAN_POINT('',(-53.,-24.,22.));
#2165 = DIRECTION('',(-1.,0.,0.));
#2166 = DIRECTION('',(0.,1.,0.));
#2167 = PCURVE('',#188,#2168);
#2168 = DEFINITIONAL_REPRESENTATION('',(#2169),#2173);
#2169 = LINE('',#2170,#2171);
#2170 = CARTESIAN_POINT('',(-6.28318530718,-4.));
#2171 = VECTOR('',#2172,1.);
#2172 = DIRECTION('',(1.,-0.));
#2173 = ( GEOMETRIC_REPRESENTATION_CONTEXT(2) 
PARAMETRIC_REPRESENTATION_CONTEXT() REPRESENTATION_CONTEXT('2D SPACE',''
  ) );
#2174 = PCURVE('',#2120,#2175);
#2175 = DEFINITIONAL_REPRESENTATION('',(#2176),#2180);
#2176 = CIRCLE('',#2177,1.6);
#2177 = AXIS2_PLACEMENT_2D('',#2178,#2179);
#2178 = CARTESIAN_POINT('',(8.,-19.6));
#2179 = DIRECTION('',(1.,0.));
#2180 = ( GEOMETRIC_REPRESENTATION_CONTEXT(2) 
PARAMETRIC_REPRESENTATION_CONTEXT() REPRESENTATION_CONTEXT('2D SPACE',''
  ) );
#2181 = ORIENTED_EDGE('',*,*,#2137,.F.);
#2182 = ADVANCED_FACE('',(#2183),#219,.F.);
#2183 = FACE_BOUND('',#2184,.T.);
#2184 = EDGE_LOOP('',(#2185,#2186,#2209,#2231));
#2185 = ORIENTED_EDGE('',*,*,#202,.T.);
#2186 = ORIENTED_EDGE('',*,*,#2187,.T.);
#2187 = EDGE_CURVE('',#203,#2188,#2190,.T.);
#2188 = VERTEX_POINT('',#2189);
#2189 = CARTESIAN_POINT('',(-53.,-16.4,22.));
#2190 = SEAM_CURVE('',#2191,(#2195,#2202),.PCURVE_S1.);
#2191 = LINE('',#2192,#2193);
#2192 = CARTESIAN_POINT('',(-57.,-16.4,22.));
#2193 = VECTOR('',#2194,1.);
#2194 = DIRECTION('',(1.,0.,0.));
#2195 = PCURVE('',#219,#2196);
#2196 = DEFINITIONAL_REPRESENTATION('',(#2197),#2201);
#2197 = LINE('',#2198,#2199);
#2198 = CARTESIAN_POINT('',(-6.28318530718,0.));
#2199 = VECTOR('',#2200,1.);
#2200 = DIRECTION('',(-0.,-1.));
#2201 = ( GEOMETRIC_REPRESENTATION_CONTEXT(2) 
PARAMETRIC_REPRESENTATION_CONTEXT() REPRESENTATION_CONTEXT('2D SPACE',''
  ) );
#2202 = PCURVE('',#219,#2203);
#2203 = DEFINITIONAL_REPRESENTATION('',(#2204),#2208);
#2204 = LINE('',#2205,#2206);
#2205 = CARTESIAN_POINT('',(-0.,0.));
#2206 = VECTOR('',#2207,1.);
#2207 = DIRECTION('',(-0.,-1.));
#2208 = ( GEOMETRIC_REPRESENTATION_CONTEXT(2) 
PARAMETRIC_REPRESENTATION_CONTEXT() REPRESENTATION_CONTEXT('2D SPACE',''
  ) );
#2209 = ORIENTED_EDGE('',*,*,#2210,.F.);
#2210 = EDGE_CURVE('',#2188,#2188,#2211,.T.);
#2211 = SURFACE_CURVE('',#2212,(#2217,#2224),.PCURVE_S1.);
#2212 = CIRCLE('',#2213,1.6);
#2213 = AXIS2_PLACEMENT_3D('',#2214,#2215,#2216);
#2214 = CARTESIAN_POINT('',(-53.,-18.,22.));
#2215 = DIRECTION('',(-1.,0.,0.));
#2216 = DIRECTION('',(0.,1.,0.));
#2217 = PCURVE('',#219,#2218);
#2218 = DEFINITIONAL_REPRESENTATION('',(#2219),#2223);
#2219 = LINE('',#2220,#2221);
#2220 = CARTESIAN_POINT('',(-6.28318530718,-4.));
#2221 = VECTOR('',#2222,1.);
#2222 = DIRECTION('',(1.,-0.));
#2223 = ( GEOMETRIC_REPRESENTATION_CONTEXT(2) 
PARAMETRIC_REPRESENTATION_CONTEXT() REPRESENTATION_CONTEXT('2D SPACE',''
  ) );
#2224 = PCURVE('',#2120,#2225);
#2225 = DEFINITIONAL_REPRESENTATION('',(#2226),#2230);
#2226 = CIRCLE('',#2227,1.6);
#2227 = AXIS2_PLACEMENT_2D('',#2228,#2229);
#2228 = CARTESIAN_POINT('',(14.,-19.6));
#2229 = DIRECTION('',(1.,0.));
#2230 = ( GEOMETRIC_REPRESENTATION_CONTEXT(2) 
PARAMETRIC_REPRESENTATION_CONTEXT() REPRESENTATION_CONTEXT('2D SPACE',''
  ) );
#2231 = ORIENTED_EDGE('',*,*,#2187,.F.);
#2232 = ADVANCED_FACE('',(#2233),#250,.F.);
#2233 = FACE_BOUND('',#2234,.T.);
#2234 = EDGE_LOOP('',(#2235,#2236,#2259,#2281));
#2235 = ORIENTED_EDGE('',*,*,#233,.T.);
#2236 = ORIENTED_EDGE('',*,*,#2237,.T.);
#2237 = EDGE_CURVE('',#234,#2238,#2240,.T.);
#2238 = VERTEX_POINT('',#2239);
#2239 = CARTESIAN_POINT('',(-53.,-10.4,22.));
#2240 = SEAM_CURVE('',#2241,(#2245,#2252),.PCURVE_S1.);
#2241 = LINE('',#2242,#2243);
#2242 = CARTESIAN_POINT('',(-57.,-10.4,22.));
#2243 = VECTOR('',#2244,1.);
#2244 = DIRECTION('',(1.,0.,0.));
#2245 = PCURVE('',#250,#2246);
#2246 = DEFINITIONAL_REPRESENTATION('',(#2247),#2251);
#2247 = LINE('',#2248,#2249);
#2248 = CARTESIAN_POINT('',(-6.28318530718,0.));
#2249 = VECTOR('',#2250,1.);
#2250 = DIRECTION('',(-0.,-1.));
#2251 = ( GEOMETRIC_REPRESENTATION_CONTEXT(2) 
PARAMETRIC_REPRESENTATION_CONTEXT() REPRESENTATION_CONTEXT('2D SPACE',''
  ) );
#2252 = PCURVE('',#250,#2253);
#2253 = DEFINITIONAL_REPRESENTATION('',(#2254),#2258);
#2254 = LINE('',#2255,#2256);
#2255 = CARTESIAN_POINT('',(-0.,0.));
#2256 = VECTOR('',#2257,1.);
#2257 = DIRECTION('',(-0.,-1.));
#2258 = ( GEOMETRIC_REPRESENTATION_CONTEXT(2) 
PARAMETRIC_REPRESENTATION_CONTEXT() REPRESENTATION_CONTEXT('2D SPACE',''
  ) );
#2259 = ORIENTED_EDGE('',*,*,#2260,.F.);
#2260 = EDGE_CURVE('',#2238,#2238,#2261,.T.);
#2261 = SURFACE_CURVE('',#2262,(#2267,#2274),.PCURVE_S1.);
#2262 = CIRCLE('',#2263,1.6);
#2263 = AXIS2_PLACEMENT_3D('',#2264,#2265,#2266);
#2264 = CARTESIAN_POINT('',(-53.,-12.,22.));
#2265 = DIRECTION('',(-1.,0.,0.));
#2266 = DIRECTION('',(0.,1.,0.));
#2267 = PCURVE('',#250,#2268);
#2268 = DEFINITIONAL_REPRESENTATION('',(#2269),#2273);
#2269 = LINE('',#2270,#2271);
#2270 = CARTESIAN_POINT('',(-6.28318530718,-4.));
#2271 = VECTOR('',#2272,1.);
#2272 = DIRECTION('',(1.,-0.));
#2273 = ( GEOMETRIC_REPRESENTATION_CONTEXT(2) 
PARAMETRIC_REPRESENTATION_CONTEXT() REPRESENTATION_CONTEXT('2D SPACE',''
  ) );
#2274 = PCURVE('',#2120,#2275);
#2275 = DEFINITIONAL_REPRESENTATION('',(#2276),#2280);
#2276 = CIRCLE('',#2277,1.6);
#2277 = AXIS2_PLACEMENT_2D('',#2278,#2279);
#2278 = CARTESIAN_POINT('',(20.,-19.6));
#2279 = DIRECTION('',(1.,0.));
#2280 = ( GEOMETRIC_REPRESENTATION_CONTEXT(2) 
PARAMETRIC_REPRESENTATION_CONTEXT() REPRESENTATION_CONTEXT('2D SPACE',''
  ) );
#2281 = ORIENTED_EDGE('',*,*,#2237,.F.);
#2282 = ADVANCED_FACE('',(#2283),#281,.F.);
#2283 = FACE_BOUND('',#2284,.T.);
#2284 = EDGE_LOOP('',(#2285,#2286,#2309,#2331));
#2285 = ORIENTED_EDGE('',*,*,#264,.T.);
#2286 = ORIENTED_EDGE('',*,*,#2287,.T.);
#2287 = EDGE_CURVE('',#265,#2288,#2290,.T.);
#2288 = VERTEX_POINT('',#2289);
#2289 = CARTESIAN_POINT('',(-53.,-4.4,22.));
#2290 = SEAM_CURVE('',#2291,(#2295,#2302),.PCURVE_S1.);
#2291 = LINE('',#2292,#2293);
#2292 = CARTESIAN_POINT('',(-57.,-4.4,22.));
#2293 = VECTOR('',#2294,1.);
#2294 = DIRECTION('',(1.,0.,0.));
#2295 = PCURVE('',#281,#2296);
#2296 = DEFINITIONAL_REPRESENTATION('',(#2297),#2301);
#2297 = LINE('',#2298,#2299);
#2298 = CARTESIAN_POINT('',(-6.28318530718,0.));
#2299 = VECTOR('',#2300,1.);
#2300 = DIRECTION('',(-0.,-1.));
#2301 = ( GEOMETRIC_REPRESENTATION_CONTEXT(2) 
PARAMETRIC_REPRESENTATION_CONTEXT() REPRESENTATION_CONTEXT('2D SPACE',''
  ) );
#2302 = PCURVE('',#281,#2303);
#2303 = DEFINITIONAL_REPRESENTATION('',(#2304),#2308);
#2304 = LINE('',#2305,#2306);
#2305 = CARTESIAN_POINT('',(-0.,0.));
#2306 = VECTOR('',#2307,1.);
#2307 = DIRECTION('',(-0.,-1.));
#2308 = ( GEOMETRIC_REPRESENTATION_CONTEXT(2) 
PARAMETRIC_REPRESENTATION_CONTEXT() REPRESENTATION_CONTEXT('2D SPACE',''
  ) );
#2309 = ORIENTED_EDGE('',*,*,#2310,.F.);
#2310 = EDGE_CURVE('',#2288,#2288,#2311,.T.);
#2311 = SURFACE_CURVE('',#2312,(#2317,#2324),.PCURVE_S1.);
#2312 = CIRCLE('',#2313,1.6);
#2313 = AXIS2_PLACEMENT_3D('',#2314,#2315,#2316);
#2314 = CARTESIAN_POINT('',(-53.,-6.,22.));
#2315 = DIRECTION('',(-1.,0.,0.));
#2316 = DIRECTION('',(0.,1.,0.));
#2317 = PCURVE('',#281,#2318);
#2318 = DEFINITIONAL_REPRESENTATION('',(#2319),#2323);
#2319 = LINE('',#2320,#2321);
#2320 = CARTESIAN_POINT('',(-6.28318530718,-4.));
#2321 = VECTOR('',#2322,1.);
#2322 = DIRECTION('',(1.,-0.));
#2323 = ( GEOMETRIC_REPRESENTATION_CONTEXT(2) 
PARAMETRIC_REPRESENTATION_CONTEXT() REPRESENTATION_CONTEXT('2D SPACE',''
  ) );
#2324 = PCURVE('',#2120,#2325);
#2325 = DEFINITIONAL_REPRESENTATION('',(#2326),#2330);
#2326 = CIRCLE('',#2327,1.6);
#2327 = AXIS2_PLACEMENT_2D('',#2328,#2329);
#2328 = CARTESIAN_POINT('',(26.,-19.6));
#2329 = DIRECTION('',(1.,0.));
#2330 = ( GEOMETRIC_REPRESENTATION_CONTEXT(2) 
PARAMETRIC_REPRESENTATION_CONTEXT() REPRESENTATION_CONTEXT('2D SPACE',''
  ) );
#2331 = ORIENTED_EDGE('',*,*,#2287,.F.);
#2332 = ADVANCED_FACE('',(#2333),#312,.F.);
#2333 = FACE_BOUND('',#2334,.T.);
#2334 = EDGE_LOOP('',(#2335,#2336,#2359,#2381));
#2335 = ORIENTED_EDGE('',*,*,#295,.T.);
#2336 = ORIENTED_EDGE('',*,*,#2337,.T.);
#2337 = EDGE_CURVE('',#296,#2338,#2340,.T.);
#2338 = VERTEX_POINT('',#2339);
#2339 = CARTESIAN_POINT('',(-53.,1.6,22.));
#2340 = SEAM_CURVE('',#2341,(#2345,#2352),.PCURVE_S1.);
#2341 = LINE('',#2342,#2343);
#2342 = CARTESIAN_POINT('',(-57.,1.6,22.));
#2343 = VECTOR('',#2344,1.);
#2344 = DIRECTION('',(1.,0.,0.));
#2345 = PCURVE('',#312,#2346);
#2346 = DEFINITIONAL_REPRESENTATION('',(#2347),#2351);
#2347 = LINE('',#2348,#2349);
#2348 = CARTESIAN_POINT('',(-6.28318530718,0.));
#2349 = VECTOR('',#2350,1.);
#2350 = DIRECTION('',(-0.,-1.));
#2351 = ( GEOMETRIC_REPRESENTATION_CONTEXT(2) 
PARAMETRIC_REPRESENTATION_CONTEXT() REPRESENTATION_CONTEXT('2D SPACE',''
  ) );
#2352 = PCURVE('',#312,#2353);
#2353 = DEFINITIONAL_REPRESENTATION('',(#2354),#2358);
#2354 = LINE('',#2355,#2356);
#2355 = CARTESIAN_POINT('',(-0.,0.));
#2356 = VECTOR('',#2357,1.);
#2357 = DIRECTION('',(-0.,-1.));
#2358 = ( GEOMETRIC_REPRESENTATION_CONTEXT(2) 
PARAMETRIC_REPRESENTATION_CONTEXT() REPRESENTATION_CONTEXT('2D SPACE',''
  ) );
#2359 = ORIENTED_EDGE('',*,*,#2360,.F.);
#2360 = EDGE_CURVE('',#2338,#2338,#2361,.T.);
#2361 = SURFACE_CURVE('',#2362,(#2367,#2374),.PCURVE_S1.);
#2362 = CIRCLE('',#2363,1.6);
#2363 = AXIS2_PLACEMENT_3D('',#2364,#2365,#2366);
#2364 = CARTESIAN_POINT('',(-53.,0.,22.));
#2365 = DIRECTION('',(-1.,0.,0.));
#2366 = DIRECTION('',(0.,1.,0.));
#2367 = PCURVE('',#312,#2368);
#2368 = DEFINITIONAL_REPRESENTATION('',(#2369),#2373);
#2369 = LINE('',#2370,#2371);
#2370 = CARTESIAN_POINT('',(-6.28318530718,-4.));
#2371 = VECTOR('',#2372,1.);
#2372 = DIRECTION('',(1.,-0.));
#2373 = ( GEOMETRIC_REPRESENTATION_CONTEXT(2) 
PARAMETRIC_REPRESENTATION_CONTEXT() REPRESENTATION_CONTEXT('2D SPACE',''
  ) );
#2374 = PCURVE('',#2120,#2375);
#2375 = DEFINITIONAL_REPRESENTATION('',(#2376),#2380);
#2376 = CIRCLE('',#2377,1.6);
#2377 = AXIS2_PLACEMENT_2D('',#2378,#2379);
#2378 = CARTESIAN_POINT('',(32.,-19.6));
#2379 = DIRECTION('',(1.,0.));
#2380 = ( GEOMETRIC_REPRESENTATION_CONTEXT(2) 
PARAMETRIC_REPRESENTATION_CONTEXT() REPRESENTATION_CONTEXT('2D SPACE',''
  ) );
#2381 = ORIENTED_EDGE('',*,*,#2337,.F.);
#2382 = ADVANCED_FACE('',(#2383),#343,.F.);
#2383 = FACE_BOUND('',#2384,.T.);
#2384 = EDGE_LOOP('',(#2385,#2386,#2409,#2431));
#2385 = ORIENTED_EDGE('',*,*,#326,.T.);
#2386 = ORIENTED_EDGE('',*,*,#2387,.T.);
#2387 = EDGE_CURVE('',#327,#2388,#2390,.T.);
#2388 = VERTEX_POINT('',#2389);
#2389 = CARTESIAN_POINT('',(-53.,7.6,22.));
#2390 = SEAM_CURVE('',#2391,(#2395,#2402),.PCURVE_S1.);
#2391 = LINE('',#2392,#2393);
#2392 = CARTESIAN_POINT('',(-57.,7.6,22.));
#2393 = VECTOR('',#2394,1.);
#2394 = DIRECTION('',(1.,0.,0.));
#2395 = PCURVE('',#343,#2396);
#2396 = DEFINITIONAL_REPRESENTATION('',(#2397),#2401);
#2397 = LINE('',#2398,#2399);
#2398 = CARTESIAN_POINT('',(-6.28318530718,0.));
#2399 = VECTOR('',#2400,1.);
#2400 = DIRECTION('',(-0.,-1.));
#2401 = ( GEOMETRIC_REPRESENTATION_CONTEXT(2) 
PARAMETRIC_REPRESENTATION_CONTEXT() REPRESENTATION_CONTEXT('2D SPACE',''
  ) );
#2402 = PCURVE('',#343,#2403);
#2403 = DEFINITIONAL_REPRESENTATION('',(#2404),#2408);
#2404 = LINE('',#2405,#2406);
#2405 = CARTESIAN_POINT('',(-0.,0.));
#2406 = VECTOR('',#2407,1.);
#2407 = DIRECTION('',(-0.,-1.));
#2408 = ( GEOMETRIC_REPRESENTATION_CONTEXT(2) 
PARAMETRIC_REPRESENTATION_CONTEXT() REPRESENTATION_CONTEXT('2D SPACE',''
  ) );
#2409 = ORIENTED_EDGE('',*,*,#2410,.F.);
#2410 = EDGE_CURVE('',#2388,#2388,#2411,.T.);
#2411 = SURFACE_CURVE('',#2412,(#2417,#2424),.PCURVE_S1.);
#2412 = CIRCLE('',#2413,1.6);
#2413 = AXIS2_PLACEMENT_3D('',#2414,#2415,#2416);
#2414 = CARTESIAN_POINT('',(-53.,6.,22.));
#2415 = DIRECTION('',(-1.,0.,0.));
#2416 = DIRECTION('',(0.,1.,0.));
#2417 = PCURVE('',#343,#2418);
#2418 = DEFINITIONAL_REPRESENTATION('',(#2419),#2423);
#2419 = LINE('',#2420,#2421);
#2420 = CARTESIAN_POINT('',(-6.28318530718,-4.));
#2421 = VECTOR('',#2422,1.);
#2422 = DIRECTION('',(1.,-0.));
#2423 = ( GEOMETRIC_REPRESENTATION_CONTEXT(2) 
PARAMETRIC_REPRESENTATION_CONTEXT() REPRESENTATION_CONTEXT('2D SPACE',''
  ) );
#2424 = PCURVE('',#2120,#2425);
#2425 = DEFINITIONAL_REPRESENTATION('',(#2426),#2430);
#2426 = CIRCLE('',#2427,1.6);
#2427 = AXIS2_PLACEMENT_2D('',#2428,#2429);
#2428 = CARTESIAN_POINT('',(38.,-19.6));
#2429 = DIRECTION('',(1.,0.));
#2430 = ( GEOMETRIC_REPRESENTATION_CONTEXT(2) 
PARAMETRIC_REPRESENTATION_CONTEXT() REPRESENTATION_CONTEXT('2D SPACE',''
  ) );
#2431 = ORIENTED_EDGE('',*,*,#2387,.F.);
#2432 = ADVANCED_FACE('',(#2433),#374,.F.);
#2433 = FACE_BOUND('',#2434,.T.);
#2434 = EDGE_LOOP('',(#2435,#2436,#2459,#2481));
#2435 = ORIENTED_EDGE('',*,*,#357,.T.);
#2436 = ORIENTED_EDGE('',*,*,#2437,.T.);
#2437 = EDGE_CURVE('',#358,#2438,#2440,.T.);
#2438 = VERTEX_POINT('',#2439);
#2439 = CARTESIAN_POINT('',(-53.,13.6,22.));
#2440 = SEAM_CURVE('',#2441,(#2445,#2452),.PCURVE_S1.);
#2441 = LINE('',#2442,#2443);
#2442 = CARTESIAN_POINT('',(-57.,13.6,22.));
#2443 = VECTOR('',#2444,1.);
#2444 = DIRECTION('',(1.,0.,0.));
#2445 = PCURVE('',#374,#2446);
#2446 = DEFINITIONAL_REPRESENTATION('',(#2447),#2451);
#2447 = LINE('',#2448,#2449);
#2448 = CARTESIAN_POINT('',(-6.28318530718,0.));
#2449 = VECTOR('',#2450,1.);
#2450 = DIRECTION('',(-0.,-1.));
#2451 = ( GEOMETRIC_REPRESENTATION_CONTEXT(2) 
PARAMETRIC_REPRESENTATION_CONTEXT() REPRESENTATION_CONTEXT('2D SPACE',''
  ) );
#2452 = PCURVE('',#374,#2453);
#2453 = DEFINITIONAL_REPRESENTATION('',(#2454),#2458);
#2454 = LINE('',#2455,#2456);
#2455 = CARTESIAN_POINT('',(-0.,0.));
#2456 = VECTOR('',#2457,1.);
#2457 = DIRECTION('',(-0.,-1.));
#2458 = ( GEOMETRIC_REPRESENTATION_CONTEXT(2) 
PARAMETRIC_REPRESENTATION_CONTEXT() REPRESENTATION_CONTEXT('2D SPACE',''
  ) );
#2459 = ORIENTED_EDGE('',*,*,#2460,.F.);
#2460 = EDGE_CURVE('',#2438,#2438,#2461,.T.);
#2461 = SURFACE_CURVE('',#2462,(#2467,#2474),.PCURVE_S1.);
#2462 = CIRCLE('',#2463,1.6);
#2463 = AXIS2_PLACEMENT_3D('',#2464,#2465,#2466);
#2464 = CARTESIAN_POINT('',(-53.,12.,22.));
#2465 = DIRECTION('',(-1.,0.,0.));
#2466 = DIRECTION('',(0.,1.,0.));
#2467 = PCURVE('',#374,#2468);
#2468 = DEFINITIONAL_REPRESENTATION('',(#2469),#2473);
#2469 = LINE('',#2470,#2471);
#2470 = CARTESIAN_POINT('',(-6.28318530718,-4.));
#2471 = VECTOR('',#2472,1.);
#2472 = DIRECTION('',(1.,-0.));
#2473 = ( GEOMETRIC_REPRESENTATION_CONTEXT(2) 
PARAMETRIC_REPRESENTATION_CONTEXT() REPRESENTATION_CONTEXT('2D SPACE',''
  ) );
#2474 = PCURVE('',#2120,#2475);
#2475 = DEFINITIONAL_REPRESENTATION('',(#2476),#2480);
#2476 = CIRCLE('',#2477,1.6);
#2477 = AXIS2_PLACEMENT_2D('',#2478,#2479);
#2478 = CARTESIAN_POINT('',(44.,-19.6));
#2479 = DIRECTION('',(1.,0.));
#2480 = ( GEOMETRIC_REPRESENTATION_CONTEXT(2) 
PARAMETRIC_REPRESENTATION_CONTEXT() REPRESENTATION_CONTEXT('2D SPACE',''
  ) );
#2481 = ORIENTED_EDGE('',*,*,#2437,.F.);
#2482 = ADVANCED_FACE('',(#2483),#405,.F.);
#2483 = FACE_BOUND('',#2484,.T.);
#2484 = EDGE_LOOP('',(#2485,#2486,#2509,#2531));
#2485 = ORIENTED_EDGE('',*,*,#388,.T.);
#2486 = ORIENTED_EDGE('',*,*,#2487,.T.);
#2487 = EDGE_CURVE('',#389,#2488,#2490,.T.);
#2488 = VERTEX_POINT('',#2489);
#2489 = CARTESIAN_POINT('',(-53.,19.6,22.));
#2490 = SEAM_CURVE('',#2491,(#2495,#2502),.PCURVE_S1.);
#2491 = LINE('',#2492,#2493);
#2492 = CARTESIAN_POINT('',(-57.,19.6,22.));
#2493 = VECTOR('',#2494,1.);
#2494 = DIRECTION('',(1.,0.,0.));
#2495 = PCURVE('',#405,#2496);
#2496 = DEFINITIONAL_REPRESENTATION('',(#2497),#2501);
#2497 = LINE('',#2498,#2499);
#2498 = CARTESIAN_POINT('',(-6.28318530718,0.));
#2499 = VECTOR('',#2500,1.);
#2500 = DIRECTION('',(-0.,-1.));
#2501 = ( GEOMETRIC_REPRESENTATION_CONTEXT(2) 
PARAMETRIC_REPRESENTATION_CONTEXT() REPRESENTATION_CONTEXT('2D SPACE',''
  ) );
#2502 = PCURVE('',#405,#2503);
#2503 = DEFINITIONAL_REPRESENTATION('',(#2504),#2508);
#2504 = LINE('',#2505,#2506);
#2505 = CARTESIAN_POINT('',(-0.,0.));
#2506 = VECTOR('',#2507,1.);
#2507 = DIRECTION('',(-0.,-1.));
#2508 = ( GEOMETRIC_REPRESENTATION_CONTEXT(2) 
PARAMETRIC_REPRESENTATION_CONTEXT() REPRESENTATION_CONTEXT('2D SPACE',''
  ) );
#2509 = ORIENTED_EDGE('',*,*,#2510,.F.);
#2510 = EDGE_CURVE('',#2488,#2488,#2511,.T.);
#2511 = SURFACE_CURVE('',#2512,(#2517,#2524),.PCURVE_S1.);
#2512 = CIRCLE('',#2513,1.6);
#2513 = AXIS2_PLACEMENT_3D('',#2514,#2515,#2516);
#2514 = CARTESIAN_POINT('',(-53.,18.,22.));
#2515 = DIRECTION('',(-1.,0.,0.));
#2516 = DIRECTION('',(0.,1.,0.));
#2517 = PCURVE('',#405,#2518);
#2518 = DEFINITIONAL_REPRESENTATION('',(#2519),#2523);
#2519 = LINE('',#2520,#2521);
#2520 = CARTESIAN_POINT('',(-6.28318530718,-4.));
#2521 = VECTOR('',#2522,1.);
#2522 = DIRECTION('',(1.,-0.));
#2523 = ( GEOMETRIC_REPRESENTATION_CONTEXT(2) 
PARAMETRIC_REPRESENTATION_CONTEXT() REPRESENTATION_CONTEXT('2D SPACE',''
  ) );
#2524 = PCURVE('',#2120,#2525);
#2525 = DEFINITIONAL_REPRESENTATION('',(#2526),#2530);
#2526 = CIRCLE('',#2527,1.6);
#2527 = AXIS2_PLACEMENT_2D('',#2528,#2529);
#2528 = CARTESIAN_POINT('',(50.,-19.6));
#2529 = DIRECTION('',(1.,0.));
#2530 = ( GEOMETRIC_REPRESENTATION_CONTEXT(2) 
PARAMETRIC_REPRESENTATION_CONTEXT() REPRESENTATION_CONTEXT('2D SPACE',''
  ) );
#2531 = ORIENTED_EDGE('',*,*,#2487,.F.);
#2532 = ADVANCED_FACE('',(#2533),#436,.F.);
#2533 = FACE_BOUND('',#2534,.T.);
#2534 = EDGE_LOOP('',(#2535,#2536,#2559,#2581));
#2535 = ORIENTED_EDGE('',*,*,#419,.T.);
#2536 = ORIENTED_EDGE('',*,*,#2537,.T.);
#2537 = EDGE_CURVE('',#420,#2538,#2540,.T.);
#2538 = VERTEX_POINT('',#2539);
#2539 = CARTESIAN_POINT('',(-53.,25.6,22.));
#2540 = SEAM_CURVE('',#2541,(#2545,#2552),.PCURVE_S1.);
#2541 = LINE('',#2542,#2543);
#2542 = CARTESIAN_POINT('',(-57.,25.6,22.));
#2543 = VECTOR('',#2544,1.);
#2544 = DIRECTION('',(1.,0.,0.));
#2545 = PCURVE('',#436,#2546);
#2546 = DEFINITIONAL_REPRESENTATION('',(#2547),#2551);
#2547 = LINE('',#2548,#2549);
#2548 = CARTESIAN_POINT('',(-6.28318530718,0.));
#2549 = VECTOR('',#2550,1.);
#2550 = DIRECTION('',(-0.,-1.));
#2551 = ( GEOMETRIC_REPRESENTATION_CONTEXT(2) 
PARAMETRIC_REPRESENTATION_CONTEXT() REPRESENTATION_CONTEXT('2D SPACE',''
  ) );
#2552 = PCURVE('',#436,#2553);
#2553 = DEFINITIONAL_REPRESENTATION('',(#2554),#2558);
#2554 = LINE('',#2555,#2556);
#2555 = CARTESIAN_POINT('',(-0.,0.));
#2556 = VECTOR('',#2557,1.);
#2557 = DIRECTION('',(-0.,-1.));
#2558 = ( GEOMETRIC_REPRESENTATION_CONTEXT(2) 
PARAMETRIC_REPRESENTATION_CONTEXT() REPRESENTATION_CONTEXT('2D SPACE',''
  ) );
#2559 = ORIENTED_EDGE('',*,*,#2560,.F.);
#2560 = EDGE_CURVE('',#2538,#2538,#2561,.T.);
#2561 = SURFACE_CURVE('',#2562,(#2567,#2574),.PCURVE_S1.);
#2562 = CIRCLE('',#2563,1.6);
#2563 = AXIS2_PLACEMENT_3D('',#2564,#2565,#2566);
#2564 = CARTESIAN_POINT('',(-53.,24.,22.));
#2565 = DIRECTION('',(-1.,0.,0.));
#2566 = DIRECTION('',(0.,1.,0.));
#2567 = PCURVE('',#436,#2568);
#2568 = DEFINITIONAL_REPRESENTATION('',(#2569),#2573);
#2569 = LINE('',#2570,#2571);
#2570 = CARTESIAN_POINT('',(-6.28318530718,-4.));
#2571 = VECTOR('',#2572,1.);
#2572 = DIRECTION('',(1.,-0.));
#2573 = ( GEOMETRIC_REPRESENTATION_CONTEXT(2) 
PARAMETRIC_REPRESENTATION_CONTEXT() REPRESENTATION_CONTEXT('2D SPACE',''
  ) );
#2574 = PCURVE('',#2120,#2575);
#2575 = DEFINITIONAL_REPRESENTATION('',(#2576),#2580);
#2576 = CIRCLE('',#2577,1.6);
#2577 = AXIS2_PLACEMENT_2D('',#2578,#2579);
#2578 = CARTESIAN_POINT('',(56.,-19.6));
#2579 = DIRECTION('',(1.,0.));
#2580 = ( GEOMETRIC_REPRESENTATION_CONTEXT(2) 
PARAMETRIC_REPRESENTATION_CONTEXT() REPRESENTATION_CONTEXT('2D SPACE',''
  ) );
#2581 = ORIENTED_EDGE('',*,*,#2537,.F.);
#2582 = ADVANCED_FACE('',(#2583),#467,.F.);
#2583 = FACE_BOUND('',#2584,.T.);
#2584 = EDGE_LOOP('',(#2585,#2586,#2609,#2631));
#2585 = ORIENTED_EDGE('',*,*,#450,.T.);
#2586 = ORIENTED_EDGE('',*,*,#2587,.T.);
#2587 = EDGE_CURVE('',#451,#2588,#2590,.T.);
#2588 = VERTEX_POINT('',#2589);
#2589 = CARTESIAN_POINT('',(-53.,31.6,22.));
#2590 = SEAM_CURVE('',#2591,(#2595,#2602),.PCURVE_S1.);
#2591 = LINE('',#2592,#2593);
#2592 = CARTESIAN_POINT('',(-57.,31.6,22.));
#2593 = VECTOR('',#2594,1.);
#2594 = DIRECTION('',(1.,0.,0.));
#2595 = PCURVE('',#467,#2596);
#2596 = DEFINITIONAL_REPRESENTATION('',(#2597),#2601);
#2597 = LINE('',#2598,#2599);
#2598 = CARTESIAN_POINT('',(-6.28318530718,0.));
#2599 = VECTOR('',#2600,1.);
#2600 = DIRECTION('',(-0.,-1.));
#2601 = ( GEOMETRIC_REPRESENTATION_CONTEXT(2) 
PARAMETRIC_REPRESENTATION_CONTEXT() REPRESENTATION_CONTEXT('2D SPACE',''
  ) );
#2602 = PCURVE('',#467,#2603);
#2603 = DEFINITIONAL_REPRESENTATION('',(#2604),#2608);
#2604 = LINE('',#2605,#2606);
#2605 = CARTESIAN_POINT('',(-0.,0.));
#2606 = VECTOR('',#2607,1.);
#2607 = DIRECTION('',(-0.,-1.));
#2608 = ( GEOMETRIC_REPRESENTATION_CONTEXT(2) 
PARAMETRIC_REPRESENTATION_CONTEXT() REPRESENTATION_CONTEXT('2D SPACE',''
  ) );
#2609 = ORIENTED_EDGE('',*,*,#2610,.F.);
#2610 = EDGE_CURVE('',#2588,#2588,#2611,.T.);
#2611 = SURFACE_CURVE('',#2612,(#2617,#2624),.PCURVE_S1.);
#2612 = CIRCLE('',#2613,1.6);
#2613 = AXIS2_PLACEMENT_3D('',#2614,#2615,#2616);
#2614 = CARTESIAN_POINT('',(-53.,30.,22.));
#2615 = DIRECTION('',(-1.,0.,0.));
#2616 = DIRECTION('',(0.,1.,0.));
#2617 = PCURVE('',#467,#2618);
#2618 = DEFINITIONAL_REPRESENTATION('',(#2619),#2623);
#2619 = LINE('',#2620,#2621);
#2620 = CARTESIAN_POINT('',(-6.28318530718,-4.));
#2621 = VECTOR('',#2622,1.);
#2622 = DIRECTION('',(1.,-0.));
#2623 = ( GEOMETRIC_REPRESENTATION_CONTEXT(2) 
PARAMETRIC_REPRESENTATION_CONTEXT() REPRESENTATION_CONTEXT('2D SPACE',''
  ) );
#2624 = PCURVE('',#2120,#2625);
#2625 = DEFINITIONAL_REPRESENTATION('',(#2626),#2630);
#2626 = CIRCLE('',#2627,1.6);
#2627 = AXIS2_PLACEMENT_2D('',#2628,#2629);
#2628 = CARTESIAN_POINT('',(62.,-19.6));
#2629 = DIRECTION('',(1.,0.));
#2630 = ( GEOMETRIC_REPRESENTATION_CONTEXT(2) 
PARAMETRIC_REPRESENTATION_CONTEXT() REPRESENTATION_CONTEXT('2D SPACE',''
  ) );
#2631 = ORIENTED_EDGE('',*,*,#2587,.F.);
#2632 = ADVANCED_FACE('',(#2633),#498,.F.);
#2633 = FACE_BOUND('',#2634,.T.);
#2634 = EDGE_LOOP('',(#2635,#2636,#2659,#2681));
#2635 = ORIENTED_EDGE('',*,*,#481,.T.);
#2636 = ORIENTED_EDGE('',*,*,#2637,.T.);
#2637 = EDGE_CURVE('',#482,#2638,#2640,.T.);
#2638 = VERTEX_POINT('',#2639);
#2639 = CARTESIAN_POINT('',(-53.,-25.4,16.));
#2640 = SEAM_CURVE('',#2641,(#2645,#2652),.PCURVE_S1.);
#2641 = LINE('',#2642,#2643);
#2642 = CARTESIAN_POINT('',(-57.,-25.4,16.));
#2643 = VECTOR('',#2644,1.);
#2644 = DIRECTION('',(1.,0.,0.));
#2645 = PCURVE('',#498,#2646);
#2646 = DEFINITIONAL_REPRESENTATION('',(#2647),#2651);
#2647 = LINE('',#2648,#2649);
#2648 = CARTESIAN_POINT('',(-6.28318530718,0.));
#2649 = VECTOR('',#2650,1.);
#2650 = DIRECTION('',(-0.,-1.));
#2651 = ( GEOMETRIC_REPRESENTATION_CONTEXT(2) 
PARAMETRIC_REPRESENTATION_CONTEXT() REPRESENTATION_CONTEXT('2D SPACE',''
  ) );
#2652 = PCURVE('',#498,#2653);
#2653 = DEFINITIONAL_REPRESENTATION('',(#2654),#2658);
#2654 = LINE('',#2655,#2656);
#2655 = CARTESIAN_POINT('',(-0.,0.));
#2656 = VECTOR('',#2657,1.);
#2657 = DIRECTION('',(-0.,-1.));
#2658 = ( GEOMETRIC_REPRESENTATION_CONTEXT(2) 
PARAMETRIC_REPRESENTATION_CONTEXT() REPRESENTATION_CONTEXT('2D SPACE',''
  ) );
#2659 = ORIENTED_EDGE('',*,*,#2660,.F.);
#2660 = EDGE_CURVE('',#2638,#2638,#2661,.T.);
#2661 = SURFACE_CURVE('',#2662,(#2667,#2674),.PCURVE_S1.);
#2662 = CIRCLE('',#2663,1.6);
#2663 = AXIS2_PLACEMENT_3D('',#2664,#2665,#2666);
#2664 = CARTESIAN_POINT('',(-53.,-27.,16.));
#2665 = DIRECTION('',(-1.,0.,0.));
#2666 = DIRECTION('',(0.,1.,0.));
#2667 = PCURVE('',#498,#2668);
#2668 = DEFINITIONAL_REPRESENTATION('',(#2669),#2673);
#2669 = LINE('',#2670,#2671);
#2670 = CARTESIAN_POINT('',(-6.28318530718,-4.));
#2671 = VECTOR('',#2672,1.);
#2672 = DIRECTION('',(1.,-0.));
#2673 = ( GEOMETRIC_REPRESENTATION_CONTEXT(2) 
PARAMETRIC_REPRESENTATION_CONTEXT() REPRESENTATION_CONTEXT('2D SPACE',''
  ) );
#2674 = PCURVE('',#2120,#2675);
#2675 = DEFINITIONAL_REPRESENTATION('',(#2676),#2680);
#2676 = CIRCLE('',#2677,1.6);
#2677 = AXIS2_PLACEMENT_2D('',#2678,#2679);
#2678 = CARTESIAN_POINT('',(5.,-13.6));
#2679 = DIRECTION('',(1.,0.));
#2680 = ( GEOMETRIC_REPRESENTATION_CONTEXT(2) 
PARAMETRIC_REPRESENTATION_CONTEXT() REPRESENTATION_CONTEXT('2D SPACE',''
  ) );
#2681 = ORIENTED_EDGE('',*,*,#2637,.F.);
#2682 = ADVANCED_FACE('',(#2683),#529,.F.);
#2683 = FACE_BOUND('',#2684,.T.);
#2684 = EDGE_LOOP('',(#2685,#2686,#2709,#2731));
#2685 = ORIENTED_EDGE('',*,*,#512,.T.);
#2686 = ORIENTED_EDGE('',*,*,#2687,.T.);
#2687 = EDGE_CURVE('',#513,#2688,#2690,.T.);
#2688 = VERTEX_POINT('',#2689);
#2689 = CARTESIAN_POINT('',(-53.,-19.4,16.));
#2690 = SEAM_CURVE('',#2691,(#2695,#2702),.PCURVE_S1.);
#2691 = LINE('',#2692,#2693);
#2692 = CARTESIAN_POINT('',(-57.,-19.4,16.));
#2693 = VECTOR('',#2694,1.);
#2694 = DIRECTION('',(1.,0.,0.));
#2695 = PCURVE('',#529,#2696);
#2696 = DEFINITIONAL_REPRESENTATION('',(#2697),#2701);
#2697 = LINE('',#2698,#2699);
#2698 = CARTESIAN_POINT('',(-6.28318530718,0.));
#2699 = VECTOR('',#2700,1.);
#2700 = DIRECTION('',(-0.,-1.));
#2701 = ( GEOMETRIC_REPRESENTATION_CONTEXT(2) 
PARAMETRIC_REPRESENTATION_CONTEXT() REPRESENTATION_CONTEXT('2D SPACE',''
  ) );
#2702 = PCURVE('',#529,#2703);
#2703 = DEFINITIONAL_REPRESENTATION('',(#2704),#2708);
#2704 = LINE('',#2705,#2706);
#2705 = CARTESIAN_POINT('',(-0.,0.));
#2706 = VECTOR('',#2707,1.);
#2707 = DIRECTION('',(-0.,-1.));
#2708 = ( GEOMETRIC_REPRESENTATION_CONTEXT(2) 
PARAMETRIC_REPRESENTATION_CONTEXT() REPRESENTATION_CONTEXT('2D SPACE',''
  ) );
#2709 = ORIENTED_EDGE('',*,*,#2710,.F.);
#2710 = EDGE_CURVE('',#2688,#2688,#2711,.T.);
#2711 = SURFACE_CURVE('',#2712,(#2717,#2724),.PCURVE_S1.);
#2712 = CIRCLE('',#2713,1.6);
#2713 = AXIS2_PLACEMENT_3D('',#2714,#2715,#2716);
#2714 = CARTESIAN_POINT('',(-53.,-21.,16.));
#2715 = DIRECTION('',(-1.,0.,0.));
#2716 = DIRECTION('',(0.,1.,0.));
#2717 = PCURVE('',#529,#2718);
#2718 = DEFINITIONAL_REPRESENTATION('',(#2719),#2723);
#2719 = LINE('',#2720,#2721);
#2720 = CARTESIAN_POINT('',(-6.28318530718,-4.));
#2721 = VECTOR('',#2722,1.);
#2722 = DIRECTION('',(1.,-0.));
#2723 = ( GEOMETRIC_REPRESENTATION_CONTEXT(2) 
PARAMETRIC_REPRESENTATION_CONTEXT() REPRESENTATION_CONTEXT('2D SPACE',''
  ) );
#2724 = PCURVE('',#2120,#2725);
#2725 = DEFINITIONAL_REPRESENTATION('',(#2726),#2730);
#2726 = CIRCLE('',#2727,1.6);
#2727 = AXIS2_PLACEMENT_2D('',#2728,#2729);
#2728 = CARTESIAN_POINT('',(11.,-13.6));
#2729 = DIRECTION('',(1.,0.));
#2730 = ( GEOMETRIC_REPRESENTATION_CONTEXT(2) 
PARAMETRIC_REPRESENTATION_CONTEXT() REPRESENTATION_CONTEXT('2D SPACE',''
  ) );
#2731 = ORIENTED_EDGE('',*,*,#2687,.F.);
#2732 = ADVANCED_FACE('',(#2733),#560,.F.);
#2733 = FACE_BOUND('',#2734,.T.);
#2734 = EDGE_LOOP('',(#2735,#2736,#2759,#2781));
#2735 = ORIENTED_EDGE('',*,*,#543,.T.);
#2736 = ORIENTED_EDGE('',*,*,#2737,.T.);
#2737 = EDGE_CURVE('',#544,#2738,#2740,.T.);
#2738 = VERTEX_POINT('',#2739);
#2739 = CARTESIAN_POINT('',(-53.,-13.4,16.));
#2740 = SEAM_CURVE('',#2741,(#2745,#2752),.PCURVE_S1.);
#2741 = LINE('',#2742,#2743);
#2742 = CARTESIAN_POINT('',(-57.,-13.4,16.));
#2743 = VECTOR('',#2744,1.);
#2744 = DIRECTION('',(1.,0.,0.));
#2745 = PCURVE('',#560,#2746);
#2746 = DEFINITIONAL_REPRESENTATION('',(#2747),#2751);
#2747 = LINE('',#2748,#2749);
#2748 = CARTESIAN_POINT('',(-6.28318530718,0.));
#2749 = VECTOR('',#2750,1.);
#2750 = DIRECTION('',(-0.,-1.));
#2751 = ( GEOMETRIC_REPRESENTATION_CONTEXT(2) 
PARAMETRIC_REPRESENTATION_CONTEXT() REPRESENTATION_CONTEXT('2D SPACE',''
  ) );
#2752 = PCURVE('',#560,#2753);
#2753 = DEFINITIONAL_REPRESENTATION('',(#2754),#2758);
#2754 = LINE('',#2755,#2756);
#2755 = CARTESIAN_POINT('',(-0.,0.));
#2756 = VECTOR('',#2757,1.);
#2757 = DIRECTION('',(-0.,-1.));
#2758 = ( GEOMETRIC_REPRESENTATION_CONTEXT(2) 
PARAMETRIC_REPRESENTATION_CONTEXT() REPRESENTATION_CONTEXT('2D SPACE',''
  ) );
#2759 = ORIENTED_EDGE('',*,*,#2760,.F.);
#2760 = EDGE_CURVE('',#2738,#2738,#2761,.T.);
#2761 = SURFACE_CURVE('',#2762,(#2767,#2774),.PCURVE_S1.);
#2762 = CIRCLE('',#2763,1.6);
#2763 = AXIS2_PLACEMENT_3D('',#2764,#2765,#2766);
#2764 = CARTESIAN_POINT('',(-53.,-15.,16.));
#2765 = DIRECTION('',(-1.,0.,0.));
#2766 = DIRECTION('',(0.,1.,0.));
#2767 = PCURVE('',#560,#2768);
#2768 = DEFINITIONAL_REPRESENTATION('',(#2769),#2773);
#2769 = LINE('',#2770,#2771);
#2770 = CARTESIAN_POINT('',(-6.28318530718,-4.));
#2771 = VECTOR('',#2772,1.);
#2772 = DIRECTION('',(1.,-0.));
#2773 = ( GEOMETRIC_REPRESENTATION_CONTEXT(2) 
PARAMETRIC_REPRESENTATION_CONTEXT() REPRESENTATION_CONTEXT('2D SPACE',''
  ) );
#2774 = PCURVE('',#2120,#2775);
#2775 = DEFINITIONAL_REPRESENTATION('',(#2776),#2780);
#2776 = CIRCLE('',#2777,1.6);
#2777 = AXIS2_PLACEMENT_2D('',#2778,#2779);
#2778 = CARTESIAN_POINT('',(17.,-13.6));
#2779 = DIRECTION('',(1.,0.));
#2780 = ( GEOMETRIC_REPRESENTATION_CONTEXT(2) 
PARAMETRIC_REPRESENTATION_CONTEXT() REPRESENTATION_CONTEXT('2D SPACE',''
  ) );
#2781 = ORIENTED_EDGE('',*,*,#2737,.F.);
#2782 = ADVANCED_FACE('',(#2783),#591,.F.);
#2783 = FACE_BOUND('',#2784,.T.);
#2784 = EDGE_LOOP('',(#2785,#2786,#2809,#2831));
#2785 = ORIENTED_EDGE('',*,*,#574,.T.);
#2786 = ORIENTED_EDGE('',*,*,#2787,.T.);
#2787 = EDGE_CURVE('',#575,#2788,#2790,.T.);
#2788 = VERTEX_POINT('',#2789);
#2789 = CARTESIAN_POINT('',(-53.,-7.4,16.));
#2790 = SEAM_CURVE('',#2791,(#2795,#2802),.PCURVE_S1.);
#2791 = LINE('',#2792,#2793);
#2792 = CARTESIAN_POINT('',(-57.,-7.4,16.));
#2793 = VECTOR('',#2794,1.);
#2794 = DIRECTION('',(1.,0.,0.));
#2795 = PCURVE('',#591,#2796);
#2796 = DEFINITIONAL_REPRESENTATION('',(#2797),#2801);
#2797 = LINE('',#2798,#2799);
#2798 = CARTESIAN_POINT('',(-6.28318530718,0.));
#2799 = VECTOR('',#2800,1.);
#2800 = DIRECTION('',(-0.,-1.));
#2801 = ( GEOMETRIC_REPRESENTATION_CONTEXT(2) 
PARAMETRIC_REPRESENTATION_CONTEXT() REPRESENTATION_CONTEXT('2D SPACE',''
  ) );
#2802 = PCURVE('',#591,#2803);
#2803 = DEFINITIONAL_REPRESENTATION('',(#2804),#2808);
#2804 = LINE('',#2805,#2806);
#2805 = CARTESIAN_POINT('',(-0.,0.));
#2806 = VECTOR('',#2807,1.);
#2807 = DIRECTION('',(-0.,-1.));
#2808 = ( GEOMETRIC_REPRESENTATION_CONTEXT(2) 
PARAMETRIC_REPRESENTATION_CONTEXT() REPRESENTATION_CONTEXT('2D SPACE',''
  ) );
#2809 = ORIENTED_EDGE('',*,*,#2810,.F.);
#2810 = EDGE_CURVE('',#2788,#2788,#2811,.T.);
#2811 = SURFACE_CURVE('',#2812,(#2817,#2824),.PCURVE_S1.);
#2812 = CIRCLE('',#2813,1.6);
#2813 = AXIS2_PLACEMENT_3D('',#2814,#2815,#2816);
#2814 = CARTESIAN_POINT('',(-53.,-9.,16.));
#2815 = DIRECTION('',(-1.,0.,0.));
#2816 = DIRECTION('',(0.,1.,0.));
#2817 = PCURVE('',#591,#2818);
#2818 = DEFINITIONAL_REPRESENTATION('',(#2819),#2823);
#2819 = LINE('',#2820,#2821);
#2820 = CARTESIAN_POINT('',(-6.28318530718,-4.));
#2821 = VECTOR('',#2822,1.);
#2822 = DIRECTION('',(1.,-0.));
#2823 = ( GEOMETRIC_REPRESENTATION_CONTEXT(2) 
PARAMETRIC_REPRESENTATION_CONTEXT() REPRESENTATION_CONTEXT('2D SPACE',''
  ) );
#2824 = PCURVE('',#2120,#2825);
#2825 = DEFINITIONAL_REPRESENTATION('',(#2826),#2830);
#2826 = CIRCLE('',#2827,1.6);
#2827 = AXIS2_PLACEMENT_2D('',#2828,#2829);
#2828 = CARTESIAN_POINT('',(23.,-13.6));
#2829 = DIRECTION('',(1.,0.));
#2830 = ( GEOMETRIC_REPRESENTATION_CONTEXT(2) 
PARAMETRIC_REPRESENTATION_CONTEXT() REPRESENTATION_CONTEXT('2D SPACE',''
  ) );
#2831 = ORIENTED_EDGE('',*,*,#2787,.F.);
#2832 = ADVANCED_FACE('',(#2833),#622,.F.);
#2833 = FACE_BOUND('',#2834,.T.);
#2834 = EDGE_LOOP('',(#2835,#2836,#2859,#2881));
#2835 = ORIENTED_EDGE('',*,*,#605,.T.);
#2836 = ORIENTED_EDGE('',*,*,#2837,.T.);
#2837 = EDGE_CURVE('',#606,#2838,#2840,.T.);
#2838 = VERTEX_POINT('',#2839);
#2839 = CARTESIAN_POINT('',(-53.,-1.4,16.));
#2840 = SEAM_CURVE('',#2841,(#2845,#2852),.PCURVE_S1.);
#2841 = LINE('',#2842,#2843);
#2842 = CARTESIAN_POINT('',(-57.,-1.4,16.));
#2843 = VECTOR('',#2844,1.);
#2844 = DIRECTION('',(1.,0.,0.));
#2845 = PCURVE('',#622,#2846);
#2846 = DEFINITIONAL_REPRESENTATION('',(#2847),#2851);
#2847 = LINE('',#2848,#2849);
#2848 = CARTESIAN_POINT('',(-6.28318530718,0.));
#2849 = VECTOR('',#2850,1.);
#2850 = DIRECTION('',(-0.,-1.));
#2851 = ( GEOMETRIC_REPRESENTATION_CONTEXT(2) 
PARAMETRIC_REPRESENTATION_CONTEXT() REPRESENTATION_CONTEXT('2D SPACE',''
  ) );
#2852 = PCURVE('',#622,#2853);
#2853 = DEFINITIONAL_REPRESENTATION('',(#2854),#2858);
#2854 = LINE('',#2855,#2856);
#2855 = CARTESIAN_POINT('',(-0.,0.));
#2856 = VECTOR('',#2857,1.);
#2857 = DIRECTION('',(-0.,-1.));
#2858 = ( GEOMETRIC_REPRESENTATION_CONTEXT(2) 
PARAMETRIC_REPRESENTATION_CONTEXT() REPRESENTATION_CONTEXT('2D SPACE',''
  ) );
#2859 = ORIENTED_EDGE('',*,*,#2860,.F.);
#2860 = EDGE_CURVE('',#2838,#2838,#2861,.T.);
#2861 = SURFACE_CURVE('',#2862,(#2867,#2874),.PCURVE_S1.);
#2862 = CIRCLE('',#2863,1.6);
#2863 = AXIS2_PLACEMENT_3D('',#2864,#2865,#2866);
#2864 = CARTESIAN_POINT('',(-53.,-3.,16.));
#2865 = DIRECTION('',(-1.,0.,0.));
#2866 = DIRECTION('',(0.,1.,0.));
#2867 = PCURVE('',#622,#2868);
#2868 = DEFINITIONAL_REPRESENTATION('',(#2869),#2873);
#2869 = LINE('',#2870,#2871);
#2870 = CARTESIAN_POINT('',(-6.28318530718,-4.));
#2871 = VECTOR('',#2872,1.);
#2872 = DIRECTION('',(1.,-0.));
#2873 = ( GEOMETRIC_REPRESENTATION_CONTEXT(2) 
PARAMETRIC_REPRESENTATION_CONTEXT() REPRESENTATION_CONTEXT('2D SPACE',''
  ) );
#2874 = PCURVE('',#2120,#2875);
#2875 = DEFINITIONAL_REPRESENTATION('',(#2876),#2880);
#2876 = CIRCLE('',#2877,1.6);
#2877 = AXIS2_PLACEMENT_2D('',#2878,#2879);
#2878 = CARTESIAN_POINT('',(29.,-13.6));
#2879 = DIRECTION('',(1.,0.));
#2880 = ( GEOMETRIC_REPRESENTATION_CONTEXT(2) 
PARAMETRIC_REPRESENTATION_CONTEXT() REPRESENTATION_CONTEXT('2D SPACE',''
  ) );
#2881 = ORIENTED_EDGE('',*,*,#2837,.F.);
#2882 = ADVANCED_FACE('',(#2883),#653,.F.);
#2883 = FACE_BOUND('',#2884,.T.);
#2884 = EDGE_LOOP('',(#2885,#2886,#2909,#2931));
#2885 = ORIENTED_EDGE('',*,*,#636,.T.);
#2886 = ORIENTED_EDGE('',*,*,#2887,.T.);
#2887 = EDGE_CURVE('',#637,#2888,#2890,.T.);
#2888 = VERTEX_POINT('',#2889);
#2889 = CARTESIAN_POINT('',(-53.,-28.4,10.));
#2890 = SEAM_CURVE('',#2891,(#2895,#2902),.PCURVE_S1.);
#2891 = LINE('',#2892,#2893);
#2892 = CARTESIAN_POINT('',(-57.,-28.4,10.));
#2893 = VECTOR('',#2894,1.);
#2894 = DIRECTION('',(1.,0.,0.));
#2895 = PCURVE('',#653,#2896);
#2896 = DEFINITIONAL_REPRESENTATION('',(#2897),#2901);
#2897 = LINE('',#2898,#2899);
#2898 = CARTESIAN_POINT('',(-6.28318530718,0.));
#2899 = VECTOR('',#2900,1.);
#2900 = DIRECTION('',(-0.,-1.));
#2901 = ( GEOMETRIC_REPRESENTATION_CONTEXT(2) 
PARAMETRIC_REPRESENTATION_CONTEXT() REPRESENTATION_CONTEXT('2D SPACE',''
  ) );
#2902 = PCURVE('',#653,#2903);
#2903 = DEFINITIONAL_REPRESENTATION('',(#2904),#2908);
#2904 = LINE('',#2905,#2906);
#2905 = CARTESIAN_POINT('',(-0.,0.));
#2906 = VECTOR('',#2907,1.);
#2907 = DIRECTION('',(-0.,-1.));
#2908 = ( GEOMETRIC_REPRESENTATION_CONTEXT(2) 
PARAMETRIC_REPRESENTATION_CONTEXT() REPRESENTATION_CONTEXT('2D SPACE',''
  ) );
#2909 = ORIENTED_EDGE('',*,*,#2910,.F.);
#2910 = EDGE_CURVE('',#2888,#2888,#2911,.T.);
#2911 = SURFACE_CURVE('',#2912,(#2917,#2924),.PCURVE_S1.);
#2912 = CIRCLE('',#2913,1.6);
#2913 = AXIS2_PLACEMENT_3D('',#2914,#2915,#2916);
#2914 = CARTESIAN_POINT('',(-53.,-30.,10.));
#2915 = DIRECTION('',(-1.,0.,0.));
#2916 = DIRECTION('',(0.,1.,0.));
#2917 = PCURVE('',#653,#2918);
#2918 = DEFINITIONAL_REPRESENTATION('',(#2919),#2923);
#2919 = LINE('',#2920,#2921);
#2920 = CARTESIAN_POINT('',(-6.28318530718,-4.));
#2921 = VECTOR('',#2922,1.);
#2922 = DIRECTION('',(1.,-0.));
#2923 = ( GEOMETRIC_REPRESENTATION_CONTEXT(2) 
PARAMETRIC_REPRESENTATION_CONTEXT() REPRESENTATION_CONTEXT('2D SPACE',''
  ) );
#2924 = PCURVE('',#2120,#2925);
#2925 = DEFINITIONAL_REPRESENTATION('',(#2926),#2930);
#2926 = CIRCLE('',#2927,1.6);
#2927 = AXIS2_PLACEMENT_2D('',#2928,#2929);
#2928 = CARTESIAN_POINT('',(2.,-7.6));
#2929 = DIRECTION('',(1.,0.));
#2930 = ( GEOMETRIC_REPRESENTATION_CONTEXT(2) 
PARAMETRIC_REPRESENTATION_CONTEXT() REPRESENTATION_CONTEXT('2D SPACE',''
  ) );
#2931 = ORIENTED_EDGE('',*,*,#2887,.F.);
#2932 = ADVANCED_FACE('',(#2933),#684,.F.);
#2933 = FACE_BOUND('',#2934,.T.);
#2934 = EDGE_LOOP('',(#2935,#2936,#2959,#2981));
#2935 = ORIENTED_EDGE('',*,*,#667,.T.);
#2936 = ORIENTED_EDGE('',*,*,#2937,.T.);
#2937 = EDGE_CURVE('',#668,#2938,#2940,.T.);
#2938 = VERTEX_POINT('',#2939);
#2939 = CARTESIAN_POINT('',(-53.,-22.4,10.));
#2940 = SEAM_CURVE('',#2941,(#2945,#2952),.PCURVE_S1.);
#2941 = LINE('',#2942,#2943);
#2942 = CARTESIAN_POINT('',(-57.,-22.4,10.));
#2943 = VECTOR('',#2944,1.);
#2944 = DIRECTION('',(1.,0.,0.));
#2945 = PCURVE('',#684,#2946);
#2946 = DEFINITIONAL_REPRESENTATION('',(#2947),#2951);
#2947 = LINE('',#2948,#2949);
#2948 = CARTESIAN_POINT('',(-6.28318530718,0.));
#2949 = VECTOR('',#2950,1.);
#2950 = DIRECTION('',(-0.,-1.));
#2951 = ( GEOMETRIC_REPRESENTATION_CONTEXT(2) 
PARAMETRIC_REPRESENTATION_CONTEXT() REPRESENTATION_CONTEXT('2D SPACE',''
  ) );
#2952 = PCURVE('',#684,#2953);
#2953 = DEFINITIONAL_REPRESENTATION('',(#2954),#2958);
#2954 = LINE('',#2955,#2956);
#2955 = CARTESIAN_POINT('',(-0.,0.));
#2956 = VECTOR('',#2957,1.);
#2957 = DIRECTION('',(-0.,-1.));
#2958 = ( GEOMETRIC_REPRESENTATION_CONTEXT(2) 
PARAMETRIC_REPRESENTATION_CONTEXT() REPRESENTATION_CONTEXT('2D SPACE',''
  ) );
#2959 = ORIENTED_EDGE('',*,*,#2960,.F.);
#2960 = EDGE_CURVE('',#2938,#2938,#2961,.T.);
#2961 = SURFACE_CURVE('',#2962,(#2967,#2974),.PCURVE_S1.);
#2962 = CIRCLE('',#2963,1.6);
#2963 = AXIS2_PLACEMENT_3D('',#2964,#2965,#2966);
#2964 = CARTESIAN_POINT('',(-53.,-24.,10.));
#2965 = DIRECTION('',(-1.,0.,0.));
#2966 = DIRECTION('',(0.,1.,0.));
#2967 = PCURVE('',#684,#2968);
#2968 = DEFINITIONAL_REPRESENTATION('',(#2969),#2973);
#2969 = LINE('',#2970,#2971);
#2970 = CARTESIAN_POINT('',(-6.28318530718,-4.));
#2971 = VECTOR('',#2972,1.);
#2972 = DIRECTION('',(1.,-0.));
#2973 = ( GEOMETRIC_REPRESENTATION_CONTEXT(2) 
PARAMETRIC_REPRESENTATION_CONTEXT() REPRESENTATION_CONTEXT('2D SPACE',''
  ) );
#2974 = PCURVE('',#2120,#2975);
#2975 = DEFINITIONAL_REPRESENTATION('',(#2976),#2980);
#2976 = CIRCLE('',#2977,1.6);
#2977 = AXIS2_PLACEMENT_2D('',#2978,#2979);
#2978 = CARTESIAN_POINT('',(8.,-7.6));
#2979 = DIRECTION('',(1.,0.));
#2980 = ( GEOMETRIC_REPRESENTATION_CONTEXT(2) 
PARAMETRIC_REPRESENTATION_CONTEXT() REPRESENTATION_CONTEXT('2D SPACE',''
  ) );
#2981 = ORIENTED_EDGE('',*,*,#2937,.F.);
#2982 = ADVANCED_FACE('',(#2983),#715,.F.);
#2983 = FACE_BOUND('',#2984,.T.);
#2984 = EDGE_LOOP('',(#2985,#2986,#3009,#3031));
#2985 = ORIENTED_EDGE('',*,*,#698,.T.);
#2986 = ORIENTED_EDGE('',*,*,#2987,.T.);
#2987 = EDGE_CURVE('',#699,#2988,#2990,.T.);
#2988 = VERTEX_POINT('',#2989);
#2989 = CARTESIAN_POINT('',(-53.,-16.4,10.));
#2990 = SEAM_CURVE('',#2991,(#2995,#3002),.PCURVE_S1.);
#2991 = LINE('',#2992,#2993);
#2992 = CARTESIAN_POINT('',(-57.,-16.4,10.));
#2993 = VECTOR('',#2994,1.);
#2994 = DIRECTION('',(1.,0.,0.));
#2995 = PCURVE('',#715,#2996);
#2996 = DEFINITIONAL_REPRESENTATION('',(#2997),#3001);
#2997 = LINE('',#2998,#2999);
#2998 = CARTESIAN_POINT('',(-6.28318530718,0.));
#2999 = VECTOR('',#3000,1.);
#3000 = DIRECTION('',(-0.,-1.));
#3001 = ( GEOMETRIC_REPRESENTATION_CONTEXT(2) 
PARAMETRIC_REPRESENTATION_CONTEXT() REPRESENTATION_CONTEXT('2D SPACE',''
  ) );
#3002 = PCURVE('',#715,#3003);
#3003 = DEFINITIONAL_REPRESENTATION('',(#3004),#3008);
#3004 = LINE('',#3005,#3006);
#3005 = CARTESIAN_POINT('',(-0.,0.));
#3006 = VECTOR('',#3007,1.);
#3007 = DIRECTION('',(-0.,-1.));
#3008 = ( GEOMETRIC_REPRESENTATION_CONTEXT(2) 
PARAMETRIC_REPRESENTATION_CONTEXT() REPRESENTATION_CONTEXT('2D SPACE',''
  ) );
#3009 = ORIENTED_EDGE('',*,*,#3010,.F.);
#3010 = EDGE_CURVE('',#2988,#2988,#3011,.T.);
#3011 = SURFACE_CURVE('',#3012,(#3017,#3024),.PCURVE_S1.);
#3012 = CIRCLE('',#3013,1.6);
#3013 = AXIS2_PLACEMENT_3D('',#3014,#3015,#3016);
#3014 = CARTESIAN_POINT('',(-53.,-18.,10.));
#3015 = DIRECTION('',(-1.,0.,0.));
#3016 = DIRECTION('',(0.,1.,0.));
#3017 = PCURVE('',#715,#3018);
#3018 = DEFINITIONAL_REPRESENTATION('',(#3019),#3023);
#3019 = LINE('',#3020,#3021);
#3020 = CARTESIAN_POINT('',(-6.28318530718,-4.));
#3021 = VECTOR('',#3022,1.);
#3022 = DIRECTION('',(1.,-0.));
#3023 = ( GEOMETRIC_REPRESENTATION_CONTEXT(2) 
PARAMETRIC_REPRESENTATION_CONTEXT() REPRESENTATION_CONTEXT('2D SPACE',''
  ) );
#3024 = PCURVE('',#2120,#3025);
#3025 = DEFINITIONAL_REPRESENTATION('',(#3026),#3030);
#3026 = CIRCLE('',#3027,1.6);
#3027 = AXIS2_PLACEMENT_2D('',#3028,#3029);
#3028 = CARTESIAN_POINT('',(14.,-7.6));
#3029 = DIRECTION('',(1.,0.));
#3030 = ( GEOMETRIC_REPRESENTATION_CONTEXT(2) 
PARAMETRIC_REPRESENTATION_CONTEXT() REPRESENTATION_CONTEXT('2D SPACE',''
  ) );
#3031 = ORIENTED_EDGE('',*,*,#2987,.F.);
#3032 = ADVANCED_FACE('',(#3033),#746,.F.);
#3033 = FACE_BOUND('',#3034,.T.);
#3034 = EDGE_LOOP('',(#3035,#3036,#3059,#3081));
#3035 = ORIENTED_EDGE('',*,*,#729,.T.);
#3036 = ORIENTED_EDGE('',*,*,#3037,.T.);
#3037 = EDGE_CURVE('',#730,#3038,#3040,.T.);
#3038 = VERTEX_POINT('',#3039);
#3039 = CARTESIAN_POINT('',(-53.,-10.4,10.));
#3040 = SEAM_CURVE('',#3041,(#3045,#3052),.PCURVE_S1.);
#3041 = LINE('',#3042,#3043);
#3042 = CARTESIAN_POINT('',(-57.,-10.4,10.));
#3043 = VECTOR('',#3044,1.);
#3044 = DIRECTION('',(1.,0.,0.));
#3045 = PCURVE('',#746,#3046);
#3046 = DEFINITIONAL_REPRESENTATION('',(#3047),#3051);
#3047 = LINE('',#3048,#3049);
#3048 = CARTESIAN_POINT('',(-6.28318530718,0.));
#3049 = VECTOR('',#3050,1.);
#3050 = DIRECTION('',(-0.,-1.));
#3051 = ( GEOMETRIC_REPRESENTATION_CONTEXT(2) 
PARAMETRIC_REPRESENTATION_CONTEXT() REPRESENTATION_CONTEXT('2D SPACE',''
  ) );
#3052 = PCURVE('',#746,#3053);
#3053 = DEFINITIONAL_REPRESENTATION('',(#3054),#3058);
#3054 = LINE('',#3055,#3056);
#3055 = CARTESIAN_POINT('',(-0.,0.));
#3056 = VECTOR('',#3057,1.);
#3057 = DIRECTION('',(-0.,-1.));
#3058 = ( GEOMETRIC_REPRESENTATION_CONTEXT(2) 
PARAMETRIC_REPRESENTATION_CONTEXT() REPRESENTATION_CONTEXT('2D SPACE',''
  ) );
#3059 = ORIENTED_EDGE('',*,*,#3060,.F.);
#3060 = EDGE_CURVE('',#3038,#3038,#3061,.T.);
#3061 = SURFACE_CURVE('',#3062,(#3067,#3074),.PCURVE_S1.);
#3062 = CIRCLE('',#3063,1.6);
#3063 = AXIS2_PLACEMENT_3D('',#3064,#3065,#3066);
#3064 = CARTESIAN_POINT('',(-53.,-12.,10.));
#3065 = DIRECTION('',(-1.,0.,0.));
#3066 = DIRECTION('',(0.,1.,0.));
#3067 = PCURVE('',#746,#3068);
#3068 = DEFINITIONAL_REPRESENTATION('',(#3069),#3073);
#3069 = LINE('',#3070,#3071);
#3070 = CARTESIAN_POINT('',(-6.28318530718,-4.));
#3071 = VECTOR('',#3072,1.);
#3072 = DIRECTION('',(1.,-0.));
#3073 = ( GEOMETRIC_REPRESENTATION_CONTEXT(2) 
PARAMETRIC_REPRESENTATION_CONTEXT() REPRESENTATION_CONTEXT('2D SPACE',''
  ) );
#3074 = PCURVE('',#2120,#3075);
#3075 = DEFINITIONAL_REPRESENTATION('',(#3076),#3080);
#3076 = CIRCLE('',#3077,1.6);
#3077 = AXIS2_PLACEMENT_2D('',#3078,#3079);
#3078 = CARTESIAN_POINT('',(20.,-7.6));
#3079 = DIRECTION('',(1.,0.));
#3080 = ( GEOMETRIC_REPRESENTATION_CONTEXT(2) 
PARAMETRIC_REPRESENTATION_CONTEXT() REPRESENTATION_CONTEXT('2D SPACE',''
  ) );
#3081 = ORIENTED_EDGE('',*,*,#3037,.F.);
#3082 = ADVANCED_FACE('',(#3083),#777,.F.);
#3083 = FACE_BOUND('',#3084,.T.);
#3084 = EDGE_LOOP('',(#3085,#3086,#3109,#3131));
#3085 = ORIENTED_EDGE('',*,*,#760,.T.);
#3086 = ORIENTED_EDGE('',*,*,#3087,.T.);
#3087 = EDGE_CURVE('',#761,#3088,#3090,.T.);
#3088 = VERTEX_POINT('',#3089);
#3089 = CARTESIAN_POINT('',(-53.,-4.4,10.));
#3090 = SEAM_CURVE('',#3091,(#3095,#3102),.PCURVE_S1.);
#3091 = LINE('',#3092,#3093);
#3092 = CARTESIAN_POINT('',(-57.,-4.4,10.));
#3093 = VECTOR('',#3094,1.);
#3094 = DIRECTION('',(1.,0.,0.));
#3095 = PCURVE('',#777,#3096);
#3096 = DEFINITIONAL_REPRESENTATION('',(#3097),#3101);
#3097 = LINE('',#3098,#3099);
#3098 = CARTESIAN_POINT('',(-6.28318530718,0.));
#3099 = VECTOR('',#3100,1.);
#3100 = DIRECTION('',(-0.,-1.));
#3101 = ( GEOMETRIC_REPRESENTATION_CONTEXT(2) 
PARAMETRIC_REPRESENTATION_CONTEXT() REPRESENTATION_CONTEXT('2D SPACE',''
  ) );
#3102 = PCURVE('',#777,#3103);
#3103 = DEFINITIONAL_REPRESENTATION('',(#3104),#3108);
#3104 = LINE('',#3105,#3106);
#3105 = CARTESIAN_POINT('',(-0.,0.));
#3106 = VECTOR('',#3107,1.);
#3107 = DIRECTION('',(-0.,-1.));
#3108 = ( GEOMETRIC_REPRESENTATION_CONTEXT(2) 
PARAMETRIC_REPRESENTATION_CONTEXT() REPRESENTATION_CONTEXT('2D SPACE',''
  ) );
#3109 = ORIENTED_EDGE('',*,*,#3110,.F.);
#3110 = EDGE_CURVE('',#3088,#3088,#3111,.T.);
#3111 = SURFACE_CURVE('',#3112,(#3117,#3124),.PCURVE_S1.);
#3112 = CIRCLE('',#3113,1.6);
#3113 = AXIS2_PLACEMENT_3D('',#3114,#3115,#3116);
#3114 = CARTESIAN_POINT('',(-53.,-6.,10.));
#3115 = DIRECTION('',(-1.,0.,0.));
#3116 = DIRECTION('',(0.,1.,0.));
#3117 = PCURVE('',#777,#3118);
#3118 = DEFINITIONAL_REPRESENTATION('',(#3119),#3123);
#3119 = LINE('',#3120,#3121);
#3120 = CARTESIAN_POINT('',(-6.28318530718,-4.));
#3121 = VECTOR('',#3122,1.);
#3122 = DIRECTION('',(1.,-0.));
#3123 = ( GEOMETRIC_REPRESENTATION_CONTEXT(2) 
PARAMETRIC_REPRESENTATION_CONTEXT() REPRESENTATION_CONTEXT('2D SPACE',''
  ) );
#3124 = PCURVE('',#2120,#3125);
#3125 = DEFINITIONAL_REPRESENTATION('',(#3126),#3130);
#3126 = CIRCLE('',#3127,1.6);
#3127 = AXIS2_PLACEMENT_2D('',#3128,#3129);
#3128 = CARTESIAN_POINT('',(26.,-7.6));
#3129 = DIRECTION('',(1.,0.));
#3130 = ( GEOMETRIC_REPRESENTATION_CONTEXT(2) 
PARAMETRIC_REPRESENTATION_CONTEXT() REPRESENTATION_CONTEXT('2D SPACE',''
  ) );
#3131 = ORIENTED_EDGE('',*,*,#3087,.F.);
#3132 = ADVANCED_FACE('',(#3133),#808,.F.);
#3133 = FACE_BOUND('',#3134,.T.);
#3134 = EDGE_LOOP('',(#3135,#3136,#3159,#3181));
#3135 = ORIENTED_EDGE('',*,*,#791,.T.);
#3136 = ORIENTED_EDGE('',*,*,#3137,.T.);
#3137 = EDGE_CURVE('',#792,#3138,#3140,.T.);
#3138 = VERTEX_POINT('',#3139);
#3139 = CARTESIAN_POINT('',(-53.,1.6,10.));
#3140 = SEAM_CURVE('',#3141,(#3145,#3152),.PCURVE_S1.);
#3141 = LINE('',#3142,#3143);
#3142 = CARTESIAN_POINT('',(-57.,1.6,10.));
#3143 = VECTOR('',#3144,1.);
#3144 = DIRECTION('',(1.,0.,0.));
#3145 = PCURVE('',#808,#3146);
#3146 = DEFINITIONAL_REPRESENTATION('',(#3147),#3151);
#3147 = LINE('',#3148,#3149);
#3148 = CARTESIAN_POINT('',(-6.28318530718,0.));
#3149 = VECTOR('',#3150,1.);
#3150 = DIRECTION('',(-0.,-1.));
#3151 = ( GEOMETRIC_REPRESENTATION_CONTEXT(2) 
PARAMETRIC_REPRESENTATION_CONTEXT() REPRESENTATION_CONTEXT('2D SPACE',''
  ) );
#3152 = PCURVE('',#808,#3153);
#3153 = DEFINITIONAL_REPRESENTATION('',(#3154),#3158);
#3154 = LINE('',#3155,#3156);
#3155 = CARTESIAN_POINT('',(-0.,0.));
#3156 = VECTOR('',#3157,1.);
#3157 = DIRECTION('',(-0.,-1.));
#3158 = ( GEOMETRIC_REPRESENTATION_CONTEXT(2) 
PARAMETRIC_REPRESENTATION_CONTEXT() REPRESENTATION_CONTEXT('2D SPACE',''
  ) );
#3159 = ORIENTED_EDGE('',*,*,#3160,.F.);
#3160 = EDGE_CURVE('',#3138,#3138,#3161,.T.);
#3161 = SURFACE_CURVE('',#3162,(#3167,#3174),.PCURVE_S1.);
#3162 = CIRCLE('',#3163,1.6);
#3163 = AXIS2_PLACEMENT_3D('',#3164,#3165,#3166);
#3164 = CARTESIAN_POINT('',(-53.,0.,10.));
#3165 = DIRECTION('',(-1.,0.,0.));
#3166 = DIRECTION('',(0.,1.,0.));
#3167 = PCURVE('',#808,#3168);
#3168 = DEFINITIONAL_REPRESENTATION('',(#3169),#3173);
#3169 = LINE('',#3170,#3171);
#3170 = CARTESIAN_POINT('',(-6.28318530718,-4.));
#3171 = VECTOR('',#3172,1.);
#3172 = DIRECTION('',(1.,-0.));
#3173 = ( GEOMETRIC_REPRESENTATION_CONTEXT(2) 
PARAMETRIC_REPRESENTATION_CONTEXT() REPRESENTATION_CONTEXT('2D SPACE',''
  ) );
#3174 = PCURVE('',#2120,#3175);
#3175 = DEFINITIONAL_REPRESENTATION('',(#3176),#3180);
#3176 = CIRCLE('',#3177,1.6);
#3177 = AXIS2_PLACEMENT_2D('',#3178,#3179);
#3178 = CARTESIAN_POINT('',(32.,-7.6));
#3179 = DIRECTION('',(1.,0.));
#3180 = ( GEOMETRIC_REPRESENTATION_CONTEXT(2) 
PARAMETRIC_REPRESENTATION_CONTEXT() REPRESENTATION_CONTEXT('2D SPACE',''
  ) );
#3181 = ORIENTED_EDGE('',*,*,#3137,.F.);
#3182 = ADVANCED_FACE('',(#3183),#839,.F.);
#3183 = FACE_BOUND('',#3184,.T.);
#3184 = EDGE_LOOP('',(#3185,#3186,#3209,#3231));
#3185 = ORIENTED_EDGE('',*,*,#822,.T.);
#3186 = ORIENTED_EDGE('',*,*,#3187,.T.);
#3187 = EDGE_CURVE('',#823,#3188,#3190,.T.);
#3188 = VERTEX_POINT('',#3189);
#3189 = CARTESIAN_POINT('',(-53.,4.6,16.));
#3190 = SEAM_CURVE('',#3191,(#3195,#3202),.PCURVE_S1.);
#3191 = LINE('',#3192,#3193);
#3192 = CARTESIAN_POINT('',(-57.,4.6,16.));
#3193 = VECTOR('',#3194,1.);
#3194 = DIRECTION('',(1.,0.,0.));
#3195 = PCURVE('',#839,#3196);
#3196 = DEFINITIONAL_REPRESENTATION('',(#3197),#3201);
#3197 = LINE('',#3198,#3199);
#3198 = CARTESIAN_POINT('',(-6.28318530718,0.));
#3199 = VECTOR('',#3200,1.);
#3200 = DIRECTION('',(-0.,-1.));
#3201 = ( GEOMETRIC_REPRESENTATION_CONTEXT(2) 
PARAMETRIC_REPRESENTATION_CONTEXT() REPRESENTATION_CONTEXT('2D SPACE',''
  ) );
#3202 = PCURVE('',#839,#3203);
#3203 = DEFINITIONAL_REPRESENTATION('',(#3204),#3208);
#3204 = LINE('',#3205,#3206);
#3205 = CARTESIAN_POINT('',(-0.,0.));
#3206 = VECTOR('',#3207,1.);
#3207 = DIRECTION('',(-0.,-1.));
#3208 = ( GEOMETRIC_REPRESENTATION_CONTEXT(2) 
PARAMETRIC_REPRESENTATION_CONTEXT() REPRESENTATION_CONTEXT('2D SPACE',''
  ) );
#3209 = ORIENTED_EDGE('',*,*,#3210,.F.);
#3210 = EDGE_CURVE('',#3188,#3188,#3211,.T.);
#3211 = SURFACE_CURVE('',#3212,(#3217,#3224),.PCURVE_S1.);
#3212 = CIRCLE('',#3213,1.6);
#3213 = AXIS2_PLACEMENT_3D('',#3214,#3215,#3216);
#3214 = CARTESIAN_POINT('',(-53.,3.,16.));
#3215 = DIRECTION('',(-1.,0.,0.));
#3216 = DIRECTION('',(0.,1.,0.));
#3217 = PCURVE('',#839,#3218);
#3218 = DEFINITIONAL_REPRESENTATION('',(#3219),#3223);
#3219 = LINE('',#3220,#3221);
#3220 = CARTESIAN_POINT('',(-6.28318530718,-4.));
#3221 = VECTOR('',#3222,1.);
#3222 = DIRECTION('',(1.,-0.));
#3223 = ( GEOMETRIC_REPRESENTATION_CONTEXT(2) 
PARAMETRIC_REPRESENTATION_CONTEXT() REPRESENTATION_CONTEXT('2D SPACE',''
  ) );
#3224 = PCURVE('',#2120,#3225);
#3225 = DEFINITIONAL_REPRESENTATION('',(#3226),#3230);
#3226 = CIRCLE('',#3227,1.6);
#3227 = AXIS2_PLACEMENT_2D('',#3228,#3229);
#3228 = CARTESIAN_POINT('',(35.,-13.6));
#3229 = DIRECTION('',(1.,0.));
#3230 = ( GEOMETRIC_REPRESENTATION_CONTEXT(2) 
PARAMETRIC_REPRESENTATION_CONTEXT() REPRESENTATION_CONTEXT('2D SPACE',''
  ) );
#3231 = ORIENTED_EDGE('',*,*,#3187,.F.);
#3232 = ADVANCED_FACE('',(#3233),#870,.F.);
#3233 = FACE_BOUND('',#3234,.T.);
#3234 = EDGE_LOOP('',(#3235,#3236,#3259,#3281));
#3235 = ORIENTED_EDGE('',*,*,#853,.T.);
#3236 = ORIENTED_EDGE('',*,*,#3237,.T.);
#3237 = EDGE_CURVE('',#854,#3238,#3240,.T.);
#3238 = VERTEX_POINT('',#3239);
#3239 = CARTESIAN_POINT('',(-53.,10.6,16.));
#3240 = SEAM_CURVE('',#3241,(#3245,#3252),.PCURVE_S1.);
#3241 = LINE('',#3242,#3243);
#3242 = CARTESIAN_POINT('',(-57.,10.6,16.));
#3243 = VECTOR('',#3244,1.);
#3244 = DIRECTION('',(1.,0.,0.));
#3245 = PCURVE('',#870,#3246);
#3246 = DEFINITIONAL_REPRESENTATION('',(#3247),#3251);
#3247 = LINE('',#3248,#3249);
#3248 = CARTESIAN_POINT('',(-6.28318530718,0.));
#3249 = VECTOR('',#3250,1.);
#3250 = DIRECTION('',(-0.,-1.));
#3251 = ( GEOMETRIC_REPRESENTATION_CONTEXT(2) 
PARAMETRIC_REPRESENTATION_CONTEXT() REPRESENTATION_CONTEXT('2D SPACE',''
  ) );
#3252 = PCURVE('',#870,#3253);
#3253 = DEFINITIONAL_REPRESENTATION('',(#3254),#3258);
#3254 = LINE('',#3255,#3256);
#3255 = CARTESIAN_POINT('',(-0.,0.));
#3256 = VECTOR('',#3257,1.);
#3257 = DIRECTION('',(-0.,-1.));
#3258 = ( GEOMETRIC_REPRESENTATION_CONTEXT(2) 
PARAMETRIC_REPRESENTATION_CONTEXT() REPRESENTATION_CONTEXT('2D SPACE',''
  ) );
#3259 = ORIENTED_EDGE('',*,*,#3260,.F.);
#3260 = EDGE_CURVE('',#3238,#3238,#3261,.T.);
#3261 = SURFACE_CURVE('',#3262,(#3267,#3274),.PCURVE_S1.);
#3262 = CIRCLE('',#3263,1.6);
#3263 = AXIS2_PLACEMENT_3D('',#3264,#3265,#3266);
#3264 = CARTESIAN_POINT('',(-53.,9.,16.));
#3265 = DIRECTION('',(-1.,0.,0.));
#3266 = DIRECTION('',(0.,1.,0.));
#3267 = PCURVE('',#870,#3268);
#3268 = DEFINITIONAL_REPRESENTATION('',(#3269),#3273);
#3269 = LINE('',#3270,#3271);
#3270 = CARTESIAN_POINT('',(-6.28318530718,-4.));
#3271 = VECTOR('',#3272,1.);
#3272 = DIRECTION('',(1.,-0.));
#3273 = ( GEOMETRIC_REPRESENTATION_CONTEXT(2) 
PARAMETRIC_REPRESENTATION_CONTEXT() REPRESENTATION_CONTEXT('2D SPACE',''
  ) );
#3274 = PCURVE('',#2120,#3275);
#3275 = DEFINITIONAL_REPRESENTATION('',(#3276),#3280);
#3276 = CIRCLE('',#3277,1.6);
#3277 = AXIS2_PLACEMENT_2D('',#3278,#3279);
#3278 = CARTESIAN_POINT('',(41.,-13.6));
#3279 = DIRECTION('',(1.,0.));
#3280 = ( GEOMETRIC_REPRESENTATION_CONTEXT(2) 
PARAMETRIC_REPRESENTATION_CONTEXT() REPRESENTATION_CONTEXT('2D SPACE',''
  ) );
#3281 = ORIENTED_EDGE('',*,*,#3237,.F.);
#3282 = ADVANCED_FACE('',(#3283),#901,.F.);
#3283 = FACE_BOUND('',#3284,.T.);
#3284 = EDGE_LOOP('',(#3285,#3286,#3309,#3331));
#3285 = ORIENTED_EDGE('',*,*,#884,.T.);
#3286 = ORIENTED_EDGE('',*,*,#3287,.T.);
#3287 = EDGE_CURVE('',#885,#3288,#3290,.T.);
#3288 = VERTEX_POINT('',#3289);
#3289 = CARTESIAN_POINT('',(-53.,16.6,16.));
#3290 = SEAM_CURVE('',#3291,(#3295,#3302),.PCURVE_S1.);
#3291 = LINE('',#3292,#3293);
#3292 = CARTESIAN_POINT('',(-57.,16.6,16.));
#3293 = VECTOR('',#3294,1.);
#3294 = DIRECTION('',(1.,0.,0.));
#3295 = PCURVE('',#901,#3296);
#3296 = DEFINITIONAL_REPRESENTATION('',(#3297),#3301);
#3297 = LINE('',#3298,#3299);
#3298 = CARTESIAN_POINT('',(-6.28318530718,0.));
#3299 = VECTOR('',#3300,1.);
#3300 = DIRECTION('',(-0.,-1.));
#3301 = ( GEOMETRIC_REPRESENTATION_CONTEXT(2) 
PARAMETRIC_REPRESENTATION_CONTEXT() REPRESENTATION_CONTEXT('2D SPACE',''
  ) );
#3302 = PCURVE('',#901,#3303);
#3303 = DEFINITIONAL_REPRESENTATION('',(#3304),#3308);
#3304 = LINE('',#3305,#3306);
#3305 = CARTESIAN_POINT('',(-0.,0.));
#3306 = VECTOR('',#3307,1.);
#3307 = DIRECTION('',(-0.,-1.));
#3308 = ( GEOMETRIC_REPRESENTATION_CONTEXT(2) 
PARAMETRIC_REPRESENTATION_CONTEXT() REPRESENTATION_CONTEXT('2D SPACE',''
  ) );
#3309 = ORIENTED_EDGE('',*,*,#3310,.F.);
#3310 = EDGE_CURVE('',#3288,#3288,#3311,.T.);
#3311 = SURFACE_CURVE('',#3312,(#3317,#3324),.PCURVE_S1.);
#3312 = CIRCLE('',#3313,1.6);
#3313 = AXIS2_PLACEMENT_3D('',#3314,#3315,#3316);
#3314 = CARTESIAN_POINT('',(-53.,15.,16.));
#3315 = DIRECTION('',(-1.,0.,0.));
#3316 = DIRECTION('',(0.,1.,0.));
#3317 = PCURVE('',#901,#3318);
#3318 = DEFINITIONAL_REPRESENTATION('',(#3319),#3323);
#3319 = LINE('',#3320,#3321);
#3320 = CARTESIAN_POINT('',(-6.28318530718,-4.));
#3321 = VECTOR('',#3322,1.);
#3322 = DIRECTION('',(1.,-0.));
#3323 = ( GEOMETRIC_REPRESENTATION_CONTEXT(2) 
PARAMETRIC_REPRESENTATION_CONTEXT() REPRESENTATION_CONTEXT('2D SPACE',''
  ) );
#3324 = PCURVE('',#2120,#3325);
#3325 = DEFINITIONAL_REPRESENTATION('',(#3326),#3330);
#3326 = CIRCLE('',#3327,1.6);
#3327 = AXIS2_PLACEMENT_2D('',#3328,#3329);
#3328 = CARTESIAN_POINT('',(47.,-13.6));
#3329 = DIRECTION('',(1.,0.));
#3330 = ( GEOMETRIC_REPRESENTATION_CONTEXT(2) 
PARAMETRIC_REPRESENTATION_CONTEXT() REPRESENTATION_CONTEXT('2D SPACE',''
  ) );
#3331 = ORIENTED_EDGE('',*,*,#3287,.F.);
#3332 = ADVANCED_FACE('',(#3333),#932,.F.);
#3333 = FACE_BOUND('',#3334,.T.);
#3334 = EDGE_LOOP('',(#3335,#3336,#3359,#3381));
#3335 = ORIENTED_EDGE('',*,*,#915,.T.);
#3336 = ORIENTED_EDGE('',*,*,#3337,.T.);
#3337 = EDGE_CURVE('',#916,#3338,#3340,.T.);
#3338 = VERTEX_POINT('',#3339);
#3339 = CARTESIAN_POINT('',(-53.,22.6,16.));
#3340 = SEAM_CURVE('',#3341,(#3345,#3352),.PCURVE_S1.);
#3341 = LINE('',#3342,#3343);
#3342 = CARTESIAN_POINT('',(-57.,22.6,16.));
#3343 = VECTOR('',#3344,1.);
#3344 = DIRECTION('',(1.,0.,0.));
#3345 = PCURVE('',#932,#3346);
#3346 = DEFINITIONAL_REPRESENTATION('',(#3347),#3351);
#3347 = LINE('',#3348,#3349);
#3348 = CARTESIAN_POINT('',(-6.28318530718,0.));
#3349 = VECTOR('',#3350,1.);
#3350 = DIRECTION('',(-0.,-1.));
#3351 = ( GEOMETRIC_REPRESENTATION_CONTEXT(2) 
PARAMETRIC_REPRESENTATION_CONTEXT() REPRESENTATION_CONTEXT('2D SPACE',''
  ) );
#3352 = PCURVE('',#932,#3353);
#3353 = DEFINITIONAL_REPRESENTATION('',(#3354),#3358);
#3354 = LINE('',#3355,#3356);
#3355 = CARTESIAN_POINT('',(-0.,0.));
#3356 = VECTOR('',#3357,1.);
#3357 = DIRECTION('',(-0.,-1.));
#3358 = ( GEOMETRIC_REPRESENTATION_CONTEXT(2) 
PARAMETRIC_REPRESENTATION_CONTEXT() REPRESENTATION_CONTEXT('2D SPACE',''
  ) );
#3359 = ORIENTED_EDGE('',*,*,#3360,.F.);
#3360 = EDGE_CURVE('',#3338,#3338,#3361,.T.);
#3361 = SURFACE_CURVE('',#3362,(#3367,#3374),.PCURVE_S1.);
#3362 = CIRCLE('',#3363,1.6);
#3363 = AXIS2_PLACEMENT_3D('',#3364,#3365,#3366);
#3364 = CARTESIAN_POINT('',(-53.,21.,16.));
#3365 = DIRECTION('',(-1.,0.,0.));
#3366 = DIRECTION('',(0.,1.,0.));
#3367 = PCURVE('',#932,#3368);
#3368 = DEFINITIONAL_REPRESENTATION('',(#3369),#3373);
#3369 = LINE('',#3370,#3371);
#3370 = CARTESIAN_POINT('',(-6.28318530718,-4.));
#3371 = VECTOR('',#3372,1.);
#3372 = DIRECTION('',(1.,-0.));
#3373 = ( GEOMETRIC_REPRESENTATION_CONTEXT(2) 
PARAMETRIC_REPRESENTATION_CONTEXT() REPRESENTATION_CONTEXT('2D SPACE',''
  ) );
#3374 = PCURVE('',#2120,#3375);
#3375 = DEFINITIONAL_REPRESENTATION('',(#3376),#3380);
#3376 = CIRCLE('',#3377,1.6);
#3377 = AXIS2_PLACEMENT_2D('',#3378,#3379);
#3378 = CARTESIAN_POINT('',(53.,-13.6));
#3379 = DIRECTION('',(1.,0.));
#3380 = ( GEOMETRIC_REPRESENTATION_CONTEXT(2) 
PARAMETRIC_REPRESENTATION_CONTEXT() REPRESENTATION_CONTEXT('2D SPACE',''
  ) );
#3381 = ORIENTED_EDGE('',*,*,#3337,.F.);
#3382 = ADVANCED_FACE('',(#3383),#963,.F.);
#3383 = FACE_BOUND('',#3384,.T.);
#3384 = EDGE_LOOP('',(#3385,#3386,#3409,#3431));
#3385 = ORIENTED_EDGE('',*,*,#946,.T.);
#3386 = ORIENTED_EDGE('',*,*,#3387,.T.);
#3387 = EDGE_CURVE('',#947,#3388,#3390,.T.);
#3388 = VERTEX_POINT('',#3389);
#3389 = CARTESIAN_POINT('',(-53.,28.6,16.));
#3390 = SEAM_CURVE('',#3391,(#3395,#3402),.PCURVE_S1.);
#3391 = LINE('',#3392,#3393);
#3392 = CARTESIAN_POINT('',(-57.,28.6,16.));
#3393 = VECTOR('',#3394,1.);
#3394 = DIRECTION('',(1.,0.,0.));
#3395 = PCURVE('',#963,#3396);
#3396 = DEFINITIONAL_REPRESENTATION('',(#3397),#3401);
#3397 = LINE('',#3398,#3399);
#3398 = CARTESIAN_POINT('',(-6.28318530718,0.));
#3399 = VECTOR('',#3400,1.);
#3400 = DIRECTION('',(-0.,-1.));
#3401 = ( GEOMETRIC_REPRESENTATION_CONTEXT(2) 
PARAMETRIC_REPRESENTATION_CONTEXT() REPRESENTATION_CONTEXT('2D SPACE',''
  ) );
#3402 = PCURVE('',#963,#3403);
#3403 = DEFINITIONAL_REPRESENTATION('',(#3404),#3408);
#3404 = LINE('',#3405,#3406);
#3405 = CARTESIAN_POINT('',(-0.,0.));
#3406 = VECTOR('',#3407,1.);
#3407 = DIRECTION('',(-0.,-1.));
#3408 = ( GEOMETRIC_REPRESENTATION_CONTEXT(2) 
PARAMETRIC_REPRESENTATION_CONTEXT() REPRESENTATION_CONTEXT('2D SPACE',''
  ) );
#3409 = ORIENTED_EDGE('',*,*,#3410,.F.);
#3410 = EDGE_CURVE('',#3388,#3388,#3411,.T.);
#3411 = SURFACE_CURVE('',#3412,(#3417,#3424),.PCURVE_S1.);
#3412 = CIRCLE('',#3413,1.6);
#3413 = AXIS2_PLACEMENT_3D('',#3414,#3415,#3416);
#3414 = CARTESIAN_POINT('',(-53.,27.,16.));
#3415 = DIRECTION('',(-1.,0.,0.));
#3416 = DIRECTION('',(0.,1.,0.));
#3417 = PCURVE('',#963,#3418);
#3418 = DEFINITIONAL_REPRESENTATION('',(#3419),#3423);
#3419 = LINE('',#3420,#3421);
#3420 = CARTESIAN_POINT('',(-6.28318530718,-4.));
#3421 = VECTOR('',#3422,1.);
#3422 = DIRECTION('',(1.,-0.));
#3423 = ( GEOMETRIC_REPRESENTATION_CONTEXT(2) 
PARAMETRIC_REPRESENTATION_CONTEXT() REPRESENTATION_CONTEXT('2D SPACE',''
  ) );
#3424 = PCURVE('',#2120,#3425);
#3425 = DEFINITIONAL_REPRESENTATION('',(#3426),#3430);
#3426 = CIRCLE('',#3427,1.6);
#3427 = AXIS2_PLACEMENT_2D('',#3428,#3429);
#3428 = CARTESIAN_POINT('',(59.,-13.6));
#3429 = DIRECTION('',(1.,0.));
#3430 = ( GEOMETRIC_REPRESENTATION_CONTEXT(2) 
PARAMETRIC_REPRESENTATION_CONTEXT() REPRESENTATION_CONTEXT('2D SPACE',''
  ) );
#3431 = ORIENTED_EDGE('',*,*,#3387,.F.);
#3432 = ADVANCED_FACE('',(#3433),#994,.F.);
#3433 = FACE_BOUND('',#3434,.T.);
#3434 = EDGE_LOOP('',(#3435,#3436,#3459,#3481));
#3435 = ORIENTED_EDGE('',*,*,#977,.T.);
#3436 = ORIENTED_EDGE('',*,*,#3437,.T.);
#3437 = EDGE_CURVE('',#978,#3438,#3440,.T.);
#3438 = VERTEX_POINT('',#3439);
#3439 = CARTESIAN_POINT('',(-53.,7.6,10.));
#3440 = SEAM_CURVE('',#3441,(#3445,#3452),.PCURVE_S1.);
#3441 = LINE('',#3442,#3443);
#3442 = CARTESIAN_POINT('',(-57.,7.6,10.));
#3443 = VECTOR('',#3444,1.);
#3444 = DIRECTION('',(1.,0.,0.));
#3445 = PCURVE('',#994,#3446);
#3446 = DEFINITIONAL_REPRESENTATION('',(#3447),#3451);
#3447 = LINE('',#3448,#3449);
#3448 = CARTESIAN_POINT('',(-6.28318530718,0.));
#3449 = VECTOR('',#3450,1.);
#3450 = DIRECTION('',(-0.,-1.));
#3451 = ( GEOMETRIC_REPRESENTATION_CONTEXT(2) 
PARAMETRIC_REPRESENTATION_CONTEXT() REPRESENTATION_CONTEXT('2D SPACE',''
  ) );
#3452 = PCURVE('',#994,#3453);
#3453 = DEFINITIONAL_REPRESENTATION('',(#3454),#3458);
#3454 = LINE('',#3455,#3456);
#3455 = CARTESIAN_POINT('',(-0.,0.));
#3456 = VECTOR('',#3457,1.);
#3457 = DIRECTION('',(-0.,-1.));
#3458 = ( GEOMETRIC_REPRESENTATION_CONTEXT(2) 
PARAMETRIC_REPRESENTATION_CONTEXT() REPRESENTATION_CONTEXT('2D SPACE',''
  ) );
#3459 = ORIENTED_EDGE('',*,*,#3460,.F.);
#3460 = EDGE_CURVE('',#3438,#3438,#3461,.T.);
#3461 = SURFACE_CURVE('',#3462,(#3467,#3474),.PCURVE_S1.);
#3462 = CIRCLE('',#3463,1.6);
#3463 = AXIS2_PLACEMENT_3D('',#3464,#3465,#3466);
#3464 = CARTESIAN_POINT('',(-53.,6.,10.));
#3465 = DIRECTION('',(-1.,0.,0.));
#3466 = DIRECTION('',(0.,1.,0.));
#3467 = PCURVE('',#994,#3468);
#3468 = DEFINITIONAL_REPRESENTATION('',(#3469),#3473);
#3469 = LINE('',#3470,#3471);
#3470 = CARTESIAN_POINT('',(-6.28318530718,-4.));
#3471 = VECTOR('',#3472,1.);
#3472 = DIRECTION('',(1.,-0.));
#3473 = ( GEOMETRIC_REPRESENTATION_CONTEXT(2) 
PARAMETRIC_REPRESENTATION_CONTEXT() REPRESENTATION_CONTEXT('2D SPACE',''
  ) );
#3474 = PCURVE('',#2120,#3475);
#3475 = DEFINITIONAL_REPRESENTATION('',(#3476),#3480);
#3476 = CIRCLE('',#3477,1.6);
#3477 = AXIS2_PLACEMENT_2D('',#3478,#3479);
#3478 = CARTESIAN_POINT('',(38.,-7.6));
#3479 = DIRECTION('',(1.,0.));
#3480 = ( GEOMETRIC_REPRESENTATION_CONTEXT(2) 
PARAMETRIC_REPRESENTATION_CONTEXT() REPRESENTATION_CONTEXT('2D SPACE',''
  ) );
#3481 = ORIENTED_EDGE('',*,*,#3437,.F.);
#3482 = ADVANCED_FACE('',(#3483),#1025,.F.);
#3483 = FACE_BOUND('',#3484,.T.);
#3484 = EDGE_LOOP('',(#3485,#3486,#3509,#3531));
#3485 = ORIENTED_EDGE('',*,*,#1008,.T.);
#3486 = ORIENTED_EDGE('',*,*,#3487,.T.);
#3487 = EDGE_CURVE('',#1009,#3488,#3490,.T.);
#3488 = VERTEX_POINT('',#3489);
#3489 = CARTESIAN_POINT('',(-53.,13.6,10.));
#3490 = SEAM_CURVE('',#3491,(#3495,#3502),.PCURVE_S1.);
#3491 = LINE('',#3492,#3493);
#3492 = CARTESIAN_POINT('',(-57.,13.6,10.));
#3493 = VECTOR('',#3494,1.);
#3494 = DIRECTION('',(1.,0.,0.));
#3495 = PCURVE('',#1025,#3496);
#3496 = DEFINITIONAL_REPRESENTATION('',(#3497),#3501);
#3497 = LINE('',#3498,#3499);
#3498 = CARTESIAN_POINT('',(-6.28318530718,0.));
#3499 = VECTOR('',#3500,1.);
#3500 = DIRECTION('',(-0.,-1.));
#3501 = ( GEOMETRIC_REPRESENTATION_CONTEXT(2) 
PARAMETRIC_REPRESENTATION_CONTEXT() REPRESENTATION_CONTEXT('2D SPACE',''
  ) );
#3502 = PCURVE('',#1025,#3503);
#3503 = DEFINITIONAL_REPRESENTATION('',(#3504),#3508);
#3504 = LINE('',#3505,#3506);
#3505 = CARTESIAN_POINT('',(-0.,0.));
#3506 = VECTOR('',#3507,1.);
#3507 = DIRECTION('',(-0.,-1.));
#3508 = ( GEOMETRIC_REPRESENTATION_CONTEXT(2) 
PARAMETRIC_REPRESENTATION_CONTEXT() REPRESENTATION_CONTEXT('2D SPACE',''
  ) );
#3509 = ORIENTED_EDGE('',*,*,#3510,.F.);
#3510 = EDGE_CURVE('',#3488,#3488,#3511,.T.);
#3511 = SURFACE_CURVE('',#3512,(#3517,#3524),.PCURVE_S1.);
#3512 = CIRCLE('',#3513,1.6);
#3513 = AXIS2_PLACEMENT_3D('',#3514,#3515,#3516);
#3514 = CARTESIAN_POINT('',(-53.,12.,10.));
#3515 = DIRECTION('',(-1.,0.,0.));
#3516 = DIRECTION('',(0.,1.,0.));
#3517 = PCURVE('',#1025,#3518);
#3518 = DEFINITIONAL_REPRESENTATION('',(#3519),#3523);
#3519 = LINE('',#3520,#3521);
#3520 = CARTESIAN_POINT('',(-6.28318530718,-4.));
#3521 = VECTOR('',#3522,1.);
#3522 = DIRECTION('',(1.,-0.));
#3523 = ( GEOMETRIC_REPRESENTATION_CONTEXT(2) 
PARAMETRIC_REPRESENTATION_CONTEXT() REPRESENTATION_CONTEXT('2D SPACE',''
  ) );
#3524 = PCURVE('',#2120,#3525);
#3525 = DEFINITIONAL_REPRESENTATION('',(#3526),#3530);
#3526 = CIRCLE('',#3527,1.6);
#3527 = AXIS2_PLACEMENT_2D('',#3528,#3529);
#3528 = CARTESIAN_POINT('',(44.,-7.6));
#3529 = DIRECTION('',(1.,0.));
#3530 = ( GEOMETRIC_REPRESENTATION_CONTEXT(2) 
PARAMETRIC_REPRESENTATION_CONTEXT() REPRESENTATION_CONTEXT('2D SPACE',''
  ) );
#3531 = ORIENTED_EDGE('',*,*,#3487,.F.);
#3532 = ADVANCED_FACE('',(#3533),#1056,.F.);
#3533 = FACE_BOUND('',#3534,.T.);
#3534 = EDGE_LOOP('',(#3535,#3536,#3559,#3581));
#3535 = ORIENTED_EDGE('',*,*,#1039,.T.);
#3536 = ORIENTED_EDGE('',*,*,#3537,.T.);
#3537 = EDGE_CURVE('',#1040,#3538,#3540,.T.);
#3538 = VERTEX_POINT('',#3539);
#3539 = CARTESIAN_POINT('',(-53.,19.6,10.));
#3540 = SEAM_CURVE('',#3541,(#3545,#3552),.PCURVE_S1.);
#3541 = LINE('',#3542,#3543);
#3542 = CARTESIAN_POINT('',(-57.,19.6,10.));
#3543 = VECTOR('',#3544,1.);
#3544 = DIRECTION('',(1.,0.,0.));
#3545 = PCURVE('',#1056,#3546);
#3546 = DEFINITIONAL_REPRESENTATION('',(#3547),#3551);
#3547 = LINE('',#3548,#3549);
#3548 = CARTESIAN_POINT('',(-6.28318530718,0.));
#3549 = VECTOR('',#3550,1.);
#3550 = DIRECTION('',(-0.,-1.));
#3551 = ( GEOMETRIC_REPRESENTATION_CONTEXT(2) 
PARAMETRIC_REPRESENTATION_CONTEXT() REPRESENTATION_CONTEXT('2D SPACE',''
  ) );
#3552 = PCURVE('',#1056,#3553);
#3553 = DEFINITIONAL_REPRESENTATION('',(#3554),#3558);
#3554 = LINE('',#3555,#3556);
#3555 = CARTESIAN_POINT('',(-0.,0.));
#3556 = VECTOR('',#3557,1.);
#3557 = DIRECTION('',(-0.,-1.));
#3558 = ( GEOMETRIC_REPRESENTATION_CONTEXT(2) 
PARAMETRIC_REPRESENTATION_CONTEXT() REPRESENTATION_CONTEXT('2D SPACE',''
  ) );
#3559 = ORIENTED_EDGE('',*,*,#3560,.F.);
#3560 = EDGE_CURVE('',#3538,#3538,#3561,.T.);
#3561 = SURFACE_CURVE('',#3562,(#3567,#3574),.PCURVE_S1.);
#3562 = CIRCLE('',#3563,1.6);
#3563 = AXIS2_PLACEMENT_3D('',#3564,#3565,#3566);
#3564 = CARTESIAN_POINT('',(-53.,18.,10.));
#3565 = DIRECTION('',(-1.,0.,0.));
#3566 = DIRECTION('',(0.,1.,0.));
#3567 = PCURVE('',#1056,#3568);
#3568 = DEFINITIONAL_REPRESENTATION('',(#3569),#3573);
#3569 = LINE('',#3570,#3571);
#3570 = CARTESIAN_POINT('',(-6.28318530718,-4.));
#3571 = VECTOR('',#3572,1.);
#3572 = DIRECTION('',(1.,-0.));
#3573 = ( GEOMETRIC_REPRESENTATION_CONTEXT(2) 
PARAMETRIC_REPRESENTATION_CONTEXT() REPRESENTATION_CONTEXT('2D SPACE',''
  ) );
#3574 = PCURVE('',#2120,#3575);
#3575 = DEFINITIONAL_REPRESENTATION('',(#3576),#3580);
#3576 = CIRCLE('',#3577,1.6);
#3577 = AXIS2_PLACEMENT_2D('',#3578,#3579);
#3578 = CARTESIAN_POINT('',(50.,-7.6));
#3579 = DIRECTION('',(1.,0.));
#3580 = ( GEOMETRIC_REPRESENTATION_CONTEXT(2) 
PARAMETRIC_REPRESENTATION_CONTEXT() REPRESENTATION_CONTEXT('2D SPACE',''
  ) );
#3581 = ORIENTED_EDGE('',*,*,#3537,.F.);
#3582 = ADVANCED_FACE('',(#3583),#1087,.F.);
#3583 = FACE_BOUND('',#3584,.T.);
#3584 = EDGE_LOOP('',(#3585,#3586,#3609,#3631));
#3585 = ORIENTED_EDGE('',*,*,#1070,.T.);
#3586 = ORIENTED_EDGE('',*,*,#3587,.T.);
#3587 = EDGE_CURVE('',#1071,#3588,#3590,.T.);
#3588 = VERTEX_POINT('',#3589);
#3589 = CARTESIAN_POINT('',(-53.,25.6,10.));
#3590 = SEAM_CURVE('',#3591,(#3595,#3602),.PCURVE_S1.);
#3591 = LINE('',#3592,#3593);
#3592 = CARTESIAN_POINT('',(-57.,25.6,10.));
#3593 = VECTOR('',#3594,1.);
#3594 = DIRECTION('',(1.,0.,0.));
#3595 = PCURVE('',#1087,#3596);
#3596 = DEFINITIONAL_REPRESENTATION('',(#3597),#3601);
#3597 = LINE('',#3598,#3599);
#3598 = CARTESIAN_POINT('',(-6.28318530718,0.));
#3599 = VECTOR('',#3600,1.);
#3600 = DIRECTION('',(-0.,-1.));
#3601 = ( GEOMETRIC_REPRESENTATION_CONTEXT(2) 
PARAMETRIC_REPRESENTATION_CONTEXT() REPRESENTATION_CONTEXT('2D SPACE',''
  ) );
#3602 = PCURVE('',#1087,#3603);
#3603 = DEFINITIONAL_REPRESENTATION('',(#3604),#3608);
#3604 = LINE('',#3605,#3606);
#3605 = CARTESIAN_POINT('',(-0.,0.));
#3606 = VECTOR('',#3607,1.);
#3607 = DIRECTION('',(-0.,-1.));
#3608 = ( GEOMETRIC_REPRESENTATION_CONTEXT(2) 
PARAMETRIC_REPRESENTATION_CONTEXT() REPRESENTATION_CONTEXT('2D SPACE',''
  ) );
#3609 = ORIENTED_EDGE('',*,*,#3610,.F.);
#3610 = EDGE_CURVE('',#3588,#3588,#3611,.T.);
#3611 = SURFACE_CURVE('',#3612,(#3617,#3624),.PCURVE_S1.);
#3612 = CIRCLE('',#3613,1.6);
#3613 = AXIS2_PLACEMENT_3D('',#3614,#3615,#3616);
#3614 = CARTESIAN_POINT('',(-53.,24.,10.));
#3615 = DIRECTION('',(-1.,0.,0.));
#3616 = DIRECTION('',(0.,1.,0.));
#3617 = PCURVE('',#1087,#3618);
#3618 = DEFINITIONAL_REPRESENTATION('',(#3619),#3623);
#3619 = LINE('',#3620,#3621);
#3620 = CARTESIAN_POINT('',(-6.28318530718,-4.));
#3621 = VECTOR('',#3622,1.);
#3622 = DIRECTION('',(1.,-0.));
#3623 = ( GEOMETRIC_REPRESENTATION_CONTEXT(2) 
PARAMETRIC_REPRESENTATION_CONTEXT() REPRESENTATION_CONTEXT('2D SPACE',''
  ) );
#3624 = PCURVE('',#2120,#3625);
#3625 = DEFINITIONAL_REPRESENTATION('',(#3626),#3630);
#3626 = CIRCLE('',#3627,1.6);
#3627 = AXIS2_PLACEMENT_2D('',#3628,#3629);
#3628 = CARTESIAN_POINT('',(56.,-7.6));
#3629 = DIRECTION('',(1.,0.));
#3630 = ( GEOMETRIC_REPRESENTATION_CONTEXT(2) 
PARAMETRIC_REPRESENTATION_CONTEXT() REPRESENTATION_CONTEXT('2D SPACE',''
  ) );
#3631 = ORIENTED_EDGE('',*,*,#3587,.F.);
#3632 = ADVANCED_FACE('',(#3633),#1118,.F.);
#3633 = FACE_BOUND('',#3634,.T.);
#3634 = EDGE_LOOP('',(#3635,#3636,#3659,#3681));
#3635 = ORIENTED_EDGE('',*,*,#1101,.T.);
#3636 = ORIENTED_EDGE('',*,*,#3637,.T.);
#3637 = EDGE_CURVE('',#1102,#3638,#3640,.T.);
#3638 = VERTEX_POINT('',#3639);
#3639 = CARTESIAN_POINT('',(-53.,31.6,10.));
#3640 = SEAM_CURVE('',#3641,(#3645,#3652),.PCURVE_S1.);
#3641 = LINE('',#3642,#3643);
#3642 = CARTESIAN_POINT('',(-57.,31.6,10.));
#3643 = VECTOR('',#3644,1.);
#3644 = DIRECTION('',(1.,0.,0.));
#3645 = PCURVE('',#1118,#3646);
#3646 = DEFINITIONAL_REPRESENTATION('',(#3647),#3651);
#3647 = LINE('',#3648,#3649);
#3648 = CARTESIAN_POINT('',(-6.28318530718,0.));
#3649 = VECTOR('',#3650,1.);
#3650 = DIRECTION('',(-0.,-1.));
#3651 = ( GEOMETRIC_REPRESENTATION_CONTEXT(2) 
PARAMETRIC_REPRESENTATION_CONTEXT() REPRESENTATION_CONTEXT('2D SPACE',''
  ) );
#3652 = PCURVE('',#1118,#3653);
#3653 = DEFINITIONAL_REPRESENTATION('',(#3654),#3658);
#3654 = LINE('',#3655,#3656);
#3655 = CARTESIAN_POINT('',(-0.,0.));
#3656 = VECTOR('',#3657,1.);
#3657 = DIRECTION('',(-0.,-1.));
#3658 = ( GEOMETRIC_REPRESENTATION_CONTEXT(2) 
PARAMETRIC_REPRESENTATION_CONTEXT() REPRESENTATION_CONTEXT('2D SPACE',''
  ) );
#3659 = ORIENTED_EDGE('',*,*,#3660,.F.);
#3660 = EDGE_CURVE('',#3638,#3638,#3661,.T.);
#3661 = SURFACE_CURVE('',#3662,(#3667,#3674),.PCURVE_S1.);
#3662 = CIRCLE('',#3663,1.6);
#3663 = AXIS2_PLACEMENT_3D('',#3664,#3665,#3666);
#3664 = CARTESIAN_POINT('',(-53.,30.,10.));
#3665 = DIRECTION('',(-1.,0.,0.));
#3666 = DIRECTION('',(0.,1.,0.));
#3667 = PCURVE('',#1118,#3668);
#3668 = DEFINITIONAL_REPRESENTATION('',(#3669),#3673);
#3669 = LINE('',#3670,#3671);
#3670 = CARTESIAN_POINT('',(-6.28318530718,-4.));
#3671 = VECTOR('',#3672,1.);
#3672 = DIRECTION('',(1.,-0.));
#3673 = ( GEOMETRIC_REPRESENTATION_CONTEXT(2) 
PARAMETRIC_REPRESENTATION_CONTEXT() REPRESENTATION_CONTEXT('2D SPACE',''
  ) );
#3674 = PCURVE('',#2120,#3675);
#3675 = DEFINITIONAL_REPRESENTATION('',(#3676),#3680);
#3676 = CIRCLE('',#3677,1.6);
#3677 = AXIS2_PLACEMENT_2D('',#3678,#3679);
#3678 = CARTESIAN_POINT('',(62.,-7.6));
#3679 = DIRECTION('',(1.,0.));
#3680 = ( GEOMETRIC_REPRESENTATION_CONTEXT(2) 
PARAMETRIC_REPRESENTATION_CONTEXT() REPRESENTATION_CONTEXT('2D SPACE',''
  ) );
#3681 = ORIENTED_EDGE('',*,*,#3637,.F.);
#3682 = ADVANCED_FACE('',(#3683),#1150,.T.);
#3683 = FACE_BOUND('',#3684,.F.);
#3684 = EDGE_LOOP('',(#3685,#3709,#3739));
#3685 = ORIENTED_EDGE('',*,*,#3686,.F.);
#3686 = EDGE_CURVE('',#3687,#1136,#3689,.T.);
#3687 = VERTEX_POINT('',#3688);
#3688 = CARTESIAN_POINT('',(-50.98638806507,-45.67761193492,0.));
#3689 = SURFACE_CURVE('',#3690,(#3695,#3702),.PCURVE_S1.);
#3690 = CIRCLE('',#3691,4.2);
#3691 = AXIS2_PLACEMENT_3D('',#3692,#3693,#3694);
#3692 = CARTESIAN_POINT('',(-47.,-47.,0.));
#3693 = DIRECTION('',(0.,0.,1.));
#3694 = DIRECTION('',(-3.383536836953E-15,-1.,0.));
#3695 = PCURVE('',#1150,#3696);
#3696 = DEFINITIONAL_REPRESENTATION('',(#3697),#3701);
#3697 = LINE('',#3698,#3699);
#3698 = CARTESIAN_POINT('',(-4.712388980385,0.));
#3699 = VECTOR('',#3700,1.);
#3700 = DIRECTION('',(-1.,0.));
#3701 = ( GEOMETRIC_REPRESENTATION_CONTEXT(2) 
PARAMETRIC_REPRESENTATION_CONTEXT() REPRESENTATION_CONTEXT('2D SPACE',''
  ) );
#3702 = PCURVE('',#1428,#3703);
#3703 = DEFINITIONAL_REPRESENTATION('',(#3704),#3708);
#3704 = CIRCLE('',#3705,4.2);
#3705 = AXIS2_PLACEMENT_2D('',#3706,#3707);
#3706 = CARTESIAN_POINT('',(-47.,-47.));
#3707 = DIRECTION('',(-3.383536836953E-15,-1.));
#3708 = ( GEOMETRIC_REPRESENTATION_CONTEXT(2) 
PARAMETRIC_REPRESENTATION_CONTEXT() REPRESENTATION_CONTEXT('2D SPACE',''
  ) );
#3709 = ORIENTED_EDGE('',*,*,#3710,.T.);
#3710 = EDGE_CURVE('',#3687,#1134,#3711,.T.);
#3711 = SURFACE_CURVE('',#3712,(#3719,#3729),.PCURVE_S1.);
#3712 = B_SPLINE_CURVE_WITH_KNOTS('',5,(#3713,#3714,#3715,#3716,#3717,
    #3718),.UNSPECIFIED.,.F.,.F.,(6,6),(0.,1.),
  .PIECEWISE_BEZIER_KNOTS.);
#3713 = CARTESIAN_POINT('',(-50.98638806507,-45.67761193492,
    -2.13162820728E-14));
#3714 = CARTESIAN_POINT('',(-51.0339832559,-45.82108941004,
    0.122482478177));
#3715 = CARTESIAN_POINT('',(-51.07610973829,-45.96967931338,
    0.243935182444));
#3716 = CARTESIAN_POINT('',(-51.11224240357,-46.12360138454,
    0.364189331231));
#3717 = CARTESIAN_POINT('',(-51.14171742134,-46.28307381927,
    0.482994525383));
#3718 = CARTESIAN_POINT('',(-51.16361828971,-46.44838171028,0.6));
#3719 = PCURVE('',#1150,#3720);
#3720 = DEFINITIONAL_REPRESENTATION('',(#3721),#3728);
#3721 = B_SPLINE_CURVE_WITH_KNOTS('',5,(#3722,#3723,#3724,#3725,#3726,
    #3727),.UNSPECIFIED.,.F.,.F.,(6,6),(0.,1.),
  .PIECEWISE_BEZIER_KNOTS.);
#3722 = CARTESIAN_POINT('',(-9.10447481674,2.13162820728E-14));
#3723 = CARTESIAN_POINT('',(-9.140466665194,-0.122482478177));
#3724 = CARTESIAN_POINT('',(-9.177203775148,-0.243935182444));
#3725 = CARTESIAN_POINT('',(-9.214794253638,-0.364189331231));
#3726 = CARTESIAN_POINT('',(-9.253356783571,-0.482994525383));
#3727 = CARTESIAN_POINT('',(-9.293059724501,-0.6));
#3728 = ( GEOMETRIC_REPRESENTATION_CONTEXT(2) 
PARAMETRIC_REPRESENTATION_CONTEXT() REPRESENTATION_CONTEXT('2D SPACE',''
  ) );
#3729 = PCURVE('',#1176,#3730);
#3730 = DEFINITIONAL_REPRESENTATION('',(#3731),#3738);
#3731 = B_SPLINE_CURVE_WITH_KNOTS('',5,(#3732,#3733,#3734,#3735,#3736,
    #3737),.UNSPECIFIED.,.F.,.F.,(6,6),(0.,1.),
  .PIECEWISE_BEZIER_KNOTS.);
#3732 = CARTESIAN_POINT('',(-0.946516200264,-0.6));
#3733 = CARTESIAN_POINT('',(-0.942730075509,-0.477517521823));
#3734 = CARTESIAN_POINT('',(-0.93867961979,-0.356064817556));
#3735 = CARTESIAN_POINT('',(-0.934350069959,-0.235810668769));
#3736 = CARTESIAN_POINT('',(-0.929723409341,-0.117005474617));
#3737 = CARTESIAN_POINT('',(-0.924772948894,0.));
#3738 = ( GEOMETRIC_REPRESENTATION_CONTEXT(2) 
PARAMETRIC_REPRESENTATION_CONTEXT() REPRESENTATION_CONTEXT('2D SPACE',''
  ) );
#3739 = ORIENTED_EDGE('',*,*,#1133,.T.);
#3740 = ADVANCED_FACE('',(#3741,#4467,#4502,#4537,#4657,#4777,#4812,
    #4932,#5052,#5172,#5292,#5412),#1428,.F.);
#3741 = FACE_BOUND('',#3742,.F.);
#3742 = EDGE_LOOP('',(#3743,#3744,#3770,#3771,#3772,#3794,#3795,#3819,
    #3847,#3875,#3908,#3937,#3966,#3995,#4019,#4048,#4081,#4109,#4142,
    #4171,#4200,#4229,#4253,#4282,#4315,#4343,#4371,#4393,#4394,#4416,
    #4417,#4441));
#3743 = ORIENTED_EDGE('',*,*,#1593,.F.);
#3744 = ORIENTED_EDGE('',*,*,#3745,.F.);
#3745 = EDGE_CURVE('',#3687,#1546,#3746,.T.);
#3746 = SURFACE_CURVE('',#3747,(#3752,#3763),.PCURVE_S1.);
#3747 = CIRCLE('',#3748,23.4);
#3748 = AXIS2_PLACEMENT_3D('',#3749,#3750,#3751);
#3749 = CARTESIAN_POINT('',(-32.,-32.,0.));
#3750 = DIRECTION('',(-0.,0.,-1.));
#3751 = DIRECTION('',(-2.960594732334E-16,-1.,0.));
#3752 = PCURVE('',#1428,#3753);
#3753 = DEFINITIONAL_REPRESENTATION('',(#3754),#3762);
#3754 = ( BOUNDED_CURVE() B_SPLINE_CURVE(2,(#3755,#3756,#3757,#3758,
#3759,#3760,#3761),.UNSPECIFIED.,.T.,.F.) B_SPLINE_CURVE_WITH_KNOTS((1,2
    ,2,2,2,1),(-2.094395102393,0.,2.094395102393,4.188790204786,
6.28318530718,8.377580409573),.UNSPECIFIED.) CURVE() 
GEOMETRIC_REPRESENTATION_ITEM() RATIONAL_B_SPLINE_CURVE((1.,0.5,1.,0.5,
1.,0.5,1.)) REPRESENTATION_ITEM('') );
#3755 = CARTESIAN_POINT('',(-32.,-55.4));
#3756 = CARTESIAN_POINT('',(-72.52998889711,-55.4));
#3757 = CARTESIAN_POINT('',(-52.26499444855,-20.3));
#3758 = CARTESIAN_POINT('',(-32.,14.8));
#3759 = CARTESIAN_POINT('',(-11.73500555144,-20.3));
#3760 = CARTESIAN_POINT('',(8.529988897112,-55.4));
#3761 = CARTESIAN_POINT('',(-32.,-55.4));
#3762 = ( GEOMETRIC_REPRESENTATION_CONTEXT(2) 
PARAMETRIC_REPRESENTATION_CONTEXT() REPRESENTATION_CONTEXT('2D SPACE',''
  ) );
#3763 = PCURVE('',#1176,#3764);
#3764 = DEFINITIONAL_REPRESENTATION('',(#3765),#3769);
#3765 = LINE('',#3766,#3767);
#3766 = CARTESIAN_POINT('',(-0.,-0.6));
#3767 = VECTOR('',#3768,1.);
#3768 = DIRECTION('',(-1.,-0.));
#3769 = ( GEOMETRIC_REPRESENTATION_CONTEXT(2) 
PARAMETRIC_REPRESENTATION_CONTEXT() REPRESENTATION_CONTEXT('2D SPACE',''
  ) );
#3770 = ORIENTED_EDGE('',*,*,#3686,.T.);
#3771 = ORIENTED_EDGE('',*,*,#1520,.T.);
#3772 = ORIENTED_EDGE('',*,*,#3773,.F.);
#3773 = EDGE_CURVE('',#1412,#1500,#3774,.T.);
#3774 = SURFACE_CURVE('',#3775,(#3780,#3787),.PCURVE_S1.);
#3775 = CIRCLE('',#3776,3.);
#3776 = AXIS2_PLACEMENT_3D('',#3777,#3778,#3779);
#3777 = CARTESIAN_POINT('',(-47.,-47.,0.));
#3778 = DIRECTION('',(0.,0.,1.));
#3779 = DIRECTION('',(-0.371611781858,-0.928388218142,0.));
#3780 = PCURVE('',#1428,#3781);
#3781 = DEFINITIONAL_REPRESENTATION('',(#3782),#3786);
#3782 = CIRCLE('',#3783,3.);
#3783 = AXIS2_PLACEMENT_2D('',#3784,#3785);
#3784 = CARTESIAN_POINT('',(-47.,-47.));
#3785 = DIRECTION('',(-0.371611781858,-0.928388218142));
#3786 = ( GEOMETRIC_REPRESENTATION_CONTEXT(2) 
PARAMETRIC_REPRESENTATION_CONTEXT() REPRESENTATION_CONTEXT('2D SPACE',''
  ) );
#3787 = PCURVE('',#1455,#3788);
#3788 = DEFINITIONAL_REPRESENTATION('',(#3789),#3793);
#3789 = LINE('',#3790,#3791);
#3790 = CARTESIAN_POINT('',(-4.331644454011,-1.));
#3791 = VECTOR('',#3792,1.);
#3792 = DIRECTION('',(-1.,-0.));
#3793 = ( GEOMETRIC_REPRESENTATION_CONTEXT(2) 
PARAMETRIC_REPRESENTATION_CONTEXT() REPRESENTATION_CONTEXT('2D SPACE',''
  ) );
#3794 = ORIENTED_EDGE('',*,*,#1411,.T.);
#3795 = ORIENTED_EDGE('',*,*,#3796,.T.);
#3796 = EDGE_CURVE('',#1386,#3797,#3799,.T.);
#3797 = VERTEX_POINT('',#3798);
#3798 = CARTESIAN_POINT('',(-45.67761193492,-50.98638806507,0.));
#3799 = SURFACE_CURVE('',#3800,(#3805,#3812),.PCURVE_S1.);
#3800 = CIRCLE('',#3801,4.2);
#3801 = AXIS2_PLACEMENT_3D('',#3802,#3803,#3804);
#3802 = CARTESIAN_POINT('',(-47.,-47.,0.));
#3803 = DIRECTION('',(0.,0.,1.));
#3804 = DIRECTION('',(-3.383536836953E-15,-1.,0.));
#3805 = PCURVE('',#1428,#3806);
#3806 = DEFINITIONAL_REPRESENTATION('',(#3807),#3811);
#3807 = CIRCLE('',#3808,4.2);
#3808 = AXIS2_PLACEMENT_2D('',#3809,#3810);
#3809 = CARTESIAN_POINT('',(-47.,-47.));
#3810 = DIRECTION('',(-3.383536836953E-15,-1.));
#3811 = ( GEOMETRIC_REPRESENTATION_CONTEXT(2) 
PARAMETRIC_REPRESENTATION_CONTEXT() REPRESENTATION_CONTEXT('2D SPACE',''
  ) );
#3812 = PCURVE('',#1400,#3813);
#3813 = DEFINITIONAL_REPRESENTATION('',(#3814),#3818);
#3814 = LINE('',#3815,#3816);
#3815 = CARTESIAN_POINT('',(-4.712388980385,0.));
#3816 = VECTOR('',#3817,1.);
#3817 = DIRECTION('',(-1.,0.));
#3818 = ( GEOMETRIC_REPRESENTATION_CONTEXT(2) 
PARAMETRIC_REPRESENTATION_CONTEXT() REPRESENTATION_CONTEXT('2D SPACE',''
  ) );
#3819 = ORIENTED_EDGE('',*,*,#3820,.F.);
#3820 = EDGE_CURVE('',#3821,#3797,#3823,.T.);
#3821 = VERTEX_POINT('',#3822);
#3822 = CARTESIAN_POINT('',(-32.,-55.4,-4.107825191113E-15));
#3823 = SURFACE_CURVE('',#3824,(#3829,#3840),.PCURVE_S1.);
#3824 = CIRCLE('',#3825,23.4);
#3825 = AXIS2_PLACEMENT_3D('',#3826,#3827,#3828);
#3826 = CARTESIAN_POINT('',(-32.,-32.,0.));
#3827 = DIRECTION('',(-0.,0.,-1.));
#3828 = DIRECTION('',(-2.960594732334E-16,-1.,0.));
#3829 = PCURVE('',#1428,#3830);
#3830 = DEFINITIONAL_REPRESENTATION('',(#3831),#3839);
#3831 = ( BOUNDED_CURVE() B_SPLINE_CURVE(2,(#3832,#3833,#3834,#3835,
#3836,#3837,#3838),.UNSPECIFIED.,.T.,.F.) B_SPLINE_CURVE_WITH_KNOTS((1,2
    ,2,2,2,1),(-2.094395102393,0.,2.094395102393,4.188790204786,
6.28318530718,8.377580409573),.UNSPECIFIED.) CURVE() 
GEOMETRIC_REPRESENTATION_ITEM() RATIONAL_B_SPLINE_CURVE((1.,0.5,1.,0.5,
1.,0.5,1.)) REPRESENTATION_ITEM('') );
#3832 = CARTESIAN_POINT('',(-32.,-55.4));
#3833 = CARTESIAN_POINT('',(-72.52998889711,-55.4));
#3834 = CARTESIAN_POINT('',(-52.26499444855,-20.3));
#3835 = CARTESIAN_POINT('',(-32.,14.8));
#3836 = CARTESIAN_POINT('',(-11.73500555144,-20.3));
#3837 = CARTESIAN_POINT('',(8.529988897112,-55.4));
#3838 = CARTESIAN_POINT('',(-32.,-55.4));
#3839 = ( GEOMETRIC_REPRESENTATION_CONTEXT(2) 
PARAMETRIC_REPRESENTATION_CONTEXT() REPRESENTATION_CONTEXT('2D SPACE',''
  ) );
#3840 = PCURVE('',#1373,#3841);
#3841 = DEFINITIONAL_REPRESENTATION('',(#3842),#3846);
#3842 = LINE('',#3843,#3844);
#3843 = CARTESIAN_POINT('',(-0.,-0.6));
#3844 = VECTOR('',#3845,1.);
#3845 = DIRECTION('',(-1.,-0.));
#3846 = ( GEOMETRIC_REPRESENTATION_CONTEXT(2) 
PARAMETRIC_REPRESENTATION_CONTEXT() REPRESENTATION_CONTEXT('2D SPACE',''
  ) );
#3847 = ORIENTED_EDGE('',*,*,#3848,.F.);
#3848 = EDGE_CURVE('',#3849,#3821,#3851,.T.);
#3849 = VERTEX_POINT('',#3850);
#3850 = CARTESIAN_POINT('',(32.,-55.4,6.661338147751E-16));
#3851 = SURFACE_CURVE('',#3852,(#3856,#3863),.PCURVE_S1.);
#3852 = LINE('',#3853,#3854);
#3853 = CARTESIAN_POINT('',(32.,-55.4,0.));
#3854 = VECTOR('',#3855,1.);
#3855 = DIRECTION('',(-1.,-0.,-0.));
#3856 = PCURVE('',#1428,#3857);
#3857 = DEFINITIONAL_REPRESENTATION('',(#3858),#3862);
#3858 = LINE('',#3859,#3860);
#3859 = CARTESIAN_POINT('',(32.,-55.4));
#3860 = VECTOR('',#3861,1.);
#3861 = DIRECTION('',(-1.,0.));
#3862 = ( GEOMETRIC_REPRESENTATION_CONTEXT(2) 
PARAMETRIC_REPRESENTATION_CONTEXT() REPRESENTATION_CONTEXT('2D SPACE',''
  ) );
#3863 = PCURVE('',#3864,#3869);
#3864 = PLANE('',#3865);
#3865 = AXIS2_PLACEMENT_3D('',#3866,#3867,#3868);
#3866 = CARTESIAN_POINT('',(32.,-55.7,0.3));
#3867 = DIRECTION('',(0.,-0.707106781187,-0.707106781187));
#3868 = DIRECTION('',(-1.,-0.,0.));
#3869 = DEFINITIONAL_REPRESENTATION('',(#3870),#3874);
#3870 = LINE('',#3871,#3872);
#3871 = CARTESIAN_POINT('',(0.,0.424264068712));
#3872 = VECTOR('',#3873,1.);
#3873 = DIRECTION('',(1.,0.));
#3874 = ( GEOMETRIC_REPRESENTATION_CONTEXT(2) 
PARAMETRIC_REPRESENTATION_CONTEXT() REPRESENTATION_CONTEXT('2D SPACE',''
  ) );
#3875 = ORIENTED_EDGE('',*,*,#3876,.F.);
#3876 = EDGE_CURVE('',#3877,#3849,#3879,.T.);
#3877 = VERTEX_POINT('',#3878);
#3878 = CARTESIAN_POINT('',(45.677611934927,-50.98638806507,0.));
#3879 = SURFACE_CURVE('',#3880,(#3885,#3896),.PCURVE_S1.);
#3880 = CIRCLE('',#3881,23.4);
#3881 = AXIS2_PLACEMENT_3D('',#3882,#3883,#3884);
#3882 = CARTESIAN_POINT('',(32.,-32.,0.));
#3883 = DIRECTION('',(0.,-0.,-1.));
#3884 = DIRECTION('',(1.,-2.960594732334E-16,0.));
#3885 = PCURVE('',#1428,#3886);
#3886 = DEFINITIONAL_REPRESENTATION('',(#3887),#3895);
#3887 = ( BOUNDED_CURVE() B_SPLINE_CURVE(2,(#3888,#3889,#3890,#3891,
#3892,#3893,#3894),.UNSPECIFIED.,.T.,.F.) B_SPLINE_CURVE_WITH_KNOTS((1,2
    ,2,2,2,1),(-2.094395102393,0.,2.094395102393,4.188790204786,
6.28318530718,8.377580409573),.UNSPECIFIED.) CURVE() 
GEOMETRIC_REPRESENTATION_ITEM() RATIONAL_B_SPLINE_CURVE((1.,0.5,1.,0.5,
1.,0.5,1.)) REPRESENTATION_ITEM('') );
#3888 = CARTESIAN_POINT('',(55.4,-32.));
#3889 = CARTESIAN_POINT('',(55.4,-72.52998889711));
#3890 = CARTESIAN_POINT('',(20.3,-52.26499444855));
#3891 = CARTESIAN_POINT('',(-14.8,-32.));
#3892 = CARTESIAN_POINT('',(20.3,-11.73500555144));
#3893 = CARTESIAN_POINT('',(55.4,8.529988897112));
#3894 = CARTESIAN_POINT('',(55.4,-32.));
#3895 = ( GEOMETRIC_REPRESENTATION_CONTEXT(2) 
PARAMETRIC_REPRESENTATION_CONTEXT() REPRESENTATION_CONTEXT('2D SPACE',''
  ) );
#3896 = PCURVE('',#3897,#3902);
#3897 = CONICAL_SURFACE('',#3898,24.,0.785398163397);
#3898 = AXIS2_PLACEMENT_3D('',#3899,#3900,#3901);
#3899 = CARTESIAN_POINT('',(32.,-32.,0.6));
#3900 = DIRECTION('',(0.,0.,1.));
#3901 = DIRECTION('',(1.,-2.960594732334E-16,0.));
#3902 = DEFINITIONAL_REPRESENTATION('',(#3903),#3907);
#3903 = LINE('',#3904,#3905);
#3904 = CARTESIAN_POINT('',(-0.,-0.6));
#3905 = VECTOR('',#3906,1.);
#3906 = DIRECTION('',(-1.,-0.));
#3907 = ( GEOMETRIC_REPRESENTATION_CONTEXT(2) 
PARAMETRIC_REPRESENTATION_CONTEXT() REPRESENTATION_CONTEXT('2D SPACE',''
  ) );
#3908 = ORIENTED_EDGE('',*,*,#3909,.T.);
#3909 = EDGE_CURVE('',#3877,#3910,#3912,.T.);
#3910 = VERTEX_POINT('',#3911);
#3911 = CARTESIAN_POINT('',(46.448381710285,-51.16361828971,0.));
#3912 = SURFACE_CURVE('',#3913,(#3918,#3925),.PCURVE_S1.);
#3913 = CIRCLE('',#3914,4.2);
#3914 = AXIS2_PLACEMENT_3D('',#3915,#3916,#3917);
#3915 = CARTESIAN_POINT('',(47.,-47.,0.));
#3916 = DIRECTION('',(0.,0.,1.));
#3917 = DIRECTION('',(1.,0.,0.));
#3918 = PCURVE('',#1428,#3919);
#3919 = DEFINITIONAL_REPRESENTATION('',(#3920),#3924);
#3920 = CIRCLE('',#3921,4.2);
#3921 = AXIS2_PLACEMENT_2D('',#3922,#3923);
#3922 = CARTESIAN_POINT('',(47.,-47.));
#3923 = DIRECTION('',(1.,0.));
#3924 = ( GEOMETRIC_REPRESENTATION_CONTEXT(2) 
PARAMETRIC_REPRESENTATION_CONTEXT() REPRESENTATION_CONTEXT('2D SPACE',''
  ) );
#3925 = PCURVE('',#3926,#3931);
#3926 = CYLINDRICAL_SURFACE('',#3927,4.2);
#3927 = AXIS2_PLACEMENT_3D('',#3928,#3929,#3930);
#3928 = CARTESIAN_POINT('',(47.,-47.,0.));
#3929 = DIRECTION('',(-0.,-0.,-1.));
#3930 = DIRECTION('',(1.,0.,0.));
#3931 = DEFINITIONAL_REPRESENTATION('',(#3932),#3936);
#3932 = LINE('',#3933,#3934);
#3933 = CARTESIAN_POINT('',(-0.,0.));
#3934 = VECTOR('',#3935,1.);
#3935 = DIRECTION('',(-1.,0.));
#3936 = ( GEOMETRIC_REPRESENTATION_CONTEXT(2) 
PARAMETRIC_REPRESENTATION_CONTEXT() REPRESENTATION_CONTEXT('2D SPACE',''
  ) );
#3937 = ORIENTED_EDGE('',*,*,#3938,.T.);
#3938 = EDGE_CURVE('',#3910,#3939,#3941,.T.);
#3939 = VERTEX_POINT('',#3940);
#3940 = CARTESIAN_POINT('',(48.114835345575,-49.78516465442,0.));
#3941 = SURFACE_CURVE('',#3942,(#3947,#3954),.PCURVE_S1.);
#3942 = CIRCLE('',#3943,24.);
#3943 = AXIS2_PLACEMENT_3D('',#3944,#3945,#3946);
#3944 = CARTESIAN_POINT('',(32.,-32.,0.));
#3945 = DIRECTION('',(0.,0.,1.));
#3946 = DIRECTION('',(1.,0.,0.));
#3947 = PCURVE('',#1428,#3948);
#3948 = DEFINITIONAL_REPRESENTATION('',(#3949),#3953);
#3949 = CIRCLE('',#3950,24.);
#3950 = AXIS2_PLACEMENT_2D('',#3951,#3952);
#3951 = CARTESIAN_POINT('',(32.,-32.));
#3952 = DIRECTION('',(1.,0.));
#3953 = ( GEOMETRIC_REPRESENTATION_CONTEXT(2) 
PARAMETRIC_REPRESENTATION_CONTEXT() REPRESENTATION_CONTEXT('2D SPACE',''
  ) );
#3954 = PCURVE('',#3955,#3960);
#3955 = CYLINDRICAL_SURFACE('',#3956,24.);
#3956 = AXIS2_PLACEMENT_3D('',#3957,#3958,#3959);
#3957 = CARTESIAN_POINT('',(32.,-32.,0.));
#3958 = DIRECTION('',(-0.,-0.,-1.));
#3959 = DIRECTION('',(1.,0.,0.));
#3960 = DEFINITIONAL_REPRESENTATION('',(#3961),#3965);
#3961 = LINE('',#3962,#3963);
#3962 = CARTESIAN_POINT('',(-0.,0.));
#3963 = VECTOR('',#3964,1.);
#3964 = DIRECTION('',(-1.,0.));
#3965 = ( GEOMETRIC_REPRESENTATION_CONTEXT(2) 
PARAMETRIC_REPRESENTATION_CONTEXT() REPRESENTATION_CONTEXT('2D SPACE',''
  ) );
#3966 = ORIENTED_EDGE('',*,*,#3967,.F.);
#3967 = EDGE_CURVE('',#3968,#3939,#3970,.T.);
#3968 = VERTEX_POINT('',#3969);
#3969 = CARTESIAN_POINT('',(49.785164654425,-48.11483534557,0.));
#3970 = SURFACE_CURVE('',#3971,(#3976,#3983),.PCURVE_S1.);
#3971 = CIRCLE('',#3972,3.);
#3972 = AXIS2_PLACEMENT_3D('',#3973,#3974,#3975);
#3973 = CARTESIAN_POINT('',(47.,-47.,0.));
#3974 = DIRECTION('',(-0.,0.,1.));
#3975 = DIRECTION('',(0.928388218142,-0.371611781858,0.));
#3976 = PCURVE('',#1428,#3977);
#3977 = DEFINITIONAL_REPRESENTATION('',(#3978),#3982);
#3978 = CIRCLE('',#3979,3.);
#3979 = AXIS2_PLACEMENT_2D('',#3980,#3981);
#3980 = CARTESIAN_POINT('',(47.,-47.));
#3981 = DIRECTION('',(0.928388218142,-0.371611781858));
#3982 = ( GEOMETRIC_REPRESENTATION_CONTEXT(2) 
PARAMETRIC_REPRESENTATION_CONTEXT() REPRESENTATION_CONTEXT('2D SPACE',''
  ) );
#3983 = PCURVE('',#3984,#3989);
#3984 = CYLINDRICAL_SURFACE('',#3985,3.);
#3985 = AXIS2_PLACEMENT_3D('',#3986,#3987,#3988);
#3986 = CARTESIAN_POINT('',(47.,-47.,-1.));
#3987 = DIRECTION('',(-0.,-0.,-1.));
#3988 = DIRECTION('',(1.,0.,0.));
#3989 = DEFINITIONAL_REPRESENTATION('',(#3990),#3994);
#3990 = LINE('',#3991,#3992);
#3991 = CARTESIAN_POINT('',(-5.902440780806,-1.));
#3992 = VECTOR('',#3993,1.);
#3993 = DIRECTION('',(-1.,-0.));
#3994 = ( GEOMETRIC_REPRESENTATION_CONTEXT(2) 
PARAMETRIC_REPRESENTATION_CONTEXT() REPRESENTATION_CONTEXT('2D SPACE',''
  ) );
#3995 = ORIENTED_EDGE('',*,*,#3996,.T.);
#3996 = EDGE_CURVE('',#3968,#3997,#3999,.T.);
#3997 = VERTEX_POINT('',#3998);
#3998 = CARTESIAN_POINT('',(51.163618289715,-46.44838171028,0.));
#3999 = SURFACE_CURVE('',#4000,(#4005,#4012),.PCURVE_S1.);
#4000 = CIRCLE('',#4001,24.);
#4001 = AXIS2_PLACEMENT_3D('',#4002,#4003,#4004);
#4002 = CARTESIAN_POINT('',(32.,-32.,0.));
#4003 = DIRECTION('',(0.,0.,1.));
#4004 = DIRECTION('',(1.,0.,0.));
#4005 = PCURVE('',#1428,#4006);
#4006 = DEFINITIONAL_REPRESENTATION('',(#4007),#4011);
#4007 = CIRCLE('',#4008,24.);
#4008 = AXIS2_PLACEMENT_2D('',#4009,#4010);
#4009 = CARTESIAN_POINT('',(32.,-32.));
#4010 = DIRECTION('',(1.,0.));
#4011 = ( GEOMETRIC_REPRESENTATION_CONTEXT(2) 
PARAMETRIC_REPRESENTATION_CONTEXT() REPRESENTATION_CONTEXT('2D SPACE',''
  ) );
#4012 = PCURVE('',#3955,#4013);
#4013 = DEFINITIONAL_REPRESENTATION('',(#4014),#4018);
#4014 = LINE('',#4015,#4016);
#4015 = CARTESIAN_POINT('',(-0.,0.));
#4016 = VECTOR('',#4017,1.);
#4017 = DIRECTION('',(-1.,0.));
#4018 = ( GEOMETRIC_REPRESENTATION_CONTEXT(2) 
PARAMETRIC_REPRESENTATION_CONTEXT() REPRESENTATION_CONTEXT('2D SPACE',''
  ) );
#4019 = ORIENTED_EDGE('',*,*,#4020,.T.);
#4020 = EDGE_CURVE('',#3997,#4021,#4023,.T.);
#4021 = VERTEX_POINT('',#4022);
#4022 = CARTESIAN_POINT('',(50.986388065073,-45.67761193492,0.));
#4023 = SURFACE_CURVE('',#4024,(#4029,#4036),.PCURVE_S1.);
#4024 = CIRCLE('',#4025,4.2);
#4025 = AXIS2_PLACEMENT_3D('',#4026,#4027,#4028);
#4026 = CARTESIAN_POINT('',(47.,-47.,0.));
#4027 = DIRECTION('',(0.,0.,1.));
#4028 = DIRECTION('',(1.,0.,0.));
#4029 = PCURVE('',#1428,#4030);
#4030 = DEFINITIONAL_REPRESENTATION('',(#4031),#4035);
#4031 = CIRCLE('',#4032,4.2);
#4032 = AXIS2_PLACEMENT_2D('',#4033,#4034);
#4033 = CARTESIAN_POINT('',(47.,-47.));
#4034 = DIRECTION('',(1.,0.));
#4035 = ( GEOMETRIC_REPRESENTATION_CONTEXT(2) 
PARAMETRIC_REPRESENTATION_CONTEXT() REPRESENTATION_CONTEXT('2D SPACE',''
  ) );
#4036 = PCURVE('',#4037,#4042);
#4037 = CYLINDRICAL_SURFACE('',#4038,4.2);
#4038 = AXIS2_PLACEMENT_3D('',#4039,#4040,#4041);
#4039 = CARTESIAN_POINT('',(47.,-47.,0.));
#4040 = DIRECTION('',(-0.,-0.,-1.));
#4041 = DIRECTION('',(1.,0.,0.));
#4042 = DEFINITIONAL_REPRESENTATION('',(#4043),#4047);
#4043 = LINE('',#4044,#4045);
#4044 = CARTESIAN_POINT('',(-0.,0.));
#4045 = VECTOR('',#4046,1.);
#4046 = DIRECTION('',(-1.,0.));
#4047 = ( GEOMETRIC_REPRESENTATION_CONTEXT(2) 
PARAMETRIC_REPRESENTATION_CONTEXT() REPRESENTATION_CONTEXT('2D SPACE',''
  ) );
#4048 = ORIENTED_EDGE('',*,*,#4049,.F.);
#4049 = EDGE_CURVE('',#4050,#4021,#4052,.T.);
#4050 = VERTEX_POINT('',#4051);
#4051 = CARTESIAN_POINT('',(55.4,-32.,-4.107825191113E-15));
#4052 = SURFACE_CURVE('',#4053,(#4058,#4069),.PCURVE_S1.);
#4053 = CIRCLE('',#4054,23.4);
#4054 = AXIS2_PLACEMENT_3D('',#4055,#4056,#4057);
#4055 = CARTESIAN_POINT('',(32.,-32.,0.));
#4056 = DIRECTION('',(0.,-0.,-1.));
#4057 = DIRECTION('',(1.,-2.960594732334E-16,0.));
#4058 = PCURVE('',#1428,#4059);
#4059 = DEFINITIONAL_REPRESENTATION('',(#4060),#4068);
#4060 = ( BOUNDED_CURVE() B_SPLINE_CURVE(2,(#4061,#4062,#4063,#4064,
#4065,#4066,#4067),.UNSPECIFIED.,.T.,.F.) B_SPLINE_CURVE_WITH_KNOTS((1,2
    ,2,2,2,1),(-2.094395102393,0.,2.094395102393,4.188790204786,
6.28318530718,8.377580409573),.UNSPECIFIED.) CURVE() 
GEOMETRIC_REPRESENTATION_ITEM() RATIONAL_B_SPLINE_CURVE((1.,0.5,1.,0.5,
1.,0.5,1.)) REPRESENTATION_ITEM('') );
#4061 = CARTESIAN_POINT('',(55.4,-32.));
#4062 = CARTESIAN_POINT('',(55.4,-72.52998889711));
#4063 = CARTESIAN_POINT('',(20.3,-52.26499444855));
#4064 = CARTESIAN_POINT('',(-14.8,-32.));
#4065 = CARTESIAN_POINT('',(20.3,-11.73500555144));
#4066 = CARTESIAN_POINT('',(55.4,8.529988897112));
#4067 = CARTESIAN_POINT('',(55.4,-32.));
#4068 = ( GEOMETRIC_REPRESENTATION_CONTEXT(2) 
PARAMETRIC_REPRESENTATION_CONTEXT() REPRESENTATION_CONTEXT('2D SPACE',''
  ) );
#4069 = PCURVE('',#4070,#4075);
#4070 = CONICAL_SURFACE('',#4071,24.,0.785398163397);
#4071 = AXIS2_PLACEMENT_3D('',#4072,#4073,#4074);
#4072 = CARTESIAN_POINT('',(32.,-32.,0.6));
#4073 = DIRECTION('',(0.,0.,1.));
#4074 = DIRECTION('',(1.,-2.960594732334E-16,0.));
#4075 = DEFINITIONAL_REPRESENTATION('',(#4076),#4080);
#4076 = LINE('',#4077,#4078);
#4077 = CARTESIAN_POINT('',(-0.,-0.6));
#4078 = VECTOR('',#4079,1.);
#4079 = DIRECTION('',(-1.,-0.));
#4080 = ( GEOMETRIC_REPRESENTATION_CONTEXT(2) 
PARAMETRIC_REPRESENTATION_CONTEXT() REPRESENTATION_CONTEXT('2D SPACE',''
  ) );
#4081 = ORIENTED_EDGE('',*,*,#4082,.F.);
#4082 = EDGE_CURVE('',#4083,#4050,#4085,.T.);
#4083 = VERTEX_POINT('',#4084);
#4084 = CARTESIAN_POINT('',(55.4,32.,6.661338147751E-16));
#4085 = SURFACE_CURVE('',#4086,(#4090,#4097),.PCURVE_S1.);
#4086 = LINE('',#4087,#4088);
#4087 = CARTESIAN_POINT('',(55.4,32.,0.));
#4088 = VECTOR('',#4089,1.);
#4089 = DIRECTION('',(-0.,-1.,-0.));
#4090 = PCURVE('',#1428,#4091);
#4091 = DEFINITIONAL_REPRESENTATION('',(#4092),#4096);
#4092 = LINE('',#4093,#4094);
#4093 = CARTESIAN_POINT('',(55.4,32.));
#4094 = VECTOR('',#4095,1.);
#4095 = DIRECTION('',(0.,-1.));
#4096 = ( GEOMETRIC_REPRESENTATION_CONTEXT(2) 
PARAMETRIC_REPRESENTATION_CONTEXT() REPRESENTATION_CONTEXT('2D SPACE',''
  ) );
#4097 = PCURVE('',#4098,#4103);
#4098 = PLANE('',#4099);
#4099 = AXIS2_PLACEMENT_3D('',#4100,#4101,#4102);
#4100 = CARTESIAN_POINT('',(55.7,32.,0.3));
#4101 = DIRECTION('',(0.707106781187,0.,-0.707106781187));
#4102 = DIRECTION('',(0.,-1.,-0.));
#4103 = DEFINITIONAL_REPRESENTATION('',(#4104),#4108);
#4104 = LINE('',#4105,#4106);
#4105 = CARTESIAN_POINT('',(0.,0.424264068712));
#4106 = VECTOR('',#4107,1.);
#4107 = DIRECTION('',(1.,0.));
#4108 = ( GEOMETRIC_REPRESENTATION_CONTEXT(2) 
PARAMETRIC_REPRESENTATION_CONTEXT() REPRESENTATION_CONTEXT('2D SPACE',''
  ) );
#4109 = ORIENTED_EDGE('',*,*,#4110,.F.);
#4110 = EDGE_CURVE('',#4111,#4083,#4113,.T.);
#4111 = VERTEX_POINT('',#4112);
#4112 = CARTESIAN_POINT('',(50.986388065073,45.677611934927,0.));
#4113 = SURFACE_CURVE('',#4114,(#4119,#4130),.PCURVE_S1.);
#4114 = CIRCLE('',#4115,23.4);
#4115 = AXIS2_PLACEMENT_3D('',#4116,#4117,#4118);
#4116 = CARTESIAN_POINT('',(32.,32.,0.));
#4117 = DIRECTION('',(0.,-0.,-1.));
#4118 = DIRECTION('',(0.,1.,-0.));
#4119 = PCURVE('',#1428,#4120);
#4120 = DEFINITIONAL_REPRESENTATION('',(#4121),#4129);
#4121 = ( BOUNDED_CURVE() B_SPLINE_CURVE(2,(#4122,#4123,#4124,#4125,
#4126,#4127,#4128),.UNSPECIFIED.,.T.,.F.) B_SPLINE_CURVE_WITH_KNOTS((1,2
    ,2,2,2,1),(-2.094395102393,0.,2.094395102393,4.188790204786,
6.28318530718,8.377580409573),.UNSPECIFIED.) CURVE() 
GEOMETRIC_REPRESENTATION_ITEM() RATIONAL_B_SPLINE_CURVE((1.,0.5,1.,0.5,
1.,0.5,1.)) REPRESENTATION_ITEM('') );
#4122 = CARTESIAN_POINT('',(32.,55.4));
#4123 = CARTESIAN_POINT('',(72.529988897112,55.4));
#4124 = CARTESIAN_POINT('',(52.264994448556,20.3));
#4125 = CARTESIAN_POINT('',(32.,-14.8));
#4126 = CARTESIAN_POINT('',(11.735005551444,20.3));
#4127 = CARTESIAN_POINT('',(-8.529988897112,55.4));
#4128 = CARTESIAN_POINT('',(32.,55.4));
#4129 = ( GEOMETRIC_REPRESENTATION_CONTEXT(2) 
PARAMETRIC_REPRESENTATION_CONTEXT() REPRESENTATION_CONTEXT('2D SPACE',''
  ) );
#4130 = PCURVE('',#4131,#4136);
#4131 = CONICAL_SURFACE('',#4132,24.,0.785398163397);
#4132 = AXIS2_PLACEMENT_3D('',#4133,#4134,#4135);
#4133 = CARTESIAN_POINT('',(32.,32.,0.6));
#4134 = DIRECTION('',(0.,0.,1.));
#4135 = DIRECTION('',(0.,1.,0.));
#4136 = DEFINITIONAL_REPRESENTATION('',(#4137),#4141);
#4137 = LINE('',#4138,#4139);
#4138 = CARTESIAN_POINT('',(-0.,-0.6));
#4139 = VECTOR('',#4140,1.);
#4140 = DIRECTION('',(-1.,-0.));
#4141 = ( GEOMETRIC_REPRESENTATION_CONTEXT(2) 
PARAMETRIC_REPRESENTATION_CONTEXT() REPRESENTATION_CONTEXT('2D SPACE',''
  ) );
#4142 = ORIENTED_EDGE('',*,*,#4143,.T.);
#4143 = EDGE_CURVE('',#4111,#4144,#4146,.T.);
#4144 = VERTEX_POINT('',#4145);
#4145 = CARTESIAN_POINT('',(51.163618289715,46.448381710285,0.));
#4146 = SURFACE_CURVE('',#4147,(#4152,#4159),.PCURVE_S1.);
#4147 = CIRCLE('',#4148,4.2);
#4148 = AXIS2_PLACEMENT_3D('',#4149,#4150,#4151);
#4149 = CARTESIAN_POINT('',(47.,47.,0.));
#4150 = DIRECTION('',(0.,0.,1.));
#4151 = DIRECTION('',(1.,0.,0.));
#4152 = PCURVE('',#1428,#4153);
#4153 = DEFINITIONAL_REPRESENTATION('',(#4154),#4158);
#4154 = CIRCLE('',#4155,4.2);
#4155 = AXIS2_PLACEMENT_2D('',#4156,#4157);
#4156 = CARTESIAN_POINT('',(47.,47.));
#4157 = DIRECTION('',(1.,0.));
#4158 = ( GEOMETRIC_REPRESENTATION_CONTEXT(2) 
PARAMETRIC_REPRESENTATION_CONTEXT() REPRESENTATION_CONTEXT('2D SPACE',''
  ) );
#4159 = PCURVE('',#4160,#4165);
#4160 = CYLINDRICAL_SURFACE('',#4161,4.2);
#4161 = AXIS2_PLACEMENT_3D('',#4162,#4163,#4164);
#4162 = CARTESIAN_POINT('',(47.,47.,0.));
#4163 = DIRECTION('',(-0.,-0.,-1.));
#4164 = DIRECTION('',(1.,0.,0.));
#4165 = DEFINITIONAL_REPRESENTATION('',(#4166),#4170);
#4166 = LINE('',#4167,#4168);
#4167 = CARTESIAN_POINT('',(-0.,0.));
#4168 = VECTOR('',#4169,1.);
#4169 = DIRECTION('',(-1.,0.));
#4170 = ( GEOMETRIC_REPRESENTATION_CONTEXT(2) 
PARAMETRIC_REPRESENTATION_CONTEXT() REPRESENTATION_CONTEXT('2D SPACE',''
  ) );
#4171 = ORIENTED_EDGE('',*,*,#4172,.T.);
#4172 = EDGE_CURVE('',#4144,#4173,#4175,.T.);
#4173 = VERTEX_POINT('',#4174);
#4174 = CARTESIAN_POINT('',(49.785164654425,48.114835345576,0.));
#4175 = SURFACE_CURVE('',#4176,(#4181,#4188),.PCURVE_S1.);
#4176 = CIRCLE('',#4177,24.);
#4177 = AXIS2_PLACEMENT_3D('',#4178,#4179,#4180);
#4178 = CARTESIAN_POINT('',(32.,32.,0.));
#4179 = DIRECTION('',(0.,0.,1.));
#4180 = DIRECTION('',(1.,0.,0.));
#4181 = PCURVE('',#1428,#4182);
#4182 = DEFINITIONAL_REPRESENTATION('',(#4183),#4187);
#4183 = CIRCLE('',#4184,24.);
#4184 = AXIS2_PLACEMENT_2D('',#4185,#4186);
#4185 = CARTESIAN_POINT('',(32.,32.));
#4186 = DIRECTION('',(1.,0.));
#4187 = ( GEOMETRIC_REPRESENTATION_CONTEXT(2) 
PARAMETRIC_REPRESENTATION_CONTEXT() REPRESENTATION_CONTEXT('2D SPACE',''
  ) );
#4188 = PCURVE('',#4189,#4194);
#4189 = CYLINDRICAL_SURFACE('',#4190,24.);
#4190 = AXIS2_PLACEMENT_3D('',#4191,#4192,#4193);
#4191 = CARTESIAN_POINT('',(32.,32.,0.));
#4192 = DIRECTION('',(-0.,-0.,-1.));
#4193 = DIRECTION('',(1.,0.,0.));
#4194 = DEFINITIONAL_REPRESENTATION('',(#4195),#4199);
#4195 = LINE('',#4196,#4197);
#4196 = CARTESIAN_POINT('',(-0.,0.));
#4197 = VECTOR('',#4198,1.);
#4198 = DIRECTION('',(-1.,0.));
#4199 = ( GEOMETRIC_REPRESENTATION_CONTEXT(2) 
PARAMETRIC_REPRESENTATION_CONTEXT() REPRESENTATION_CONTEXT('2D SPACE',''
  ) );
#4200 = ORIENTED_EDGE('',*,*,#4201,.F.);
#4201 = EDGE_CURVE('',#4202,#4173,#4204,.T.);
#4202 = VERTEX_POINT('',#4203);
#4203 = CARTESIAN_POINT('',(48.114835345576,49.785164654425,0.));
#4204 = SURFACE_CURVE('',#4205,(#4210,#4217),.PCURVE_S1.);
#4205 = CIRCLE('',#4206,3.);
#4206 = AXIS2_PLACEMENT_3D('',#4207,#4208,#4209);
#4207 = CARTESIAN_POINT('',(47.,47.,0.));
#4208 = DIRECTION('',(0.,-0.,1.));
#4209 = DIRECTION('',(0.371611781858,0.928388218142,0.));
#4210 = PCURVE('',#1428,#4211);
#4211 = DEFINITIONAL_REPRESENTATION('',(#4212),#4216);
#4212 = CIRCLE('',#4213,3.);
#4213 = AXIS2_PLACEMENT_2D('',#4214,#4215);
#4214 = CARTESIAN_POINT('',(47.,47.));
#4215 = DIRECTION('',(0.371611781858,0.928388218142));
#4216 = ( GEOMETRIC_REPRESENTATION_CONTEXT(2) 
PARAMETRIC_REPRESENTATION_CONTEXT() REPRESENTATION_CONTEXT('2D SPACE',''
  ) );
#4217 = PCURVE('',#4218,#4223);
#4218 = CYLINDRICAL_SURFACE('',#4219,3.);
#4219 = AXIS2_PLACEMENT_3D('',#4220,#4221,#4222);
#4220 = CARTESIAN_POINT('',(47.,47.,-1.));
#4221 = DIRECTION('',(-0.,-0.,-1.));
#4222 = DIRECTION('',(1.,0.,0.));
#4223 = DEFINITIONAL_REPRESENTATION('',(#4224),#4228);
#4224 = LINE('',#4225,#4226);
#4225 = CARTESIAN_POINT('',(-1.190051800421,-1.));
#4226 = VECTOR('',#4227,1.);
#4227 = DIRECTION('',(-1.,-0.));
#4228 = ( GEOMETRIC_REPRESENTATION_CONTEXT(2) 
PARAMETRIC_REPRESENTATION_CONTEXT() REPRESENTATION_CONTEXT('2D SPACE',''
  ) );
#4229 = ORIENTED_EDGE('',*,*,#4230,.T.);
#4230 = EDGE_CURVE('',#4202,#4231,#4233,.T.);
#4231 = VERTEX_POINT('',#4232);
#4232 = CARTESIAN_POINT('',(46.448381710285,51.163618289715,0.));
#4233 = SURFACE_CURVE('',#4234,(#4239,#4246),.PCURVE_S1.);
#4234 = CIRCLE('',#4235,24.);
#4235 = AXIS2_PLACEMENT_3D('',#4236,#4237,#4238);
#4236 = CARTESIAN_POINT('',(32.,32.,0.));
#4237 = DIRECTION('',(0.,0.,1.));
#4238 = DIRECTION('',(1.,0.,0.));
#4239 = PCURVE('',#1428,#4240);
#4240 = DEFINITIONAL_REPRESENTATION('',(#4241),#4245);
#4241 = CIRCLE('',#4242,24.);
#4242 = AXIS2_PLACEMENT_2D('',#4243,#4244);
#4243 = CARTESIAN_POINT('',(32.,32.));
#4244 = DIRECTION('',(1.,0.));
#4245 = ( GEOMETRIC_REPRESENTATION_CONTEXT(2) 
PARAMETRIC_REPRESENTATION_CONTEXT() REPRESENTATION_CONTEXT('2D SPACE',''
  ) );
#4246 = PCURVE('',#4189,#4247);
#4247 = DEFINITIONAL_REPRESENTATION('',(#4248),#4252);
#4248 = LINE('',#4249,#4250);
#4249 = CARTESIAN_POINT('',(-0.,0.));
#4250 = VECTOR('',#4251,1.);
#4251 = DIRECTION('',(-1.,0.));
#4252 = ( GEOMETRIC_REPRESENTATION_CONTEXT(2) 
PARAMETRIC_REPRESENTATION_CONTEXT() REPRESENTATION_CONTEXT('2D SPACE',''
  ) );
#4253 = ORIENTED_EDGE('',*,*,#4254,.T.);
#4254 = EDGE_CURVE('',#4231,#4255,#4257,.T.);
#4255 = VERTEX_POINT('',#4256);
#4256 = CARTESIAN_POINT('',(45.677611934927,50.986388065073,0.));
#4257 = SURFACE_CURVE('',#4258,(#4263,#4270),.PCURVE_S1.);
#4258 = CIRCLE('',#4259,4.2);
#4259 = AXIS2_PLACEMENT_3D('',#4260,#4261,#4262);
#4260 = CARTESIAN_POINT('',(47.,47.,0.));
#4261 = DIRECTION('',(0.,0.,1.));
#4262 = DIRECTION('',(1.,0.,0.));
#4263 = PCURVE('',#1428,#4264);
#4264 = DEFINITIONAL_REPRESENTATION('',(#4265),#4269);
#4265 = CIRCLE('',#4266,4.2);
#4266 = AXIS2_PLACEMENT_2D('',#4267,#4268);
#4267 = CARTESIAN_POINT('',(47.,47.));
#4268 = DIRECTION('',(1.,0.));
#4269 = ( GEOMETRIC_REPRESENTATION_CONTEXT(2) 
PARAMETRIC_REPRESENTATION_CONTEXT() REPRESENTATION_CONTEXT('2D SPACE',''
  ) );
#4270 = PCURVE('',#4271,#4276);
#4271 = CYLINDRICAL_SURFACE('',#4272,4.2);
#4272 = AXIS2_PLACEMENT_3D('',#4273,#4274,#4275);
#4273 = CARTESIAN_POINT('',(47.,47.,0.));
#4274 = DIRECTION('',(-0.,-0.,-1.));
#4275 = DIRECTION('',(1.,0.,0.));
#4276 = DEFINITIONAL_REPRESENTATION('',(#4277),#4281);
#4277 = LINE('',#4278,#4279);
#4278 = CARTESIAN_POINT('',(-0.,0.));
#4279 = VECTOR('',#4280,1.);
#4280 = DIRECTION('',(-1.,0.));
#4281 = ( GEOMETRIC_REPRESENTATION_CONTEXT(2) 
PARAMETRIC_REPRESENTATION_CONTEXT() REPRESENTATION_CONTEXT('2D SPACE',''
  ) );
#4282 = ORIENTED_EDGE('',*,*,#4283,.F.);
#4283 = EDGE_CURVE('',#4284,#4255,#4286,.T.);
#4284 = VERTEX_POINT('',#4285);
#4285 = CARTESIAN_POINT('',(32.,55.4,-4.107825191113E-15));
#4286 = SURFACE_CURVE('',#4287,(#4292,#4303),.PCURVE_S1.);
#4287 = CIRCLE('',#4288,23.4);
#4288 = AXIS2_PLACEMENT_3D('',#4289,#4290,#4291);
#4289 = CARTESIAN_POINT('',(32.,32.,0.));
#4290 = DIRECTION('',(0.,-0.,-1.));
#4291 = DIRECTION('',(0.,1.,-0.));
#4292 = PCURVE('',#1428,#4293);
#4293 = DEFINITIONAL_REPRESENTATION('',(#4294),#4302);
#4294 = ( BOUNDED_CURVE() B_SPLINE_CURVE(2,(#4295,#4296,#4297,#4298,
#4299,#4300,#4301),.UNSPECIFIED.,.T.,.F.) B_SPLINE_CURVE_WITH_KNOTS((1,2
    ,2,2,2,1),(-2.094395102393,0.,2.094395102393,4.188790204786,
6.28318530718,8.377580409573),.UNSPECIFIED.) CURVE() 
GEOMETRIC_REPRESENTATION_ITEM() RATIONAL_B_SPLINE_CURVE((1.,0.5,1.,0.5,
1.,0.5,1.)) REPRESENTATION_ITEM('') );
#4295 = CARTESIAN_POINT('',(32.,55.4));
#4296 = CARTESIAN_POINT('',(72.529988897112,55.4));
#4297 = CARTESIAN_POINT('',(52.264994448556,20.3));
#4298 = CARTESIAN_POINT('',(32.,-14.8));
#4299 = CARTESIAN_POINT('',(11.735005551444,20.3));
#4300 = CARTESIAN_POINT('',(-8.529988897112,55.4));
#4301 = CARTESIAN_POINT('',(32.,55.4));
#4302 = ( GEOMETRIC_REPRESENTATION_CONTEXT(2) 
PARAMETRIC_REPRESENTATION_CONTEXT() REPRESENTATION_CONTEXT('2D SPACE',''
  ) );
#4303 = PCURVE('',#4304,#4309);
#4304 = CONICAL_SURFACE('',#4305,24.,0.785398163397);
#4305 = AXIS2_PLACEMENT_3D('',#4306,#4307,#4308);
#4306 = CARTESIAN_POINT('',(32.,32.,0.6));
#4307 = DIRECTION('',(0.,0.,1.));
#4308 = DIRECTION('',(0.,1.,0.));
#4309 = DEFINITIONAL_REPRESENTATION('',(#4310),#4314);
#4310 = LINE('',#4311,#4312);
#4311 = CARTESIAN_POINT('',(-0.,-0.6));
#4312 = VECTOR('',#4313,1.);
#4313 = DIRECTION('',(-1.,-0.));
#4314 = ( GEOMETRIC_REPRESENTATION_CONTEXT(2) 
PARAMETRIC_REPRESENTATION_CONTEXT() REPRESENTATION_CONTEXT('2D SPACE',''
  ) );
#4315 = ORIENTED_EDGE('',*,*,#4316,.F.);
#4316 = EDGE_CURVE('',#4317,#4284,#4319,.T.);
#4317 = VERTEX_POINT('',#4318);
#4318 = CARTESIAN_POINT('',(-32.,55.4,6.661338147751E-16));
#4319 = SURFACE_CURVE('',#4320,(#4324,#4331),.PCURVE_S1.);
#4320 = LINE('',#4321,#4322);
#4321 = CARTESIAN_POINT('',(-32.,55.4,0.));
#4322 = VECTOR('',#4323,1.);
#4323 = DIRECTION('',(1.,0.,0.));
#4324 = PCURVE('',#1428,#4325);
#4325 = DEFINITIONAL_REPRESENTATION('',(#4326),#4330);
#4326 = LINE('',#4327,#4328);
#4327 = CARTESIAN_POINT('',(-32.,55.4));
#4328 = VECTOR('',#4329,1.);
#4329 = DIRECTION('',(1.,0.));
#4330 = ( GEOMETRIC_REPRESENTATION_CONTEXT(2) 
PARAMETRIC_REPRESENTATION_CONTEXT() REPRESENTATION_CONTEXT('2D SPACE',''
  ) );
#4331 = PCURVE('',#4332,#4337);
#4332 = PLANE('',#4333);
#4333 = AXIS2_PLACEMENT_3D('',#4334,#4335,#4336);
#4334 = CARTESIAN_POINT('',(-32.,55.7,0.3));
#4335 = DIRECTION('',(0.,-0.707106781187,0.707106781187));
#4336 = DIRECTION('',(-1.,-0.,-0.));
#4337 = DEFINITIONAL_REPRESENTATION('',(#4338),#4342);
#4338 = LINE('',#4339,#4340);
#4339 = CARTESIAN_POINT('',(-0.,0.424264068712));
#4340 = VECTOR('',#4341,1.);
#4341 = DIRECTION('',(-1.,0.));
#4342 = ( GEOMETRIC_REPRESENTATION_CONTEXT(2) 
PARAMETRIC_REPRESENTATION_CONTEXT() REPRESENTATION_CONTEXT('2D SPACE',''
  ) );
#4343 = ORIENTED_EDGE('',*,*,#4344,.F.);
#4344 = EDGE_CURVE('',#4345,#4317,#4347,.T.);
#4345 = VERTEX_POINT('',#4346);
#4346 = CARTESIAN_POINT('',(-45.67761193492,50.986388065073,0.));
#4347 = SURFACE_CURVE('',#4348,(#4353,#4364),.PCURVE_S1.);
#4348 = CIRCLE('',#4349,23.4);
#4349 = AXIS2_PLACEMENT_3D('',#4350,#4351,#4352);
#4350 = CARTESIAN_POINT('',(-32.,32.,0.));
#4351 = DIRECTION('',(-0.,0.,-1.));
#4352 = DIRECTION('',(-1.,0.,0.));
#4353 = PCURVE('',#1428,#4354);
#4354 = DEFINITIONAL_REPRESENTATION('',(#4355),#4363);
#4355 = ( BOUNDED_CURVE() B_SPLINE_CURVE(2,(#4356,#4357,#4358,#4359,
#4360,#4361,#4362),.UNSPECIFIED.,.T.,.F.) B_SPLINE_CURVE_WITH_KNOTS((1,2
    ,2,2,2,1),(-2.094395102393,0.,2.094395102393,4.188790204786,
6.28318530718,8.377580409573),.UNSPECIFIED.) CURVE() 
GEOMETRIC_REPRESENTATION_ITEM() RATIONAL_B_SPLINE_CURVE((1.,0.5,1.,0.5,
1.,0.5,1.)) REPRESENTATION_ITEM('') );
#4356 = CARTESIAN_POINT('',(-55.4,32.));
#4357 = CARTESIAN_POINT('',(-55.4,72.529988897112));
#4358 = CARTESIAN_POINT('',(-20.3,52.264994448556));
#4359 = CARTESIAN_POINT('',(14.8,32.));
#4360 = CARTESIAN_POINT('',(-20.3,11.735005551444));
#4361 = CARTESIAN_POINT('',(-55.4,-8.529988897112));
#4362 = CARTESIAN_POINT('',(-55.4,32.));
#4363 = ( GEOMETRIC_REPRESENTATION_CONTEXT(2) 
PARAMETRIC_REPRESENTATION_CONTEXT() REPRESENTATION_CONTEXT('2D SPACE',''
  ) );
#4364 = PCURVE('',#1911,#4365);
#4365 = DEFINITIONAL_REPRESENTATION('',(#4366),#4370);
#4366 = LINE('',#4367,#4368);
#4367 = CARTESIAN_POINT('',(-0.,-0.6));
#4368 = VECTOR('',#4369,1.);
#4369 = DIRECTION('',(-1.,-0.));
#4370 = ( GEOMETRIC_REPRESENTATION_CONTEXT(2) 
PARAMETRIC_REPRESENTATION_CONTEXT() REPRESENTATION_CONTEXT('2D SPACE',''
  ) );
#4371 = ORIENTED_EDGE('',*,*,#4372,.T.);
#4372 = EDGE_CURVE('',#4345,#1845,#4373,.T.);
#4373 = SURFACE_CURVE('',#4374,(#4379,#4386),.PCURVE_S1.);
#4374 = CIRCLE('',#4375,4.2);
#4375 = AXIS2_PLACEMENT_3D('',#4376,#4377,#4378);
#4376 = CARTESIAN_POINT('',(-47.,47.,0.));
#4377 = DIRECTION('',(0.,0.,1.));
#4378 = DIRECTION('',(-1.,2.030122102172E-14,0.));
#4379 = PCURVE('',#1428,#4380);
#4380 = DEFINITIONAL_REPRESENTATION('',(#4381),#4385);
#4381 = CIRCLE('',#4382,4.2);
#4382 = AXIS2_PLACEMENT_2D('',#4383,#4384);
#4383 = CARTESIAN_POINT('',(-47.,47.));
#4384 = DIRECTION('',(-1.,2.030122102172E-14));
#4385 = ( GEOMETRIC_REPRESENTATION_CONTEXT(2) 
PARAMETRIC_REPRESENTATION_CONTEXT() REPRESENTATION_CONTEXT('2D SPACE',''
  ) );
#4386 = PCURVE('',#1883,#4387);
#4387 = DEFINITIONAL_REPRESENTATION('',(#4388),#4392);
#4388 = LINE('',#4389,#4390);
#4389 = CARTESIAN_POINT('',(-3.14159265359,0.));
#4390 = VECTOR('',#4391,1.);
#4391 = DIRECTION('',(-1.,0.));
#4392 = ( GEOMETRIC_REPRESENTATION_CONTEXT(2) 
PARAMETRIC_REPRESENTATION_CONTEXT() REPRESENTATION_CONTEXT('2D SPACE',''
  ) );
#4393 = ORIENTED_EDGE('',*,*,#1844,.T.);
#4394 = ORIENTED_EDGE('',*,*,#4395,.F.);
#4395 = EDGE_CURVE('',#1741,#1824,#4396,.T.);
#4396 = SURFACE_CURVE('',#4397,(#4402,#4409),.PCURVE_S1.);
#4397 = CIRCLE('',#4398,3.);
#4398 = AXIS2_PLACEMENT_3D('',#4399,#4400,#4401);
#4399 = CARTESIAN_POINT('',(-47.,47.,0.));
#4400 = DIRECTION('',(0.,0.,1.));
#4401 = DIRECTION('',(-0.928388218142,0.371611781859,0.));
#4402 = PCURVE('',#1428,#4403);
#4403 = DEFINITIONAL_REPRESENTATION('',(#4404),#4408);
#4404 = CIRCLE('',#4405,3.);
#4405 = AXIS2_PLACEMENT_2D('',#4406,#4407);
#4406 = CARTESIAN_POINT('',(-47.,47.));
#4407 = DIRECTION('',(-0.928388218142,0.371611781859));
#4408 = ( GEOMETRIC_REPRESENTATION_CONTEXT(2) 
PARAMETRIC_REPRESENTATION_CONTEXT() REPRESENTATION_CONTEXT('2D SPACE',''
  ) );
#4409 = PCURVE('',#1779,#4410);
#4410 = DEFINITIONAL_REPRESENTATION('',(#4411),#4415);
#4411 = LINE('',#4412,#4413);
#4412 = CARTESIAN_POINT('',(-2.760848127216,-1.));
#4413 = VECTOR('',#4414,1.);
#4414 = DIRECTION('',(-1.,-0.));
#4415 = ( GEOMETRIC_REPRESENTATION_CONTEXT(2) 
PARAMETRIC_REPRESENTATION_CONTEXT() REPRESENTATION_CONTEXT('2D SPACE',''
  ) );
#4416 = ORIENTED_EDGE('',*,*,#1740,.T.);
#4417 = ORIENTED_EDGE('',*,*,#4418,.T.);
#4418 = EDGE_CURVE('',#1715,#4419,#4421,.T.);
#4419 = VERTEX_POINT('',#4420);
#4420 = CARTESIAN_POINT('',(-50.98638806507,45.677611934927,0.));
#4421 = SURFACE_CURVE('',#4422,(#4427,#4434),.PCURVE_S1.);
#4422 = CIRCLE('',#4423,4.2);
#4423 = AXIS2_PLACEMENT_3D('',#4424,#4425,#4426);
#4424 = CARTESIAN_POINT('',(-47.,47.,0.));
#4425 = DIRECTION('',(0.,0.,1.));
#4426 = DIRECTION('',(-1.,2.030122102172E-14,0.));
#4427 = PCURVE('',#1428,#4428);
#4428 = DEFINITIONAL_REPRESENTATION('',(#4429),#4433);
#4429 = CIRCLE('',#4430,4.2);
#4430 = AXIS2_PLACEMENT_2D('',#4431,#4432);
#4431 = CARTESIAN_POINT('',(-47.,47.));
#4432 = DIRECTION('',(-1.,2.030122102172E-14));
#4433 = ( GEOMETRIC_REPRESENTATION_CONTEXT(2) 
PARAMETRIC_REPRESENTATION_CONTEXT() REPRESENTATION_CONTEXT('2D SPACE',''
  ) );
#4434 = PCURVE('',#1729,#4435);
#4435 = DEFINITIONAL_REPRESENTATION('',(#4436),#4440);
#4436 = LINE('',#4437,#4438);
#4437 = CARTESIAN_POINT('',(-3.14159265359,0.));
#4438 = VECTOR('',#4439,1.);
#4439 = DIRECTION('',(-1.,0.));
#4440 = ( GEOMETRIC_REPRESENTATION_CONTEXT(2) 
PARAMETRIC_REPRESENTATION_CONTEXT() REPRESENTATION_CONTEXT('2D SPACE',''
  ) );
#4441 = ORIENTED_EDGE('',*,*,#4442,.F.);
#4442 = EDGE_CURVE('',#1568,#4419,#4443,.T.);
#4443 = SURFACE_CURVE('',#4444,(#4449,#4460),.PCURVE_S1.);
#4444 = CIRCLE('',#4445,23.4);
#4445 = AXIS2_PLACEMENT_3D('',#4446,#4447,#4448);
#4446 = CARTESIAN_POINT('',(-32.,32.,0.));
#4447 = DIRECTION('',(-0.,0.,-1.));
#4448 = DIRECTION('',(-1.,0.,0.));
#4449 = PCURVE('',#1428,#4450);
#4450 = DEFINITIONAL_REPRESENTATION('',(#4451),#4459);
#4451 = ( BOUNDED_CURVE() B_SPLINE_CURVE(2,(#4452,#4453,#4454,#4455,
#4456,#4457,#4458),.UNSPECIFIED.,.T.,.F.) B_SPLINE_CURVE_WITH_KNOTS((1,2
    ,2,2,2,1),(-2.094395102393,0.,2.094395102393,4.188790204786,
6.28318530718,8.377580409573),.UNSPECIFIED.) CURVE() 
GEOMETRIC_REPRESENTATION_ITEM() RATIONAL_B_SPLINE_CURVE((1.,0.5,1.,0.5,
1.,0.5,1.)) REPRESENTATION_ITEM('') );
#4452 = CARTESIAN_POINT('',(-55.4,32.));
#4453 = CARTESIAN_POINT('',(-55.4,72.529988897112));
#4454 = CARTESIAN_POINT('',(-20.3,52.264994448556));
#4455 = CARTESIAN_POINT('',(14.8,32.));
#4456 = CARTESIAN_POINT('',(-20.3,11.735005551444));
#4457 = CARTESIAN_POINT('',(-55.4,-8.529988897112));
#4458 = CARTESIAN_POINT('',(-55.4,32.));
#4459 = ( GEOMETRIC_REPRESENTATION_CONTEXT(2) 
PARAMETRIC_REPRESENTATION_CONTEXT() REPRESENTATION_CONTEXT('2D SPACE',''
  ) );
#4460 = PCURVE('',#1582,#4461);
#4461 = DEFINITIONAL_REPRESENTATION('',(#4462),#4466);
#4462 = LINE('',#4463,#4464);
#4463 = CARTESIAN_POINT('',(-0.,-0.6));
#4464 = VECTOR('',#4465,1.);
#4465 = DIRECTION('',(-1.,-0.));
#4466 = ( GEOMETRIC_REPRESENTATION_CONTEXT(2) 
PARAMETRIC_REPRESENTATION_CONTEXT() REPRESENTATION_CONTEXT('2D SPACE',''
  ) );
#4467 = FACE_BOUND('',#4468,.F.);
#4468 = EDGE_LOOP('',(#4469));
#4469 = ORIENTED_EDGE('',*,*,#4470,.T.);
#4470 = EDGE_CURVE('',#4471,#4471,#4473,.T.);
#4471 = VERTEX_POINT('',#4472);
#4472 = CARTESIAN_POINT('',(-32.8,-38.,0.));
#4473 = SURFACE_CURVE('',#4474,(#4479,#4490),.PCURVE_S1.);
#4474 = CIRCLE('',#4475,5.2);
#4475 = AXIS2_PLACEMENT_3D('',#4476,#4477,#4478);
#4476 = CARTESIAN_POINT('',(-38.,-38.,0.));
#4477 = DIRECTION('',(0.,0.,-1.));
#4478 = DIRECTION('',(1.,0.,0.));
#4479 = PCURVE('',#1428,#4480);
#4480 = DEFINITIONAL_REPRESENTATION('',(#4481),#4489);
#4481 = ( BOUNDED_CURVE() B_SPLINE_CURVE(2,(#4482,#4483,#4484,#4485,
#4486,#4487,#4488),.UNSPECIFIED.,.T.,.F.) B_SPLINE_CURVE_WITH_KNOTS((1,2
    ,2,2,2,1),(-2.094395102393,0.,2.094395102393,4.188790204786,
6.28318530718,8.377580409573),.UNSPECIFIED.) CURVE() 
GEOMETRIC_REPRESENTATION_ITEM() RATIONAL_B_SPLINE_CURVE((1.,0.5,1.,0.5,
1.,0.5,1.)) REPRESENTATION_ITEM('') );
#4482 = CARTESIAN_POINT('',(-32.8,-38.));
#4483 = CARTESIAN_POINT('',(-32.8,-47.00666419935));
#4484 = CARTESIAN_POINT('',(-40.6,-42.50333209967));
#4485 = CARTESIAN_POINT('',(-48.4,-38.));
#4486 = CARTESIAN_POINT('',(-40.6,-33.49666790032));
#4487 = CARTESIAN_POINT('',(-32.8,-28.99333580064));
#4488 = CARTESIAN_POINT('',(-32.8,-38.));
#4489 = ( GEOMETRIC_REPRESENTATION_CONTEXT(2) 
PARAMETRIC_REPRESENTATION_CONTEXT() REPRESENTATION_CONTEXT('2D SPACE',''
  ) );
#4490 = PCURVE('',#4491,#4496);
#4491 = CYLINDRICAL_SURFACE('',#4492,5.2);
#4492 = AXIS2_PLACEMENT_3D('',#4493,#4494,#4495);
#4493 = CARTESIAN_POINT('',(-38.,-38.,-1.));
#4494 = DIRECTION('',(-0.,-0.,-1.));
#4495 = DIRECTION('',(1.,0.,0.));
#4496 = DEFINITIONAL_REPRESENTATION('',(#4497),#4501);
#4497 = LINE('',#4498,#4499);
#4498 = CARTESIAN_POINT('',(-6.28318530718,-1.));
#4499 = VECTOR('',#4500,1.);
#4500 = DIRECTION('',(1.,-0.));
#4501 = ( GEOMETRIC_REPRESENTATION_CONTEXT(2) 
PARAMETRIC_REPRESENTATION_CONTEXT() REPRESENTATION_CONTEXT('2D SPACE',''
  ) );
#4502 = FACE_BOUND('',#4503,.F.);
#4503 = EDGE_LOOP('',(#4504));
#4504 = ORIENTED_EDGE('',*,*,#4505,.T.);
#4505 = EDGE_CURVE('',#4506,#4506,#4508,.T.);
#4506 = VERTEX_POINT('',#4507);
#4507 = CARTESIAN_POINT('',(43.2,-38.,0.));
#4508 = SURFACE_CURVE('',#4509,(#4514,#4525),.PCURVE_S1.);
#4509 = CIRCLE('',#4510,5.2);
#4510 = AXIS2_PLACEMENT_3D('',#4511,#4512,#4513);
#4511 = CARTESIAN_POINT('',(38.,-38.,0.));
#4512 = DIRECTION('',(0.,0.,-1.));
#4513 = DIRECTION('',(1.,0.,0.));
#4514 = PCURVE('',#1428,#4515);
#4515 = DEFINITIONAL_REPRESENTATION('',(#4516),#4524);
#4516 = ( BOUNDED_CURVE() B_SPLINE_CURVE(2,(#4517,#4518,#4519,#4520,
#4521,#4522,#4523),.UNSPECIFIED.,.T.,.F.) B_SPLINE_CURVE_WITH_KNOTS((1,2
    ,2,2,2,1),(-2.094395102393,0.,2.094395102393,4.188790204786,
6.28318530718,8.377580409573),.UNSPECIFIED.) CURVE() 
GEOMETRIC_REPRESENTATION_ITEM() RATIONAL_B_SPLINE_CURVE((1.,0.5,1.,0.5,
1.,0.5,1.)) REPRESENTATION_ITEM('') );
#4517 = CARTESIAN_POINT('',(43.2,-38.));
#4518 = CARTESIAN_POINT('',(43.2,-47.00666419935));
#4519 = CARTESIAN_POINT('',(35.4,-42.50333209967));
#4520 = CARTESIAN_POINT('',(27.6,-38.));
#4521 = CARTESIAN_POINT('',(35.4,-33.49666790032));
#4522 = CARTESIAN_POINT('',(43.2,-28.99333580064));
#4523 = CARTESIAN_POINT('',(43.2,-38.));
#4524 = ( GEOMETRIC_REPRESENTATION_CONTEXT(2) 
PARAMETRIC_REPRESENTATION_CONTEXT() REPRESENTATION_CONTEXT('2D SPACE',''
  ) );
#4525 = PCURVE('',#4526,#4531);
#4526 = CYLINDRICAL_SURFACE('',#4527,5.2);
#4527 = AXIS2_PLACEMENT_3D('',#4528,#4529,#4530);
#4528 = CARTESIAN_POINT('',(38.,-38.,-1.));
#4529 = DIRECTION('',(-0.,-0.,-1.));
#4530 = DIRECTION('',(1.,0.,0.));
#4531 = DEFINITIONAL_REPRESENTATION('',(#4532),#4536);
#4532 = LINE('',#4533,#4534);
#4533 = CARTESIAN_POINT('',(-6.28318530718,-1.));
#4534 = VECTOR('',#4535,1.);
#4535 = DIRECTION('',(1.,-0.));
#4536 = ( GEOMETRIC_REPRESENTATION_CONTEXT(2) 
PARAMETRIC_REPRESENTATION_CONTEXT() REPRESENTATION_CONTEXT('2D SPACE',''
  ) );
#4537 = FACE_BOUND('',#4538,.F.);
#4538 = EDGE_LOOP('',(#4539,#4567,#4600,#4626));
#4539 = ORIENTED_EDGE('',*,*,#4540,.F.);
#4540 = EDGE_CURVE('',#4541,#4543,#4545,.T.);
#4541 = VERTEX_POINT('',#4542);
#4542 = CARTESIAN_POINT('',(-10.8,31.,0.));
#4543 = VERTEX_POINT('',#4544);
#4544 = CARTESIAN_POINT('',(-10.8,-16.4,0.));
#4545 = SURFACE_CURVE('',#4546,(#4550,#4556),.PCURVE_S1.);
#4546 = LINE('',#4547,#4548);
#4547 = CARTESIAN_POINT('',(-10.8,-8.2,0.));
#4548 = VECTOR('',#4549,1.);
#4549 = DIRECTION('',(-1.110223024625E-16,-1.,0.));
#4550 = PCURVE('',#1428,#4551);
#4551 = DEFINITIONAL_REPRESENTATION('',(#4552),#4555);
#4552 = B_SPLINE_CURVE_WITH_KNOTS('',1,(#4553,#4554),.UNSPECIFIED.,.F.,
  .F.,(2,2),(-39.2,8.2),.PIECEWISE_BEZIER_KNOTS.);
#4553 = CARTESIAN_POINT('',(-10.8,31.));
#4554 = CARTESIAN_POINT('',(-10.8,-16.4));
#4555 = ( GEOMETRIC_REPRESENTATION_CONTEXT(2) 
PARAMETRIC_REPRESENTATION_CONTEXT() REPRESENTATION_CONTEXT('2D SPACE',''
  ) );
#4556 = PCURVE('',#4557,#4562);
#4557 = PLANE('',#4558);
#4558 = AXIS2_PLACEMENT_3D('',#4559,#4560,#4561);
#4559 = CARTESIAN_POINT('',(-10.8,-16.4,-1.));
#4560 = DIRECTION('',(-1.,1.110223024625E-16,0.));
#4561 = DIRECTION('',(1.110223024625E-16,1.,0.));
#4562 = DEFINITIONAL_REPRESENTATION('',(#4563),#4566);
#4563 = B_SPLINE_CURVE_WITH_KNOTS('',1,(#4564,#4565),.UNSPECIFIED.,.F.,
  .F.,(2,2),(-39.2,8.2),.PIECEWISE_BEZIER_KNOTS.);
#4564 = CARTESIAN_POINT('',(47.4,-1.));
#4565 = CARTESIAN_POINT('',(0.,-1.));
#4566 = ( GEOMETRIC_REPRESENTATION_CONTEXT(2) 
PARAMETRIC_REPRESENTATION_CONTEXT() REPRESENTATION_CONTEXT('2D SPACE',''
  ) );
#4567 = ORIENTED_EDGE('',*,*,#4568,.T.);
#4568 = EDGE_CURVE('',#4541,#4569,#4571,.T.);
#4569 = VERTEX_POINT('',#4570);
#4570 = CARTESIAN_POINT('',(-8.2,31.,0.));
#4571 = SURFACE_CURVE('',#4572,(#4577,#4588),.PCURVE_S1.);
#4572 = CIRCLE('',#4573,1.3);
#4573 = AXIS2_PLACEMENT_3D('',#4574,#4575,#4576);
#4574 = CARTESIAN_POINT('',(-9.5,31.,0.));
#4575 = DIRECTION('',(-0.,0.,-1.));
#4576 = DIRECTION('',(-1.,-2.621834373538E-15,0.));
#4577 = PCURVE('',#1428,#4578);
#4578 = DEFINITIONAL_REPRESENTATION('',(#4579),#4587);
#4579 = ( BOUNDED_CURVE() B_SPLINE_CURVE(2,(#4580,#4581,#4582,#4583,
#4584,#4585,#4586),.UNSPECIFIED.,.T.,.F.) B_SPLINE_CURVE_WITH_KNOTS((1,2
    ,2,2,2,1),(-2.094395102393,0.,2.094395102393,4.188790204786,
6.28318530718,8.377580409573),.UNSPECIFIED.) CURVE() 
GEOMETRIC_REPRESENTATION_ITEM() RATIONAL_B_SPLINE_CURVE((1.,0.5,1.,0.5,
1.,0.5,1.)) REPRESENTATION_ITEM('') );
#4580 = CARTESIAN_POINT('',(-10.8,31.));
#4581 = CARTESIAN_POINT('',(-10.8,33.25166604984));
#4582 = CARTESIAN_POINT('',(-8.85,32.12583302492));
#4583 = CARTESIAN_POINT('',(-6.9,31.));
#4584 = CARTESIAN_POINT('',(-8.85,29.87416697508));
#4585 = CARTESIAN_POINT('',(-10.8,28.74833395016));
#4586 = CARTESIAN_POINT('',(-10.8,31.));
#4587 = ( GEOMETRIC_REPRESENTATION_CONTEXT(2) 
PARAMETRIC_REPRESENTATION_CONTEXT() REPRESENTATION_CONTEXT('2D SPACE',''
  ) );
#4588 = PCURVE('',#4589,#4594);
#4589 = CYLINDRICAL_SURFACE('',#4590,1.3);
#4590 = AXIS2_PLACEMENT_3D('',#4591,#4592,#4593);
#4591 = CARTESIAN_POINT('',(-9.5,31.,-1.));
#4592 = DIRECTION('',(-0.,0.,-1.));
#4593 = DIRECTION('',(-1.,-2.621834373538E-15,0.));
#4594 = DEFINITIONAL_REPRESENTATION('',(#4595),#4599);
#4595 = LINE('',#4596,#4597);
#4596 = CARTESIAN_POINT('',(0.,-1.));
#4597 = VECTOR('',#4598,1.);
#4598 = DIRECTION('',(1.,0.));
#4599 = ( GEOMETRIC_REPRESENTATION_CONTEXT(2) 
PARAMETRIC_REPRESENTATION_CONTEXT() REPRESENTATION_CONTEXT('2D SPACE',''
  ) );
#4600 = ORIENTED_EDGE('',*,*,#4601,.F.);
#4601 = EDGE_CURVE('',#4602,#4569,#4604,.T.);
#4602 = VERTEX_POINT('',#4603);
#4603 = CARTESIAN_POINT('',(-8.2,-16.4,0.));
#4604 = SURFACE_CURVE('',#4605,(#4609,#4615),.PCURVE_S1.);
#4605 = LINE('',#4606,#4607);
#4606 = CARTESIAN_POINT('',(-8.2,15.5,0.));
#4607 = VECTOR('',#4608,1.);
#4608 = DIRECTION('',(1.110223024625E-16,1.,-0.));
#4609 = PCURVE('',#1428,#4610);
#4610 = DEFINITIONAL_REPRESENTATION('',(#4611),#4614);
#4611 = B_SPLINE_CURVE_WITH_KNOTS('',1,(#4612,#4613),.UNSPECIFIED.,.F.,
  .F.,(2,2),(-31.9,15.5),.PIECEWISE_BEZIER_KNOTS.);
#4612 = CARTESIAN_POINT('',(-8.2,-16.4));
#4613 = CARTESIAN_POINT('',(-8.2,31.));
#4614 = ( GEOMETRIC_REPRESENTATION_CONTEXT(2) 
PARAMETRIC_REPRESENTATION_CONTEXT() REPRESENTATION_CONTEXT('2D SPACE',''
  ) );
#4615 = PCURVE('',#4616,#4621);
#4616 = PLANE('',#4617);
#4617 = AXIS2_PLACEMENT_3D('',#4618,#4619,#4620);
#4618 = CARTESIAN_POINT('',(-8.2,31.,-1.));
#4619 = DIRECTION('',(1.,-1.110223024625E-16,0.));
#4620 = DIRECTION('',(-1.110223024625E-16,-1.,0.));
#4621 = DEFINITIONAL_REPRESENTATION('',(#4622),#4625);
#4622 = B_SPLINE_CURVE_WITH_KNOTS('',1,(#4623,#4624),.UNSPECIFIED.,.F.,
  .F.,(2,2),(-31.9,15.5),.PIECEWISE_BEZIER_KNOTS.);
#4623 = CARTESIAN_POINT('',(47.4,-1.));
#4624 = CARTESIAN_POINT('',(0.,-1.));
#4625 = ( GEOMETRIC_REPRESENTATION_CONTEXT(2) 
PARAMETRIC_REPRESENTATION_CONTEXT() REPRESENTATION_CONTEXT('2D SPACE',''
  ) );
#4626 = ORIENTED_EDGE('',*,*,#4627,.T.);
#4627 = EDGE_CURVE('',#4602,#4543,#4628,.T.);
#4628 = SURFACE_CURVE('',#4629,(#4634,#4645),.PCURVE_S1.);
#4629 = CIRCLE('',#4630,1.3);
#4630 = AXIS2_PLACEMENT_3D('',#4631,#4632,#4633);
#4631 = CARTESIAN_POINT('',(-9.5,-16.4,0.));
#4632 = DIRECTION('',(0.,0.,-1.));
#4633 = DIRECTION('',(1.,2.621834373538E-15,0.));
#4634 = PCURVE('',#1428,#4635);
#4635 = DEFINITIONAL_REPRESENTATION('',(#4636),#4644);
#4636 = ( BOUNDED_CURVE() B_SPLINE_CURVE(2,(#4637,#4638,#4639,#4640,
#4641,#4642,#4643),.UNSPECIFIED.,.T.,.F.) B_SPLINE_CURVE_WITH_KNOTS((1,2
    ,2,2,2,1),(-2.094395102393,0.,2.094395102393,4.188790204786,
6.28318530718,8.377580409573),.UNSPECIFIED.) CURVE() 
GEOMETRIC_REPRESENTATION_ITEM() RATIONAL_B_SPLINE_CURVE((1.,0.5,1.,0.5,
1.,0.5,1.)) REPRESENTATION_ITEM('') );
#4637 = CARTESIAN_POINT('',(-8.2,-16.4));
#4638 = CARTESIAN_POINT('',(-8.2,-18.65166604984));
#4639 = CARTESIAN_POINT('',(-10.15,-17.52583302492));
#4640 = CARTESIAN_POINT('',(-12.1,-16.4));
#4641 = CARTESIAN_POINT('',(-10.15,-15.27416697508));
#4642 = CARTESIAN_POINT('',(-8.2,-14.14833395016));
#4643 = CARTESIAN_POINT('',(-8.2,-16.4));
#4644 = ( GEOMETRIC_REPRESENTATION_CONTEXT(2) 
PARAMETRIC_REPRESENTATION_CONTEXT() REPRESENTATION_CONTEXT('2D SPACE',''
  ) );
#4645 = PCURVE('',#4646,#4651);
#4646 = CYLINDRICAL_SURFACE('',#4647,1.3);
#4647 = AXIS2_PLACEMENT_3D('',#4648,#4649,#4650);
#4648 = CARTESIAN_POINT('',(-9.5,-16.4,-1.));
#4649 = DIRECTION('',(0.,0.,-1.));
#4650 = DIRECTION('',(1.,2.621834373538E-15,0.));
#4651 = DEFINITIONAL_REPRESENTATION('',(#4652),#4656);
#4652 = LINE('',#4653,#4654);
#4653 = CARTESIAN_POINT('',(0.,-1.));
#4654 = VECTOR('',#4655,1.);
#4655 = DIRECTION('',(1.,0.));
#4656 = ( GEOMETRIC_REPRESENTATION_CONTEXT(2) 
PARAMETRIC_REPRESENTATION_CONTEXT() REPRESENTATION_CONTEXT('2D SPACE',''
  ) );
#4657 = FACE_BOUND('',#4658,.F.);
#4658 = EDGE_LOOP('',(#4659,#4687,#4720,#4746));
#4659 = ORIENTED_EDGE('',*,*,#4660,.F.);
#4660 = EDGE_CURVE('',#4661,#4663,#4665,.T.);
#4661 = VERTEX_POINT('',#4662);
#4662 = CARTESIAN_POINT('',(-4.3,31.,0.));
#4663 = VERTEX_POINT('',#4664);
#4664 = CARTESIAN_POINT('',(-4.3,-16.4,0.));
#4665 = SURFACE_CURVE('',#4666,(#4670,#4676),.PCURVE_S1.);
#4666 = LINE('',#4667,#4668);
#4667 = CARTESIAN_POINT('',(-4.3,-8.2,0.));
#4668 = VECTOR('',#4669,1.);
#4669 = DIRECTION('',(-1.110223024625E-16,-1.,0.));
#4670 = PCURVE('',#1428,#4671);
#4671 = DEFINITIONAL_REPRESENTATION('',(#4672),#4675);
#4672 = B_SPLINE_CURVE_WITH_KNOTS('',1,(#4673,#4674),.UNSPECIFIED.,.F.,
  .F.,(2,2),(-39.2,8.2),.PIECEWISE_BEZIER_KNOTS.);
#4673 = CARTESIAN_POINT('',(-4.3,31.));
#4674 = CARTESIAN_POINT('',(-4.3,-16.4));
#4675 = ( GEOMETRIC_REPRESENTATION_CONTEXT(2) 
PARAMETRIC_REPRESENTATION_CONTEXT() REPRESENTATION_CONTEXT('2D SPACE',''
  ) );
#4676 = PCURVE('',#4677,#4682);
#4677 = PLANE('',#4678);
#4678 = AXIS2_PLACEMENT_3D('',#4679,#4680,#4681);
#4679 = CARTESIAN_POINT('',(-4.3,-16.4,-1.));
#4680 = DIRECTION('',(-1.,1.110223024625E-16,0.));
#4681 = DIRECTION('',(1.110223024625E-16,1.,0.));
#4682 = DEFINITIONAL_REPRESENTATION('',(#4683),#4686);
#4683 = B_SPLINE_CURVE_WITH_KNOTS('',1,(#4684,#4685),.UNSPECIFIED.,.F.,
  .F.,(2,2),(-39.2,8.2),.PIECEWISE_BEZIER_KNOTS.);
#4684 = CARTESIAN_POINT('',(47.4,-1.));
#4685 = CARTESIAN_POINT('',(0.,-1.));
#4686 = ( GEOMETRIC_REPRESENTATION_CONTEXT(2) 
PARAMETRIC_REPRESENTATION_CONTEXT() REPRESENTATION_CONTEXT('2D SPACE',''
  ) );
#4687 = ORIENTED_EDGE('',*,*,#4688,.T.);
#4688 = EDGE_CURVE('',#4661,#4689,#4691,.T.);
#4689 = VERTEX_POINT('',#4690);
#4690 = CARTESIAN_POINT('',(-1.7,31.,0.));
#4691 = SURFACE_CURVE('',#4692,(#4697,#4708),.PCURVE_S1.);
#4692 = CIRCLE('',#4693,1.3);
#4693 = AXIS2_PLACEMENT_3D('',#4694,#4695,#4696);
#4694 = CARTESIAN_POINT('',(-3.,31.,0.));
#4695 = DIRECTION('',(-0.,0.,-1.));
#4696 = DIRECTION('',(-1.,-2.621834373538E-15,0.));
#4697 = PCURVE('',#1428,#4698);
#4698 = DEFINITIONAL_REPRESENTATION('',(#4699),#4707);
#4699 = ( BOUNDED_CURVE() B_SPLINE_CURVE(2,(#4700,#4701,#4702,#4703,
#4704,#4705,#4706),.UNSPECIFIED.,.T.,.F.) B_SPLINE_CURVE_WITH_KNOTS((1,2
    ,2,2,2,1),(-2.094395102393,0.,2.094395102393,4.188790204786,
6.28318530718,8.377580409573),.UNSPECIFIED.) CURVE() 
GEOMETRIC_REPRESENTATION_ITEM() RATIONAL_B_SPLINE_CURVE((1.,0.5,1.,0.5,
1.,0.5,1.)) REPRESENTATION_ITEM('') );
#4700 = CARTESIAN_POINT('',(-4.3,31.));
#4701 = CARTESIAN_POINT('',(-4.3,33.25166604984));
#4702 = CARTESIAN_POINT('',(-2.35,32.12583302492));
#4703 = CARTESIAN_POINT('',(-0.4,31.));
#4704 = CARTESIAN_POINT('',(-2.35,29.87416697508));
#4705 = CARTESIAN_POINT('',(-4.3,28.74833395016));
#4706 = CARTESIAN_POINT('',(-4.3,31.));
#4707 = ( GEOMETRIC_REPRESENTATION_CONTEXT(2) 
PARAMETRIC_REPRESENTATION_CONTEXT() REPRESENTATION_CONTEXT('2D SPACE',''
  ) );
#4708 = PCURVE('',#4709,#4714);
#4709 = CYLINDRICAL_SURFACE('',#4710,1.3);
#4710 = AXIS2_PLACEMENT_3D('',#4711,#4712,#4713);
#4711 = CARTESIAN_POINT('',(-3.,31.,-1.));
#4712 = DIRECTION('',(-0.,0.,-1.));
#4713 = DIRECTION('',(-1.,-2.621834373538E-15,0.));
#4714 = DEFINITIONAL_REPRESENTATION('',(#4715),#4719);
#4715 = LINE('',#4716,#4717);
#4716 = CARTESIAN_POINT('',(0.,-1.));
#4717 = VECTOR('',#4718,1.);
#4718 = DIRECTION('',(1.,0.));
#4719 = ( GEOMETRIC_REPRESENTATION_CONTEXT(2) 
PARAMETRIC_REPRESENTATION_CONTEXT() REPRESENTATION_CONTEXT('2D SPACE',''
  ) );
#4720 = ORIENTED_EDGE('',*,*,#4721,.F.);
#4721 = EDGE_CURVE('',#4722,#4689,#4724,.T.);
#4722 = VERTEX_POINT('',#4723);
#4723 = CARTESIAN_POINT('',(-1.7,-16.4,0.));
#4724 = SURFACE_CURVE('',#4725,(#4729,#4735),.PCURVE_S1.);
#4725 = LINE('',#4726,#4727);
#4726 = CARTESIAN_POINT('',(-1.7,15.5,0.));
#4727 = VECTOR('',#4728,1.);
#4728 = DIRECTION('',(1.110223024625E-16,1.,-0.));
#4729 = PCURVE('',#1428,#4730);
#4730 = DEFINITIONAL_REPRESENTATION('',(#4731),#4734);
#4731 = B_SPLINE_CURVE_WITH_KNOTS('',1,(#4732,#4733),.UNSPECIFIED.,.F.,
  .F.,(2,2),(-31.9,15.5),.PIECEWISE_BEZIER_KNOTS.);
#4732 = CARTESIAN_POINT('',(-1.7,-16.4));
#4733 = CARTESIAN_POINT('',(-1.7,31.));
#4734 = ( GEOMETRIC_REPRESENTATION_CONTEXT(2) 
PARAMETRIC_REPRESENTATION_CONTEXT() REPRESENTATION_CONTEXT('2D SPACE',''
  ) );
#4735 = PCURVE('',#4736,#4741);
#4736 = PLANE('',#4737);
#4737 = AXIS2_PLACEMENT_3D('',#4738,#4739,#4740);
#4738 = CARTESIAN_POINT('',(-1.7,31.,-1.));
#4739 = DIRECTION('',(1.,-1.110223024625E-16,0.));
#4740 = DIRECTION('',(-1.110223024625E-16,-1.,0.));
#4741 = DEFINITIONAL_REPRESENTATION('',(#4742),#4745);
#4742 = B_SPLINE_CURVE_WITH_KNOTS('',1,(#4743,#4744),.UNSPECIFIED.,.F.,
  .F.,(2,2),(-31.9,15.5),.PIECEWISE_BEZIER_KNOTS.);
#4743 = CARTESIAN_POINT('',(47.4,-1.));
#4744 = CARTESIAN_POINT('',(0.,-1.));
#4745 = ( GEOMETRIC_REPRESENTATION_CONTEXT(2) 
PARAMETRIC_REPRESENTATION_CONTEXT() REPRESENTATION_CONTEXT('2D SPACE',''
  ) );
#4746 = ORIENTED_EDGE('',*,*,#4747,.T.);
#4747 = EDGE_CURVE('',#4722,#4663,#4748,.T.);
#4748 = SURFACE_CURVE('',#4749,(#4754,#4765),.PCURVE_S1.);
#4749 = CIRCLE('',#4750,1.3);
#4750 = AXIS2_PLACEMENT_3D('',#4751,#4752,#4753);
#4751 = CARTESIAN_POINT('',(-3.,-16.4,0.));
#4752 = DIRECTION('',(0.,0.,-1.));
#4753 = DIRECTION('',(1.,2.621834373538E-15,0.));
#4754 = PCURVE('',#1428,#4755);
#4755 = DEFINITIONAL_REPRESENTATION('',(#4756),#4764);
#4756 = ( BOUNDED_CURVE() B_SPLINE_CURVE(2,(#4757,#4758,#4759,#4760,
#4761,#4762,#4763),.UNSPECIFIED.,.T.,.F.) B_SPLINE_CURVE_WITH_KNOTS((1,2
    ,2,2,2,1),(-2.094395102393,0.,2.094395102393,4.188790204786,
6.28318530718,8.377580409573),.UNSPECIFIED.) CURVE() 
GEOMETRIC_REPRESENTATION_ITEM() RATIONAL_B_SPLINE_CURVE((1.,0.5,1.,0.5,
1.,0.5,1.)) REPRESENTATION_ITEM('') );
#4757 = CARTESIAN_POINT('',(-1.7,-16.4));
#4758 = CARTESIAN_POINT('',(-1.7,-18.65166604984));
#4759 = CARTESIAN_POINT('',(-3.65,-17.52583302492));
#4760 = CARTESIAN_POINT('',(-5.6,-16.4));
#4761 = CARTESIAN_POINT('',(-3.65,-15.27416697508));
#4762 = CARTESIAN_POINT('',(-1.7,-14.14833395016));
#4763 = CARTESIAN_POINT('',(-1.7,-16.4));
#4764 = ( GEOMETRIC_REPRESENTATION_CONTEXT(2) 
PARAMETRIC_REPRESENTATION_CONTEXT() REPRESENTATION_CONTEXT('2D SPACE',''
  ) );
#4765 = PCURVE('',#4766,#4771);
#4766 = CYLINDRICAL_SURFACE('',#4767,1.3);
#4767 = AXIS2_PLACEMENT_3D('',#4768,#4769,#4770);
#4768 = CARTESIAN_POINT('',(-3.,-16.4,-1.));
#4769 = DIRECTION('',(0.,0.,-1.));
#4770 = DIRECTION('',(1.,2.621834373538E-15,0.));
#4771 = DEFINITIONAL_REPRESENTATION('',(#4772),#4776);
#4772 = LINE('',#4773,#4774);
#4773 = CARTESIAN_POINT('',(0.,-1.));
#4774 = VECTOR('',#4775,1.);
#4775 = DIRECTION('',(1.,0.));
#4776 = ( GEOMETRIC_REPRESENTATION_CONTEXT(2) 
PARAMETRIC_REPRESENTATION_CONTEXT() REPRESENTATION_CONTEXT('2D SPACE',''
  ) );
#4777 = FACE_BOUND('',#4778,.F.);
#4778 = EDGE_LOOP('',(#4779));
#4779 = ORIENTED_EDGE('',*,*,#4780,.T.);
#4780 = EDGE_CURVE('',#4781,#4781,#4783,.T.);
#4781 = VERTEX_POINT('',#4782);
#4782 = CARTESIAN_POINT('',(-32.8,38.,0.));
#4783 = SURFACE_CURVE('',#4784,(#4789,#4800),.PCURVE_S1.);
#4784 = CIRCLE('',#4785,5.2);
#4785 = AXIS2_PLACEMENT_3D('',#4786,#4787,#4788);
#4786 = CARTESIAN_POINT('',(-38.,38.,0.));
#4787 = DIRECTION('',(0.,0.,-1.));
#4788 = DIRECTION('',(1.,0.,0.));
#4789 = PCURVE('',#1428,#4790);
#4790 = DEFINITIONAL_REPRESENTATION('',(#4791),#4799);
#4791 = ( BOUNDED_CURVE() B_SPLINE_CURVE(2,(#4792,#4793,#4794,#4795,
#4796,#4797,#4798),.UNSPECIFIED.,.T.,.F.) B_SPLINE_CURVE_WITH_KNOTS((1,2
    ,2,2,2,1),(-2.094395102393,0.,2.094395102393,4.188790204786,
6.28318530718,8.377580409573),.UNSPECIFIED.) CURVE() 
GEOMETRIC_REPRESENTATION_ITEM() RATIONAL_B_SPLINE_CURVE((1.,0.5,1.,0.5,
1.,0.5,1.)) REPRESENTATION_ITEM('') );
#4792 = CARTESIAN_POINT('',(-32.8,38.));
#4793 = CARTESIAN_POINT('',(-32.8,28.993335800642));
#4794 = CARTESIAN_POINT('',(-40.6,33.496667900321));
#4795 = CARTESIAN_POINT('',(-48.4,38.));
#4796 = CARTESIAN_POINT('',(-40.6,42.503332099679));
#4797 = CARTESIAN_POINT('',(-32.8,47.006664199358));
#4798 = CARTESIAN_POINT('',(-32.8,38.));
#4799 = ( GEOMETRIC_REPRESENTATION_CONTEXT(2) 
PARAMETRIC_REPRESENTATION_CONTEXT() REPRESENTATION_CONTEXT('2D SPACE',''
  ) );
#4800 = PCURVE('',#4801,#4806);
#4801 = CYLINDRICAL_SURFACE('',#4802,5.2);
#4802 = AXIS2_PLACEMENT_3D('',#4803,#4804,#4805);
#4803 = CARTESIAN_POINT('',(-38.,38.,-1.));
#4804 = DIRECTION('',(-0.,-0.,-1.));
#4805 = DIRECTION('',(1.,0.,0.));
#4806 = DEFINITIONAL_REPRESENTATION('',(#4807),#4811);
#4807 = LINE('',#4808,#4809);
#4808 = CARTESIAN_POINT('',(-6.28318530718,-1.));
#4809 = VECTOR('',#4810,1.);
#4810 = DIRECTION('',(1.,-0.));
#4811 = ( GEOMETRIC_REPRESENTATION_CONTEXT(2) 
PARAMETRIC_REPRESENTATION_CONTEXT() REPRESENTATION_CONTEXT('2D SPACE',''
  ) );
#4812 = FACE_BOUND('',#4813,.F.);
#4813 = EDGE_LOOP('',(#4814,#4842,#4875,#4901));
#4814 = ORIENTED_EDGE('',*,*,#4815,.F.);
#4815 = EDGE_CURVE('',#4816,#4818,#4820,.T.);
#4816 = VERTEX_POINT('',#4817);
#4817 = CARTESIAN_POINT('',(2.2,31.,0.));
#4818 = VERTEX_POINT('',#4819);
#4819 = CARTESIAN_POINT('',(2.2,-16.4,0.));
#4820 = SURFACE_CURVE('',#4821,(#4825,#4831),.PCURVE_S1.);
#4821 = LINE('',#4822,#4823);
#4822 = CARTESIAN_POINT('',(2.2,-8.2,0.));
#4823 = VECTOR('',#4824,1.);
#4824 = DIRECTION('',(-1.110223024625E-16,-1.,0.));
#4825 = PCURVE('',#1428,#4826);
#4826 = DEFINITIONAL_REPRESENTATION('',(#4827),#4830);
#4827 = B_SPLINE_CURVE_WITH_KNOTS('',1,(#4828,#4829),.UNSPECIFIED.,.F.,
  .F.,(2,2),(-39.2,8.2),.PIECEWISE_BEZIER_KNOTS.);
#4828 = CARTESIAN_POINT('',(2.2,31.));
#4829 = CARTESIAN_POINT('',(2.2,-16.4));
#4830 = ( GEOMETRIC_REPRESENTATION_CONTEXT(2) 
PARAMETRIC_REPRESENTATION_CONTEXT() REPRESENTATION_CONTEXT('2D SPACE',''
  ) );
#4831 = PCURVE('',#4832,#4837);
#4832 = PLANE('',#4833);
#4833 = AXIS2_PLACEMENT_3D('',#4834,#4835,#4836);
#4834 = CARTESIAN_POINT('',(2.2,-16.4,-1.));
#4835 = DIRECTION('',(-1.,1.110223024625E-16,0.));
#4836 = DIRECTION('',(1.110223024625E-16,1.,0.));
#4837 = DEFINITIONAL_REPRESENTATION('',(#4838),#4841);
#4838 = B_SPLINE_CURVE_WITH_KNOTS('',1,(#4839,#4840),.UNSPECIFIED.,.F.,
  .F.,(2,2),(-39.2,8.2),.PIECEWISE_BEZIER_KNOTS.);
#4839 = CARTESIAN_POINT('',(47.4,-1.));
#4840 = CARTESIAN_POINT('',(0.,-1.));
#4841 = ( GEOMETRIC_REPRESENTATION_CONTEXT(2) 
PARAMETRIC_REPRESENTATION_CONTEXT() REPRESENTATION_CONTEXT('2D SPACE',''
  ) );
#4842 = ORIENTED_EDGE('',*,*,#4843,.T.);
#4843 = EDGE_CURVE('',#4816,#4844,#4846,.T.);
#4844 = VERTEX_POINT('',#4845);
#4845 = CARTESIAN_POINT('',(4.8,31.,0.));
#4846 = SURFACE_CURVE('',#4847,(#4852,#4863),.PCURVE_S1.);
#4847 = CIRCLE('',#4848,1.3);
#4848 = AXIS2_PLACEMENT_3D('',#4849,#4850,#4851);
#4849 = CARTESIAN_POINT('',(3.5,31.,0.));
#4850 = DIRECTION('',(-0.,0.,-1.));
#4851 = DIRECTION('',(-1.,-2.621834373538E-15,0.));
#4852 = PCURVE('',#1428,#4853);
#4853 = DEFINITIONAL_REPRESENTATION('',(#4854),#4862);
#4854 = ( BOUNDED_CURVE() B_SPLINE_CURVE(2,(#4855,#4856,#4857,#4858,
#4859,#4860,#4861),.UNSPECIFIED.,.T.,.F.) B_SPLINE_CURVE_WITH_KNOTS((1,2
    ,2,2,2,1),(-2.094395102393,0.,2.094395102393,4.188790204786,
6.28318530718,8.377580409573),.UNSPECIFIED.) CURVE() 
GEOMETRIC_REPRESENTATION_ITEM() RATIONAL_B_SPLINE_CURVE((1.,0.5,1.,0.5,
1.,0.5,1.)) REPRESENTATION_ITEM('') );
#4855 = CARTESIAN_POINT('',(2.2,31.));
#4856 = CARTESIAN_POINT('',(2.2,33.25166604984));
#4857 = CARTESIAN_POINT('',(4.15,32.12583302492));
#4858 = CARTESIAN_POINT('',(6.1,31.));
#4859 = CARTESIAN_POINT('',(4.15,29.87416697508));
#4860 = CARTESIAN_POINT('',(2.2,28.74833395016));
#4861 = CARTESIAN_POINT('',(2.2,31.));
#4862 = ( GEOMETRIC_REPRESENTATION_CONTEXT(2) 
PARAMETRIC_REPRESENTATION_CONTEXT() REPRESENTATION_CONTEXT('2D SPACE',''
  ) );
#4863 = PCURVE('',#4864,#4869);
#4864 = CYLINDRICAL_SURFACE('',#4865,1.3);
#4865 = AXIS2_PLACEMENT_3D('',#4866,#4867,#4868);
#4866 = CARTESIAN_POINT('',(3.5,31.,-1.));
#4867 = DIRECTION('',(-0.,0.,-1.));
#4868 = DIRECTION('',(-1.,-2.621834373538E-15,0.));
#4869 = DEFINITIONAL_REPRESENTATION('',(#4870),#4874);
#4870 = LINE('',#4871,#4872);
#4871 = CARTESIAN_POINT('',(0.,-1.));
#4872 = VECTOR('',#4873,1.);
#4873 = DIRECTION('',(1.,0.));
#4874 = ( GEOMETRIC_REPRESENTATION_CONTEXT(2) 
PARAMETRIC_REPRESENTATION_CONTEXT() REPRESENTATION_CONTEXT('2D SPACE',''
  ) );
#4875 = ORIENTED_EDGE('',*,*,#4876,.F.);
#4876 = EDGE_CURVE('',#4877,#4844,#4879,.T.);
#4877 = VERTEX_POINT('',#4878);
#4878 = CARTESIAN_POINT('',(4.8,-16.4,0.));
#4879 = SURFACE_CURVE('',#4880,(#4884,#4890),.PCURVE_S1.);
#4880 = LINE('',#4881,#4882);
#4881 = CARTESIAN_POINT('',(4.8,15.5,0.));
#4882 = VECTOR('',#4883,1.);
#4883 = DIRECTION('',(1.110223024625E-16,1.,-0.));
#4884 = PCURVE('',#1428,#4885);
#4885 = DEFINITIONAL_REPRESENTATION('',(#4886),#4889);
#4886 = B_SPLINE_CURVE_WITH_KNOTS('',1,(#4887,#4888),.UNSPECIFIED.,.F.,
  .F.,(2,2),(-31.9,15.5),.PIECEWISE_BEZIER_KNOTS.);
#4887 = CARTESIAN_POINT('',(4.8,-16.4));
#4888 = CARTESIAN_POINT('',(4.8,31.));
#4889 = ( GEOMETRIC_REPRESENTATION_CONTEXT(2) 
PARAMETRIC_REPRESENTATION_CONTEXT() REPRESENTATION_CONTEXT('2D SPACE',''
  ) );
#4890 = PCURVE('',#4891,#4896);
#4891 = PLANE('',#4892);
#4892 = AXIS2_PLACEMENT_3D('',#4893,#4894,#4895);
#4893 = CARTESIAN_POINT('',(4.8,31.,-1.));
#4894 = DIRECTION('',(1.,-1.110223024625E-16,0.));
#4895 = DIRECTION('',(-1.110223024625E-16,-1.,0.));
#4896 = DEFINITIONAL_REPRESENTATION('',(#4897),#4900);
#4897 = B_SPLINE_CURVE_WITH_KNOTS('',1,(#4898,#4899),.UNSPECIFIED.,.F.,
  .F.,(2,2),(-31.9,15.5),.PIECEWISE_BEZIER_KNOTS.);
#4898 = CARTESIAN_POINT('',(47.4,-1.));
#4899 = CARTESIAN_POINT('',(0.,-1.));
#4900 = ( GEOMETRIC_REPRESENTATION_CONTEXT(2) 
PARAMETRIC_REPRESENTATION_CONTEXT() REPRESENTATION_CONTEXT('2D SPACE',''
  ) );
#4901 = ORIENTED_EDGE('',*,*,#4902,.T.);
#4902 = EDGE_CURVE('',#4877,#4818,#4903,.T.);
#4903 = SURFACE_CURVE('',#4904,(#4909,#4920),.PCURVE_S1.);
#4904 = CIRCLE('',#4905,1.3);
#4905 = AXIS2_PLACEMENT_3D('',#4906,#4907,#4908);
#4906 = CARTESIAN_POINT('',(3.5,-16.4,0.));
#4907 = DIRECTION('',(0.,0.,-1.));
#4908 = DIRECTION('',(1.,2.621834373538E-15,0.));
#4909 = PCURVE('',#1428,#4910);
#4910 = DEFINITIONAL_REPRESENTATION('',(#4911),#4919);
#4911 = ( BOUNDED_CURVE() B_SPLINE_CURVE(2,(#4912,#4913,#4914,#4915,
#4916,#4917,#4918),.UNSPECIFIED.,.T.,.F.) B_SPLINE_CURVE_WITH_KNOTS((1,2
    ,2,2,2,1),(-2.094395102393,0.,2.094395102393,4.188790204786,
6.28318530718,8.377580409573),.UNSPECIFIED.) CURVE() 
GEOMETRIC_REPRESENTATION_ITEM() RATIONAL_B_SPLINE_CURVE((1.,0.5,1.,0.5,
1.,0.5,1.)) REPRESENTATION_ITEM('') );
#4912 = CARTESIAN_POINT('',(4.8,-16.4));
#4913 = CARTESIAN_POINT('',(4.8,-18.65166604984));
#4914 = CARTESIAN_POINT('',(2.85,-17.52583302492));
#4915 = CARTESIAN_POINT('',(0.9,-16.4));
#4916 = CARTESIAN_POINT('',(2.85,-15.27416697508));
#4917 = CARTESIAN_POINT('',(4.8,-14.14833395016));
#4918 = CARTESIAN_POINT('',(4.8,-16.4));
#4919 = ( GEOMETRIC_REPRESENTATION_CONTEXT(2) 
PARAMETRIC_REPRESENTATION_CONTEXT() REPRESENTATION_CONTEXT('2D SPACE',''
  ) );
#4920 = PCURVE('',#4921,#4926);
#4921 = CYLINDRICAL_SURFACE('',#4922,1.3);
#4922 = AXIS2_PLACEMENT_3D('',#4923,#4924,#4925);
#4923 = CARTESIAN_POINT('',(3.5,-16.4,-1.));
#4924 = DIRECTION('',(0.,0.,-1.));
#4925 = DIRECTION('',(1.,2.621834373538E-15,0.));
#4926 = DEFINITIONAL_REPRESENTATION('',(#4927),#4931);
#4927 = LINE('',#4928,#4929);
#4928 = CARTESIAN_POINT('',(0.,-1.));
#4929 = VECTOR('',#4930,1.);
#4930 = DIRECTION('',(1.,0.));
#4931 = ( GEOMETRIC_REPRESENTATION_CONTEXT(2) 
PARAMETRIC_REPRESENTATION_CONTEXT() REPRESENTATION_CONTEXT('2D SPACE',''
  ) );
#4932 = FACE_BOUND('',#4933,.F.);
#4933 = EDGE_LOOP('',(#4934,#4962,#4995,#5021));
#4934 = ORIENTED_EDGE('',*,*,#4935,.F.);
#4935 = EDGE_CURVE('',#4936,#4938,#4940,.T.);
#4936 = VERTEX_POINT('',#4937);
#4937 = CARTESIAN_POINT('',(8.7,31.,0.));
#4938 = VERTEX_POINT('',#4939);
#4939 = CARTESIAN_POINT('',(8.7,-16.4,0.));
#4940 = SURFACE_CURVE('',#4941,(#4945,#4951),.PCURVE_S1.);
#4941 = LINE('',#4942,#4943);
#4942 = CARTESIAN_POINT('',(8.7,-8.2,0.));
#4943 = VECTOR('',#4944,1.);
#4944 = DIRECTION('',(-1.110223024625E-16,-1.,0.));
#4945 = PCURVE('',#1428,#4946);
#4946 = DEFINITIONAL_REPRESENTATION('',(#4947),#4950);
#4947 = B_SPLINE_CURVE_WITH_KNOTS('',1,(#4948,#4949),.UNSPECIFIED.,.F.,
  .F.,(2,2),(-39.2,8.2),.PIECEWISE_BEZIER_KNOTS.);
#4948 = CARTESIAN_POINT('',(8.7,31.));
#4949 = CARTESIAN_POINT('',(8.7,-16.4));
#4950 = ( GEOMETRIC_REPRESENTATION_CONTEXT(2) 
PARAMETRIC_REPRESENTATION_CONTEXT() REPRESENTATION_CONTEXT('2D SPACE',''
  ) );
#4951 = PCURVE('',#4952,#4957);
#4952 = PLANE('',#4953);
#4953 = AXIS2_PLACEMENT_3D('',#4954,#4955,#4956);
#4954 = CARTESIAN_POINT('',(8.7,-16.4,-1.));
#4955 = DIRECTION('',(-1.,1.110223024625E-16,0.));
#4956 = DIRECTION('',(1.110223024625E-16,1.,0.));
#4957 = DEFINITIONAL_REPRESENTATION('',(#4958),#4961);
#4958 = B_SPLINE_CURVE_WITH_KNOTS('',1,(#4959,#4960),.UNSPECIFIED.,.F.,
  .F.,(2,2),(-39.2,8.2),.PIECEWISE_BEZIER_KNOTS.);
#4959 = CARTESIAN_POINT('',(47.4,-1.));
#4960 = CARTESIAN_POINT('',(0.,-1.));
#4961 = ( GEOMETRIC_REPRESENTATION_CONTEXT(2) 
PARAMETRIC_REPRESENTATION_CONTEXT() REPRESENTATION_CONTEXT('2D SPACE',''
  ) );
#4962 = ORIENTED_EDGE('',*,*,#4963,.T.);
#4963 = EDGE_CURVE('',#4936,#4964,#4966,.T.);
#4964 = VERTEX_POINT('',#4965);
#4965 = CARTESIAN_POINT('',(11.3,31.,0.));
#4966 = SURFACE_CURVE('',#4967,(#4972,#4983),.PCURVE_S1.);
#4967 = CIRCLE('',#4968,1.3);
#4968 = AXIS2_PLACEMENT_3D('',#4969,#4970,#4971);
#4969 = CARTESIAN_POINT('',(10.,31.,0.));
#4970 = DIRECTION('',(-0.,0.,-1.));
#4971 = DIRECTION('',(-1.,-2.621834373538E-15,0.));
#4972 = PCURVE('',#1428,#4973);
#4973 = DEFINITIONAL_REPRESENTATION('',(#4974),#4982);
#4974 = ( BOUNDED_CURVE() B_SPLINE_CURVE(2,(#4975,#4976,#4977,#4978,
#4979,#4980,#4981),.UNSPECIFIED.,.T.,.F.) B_SPLINE_CURVE_WITH_KNOTS((1,2
    ,2,2,2,1),(-2.094395102393,0.,2.094395102393,4.188790204786,
6.28318530718,8.377580409573),.UNSPECIFIED.) CURVE() 
GEOMETRIC_REPRESENTATION_ITEM() RATIONAL_B_SPLINE_CURVE((1.,0.5,1.,0.5,
1.,0.5,1.)) REPRESENTATION_ITEM('') );
#4975 = CARTESIAN_POINT('',(8.7,31.));
#4976 = CARTESIAN_POINT('',(8.7,33.25166604984));
#4977 = CARTESIAN_POINT('',(10.65,32.12583302492));
#4978 = CARTESIAN_POINT('',(12.6,31.));
#4979 = CARTESIAN_POINT('',(10.65,29.87416697508));
#4980 = CARTESIAN_POINT('',(8.7,28.74833395016));
#4981 = CARTESIAN_POINT('',(8.7,31.));
#4982 = ( GEOMETRIC_REPRESENTATION_CONTEXT(2) 
PARAMETRIC_REPRESENTATION_CONTEXT() REPRESENTATION_CONTEXT('2D SPACE',''
  ) );
#4983 = PCURVE('',#4984,#4989);
#4984 = CYLINDRICAL_SURFACE('',#4985,1.3);
#4985 = AXIS2_PLACEMENT_3D('',#4986,#4987,#4988);
#4986 = CARTESIAN_POINT('',(10.,31.,-1.));
#4987 = DIRECTION('',(-0.,0.,-1.));
#4988 = DIRECTION('',(-1.,-2.621834373538E-15,0.));
#4989 = DEFINITIONAL_REPRESENTATION('',(#4990),#4994);
#4990 = LINE('',#4991,#4992);
#4991 = CARTESIAN_POINT('',(0.,-1.));
#4992 = VECTOR('',#4993,1.);
#4993 = DIRECTION('',(1.,0.));
#4994 = ( GEOMETRIC_REPRESENTATION_CONTEXT(2) 
PARAMETRIC_REPRESENTATION_CONTEXT() REPRESENTATION_CONTEXT('2D SPACE',''
  ) );
#4995 = ORIENTED_EDGE('',*,*,#4996,.F.);
#4996 = EDGE_CURVE('',#4997,#4964,#4999,.T.);
#4997 = VERTEX_POINT('',#4998);
#4998 = CARTESIAN_POINT('',(11.3,-16.4,0.));
#4999 = SURFACE_CURVE('',#5000,(#5004,#5010),.PCURVE_S1.);
#5000 = LINE('',#5001,#5002);
#5001 = CARTESIAN_POINT('',(11.3,15.5,0.));
#5002 = VECTOR('',#5003,1.);
#5003 = DIRECTION('',(1.110223024625E-16,1.,-0.));
#5004 = PCURVE('',#1428,#5005);
#5005 = DEFINITIONAL_REPRESENTATION('',(#5006),#5009);
#5006 = B_SPLINE_CURVE_WITH_KNOTS('',1,(#5007,#5008),.UNSPECIFIED.,.F.,
  .F.,(2,2),(-31.9,15.5),.PIECEWISE_BEZIER_KNOTS.);
#5007 = CARTESIAN_POINT('',(11.3,-16.4));
#5008 = CARTESIAN_POINT('',(11.3,31.));
#5009 = ( GEOMETRIC_REPRESENTATION_CONTEXT(2) 
PARAMETRIC_REPRESENTATION_CONTEXT() REPRESENTATION_CONTEXT('2D SPACE',''
  ) );
#5010 = PCURVE('',#5011,#5016);
#5011 = PLANE('',#5012);
#5012 = AXIS2_PLACEMENT_3D('',#5013,#5014,#5015);
#5013 = CARTESIAN_POINT('',(11.3,31.,-1.));
#5014 = DIRECTION('',(1.,-1.110223024625E-16,0.));
#5015 = DIRECTION('',(-1.110223024625E-16,-1.,0.));
#5016 = DEFINITIONAL_REPRESENTATION('',(#5017),#5020);
#5017 = B_SPLINE_CURVE_WITH_KNOTS('',1,(#5018,#5019),.UNSPECIFIED.,.F.,
  .F.,(2,2),(-31.9,15.5),.PIECEWISE_BEZIER_KNOTS.);
#5018 = CARTESIAN_POINT('',(47.4,-1.));
#5019 = CARTESIAN_POINT('',(0.,-1.));
#5020 = ( GEOMETRIC_REPRESENTATION_CONTEXT(2) 
PARAMETRIC_REPRESENTATION_CONTEXT() REPRESENTATION_CONTEXT('2D SPACE',''
  ) );
#5021 = ORIENTED_EDGE('',*,*,#5022,.T.);
#5022 = EDGE_CURVE('',#4997,#4938,#5023,.T.);
#5023 = SURFACE_CURVE('',#5024,(#5029,#5040),.PCURVE_S1.);
#5024 = CIRCLE('',#5025,1.3);
#5025 = AXIS2_PLACEMENT_3D('',#5026,#5027,#5028);
#5026 = CARTESIAN_POINT('',(10.,-16.4,0.));
#5027 = DIRECTION('',(0.,0.,-1.));
#5028 = DIRECTION('',(1.,2.621834373538E-15,0.));
#5029 = PCURVE('',#1428,#5030);
#5030 = DEFINITIONAL_REPRESENTATION('',(#5031),#5039);
#5031 = ( BOUNDED_CURVE() B_SPLINE_CURVE(2,(#5032,#5033,#5034,#5035,
#5036,#5037,#5038),.UNSPECIFIED.,.T.,.F.) B_SPLINE_CURVE_WITH_KNOTS((1,2
    ,2,2,2,1),(-2.094395102393,0.,2.094395102393,4.188790204786,
6.28318530718,8.377580409573),.UNSPECIFIED.) CURVE() 
GEOMETRIC_REPRESENTATION_ITEM() RATIONAL_B_SPLINE_CURVE((1.,0.5,1.,0.5,
1.,0.5,1.)) REPRESENTATION_ITEM('') );
#5032 = CARTESIAN_POINT('',(11.3,-16.4));
#5033 = CARTESIAN_POINT('',(11.3,-18.65166604984));
#5034 = CARTESIAN_POINT('',(9.35,-17.52583302492));
#5035 = CARTESIAN_POINT('',(7.4,-16.4));
#5036 = CARTESIAN_POINT('',(9.35,-15.27416697508));
#5037 = CARTESIAN_POINT('',(11.3,-14.14833395016));
#5038 = CARTESIAN_POINT('',(11.3,-16.4));
#5039 = ( GEOMETRIC_REPRESENTATION_CONTEXT(2) 
PARAMETRIC_REPRESENTATION_CONTEXT() REPRESENTATION_CONTEXT('2D SPACE',''
  ) );
#5040 = PCURVE('',#5041,#5046);
#5041 = CYLINDRICAL_SURFACE('',#5042,1.3);
#5042 = AXIS2_PLACEMENT_3D('',#5043,#5044,#5045);
#5043 = CARTESIAN_POINT('',(10.,-16.4,-1.));
#5044 = DIRECTION('',(0.,0.,-1.));
#5045 = DIRECTION('',(1.,2.621834373538E-15,0.));
#5046 = DEFINITIONAL_REPRESENTATION('',(#5047),#5051);
#5047 = LINE('',#5048,#5049);
#5048 = CARTESIAN_POINT('',(0.,-1.));
#5049 = VECTOR('',#5050,1.);
#5050 = DIRECTION('',(1.,0.));
#5051 = ( GEOMETRIC_REPRESENTATION_CONTEXT(2) 
PARAMETRIC_REPRESENTATION_CONTEXT() REPRESENTATION_CONTEXT('2D SPACE',''
  ) );
#5052 = FACE_BOUND('',#5053,.F.);
#5053 = EDGE_LOOP('',(#5054,#5082,#5115,#5141));
#5054 = ORIENTED_EDGE('',*,*,#5055,.F.);
#5055 = EDGE_CURVE('',#5056,#5058,#5060,.T.);
#5056 = VERTEX_POINT('',#5057);
#5057 = CARTESIAN_POINT('',(15.2,31.,0.));
#5058 = VERTEX_POINT('',#5059);
#5059 = CARTESIAN_POINT('',(15.2,-16.4,0.));
#5060 = SURFACE_CURVE('',#5061,(#5065,#5071),.PCURVE_S1.);
#5061 = LINE('',#5062,#5063);
#5062 = CARTESIAN_POINT('',(15.2,-8.2,0.));
#5063 = VECTOR('',#5064,1.);
#5064 = DIRECTION('',(-1.110223024625E-16,-1.,0.));
#5065 = PCURVE('',#1428,#5066);
#5066 = DEFINITIONAL_REPRESENTATION('',(#5067),#5070);
#5067 = B_SPLINE_CURVE_WITH_KNOTS('',1,(#5068,#5069),.UNSPECIFIED.,.F.,
  .F.,(2,2),(-39.2,8.2),.PIECEWISE_BEZIER_KNOTS.);
#5068 = CARTESIAN_POINT('',(15.2,31.));
#5069 = CARTESIAN_POINT('',(15.2,-16.4));
#5070 = ( GEOMETRIC_REPRESENTATION_CONTEXT(2) 
PARAMETRIC_REPRESENTATION_CONTEXT() REPRESENTATION_CONTEXT('2D SPACE',''
  ) );
#5071 = PCURVE('',#5072,#5077);
#5072 = PLANE('',#5073);
#5073 = AXIS2_PLACEMENT_3D('',#5074,#5075,#5076);
#5074 = CARTESIAN_POINT('',(15.2,-16.4,-1.));
#5075 = DIRECTION('',(-1.,1.110223024625E-16,0.));
#5076 = DIRECTION('',(1.110223024625E-16,1.,0.));
#5077 = DEFINITIONAL_REPRESENTATION('',(#5078),#5081);
#5078 = B_SPLINE_CURVE_WITH_KNOTS('',1,(#5079,#5080),.UNSPECIFIED.,.F.,
  .F.,(2,2),(-39.2,8.2),.PIECEWISE_BEZIER_KNOTS.);
#5079 = CARTESIAN_POINT('',(47.4,-1.));
#5080 = CARTESIAN_POINT('',(0.,-1.));
#5081 = ( GEOMETRIC_REPRESENTATION_CONTEXT(2) 
PARAMETRIC_REPRESENTATION_CONTEXT() REPRESENTATION_CONTEXT('2D SPACE',''
  ) );
#5082 = ORIENTED_EDGE('',*,*,#5083,.T.);
#5083 = EDGE_CURVE('',#5056,#5084,#5086,.T.);
#5084 = VERTEX_POINT('',#5085);
#5085 = CARTESIAN_POINT('',(17.8,31.,0.));
#5086 = SURFACE_CURVE('',#5087,(#5092,#5103),.PCURVE_S1.);
#5087 = CIRCLE('',#5088,1.3);
#5088 = AXIS2_PLACEMENT_3D('',#5089,#5090,#5091);
#5089 = CARTESIAN_POINT('',(16.5,31.,0.));
#5090 = DIRECTION('',(-0.,0.,-1.));
#5091 = DIRECTION('',(-1.,-2.621834373538E-15,0.));
#5092 = PCURVE('',#1428,#5093);
#5093 = DEFINITIONAL_REPRESENTATION('',(#5094),#5102);
#5094 = ( BOUNDED_CURVE() B_SPLINE_CURVE(2,(#5095,#5096,#5097,#5098,
#5099,#5100,#5101),.UNSPECIFIED.,.T.,.F.) B_SPLINE_CURVE_WITH_KNOTS((1,2
    ,2,2,2,1),(-2.094395102393,0.,2.094395102393,4.188790204786,
6.28318530718,8.377580409573),.UNSPECIFIED.) CURVE() 
GEOMETRIC_REPRESENTATION_ITEM() RATIONAL_B_SPLINE_CURVE((1.,0.5,1.,0.5,
1.,0.5,1.)) REPRESENTATION_ITEM('') );
#5095 = CARTESIAN_POINT('',(15.2,31.));
#5096 = CARTESIAN_POINT('',(15.2,33.25166604984));
#5097 = CARTESIAN_POINT('',(17.15,32.12583302492));
#5098 = CARTESIAN_POINT('',(19.1,31.));
#5099 = CARTESIAN_POINT('',(17.15,29.87416697508));
#5100 = CARTESIAN_POINT('',(15.2,28.74833395016));
#5101 = CARTESIAN_POINT('',(15.2,31.));
#5102 = ( GEOMETRIC_REPRESENTATION_CONTEXT(2) 
PARAMETRIC_REPRESENTATION_CONTEXT() REPRESENTATION_CONTEXT('2D SPACE',''
  ) );
#5103 = PCURVE('',#5104,#5109);
#5104 = CYLINDRICAL_SURFACE('',#5105,1.3);
#5105 = AXIS2_PLACEMENT_3D('',#5106,#5107,#5108);
#5106 = CARTESIAN_POINT('',(16.5,31.,-1.));
#5107 = DIRECTION('',(-0.,0.,-1.));
#5108 = DIRECTION('',(-1.,-2.621834373538E-15,0.));
#5109 = DEFINITIONAL_REPRESENTATION('',(#5110),#5114);
#5110 = LINE('',#5111,#5112);
#5111 = CARTESIAN_POINT('',(0.,-1.));
#5112 = VECTOR('',#5113,1.);
#5113 = DIRECTION('',(1.,0.));
#5114 = ( GEOMETRIC_REPRESENTATION_CONTEXT(2) 
PARAMETRIC_REPRESENTATION_CONTEXT() REPRESENTATION_CONTEXT('2D SPACE',''
  ) );
#5115 = ORIENTED_EDGE('',*,*,#5116,.F.);
#5116 = EDGE_CURVE('',#5117,#5084,#5119,.T.);
#5117 = VERTEX_POINT('',#5118);
#5118 = CARTESIAN_POINT('',(17.8,-16.4,0.));
#5119 = SURFACE_CURVE('',#5120,(#5124,#5130),.PCURVE_S1.);
#5120 = LINE('',#5121,#5122);
#5121 = CARTESIAN_POINT('',(17.8,15.5,0.));
#5122 = VECTOR('',#5123,1.);
#5123 = DIRECTION('',(1.110223024625E-16,1.,-0.));
#5124 = PCURVE('',#1428,#5125);
#5125 = DEFINITIONAL_REPRESENTATION('',(#5126),#5129);
#5126 = B_SPLINE_CURVE_WITH_KNOTS('',1,(#5127,#5128),.UNSPECIFIED.,.F.,
  .F.,(2,2),(-31.9,15.5),.PIECEWISE_BEZIER_KNOTS.);
#5127 = CARTESIAN_POINT('',(17.8,-16.4));
#5128 = CARTESIAN_POINT('',(17.8,31.));
#5129 = ( GEOMETRIC_REPRESENTATION_CONTEXT(2) 
PARAMETRIC_REPRESENTATION_CONTEXT() REPRESENTATION_CONTEXT('2D SPACE',''
  ) );
#5130 = PCURVE('',#5131,#5136);
#5131 = PLANE('',#5132);
#5132 = AXIS2_PLACEMENT_3D('',#5133,#5134,#5135);
#5133 = CARTESIAN_POINT('',(17.8,31.,-1.));
#5134 = DIRECTION('',(1.,-1.110223024625E-16,0.));
#5135 = DIRECTION('',(-1.110223024625E-16,-1.,0.));
#5136 = DEFINITIONAL_REPRESENTATION('',(#5137),#5140);
#5137 = B_SPLINE_CURVE_WITH_KNOTS('',1,(#5138,#5139),.UNSPECIFIED.,.F.,
  .F.,(2,2),(-31.9,15.5),.PIECEWISE_BEZIER_KNOTS.);
#5138 = CARTESIAN_POINT('',(47.4,-1.));
#5139 = CARTESIAN_POINT('',(0.,-1.));
#5140 = ( GEOMETRIC_REPRESENTATION_CONTEXT(2) 
PARAMETRIC_REPRESENTATION_CONTEXT() REPRESENTATION_CONTEXT('2D SPACE',''
  ) );
#5141 = ORIENTED_EDGE('',*,*,#5142,.T.);
#5142 = EDGE_CURVE('',#5117,#5058,#5143,.T.);
#5143 = SURFACE_CURVE('',#5144,(#5149,#5160),.PCURVE_S1.);
#5144 = CIRCLE('',#5145,1.3);
#5145 = AXIS2_PLACEMENT_3D('',#5146,#5147,#5148);
#5146 = CARTESIAN_POINT('',(16.5,-16.4,0.));
#5147 = DIRECTION('',(0.,0.,-1.));
#5148 = DIRECTION('',(1.,2.621834373538E-15,0.));
#5149 = PCURVE('',#1428,#5150);
#5150 = DEFINITIONAL_REPRESENTATION('',(#5151),#5159);
#5151 = ( BOUNDED_CURVE() B_SPLINE_CURVE(2,(#5152,#5153,#5154,#5155,
#5156,#5157,#5158),.UNSPECIFIED.,.T.,.F.) B_SPLINE_CURVE_WITH_KNOTS((1,2
    ,2,2,2,1),(-2.094395102393,0.,2.094395102393,4.188790204786,
6.28318530718,8.377580409573),.UNSPECIFIED.) CURVE() 
GEOMETRIC_REPRESENTATION_ITEM() RATIONAL_B_SPLINE_CURVE((1.,0.5,1.,0.5,
1.,0.5,1.)) REPRESENTATION_ITEM('') );
#5152 = CARTESIAN_POINT('',(17.8,-16.4));
#5153 = CARTESIAN_POINT('',(17.8,-18.65166604984));
#5154 = CARTESIAN_POINT('',(15.85,-17.52583302492));
#5155 = CARTESIAN_POINT('',(13.9,-16.4));
#5156 = CARTESIAN_POINT('',(15.85,-15.27416697508));
#5157 = CARTESIAN_POINT('',(17.8,-14.14833395016));
#5158 = CARTESIAN_POINT('',(17.8,-16.4));
#5159 = ( GEOMETRIC_REPRESENTATION_CONTEXT(2) 
PARAMETRIC_REPRESENTATION_CONTEXT() REPRESENTATION_CONTEXT('2D SPACE',''
  ) );
#5160 = PCURVE('',#5161,#5166);
#5161 = CYLINDRICAL_SURFACE('',#5162,1.3);
#5162 = AXIS2_PLACEMENT_3D('',#5163,#5164,#5165);
#5163 = CARTESIAN_POINT('',(16.5,-16.4,-1.));
#5164 = DIRECTION('',(0.,0.,-1.));
#5165 = DIRECTION('',(1.,2.621834373538E-15,0.));
#5166 = DEFINITIONAL_REPRESENTATION('',(#5167),#5171);
#5167 = LINE('',#5168,#5169);
#5168 = CARTESIAN_POINT('',(0.,-1.));
#5169 = VECTOR('',#5170,1.);
#5170 = DIRECTION('',(1.,0.));
#5171 = ( GEOMETRIC_REPRESENTATION_CONTEXT(2) 
PARAMETRIC_REPRESENTATION_CONTEXT() REPRESENTATION_CONTEXT('2D SPACE',''
  ) );
#5172 = FACE_BOUND('',#5173,.F.);
#5173 = EDGE_LOOP('',(#5174,#5202,#5235,#5261));
#5174 = ORIENTED_EDGE('',*,*,#5175,.F.);
#5175 = EDGE_CURVE('',#5176,#5178,#5180,.T.);
#5176 = VERTEX_POINT('',#5177);
#5177 = CARTESIAN_POINT('',(21.7,31.,0.));
#5178 = VERTEX_POINT('',#5179);
#5179 = CARTESIAN_POINT('',(21.7,-16.4,0.));
#5180 = SURFACE_CURVE('',#5181,(#5185,#5191),.PCURVE_S1.);
#5181 = LINE('',#5182,#5183);
#5182 = CARTESIAN_POINT('',(21.7,-8.2,0.));
#5183 = VECTOR('',#5184,1.);
#5184 = DIRECTION('',(-1.110223024625E-16,-1.,0.));
#5185 = PCURVE('',#1428,#5186);
#5186 = DEFINITIONAL_REPRESENTATION('',(#5187),#5190);
#5187 = B_SPLINE_CURVE_WITH_KNOTS('',1,(#5188,#5189),.UNSPECIFIED.,.F.,
  .F.,(2,2),(-39.2,8.2),.PIECEWISE_BEZIER_KNOTS.);
#5188 = CARTESIAN_POINT('',(21.7,31.));
#5189 = CARTESIAN_POINT('',(21.7,-16.4));
#5190 = ( GEOMETRIC_REPRESENTATION_CONTEXT(2) 
PARAMETRIC_REPRESENTATION_CONTEXT() REPRESENTATION_CONTEXT('2D SPACE',''
  ) );
#5191 = PCURVE('',#5192,#5197);
#5192 = PLANE('',#5193);
#5193 = AXIS2_PLACEMENT_3D('',#5194,#5195,#5196);
#5194 = CARTESIAN_POINT('',(21.7,-16.4,-1.));
#5195 = DIRECTION('',(-1.,1.110223024625E-16,0.));
#5196 = DIRECTION('',(1.110223024625E-16,1.,0.));
#5197 = DEFINITIONAL_REPRESENTATION('',(#5198),#5201);
#5198 = B_SPLINE_CURVE_WITH_KNOTS('',1,(#5199,#5200),.UNSPECIFIED.,.F.,
  .F.,(2,2),(-39.2,8.2),.PIECEWISE_BEZIER_KNOTS.);
#5199 = CARTESIAN_POINT('',(47.4,-1.));
#5200 = CARTESIAN_POINT('',(0.,-1.));
#5201 = ( GEOMETRIC_REPRESENTATION_CONTEXT(2) 
PARAMETRIC_REPRESENTATION_CONTEXT() REPRESENTATION_CONTEXT('2D SPACE',''
  ) );
#5202 = ORIENTED_EDGE('',*,*,#5203,.T.);
#5203 = EDGE_CURVE('',#5176,#5204,#5206,.T.);
#5204 = VERTEX_POINT('',#5205);
#5205 = CARTESIAN_POINT('',(24.3,31.,0.));
#5206 = SURFACE_CURVE('',#5207,(#5212,#5223),.PCURVE_S1.);
#5207 = CIRCLE('',#5208,1.3);
#5208 = AXIS2_PLACEMENT_3D('',#5209,#5210,#5211);
#5209 = CARTESIAN_POINT('',(23.,31.,0.));
#5210 = DIRECTION('',(-0.,0.,-1.));
#5211 = DIRECTION('',(-1.,-2.621834373538E-15,0.));
#5212 = PCURVE('',#1428,#5213);
#5213 = DEFINITIONAL_REPRESENTATION('',(#5214),#5222);
#5214 = ( BOUNDED_CURVE() B_SPLINE_CURVE(2,(#5215,#5216,#5217,#5218,
#5219,#5220,#5221),.UNSPECIFIED.,.T.,.F.) B_SPLINE_CURVE_WITH_KNOTS((1,2
    ,2,2,2,1),(-2.094395102393,0.,2.094395102393,4.188790204786,
6.28318530718,8.377580409573),.UNSPECIFIED.) CURVE() 
GEOMETRIC_REPRESENTATION_ITEM() RATIONAL_B_SPLINE_CURVE((1.,0.5,1.,0.5,
1.,0.5,1.)) REPRESENTATION_ITEM('') );
#5215 = CARTESIAN_POINT('',(21.7,31.));
#5216 = CARTESIAN_POINT('',(21.7,33.25166604984));
#5217 = CARTESIAN_POINT('',(23.65,32.12583302492));
#5218 = CARTESIAN_POINT('',(25.6,31.));
#5219 = CARTESIAN_POINT('',(23.65,29.87416697508));
#5220 = CARTESIAN_POINT('',(21.7,28.74833395016));
#5221 = CARTESIAN_POINT('',(21.7,31.));
#5222 = ( GEOMETRIC_REPRESENTATION_CONTEXT(2) 
PARAMETRIC_REPRESENTATION_CONTEXT() REPRESENTATION_CONTEXT('2D SPACE',''
  ) );
#5223 = PCURVE('',#5224,#5229);
#5224 = CYLINDRICAL_SURFACE('',#5225,1.3);
#5225 = AXIS2_PLACEMENT_3D('',#5226,#5227,#5228);
#5226 = CARTESIAN_POINT('',(23.,31.,-1.));
#5227 = DIRECTION('',(-0.,0.,-1.));
#5228 = DIRECTION('',(-1.,-2.621834373538E-15,0.));
#5229 = DEFINITIONAL_REPRESENTATION('',(#5230),#5234);
#5230 = LINE('',#5231,#5232);
#5231 = CARTESIAN_POINT('',(0.,-1.));
#5232 = VECTOR('',#5233,1.);
#5233 = DIRECTION('',(1.,0.));
#5234 = ( GEOMETRIC_REPRESENTATION_CONTEXT(2) 
PARAMETRIC_REPRESENTATION_CONTEXT() REPRESENTATION_CONTEXT('2D SPACE',''
  ) );
#5235 = ORIENTED_EDGE('',*,*,#5236,.F.);
#5236 = EDGE_CURVE('',#5237,#5204,#5239,.T.);
#5237 = VERTEX_POINT('',#5238);
#5238 = CARTESIAN_POINT('',(24.3,-16.4,0.));
#5239 = SURFACE_CURVE('',#5240,(#5244,#5250),.PCURVE_S1.);
#5240 = LINE('',#5241,#5242);
#5241 = CARTESIAN_POINT('',(24.3,15.5,0.));
#5242 = VECTOR('',#5243,1.);
#5243 = DIRECTION('',(1.110223024625E-16,1.,-0.));
#5244 = PCURVE('',#1428,#5245);
#5245 = DEFINITIONAL_REPRESENTATION('',(#5246),#5249);
#5246 = B_SPLINE_CURVE_WITH_KNOTS('',1,(#5247,#5248),.UNSPECIFIED.,.F.,
  .F.,(2,2),(-31.9,15.5),.PIECEWISE_BEZIER_KNOTS.);
#5247 = CARTESIAN_POINT('',(24.3,-16.4));
#5248 = CARTESIAN_POINT('',(24.3,31.));
#5249 = ( GEOMETRIC_REPRESENTATION_CONTEXT(2) 
PARAMETRIC_REPRESENTATION_CONTEXT() REPRESENTATION_CONTEXT('2D SPACE',''
  ) );
#5250 = PCURVE('',#5251,#5256);
#5251 = PLANE('',#5252);
#5252 = AXIS2_PLACEMENT_3D('',#5253,#5254,#5255);
#5253 = CARTESIAN_POINT('',(24.3,31.,-1.));
#5254 = DIRECTION('',(1.,-1.110223024625E-16,0.));
#5255 = DIRECTION('',(-1.110223024625E-16,-1.,0.));
#5256 = DEFINITIONAL_REPRESENTATION('',(#5257),#5260);
#5257 = B_SPLINE_CURVE_WITH_KNOTS('',1,(#5258,#5259),.UNSPECIFIED.,.F.,
  .F.,(2,2),(-31.9,15.5),.PIECEWISE_BEZIER_KNOTS.);
#5258 = CARTESIAN_POINT('',(47.4,-1.));
#5259 = CARTESIAN_POINT('',(0.,-1.));
#5260 = ( GEOMETRIC_REPRESENTATION_CONTEXT(2) 
PARAMETRIC_REPRESENTATION_CONTEXT() REPRESENTATION_CONTEXT('2D SPACE',''
  ) );
#5261 = ORIENTED_EDGE('',*,*,#5262,.T.);
#5262 = EDGE_CURVE('',#5237,#5178,#5263,.T.);
#5263 = SURFACE_CURVE('',#5264,(#5269,#5280),.PCURVE_S1.);
#5264 = CIRCLE('',#5265,1.3);
#5265 = AXIS2_PLACEMENT_3D('',#5266,#5267,#5268);
#5266 = CARTESIAN_POINT('',(23.,-16.4,0.));
#5267 = DIRECTION('',(0.,0.,-1.));
#5268 = DIRECTION('',(1.,2.621834373538E-15,0.));
#5269 = PCURVE('',#1428,#5270);
#5270 = DEFINITIONAL_REPRESENTATION('',(#5271),#5279);
#5271 = ( BOUNDED_CURVE() B_SPLINE_CURVE(2,(#5272,#5273,#5274,#5275,
#5276,#5277,#5278),.UNSPECIFIED.,.T.,.F.) B_SPLINE_CURVE_WITH_KNOTS((1,2
    ,2,2,2,1),(-2.094395102393,0.,2.094395102393,4.188790204786,
6.28318530718,8.377580409573),.UNSPECIFIED.) CURVE() 
GEOMETRIC_REPRESENTATION_ITEM() RATIONAL_B_SPLINE_CURVE((1.,0.5,1.,0.5,
1.,0.5,1.)) REPRESENTATION_ITEM('') );
#5272 = CARTESIAN_POINT('',(24.3,-16.4));
#5273 = CARTESIAN_POINT('',(24.3,-18.65166604984));
#5274 = CARTESIAN_POINT('',(22.35,-17.52583302492));
#5275 = CARTESIAN_POINT('',(20.4,-16.4));
#5276 = CARTESIAN_POINT('',(22.35,-15.27416697508));
#5277 = CARTESIAN_POINT('',(24.3,-14.14833395016));
#5278 = CARTESIAN_POINT('',(24.3,-16.4));
#5279 = ( GEOMETRIC_REPRESENTATION_CONTEXT(2) 
PARAMETRIC_REPRESENTATION_CONTEXT() REPRESENTATION_CONTEXT('2D SPACE',''
  ) );
#5280 = PCURVE('',#5281,#5286);
#5281 = CYLINDRICAL_SURFACE('',#5282,1.3);
#5282 = AXIS2_PLACEMENT_3D('',#5283,#5284,#5285);
#5283 = CARTESIAN_POINT('',(23.,-16.4,-1.));
#5284 = DIRECTION('',(0.,0.,-1.));
#5285 = DIRECTION('',(1.,2.621834373538E-15,0.));
#5286 = DEFINITIONAL_REPRESENTATION('',(#5287),#5291);
#5287 = LINE('',#5288,#5289);
#5288 = CARTESIAN_POINT('',(0.,-1.));
#5289 = VECTOR('',#5290,1.);
#5290 = DIRECTION('',(1.,0.));
#5291 = ( GEOMETRIC_REPRESENTATION_CONTEXT(2) 
PARAMETRIC_REPRESENTATION_CONTEXT() REPRESENTATION_CONTEXT('2D SPACE',''
  ) );
#5292 = FACE_BOUND('',#5293,.F.);
#5293 = EDGE_LOOP('',(#5294,#5322,#5355,#5381));
#5294 = ORIENTED_EDGE('',*,*,#5295,.F.);
#5295 = EDGE_CURVE('',#5296,#5298,#5300,.T.);
#5296 = VERTEX_POINT('',#5297);
#5297 = CARTESIAN_POINT('',(28.2,31.,0.));
#5298 = VERTEX_POINT('',#5299);
#5299 = CARTESIAN_POINT('',(28.2,-16.4,0.));
#5300 = SURFACE_CURVE('',#5301,(#5305,#5311),.PCURVE_S1.);
#5301 = LINE('',#5302,#5303);
#5302 = CARTESIAN_POINT('',(28.2,-8.2,0.));
#5303 = VECTOR('',#5304,1.);
#5304 = DIRECTION('',(-1.110223024625E-16,-1.,0.));
#5305 = PCURVE('',#1428,#5306);
#5306 = DEFINITIONAL_REPRESENTATION('',(#5307),#5310);
#5307 = B_SPLINE_CURVE_WITH_KNOTS('',1,(#5308,#5309),.UNSPECIFIED.,.F.,
  .F.,(2,2),(-39.2,8.2),.PIECEWISE_BEZIER_KNOTS.);
#5308 = CARTESIAN_POINT('',(28.2,31.));
#5309 = CARTESIAN_POINT('',(28.2,-16.4));
#5310 = ( GEOMETRIC_REPRESENTATION_CONTEXT(2) 
PARAMETRIC_REPRESENTATION_CONTEXT() REPRESENTATION_CONTEXT('2D SPACE',''
  ) );
#5311 = PCURVE('',#5312,#5317);
#5312 = PLANE('',#5313);
#5313 = AXIS2_PLACEMENT_3D('',#5314,#5315,#5316);
#5314 = CARTESIAN_POINT('',(28.2,-16.4,-1.));
#5315 = DIRECTION('',(-1.,1.110223024625E-16,0.));
#5316 = DIRECTION('',(1.110223024625E-16,1.,0.));
#5317 = DEFINITIONAL_REPRESENTATION('',(#5318),#5321);
#5318 = B_SPLINE_CURVE_WITH_KNOTS('',1,(#5319,#5320),.UNSPECIFIED.,.F.,
  .F.,(2,2),(-39.2,8.2),.PIECEWISE_BEZIER_KNOTS.);
#5319 = CARTESIAN_POINT('',(47.4,-1.));
#5320 = CARTESIAN_POINT('',(0.,-1.));
#5321 = ( GEOMETRIC_REPRESENTATION_CONTEXT(2) 
PARAMETRIC_REPRESENTATION_CONTEXT() REPRESENTATION_CONTEXT('2D SPACE',''
  ) );
#5322 = ORIENTED_EDGE('',*,*,#5323,.T.);
#5323 = EDGE_CURVE('',#5296,#5324,#5326,.T.);
#5324 = VERTEX_POINT('',#5325);
#5325 = CARTESIAN_POINT('',(30.8,31.,0.));
#5326 = SURFACE_CURVE('',#5327,(#5332,#5343),.PCURVE_S1.);
#5327 = CIRCLE('',#5328,1.3);
#5328 = AXIS2_PLACEMENT_3D('',#5329,#5330,#5331);
#5329 = CARTESIAN_POINT('',(29.5,31.,0.));
#5330 = DIRECTION('',(-0.,0.,-1.));
#5331 = DIRECTION('',(-1.,-2.621834373538E-15,0.));
#5332 = PCURVE('',#1428,#5333);
#5333 = DEFINITIONAL_REPRESENTATION('',(#5334),#5342);
#5334 = ( BOUNDED_CURVE() B_SPLINE_CURVE(2,(#5335,#5336,#5337,#5338,
#5339,#5340,#5341),.UNSPECIFIED.,.T.,.F.) B_SPLINE_CURVE_WITH_KNOTS((1,2
    ,2,2,2,1),(-2.094395102393,0.,2.094395102393,4.188790204786,
6.28318530718,8.377580409573),.UNSPECIFIED.) CURVE() 
GEOMETRIC_REPRESENTATION_ITEM() RATIONAL_B_SPLINE_CURVE((1.,0.5,1.,0.5,
1.,0.5,1.)) REPRESENTATION_ITEM('') );
#5335 = CARTESIAN_POINT('',(28.2,31.));
#5336 = CARTESIAN_POINT('',(28.2,33.25166604984));
#5337 = CARTESIAN_POINT('',(30.15,32.12583302492));
#5338 = CARTESIAN_POINT('',(32.1,31.));
#5339 = CARTESIAN_POINT('',(30.15,29.87416697508));
#5340 = CARTESIAN_POINT('',(28.2,28.74833395016));
#5341 = CARTESIAN_POINT('',(28.2,31.));
#5342 = ( GEOMETRIC_REPRESENTATION_CONTEXT(2) 
PARAMETRIC_REPRESENTATION_CONTEXT() REPRESENTATION_CONTEXT('2D SPACE',''
  ) );
#5343 = PCURVE('',#5344,#5349);
#5344 = CYLINDRICAL_SURFACE('',#5345,1.3);
#5345 = AXIS2_PLACEMENT_3D('',#5346,#5347,#5348);
#5346 = CARTESIAN_POINT('',(29.5,31.,-1.));
#5347 = DIRECTION('',(-0.,0.,-1.));
#5348 = DIRECTION('',(-1.,-2.621834373538E-15,0.));
#5349 = DEFINITIONAL_REPRESENTATION('',(#5350),#5354);
#5350 = LINE('',#5351,#5352);
#5351 = CARTESIAN_POINT('',(0.,-1.));
#5352 = VECTOR('',#5353,1.);
#5353 = DIRECTION('',(1.,0.));
#5354 = ( GEOMETRIC_REPRESENTATION_CONTEXT(2) 
PARAMETRIC_REPRESENTATION_CONTEXT() REPRESENTATION_CONTEXT('2D SPACE',''
  ) );
#5355 = ORIENTED_EDGE('',*,*,#5356,.F.);
#5356 = EDGE_CURVE('',#5357,#5324,#5359,.T.);
#5357 = VERTEX_POINT('',#5358);
#5358 = CARTESIAN_POINT('',(30.8,-16.4,0.));
#5359 = SURFACE_CURVE('',#5360,(#5364,#5370),.PCURVE_S1.);
#5360 = LINE('',#5361,#5362);
#5361 = CARTESIAN_POINT('',(30.8,15.5,0.));
#5362 = VECTOR('',#5363,1.);
#5363 = DIRECTION('',(1.110223024625E-16,1.,-0.));
#5364 = PCURVE('',#1428,#5365);
#5365 = DEFINITIONAL_REPRESENTATION('',(#5366),#5369);
#5366 = B_SPLINE_CURVE_WITH_KNOTS('',1,(#5367,#5368),.UNSPECIFIED.,.F.,
  .F.,(2,2),(-31.9,15.5),.PIECEWISE_BEZIER_KNOTS.);
#5367 = CARTESIAN_POINT('',(30.8,-16.4));
#5368 = CARTESIAN_POINT('',(30.8,31.));
#5369 = ( GEOMETRIC_REPRESENTATION_CONTEXT(2) 
PARAMETRIC_REPRESENTATION_CONTEXT() REPRESENTATION_CONTEXT('2D SPACE',''
  ) );
#5370 = PCURVE('',#5371,#5376);
#5371 = PLANE('',#5372);
#5372 = AXIS2_PLACEMENT_3D('',#5373,#5374,#5375);
#5373 = CARTESIAN_POINT('',(30.8,31.,-1.));
#5374 = DIRECTION('',(1.,-1.110223024625E-16,0.));
#5375 = DIRECTION('',(-1.110223024625E-16,-1.,0.));
#5376 = DEFINITIONAL_REPRESENTATION('',(#5377),#5380);
#5377 = B_SPLINE_CURVE_WITH_KNOTS('',1,(#5378,#5379),.UNSPECIFIED.,.F.,
  .F.,(2,2),(-31.9,15.5),.PIECEWISE_BEZIER_KNOTS.);
#5378 = CARTESIAN_POINT('',(47.4,-1.));
#5379 = CARTESIAN_POINT('',(0.,-1.));
#5380 = ( GEOMETRIC_REPRESENTATION_CONTEXT(2) 
PARAMETRIC_REPRESENTATION_CONTEXT() REPRESENTATION_CONTEXT('2D SPACE',''
  ) );
#5381 = ORIENTED_EDGE('',*,*,#5382,.T.);
#5382 = EDGE_CURVE('',#5357,#5298,#5383,.T.);
#5383 = SURFACE_CURVE('',#5384,(#5389,#5400),.PCURVE_S1.);
#5384 = CIRCLE('',#5385,1.3);
#5385 = AXIS2_PLACEMENT_3D('',#5386,#5387,#5388);
#5386 = CARTESIAN_POINT('',(29.5,-16.4,0.));
#5387 = DIRECTION('',(0.,0.,-1.));
#5388 = DIRECTION('',(1.,2.621834373538E-15,0.));
#5389 = PCURVE('',#1428,#5390);
#5390 = DEFINITIONAL_REPRESENTATION('',(#5391),#5399);
#5391 = ( BOUNDED_CURVE() B_SPLINE_CURVE(2,(#5392,#5393,#5394,#5395,
#5396,#5397,#5398),.UNSPECIFIED.,.T.,.F.) B_SPLINE_CURVE_WITH_KNOTS((1,2
    ,2,2,2,1),(-2.094395102393,0.,2.094395102393,4.188790204786,
6.28318530718,8.377580409573),.UNSPECIFIED.) CURVE() 
GEOMETRIC_REPRESENTATION_ITEM() RATIONAL_B_SPLINE_CURVE((1.,0.5,1.,0.5,
1.,0.5,1.)) REPRESENTATION_ITEM('') );
#5392 = CARTESIAN_POINT('',(30.8,-16.4));
#5393 = CARTESIAN_POINT('',(30.8,-18.65166604984));
#5394 = CARTESIAN_POINT('',(28.85,-17.52583302492));
#5395 = CARTESIAN_POINT('',(26.9,-16.4));
#5396 = CARTESIAN_POINT('',(28.85,-15.27416697508));
#5397 = CARTESIAN_POINT('',(30.8,-14.14833395016));
#5398 = CARTESIAN_POINT('',(30.8,-16.4));
#5399 = ( GEOMETRIC_REPRESENTATION_CONTEXT(2) 
PARAMETRIC_REPRESENTATION_CONTEXT() REPRESENTATION_CONTEXT('2D SPACE',''
  ) );
#5400 = PCURVE('',#5401,#5406);
#5401 = CYLINDRICAL_SURFACE('',#5402,1.3);
#5402 = AXIS2_PLACEMENT_3D('',#5403,#5404,#5405);
#5403 = CARTESIAN_POINT('',(29.5,-16.4,-1.));
#5404 = DIRECTION('',(0.,0.,-1.));
#5405 = DIRECTION('',(1.,2.621834373538E-15,0.));
#5406 = DEFINITIONAL_REPRESENTATION('',(#5407),#5411);
#5407 = LINE('',#5408,#5409);
#5408 = CARTESIAN_POINT('',(0.,-1.));
#5409 = VECTOR('',#5410,1.);
#5410 = DIRECTION('',(1.,0.));
#5411 = ( GEOMETRIC_REPRESENTATION_CONTEXT(2) 
PARAMETRIC_REPRESENTATION_CONTEXT() REPRESENTATION_CONTEXT('2D SPACE',''
  ) );
#5412 = FACE_BOUND('',#5413,.F.);
#5413 = EDGE_LOOP('',(#5414));
#5414 = ORIENTED_EDGE('',*,*,#5415,.T.);
#5415 = EDGE_CURVE('',#5416,#5416,#5418,.T.);
#5416 = VERTEX_POINT('',#5417);
#5417 = CARTESIAN_POINT('',(43.2,38.,0.));
#5418 = SURFACE_CURVE('',#5419,(#5424,#5435),.PCURVE_S1.);
#5419 = CIRCLE('',#5420,5.2);
#5420 = AXIS2_PLACEMENT_3D('',#5421,#5422,#5423);
#5421 = CARTESIAN_POINT('',(38.,38.,0.));
#5422 = DIRECTION('',(0.,0.,-1.));
#5423 = DIRECTION('',(1.,0.,0.));
#5424 = PCURVE('',#1428,#5425);
#5425 = DEFINITIONAL_REPRESENTATION('',(#5426),#5434);
#5426 = ( BOUNDED_CURVE() B_SPLINE_CURVE(2,(#5427,#5428,#5429,#5430,
#5431,#5432,#5433),.UNSPECIFIED.,.T.,.F.) B_SPLINE_CURVE_WITH_KNOTS((1,2
    ,2,2,2,1),(-2.094395102393,0.,2.094395102393,4.188790204786,
6.28318530718,8.377580409573),.UNSPECIFIED.) CURVE() 
GEOMETRIC_REPRESENTATION_ITEM() RATIONAL_B_SPLINE_CURVE((1.,0.5,1.,0.5,
1.,0.5,1.)) REPRESENTATION_ITEM('') );
#5427 = CARTESIAN_POINT('',(43.2,38.));
#5428 = CARTESIAN_POINT('',(43.2,28.993335800642));
#5429 = CARTESIAN_POINT('',(35.4,33.496667900321));
#5430 = CARTESIAN_POINT('',(27.6,38.));
#5431 = CARTESIAN_POINT('',(35.4,42.503332099679));
#5432 = CARTESIAN_POINT('',(43.2,47.006664199358));
#5433 = CARTESIAN_POINT('',(43.2,38.));
#5434 = ( GEOMETRIC_REPRESENTATION_CONTEXT(2) 
PARAMETRIC_REPRESENTATION_CONTEXT() REPRESENTATION_CONTEXT('2D SPACE',''
  ) );
#5435 = PCURVE('',#5436,#5441);
#5436 = CYLINDRICAL_SURFACE('',#5437,5.2);
#5437 = AXIS2_PLACEMENT_3D('',#5438,#5439,#5440);
#5438 = CARTESIAN_POINT('',(38.,38.,-1.));
#5439 = DIRECTION('',(-0.,-0.,-1.));
#5440 = DIRECTION('',(1.,0.,0.));
#5441 = DEFINITIONAL_REPRESENTATION('',(#5442),#5446);
#5442 = LINE('',#5443,#5444);
#5443 = CARTESIAN_POINT('',(-6.28318530718,-1.));
#5444 = VECTOR('',#5445,1.);
#5445 = DIRECTION('',(1.,-0.));
#5446 = ( GEOMETRIC_REPRESENTATION_CONTEXT(2) 
PARAMETRIC_REPRESENTATION_CONTEXT() REPRESENTATION_CONTEXT('2D SPACE',''
  ) );
#5447 = ADVANCED_FACE('',(#5448),#1455,.F.);
#5448 = FACE_BOUND('',#5449,.T.);
#5449 = EDGE_LOOP('',(#5450,#5451,#5452,#5474));
#5450 = ORIENTED_EDGE('',*,*,#3773,.F.);
#5451 = ORIENTED_EDGE('',*,*,#1440,.F.);
#5452 = ORIENTED_EDGE('',*,*,#5453,.T.);
#5453 = EDGE_CURVE('',#1441,#1467,#5454,.T.);
#5454 = SURFACE_CURVE('',#5455,(#5460,#5467),.PCURVE_S1.);
#5455 = CIRCLE('',#5456,3.);
#5456 = AXIS2_PLACEMENT_3D('',#5457,#5458,#5459);
#5457 = CARTESIAN_POINT('',(-47.,-47.,25.));
#5458 = DIRECTION('',(0.,0.,1.));
#5459 = DIRECTION('',(-0.371611781858,-0.928388218142,0.));
#5460 = PCURVE('',#1455,#5461);
#5461 = DEFINITIONAL_REPRESENTATION('',(#5462),#5466);
#5462 = LINE('',#5463,#5464);
#5463 = CARTESIAN_POINT('',(-4.331644454011,-26.));
#5464 = VECTOR('',#5465,1.);
#5465 = DIRECTION('',(-1.,0.));
#5466 = ( GEOMETRIC_REPRESENTATION_CONTEXT(2) 
PARAMETRIC_REPRESENTATION_CONTEXT() REPRESENTATION_CONTEXT('2D SPACE',''
  ) );
#5467 = PCURVE('',#1483,#5468);
#5468 = DEFINITIONAL_REPRESENTATION('',(#5469),#5473);
#5469 = CIRCLE('',#5470,3.);
#5470 = AXIS2_PLACEMENT_2D('',#5471,#5472);
#5471 = CARTESIAN_POINT('',(0.,-7.105427357601E-15));
#5472 = DIRECTION('',(-0.371611781858,-0.928388218142));
#5473 = ( GEOMETRIC_REPRESENTATION_CONTEXT(2) 
PARAMETRIC_REPRESENTATION_CONTEXT() REPRESENTATION_CONTEXT('2D SPACE',''
  ) );
#5474 = ORIENTED_EDGE('',*,*,#1499,.T.);
#5475 = ADVANCED_FACE('',(#5476,#5480),#1483,.F.);
#5476 = FACE_BOUND('',#5477,.F.);
#5477 = EDGE_LOOP('',(#5478,#5479));
#5478 = ORIENTED_EDGE('',*,*,#5453,.T.);
#5479 = ORIENTED_EDGE('',*,*,#1466,.F.);
#5480 = FACE_BOUND('',#5481,.F.);
#5481 = EDGE_LOOP('',(#5482));
#5482 = ORIENTED_EDGE('',*,*,#5483,.T.);
#5483 = EDGE_CURVE('',#5484,#5484,#5486,.T.);
#5484 = VERTEX_POINT('',#5485);
#5485 = CARTESIAN_POINT('',(-45.3,-47.,25.));
#5486 = SURFACE_CURVE('',#5487,(#5492,#5503),.PCURVE_S1.);
#5487 = CIRCLE('',#5488,1.7);
#5488 = AXIS2_PLACEMENT_3D('',#5489,#5490,#5491);
#5489 = CARTESIAN_POINT('',(-47.,-47.,25.));
#5490 = DIRECTION('',(0.,0.,-1.));
#5491 = DIRECTION('',(1.,0.,0.));
#5492 = PCURVE('',#1483,#5493);
#5493 = DEFINITIONAL_REPRESENTATION('',(#5494),#5502);
#5494 = ( BOUNDED_CURVE() B_SPLINE_CURVE(2,(#5495,#5496,#5497,#5498,
#5499,#5500,#5501),.UNSPECIFIED.,.T.,.F.) B_SPLINE_CURVE_WITH_KNOTS((1,2
    ,2,2,2,1),(-2.094395102393,0.,2.094395102393,4.188790204786,
6.28318530718,8.377580409573),.UNSPECIFIED.) CURVE() 
GEOMETRIC_REPRESENTATION_ITEM() RATIONAL_B_SPLINE_CURVE((1.,0.5,1.,0.5,
1.,0.5,1.)) REPRESENTATION_ITEM('') );
#5495 = CARTESIAN_POINT('',(1.7,-7.105427357601E-15));
#5496 = CARTESIAN_POINT('',(1.7,-2.944486372867));
#5497 = CARTESIAN_POINT('',(-0.85,-1.472243186434));
#5498 = CARTESIAN_POINT('',(-3.4,-7.521807269311E-15));
#5499 = CARTESIAN_POINT('',(-0.85,1.472243186434));
#5500 = CARTESIAN_POINT('',(1.7,2.944486372867));
#5501 = CARTESIAN_POINT('',(1.7,-7.105427357601E-15));
#5502 = ( GEOMETRIC_REPRESENTATION_CONTEXT(2) 
PARAMETRIC_REPRESENTATION_CONTEXT() REPRESENTATION_CONTEXT('2D SPACE',''
  ) );
#5503 = PCURVE('',#5504,#5509);
#5504 = CYLINDRICAL_SURFACE('',#5505,1.7);
#5505 = AXIS2_PLACEMENT_3D('',#5506,#5507,#5508);
#5506 = CARTESIAN_POINT('',(-47.,-47.,-1.));
#5507 = DIRECTION('',(-0.,-0.,-1.));
#5508 = DIRECTION('',(1.,0.,0.));
#5509 = DEFINITIONAL_REPRESENTATION('',(#5510),#5514);
#5510 = LINE('',#5511,#5512);
#5511 = CARTESIAN_POINT('',(-6.28318530718,-26.));
#5512 = VECTOR('',#5513,1.);
#5513 = DIRECTION('',(1.,-0.));
#5514 = ( GEOMETRIC_REPRESENTATION_CONTEXT(2) 
PARAMETRIC_REPRESENTATION_CONTEXT() REPRESENTATION_CONTEXT('2D SPACE',''
  ) );
#5515 = ADVANCED_FACE('',(#5516),#1400,.T.);
#5516 = FACE_BOUND('',#5517,.F.);
#5517 = EDGE_LOOP('',(#5518,#5548,#5549));
#5518 = ORIENTED_EDGE('',*,*,#5519,.T.);
#5519 = EDGE_CURVE('',#1357,#3797,#5520,.T.);
#5520 = SURFACE_CURVE('',#5521,(#5528,#5538),.PCURVE_S1.);
#5521 = B_SPLINE_CURVE_WITH_KNOTS('',5,(#5522,#5523,#5524,#5525,#5526,
    #5527),.UNSPECIFIED.,.F.,.F.,(6,6),(0.,1.),
  .PIECEWISE_BEZIER_KNOTS.);
#5522 = CARTESIAN_POINT('',(-46.44838171028,-51.16361828971,0.6));
#5523 = CARTESIAN_POINT('',(-46.28307365843,-51.14171740003,
    0.482994411545));
#5524 = CARTESIAN_POINT('',(-46.12360107395,-51.11224234619,
    0.364189099857));
#5525 = CARTESIAN_POINT('',(-45.96967886271,-51.07610963258,
    0.243934830402));
#5526 = CARTESIAN_POINT('',(-45.82108882862,-51.03398309111,
    0.122482002971));
#5527 = CARTESIAN_POINT('',(-45.67761123208,-50.98638783192,-6.E-07));
#5528 = PCURVE('',#1400,#5529);
#5529 = DEFINITIONAL_REPRESENTATION('',(#5530),#5537);
#5530 = B_SPLINE_CURVE_WITH_KNOTS('',5,(#5531,#5532,#5533,#5534,#5535,
    #5536),.UNSPECIFIED.,.F.,.F.,(6,6),(0.,1.),
  .PIECEWISE_BEZIER_KNOTS.);
#5531 = CARTESIAN_POINT('',(-4.844107216653,-0.6));
#5532 = CARTESIAN_POINT('',(-4.883810196211,-0.482994411545));
#5533 = CARTESIAN_POINT('',(-4.922372762621,-0.364189099857));
#5534 = CARTESIAN_POINT('',(-4.959963276064,-0.243934830402));
#5535 = CARTESIAN_POINT('',(-4.996700419708,-0.122482002971));
#5536 = CARTESIAN_POINT('',(-5.032692300726,6.000000000173E-07));
#5537 = ( GEOMETRIC_REPRESENTATION_CONTEXT(2) 
PARAMETRIC_REPRESENTATION_CONTEXT() REPRESENTATION_CONTEXT('2D SPACE',''
  ) );
#5538 = PCURVE('',#1373,#5539);
#5539 = DEFINITIONAL_REPRESENTATION('',(#5540),#5547);
#5540 = B_SPLINE_CURVE_WITH_KNOTS('',5,(#5541,#5542,#5543,#5544,#5545,
    #5546),.UNSPECIFIED.,.F.,.F.,(6,6),(0.,1.),
  .PIECEWISE_BEZIER_KNOTS.);
#5541 = CARTESIAN_POINT('',(-0.646023377901,-2.736699755701E-14));
#5542 = CARTESIAN_POINT('',(-0.641072912637,-0.117005588455));
#5543 = CARTESIAN_POINT('',(-0.636446247824,-0.235810900144));
#5544 = CARTESIAN_POINT('',(-0.632116694327,-0.356065169598));
#5545 = CARTESIAN_POINT('',(-0.628066235436,-0.477517997029));
#5546 = CARTESIAN_POINT('',(-0.624280107984,-0.6000006));
#5547 = ( GEOMETRIC_REPRESENTATION_CONTEXT(2) 
PARAMETRIC_REPRESENTATION_CONTEXT() REPRESENTATION_CONTEXT('2D SPACE',''
  ) );
#5548 = ORIENTED_EDGE('',*,*,#3796,.F.);
#5549 = ORIENTED_EDGE('',*,*,#1385,.F.);
#5550 = ADVANCED_FACE('',(#5551),#1373,.T.);
#5551 = FACE_BOUND('',#5552,.T.);
#5552 = EDGE_LOOP('',(#5553,#5572,#5573,#5574));
#5553 = ORIENTED_EDGE('',*,*,#5554,.F.);
#5554 = EDGE_CURVE('',#1329,#3821,#5555,.T.);
#5555 = SURFACE_CURVE('',#5556,(#5560,#5566),.PCURVE_S1.);
#5556 = LINE('',#5557,#5558);
#5557 = CARTESIAN_POINT('',(-32.,-55.7,0.3));
#5558 = VECTOR('',#5559,1.);
#5559 = DIRECTION('',(-0.,0.707106781187,-0.707106781187));
#5560 = PCURVE('',#1373,#5561);
#5561 = DEFINITIONAL_REPRESENTATION('',(#5562),#5565);
#5562 = B_SPLINE_CURVE_WITH_KNOTS('',1,(#5563,#5564),.UNSPECIFIED.,.F.,
  .F.,(2,2),(-0.424264068712,0.424264068712),.PIECEWISE_BEZIER_KNOTS.);
#5563 = CARTESIAN_POINT('',(0.,0.));
#5564 = CARTESIAN_POINT('',(0.,-0.6));
#5565 = ( GEOMETRIC_REPRESENTATION_CONTEXT(2) 
PARAMETRIC_REPRESENTATION_CONTEXT() REPRESENTATION_CONTEXT('2D SPACE',''
  ) );
#5566 = PCURVE('',#3864,#5567);
#5567 = DEFINITIONAL_REPRESENTATION('',(#5568),#5571);
#5568 = B_SPLINE_CURVE_WITH_KNOTS('',1,(#5569,#5570),.UNSPECIFIED.,.F.,
  .F.,(2,2),(-0.424264068712,0.424264068712),.PIECEWISE_BEZIER_KNOTS.);
#5569 = CARTESIAN_POINT('',(64.,-0.424264068712));
#5570 = CARTESIAN_POINT('',(64.,0.424264068712));
#5571 = ( GEOMETRIC_REPRESENTATION_CONTEXT(2) 
PARAMETRIC_REPRESENTATION_CONTEXT() REPRESENTATION_CONTEXT('2D SPACE',''
  ) );
#5572 = ORIENTED_EDGE('',*,*,#1356,.T.);
#5573 = ORIENTED_EDGE('',*,*,#5519,.T.);
#5574 = ORIENTED_EDGE('',*,*,#3820,.F.);
#5575 = ADVANCED_FACE('',(#5576,#5651,#5682,#5713,#5744,#5775,#5806,
    #5837,#5868,#5899,#5930,#5961,#5992,#6023,#6054,#6085,#6116,#6147,
    #6178,#6209,#6240,#6271,#6302,#6333,#6364,#6395,#6426,#6457,#6488,
    #6519,#6550,#6581,#6612),#1344,.F.);
#5576 = FACE_BOUND('',#5577,.F.);
#5577 = EDGE_LOOP('',(#5578,#5579,#5607,#5630));
#5578 = ORIENTED_EDGE('',*,*,#1328,.T.);
#5579 = ORIENTED_EDGE('',*,*,#5580,.F.);
#5580 = EDGE_CURVE('',#5581,#1300,#5583,.T.);
#5581 = VERTEX_POINT('',#5582);
#5582 = CARTESIAN_POINT('',(32.,-56.,29.2));
#5583 = SURFACE_CURVE('',#5584,(#5588,#5595),.PCURVE_S1.);
#5584 = LINE('',#5585,#5586);
#5585 = CARTESIAN_POINT('',(32.,-56.,29.2));
#5586 = VECTOR('',#5587,1.);
#5587 = DIRECTION('',(-1.,-0.,-0.));
#5588 = PCURVE('',#1344,#5589);
#5589 = DEFINITIONAL_REPRESENTATION('',(#5590),#5594);
#5590 = LINE('',#5591,#5592);
#5591 = CARTESIAN_POINT('',(64.,-29.2));
#5592 = VECTOR('',#5593,1.);
#5593 = DIRECTION('',(-1.,0.));
#5594 = ( GEOMETRIC_REPRESENTATION_CONTEXT(2) 
PARAMETRIC_REPRESENTATION_CONTEXT() REPRESENTATION_CONTEXT('2D SPACE',''
  ) );
#5595 = PCURVE('',#5596,#5601);
#5596 = PLANE('',#5597);
#5597 = AXIS2_PLACEMENT_3D('',#5598,#5599,#5600);
#5598 = CARTESIAN_POINT('',(32.,-55.6,29.6));
#5599 = DIRECTION('',(6.983161618628E-18,0.707106781187,-0.707106781187)
  );
#5600 = DIRECTION('',(-1.,4.937840934654E-18,-4.937840934654E-18));
#5601 = DEFINITIONAL_REPRESENTATION('',(#5602),#5606);
#5602 = LINE('',#5603,#5604);
#5603 = CARTESIAN_POINT('',(0.,-0.565685424949));
#5604 = VECTOR('',#5605,1.);
#5605 = DIRECTION('',(1.,0.));
#5606 = ( GEOMETRIC_REPRESENTATION_CONTEXT(2) 
PARAMETRIC_REPRESENTATION_CONTEXT() REPRESENTATION_CONTEXT('2D SPACE',''
  ) );
#5607 = ORIENTED_EDGE('',*,*,#5608,.F.);
#5608 = EDGE_CURVE('',#5609,#5581,#5611,.T.);
#5609 = VERTEX_POINT('',#5610);
#5610 = CARTESIAN_POINT('',(32.,-56.,0.6));
#5611 = SURFACE_CURVE('',#5612,(#5616,#5623),.PCURVE_S1.);
#5612 = LINE('',#5613,#5614);
#5613 = CARTESIAN_POINT('',(32.,-56.,0.));
#5614 = VECTOR('',#5615,1.);
#5615 = DIRECTION('',(0.,0.,1.));
#5616 = PCURVE('',#1344,#5617);
#5617 = DEFINITIONAL_REPRESENTATION('',(#5618),#5622);
#5618 = LINE('',#5619,#5620);
#5619 = CARTESIAN_POINT('',(64.,0.));
#5620 = VECTOR('',#5621,1.);
#5621 = DIRECTION('',(0.,-1.));
#5622 = ( GEOMETRIC_REPRESENTATION_CONTEXT(2) 
PARAMETRIC_REPRESENTATION_CONTEXT() REPRESENTATION_CONTEXT('2D SPACE',''
  ) );
#5623 = PCURVE('',#3955,#5624);
#5624 = DEFINITIONAL_REPRESENTATION('',(#5625),#5629);
#5625 = LINE('',#5626,#5627);
#5626 = CARTESIAN_POINT('',(-4.712388980385,0.));
#5627 = VECTOR('',#5628,1.);
#5628 = DIRECTION('',(-0.,-1.));
#5629 = ( GEOMETRIC_REPRESENTATION_CONTEXT(2) 
PARAMETRIC_REPRESENTATION_CONTEXT() REPRESENTATION_CONTEXT('2D SPACE',''
  ) );
#5630 = ORIENTED_EDGE('',*,*,#5631,.T.);
#5631 = EDGE_CURVE('',#5609,#1329,#5632,.T.);
#5632 = SURFACE_CURVE('',#5633,(#5637,#5644),.PCURVE_S1.);
#5633 = LINE('',#5634,#5635);
#5634 = CARTESIAN_POINT('',(32.,-56.,0.6));
#5635 = VECTOR('',#5636,1.);
#5636 = DIRECTION('',(-1.,-0.,-0.));
#5637 = PCURVE('',#1344,#5638);
#5638 = DEFINITIONAL_REPRESENTATION('',(#5639),#5643);
#5639 = LINE('',#5640,#5641);
#5640 = CARTESIAN_POINT('',(64.,-0.6));
#5641 = VECTOR('',#5642,1.);
#5642 = DIRECTION('',(-1.,0.));
#5643 = ( GEOMETRIC_REPRESENTATION_CONTEXT(2) 
PARAMETRIC_REPRESENTATION_CONTEXT() REPRESENTATION_CONTEXT('2D SPACE',''
  ) );
#5644 = PCURVE('',#3864,#5645);
#5645 = DEFINITIONAL_REPRESENTATION('',(#5646),#5650);
#5646 = LINE('',#5647,#5648);
#5647 = CARTESIAN_POINT('',(0.,-0.424264068712));
#5648 = VECTOR('',#5649,1.);
#5649 = DIRECTION('',(1.,0.));
#5650 = ( GEOMETRIC_REPRESENTATION_CONTEXT(2) 
PARAMETRIC_REPRESENTATION_CONTEXT() REPRESENTATION_CONTEXT('2D SPACE',''
  ) );
#5651 = FACE_BOUND('',#5652,.F.);
#5652 = EDGE_LOOP('',(#5653));
#5653 = ORIENTED_EDGE('',*,*,#5654,.F.);
#5654 = EDGE_CURVE('',#5655,#5655,#5657,.T.);
#5655 = VERTEX_POINT('',#5656);
#5656 = CARTESIAN_POINT('',(-28.4,-56.,22.));
#5657 = SURFACE_CURVE('',#5658,(#5663,#5670),.PCURVE_S1.);
#5658 = CIRCLE('',#5659,1.6);
#5659 = AXIS2_PLACEMENT_3D('',#5660,#5661,#5662);
#5660 = CARTESIAN_POINT('',(-30.,-56.,22.));
#5661 = DIRECTION('',(-0.,1.,0.));
#5662 = DIRECTION('',(1.,0.,0.));
#5663 = PCURVE('',#1344,#5664);
#5664 = DEFINITIONAL_REPRESENTATION('',(#5665),#5669);
#5665 = CIRCLE('',#5666,1.6);
#5666 = AXIS2_PLACEMENT_2D('',#5667,#5668);
#5667 = CARTESIAN_POINT('',(2.,-22.));
#5668 = DIRECTION('',(1.,0.));
#5669 = ( GEOMETRIC_REPRESENTATION_CONTEXT(2) 
PARAMETRIC_REPRESENTATION_CONTEXT() REPRESENTATION_CONTEXT('2D SPACE',''
  ) );
#5670 = PCURVE('',#5671,#5676);
#5671 = CYLINDRICAL_SURFACE('',#5672,1.6);
#5672 = AXIS2_PLACEMENT_3D('',#5673,#5674,#5675);
#5673 = CARTESIAN_POINT('',(-30.,-52.,22.));
#5674 = DIRECTION('',(-0.,1.,-0.));
#5675 = DIRECTION('',(1.,0.,0.));
#5676 = DEFINITIONAL_REPRESENTATION('',(#5677),#5681);
#5677 = LINE('',#5678,#5679);
#5678 = CARTESIAN_POINT('',(-6.28318530718,-4.));
#5679 = VECTOR('',#5680,1.);
#5680 = DIRECTION('',(1.,-0.));
#5681 = ( GEOMETRIC_REPRESENTATION_CONTEXT(2) 
PARAMETRIC_REPRESENTATION_CONTEXT() REPRESENTATION_CONTEXT('2D SPACE',''
  ) );
#5682 = FACE_BOUND('',#5683,.F.);
#5683 = EDGE_LOOP('',(#5684));
#5684 = ORIENTED_EDGE('',*,*,#5685,.F.);
#5685 = EDGE_CURVE('',#5686,#5686,#5688,.T.);
#5686 = VERTEX_POINT('',#5687);
#5687 = CARTESIAN_POINT('',(-22.4,-56.,22.));
#5688 = SURFACE_CURVE('',#5689,(#5694,#5701),.PCURVE_S1.);
#5689 = CIRCLE('',#5690,1.6);
#5690 = AXIS2_PLACEMENT_3D('',#5691,#5692,#5693);
#5691 = CARTESIAN_POINT('',(-24.,-56.,22.));
#5692 = DIRECTION('',(-0.,1.,0.));
#5693 = DIRECTION('',(1.,0.,0.));
#5694 = PCURVE('',#1344,#5695);
#5695 = DEFINITIONAL_REPRESENTATION('',(#5696),#5700);
#5696 = CIRCLE('',#5697,1.6);
#5697 = AXIS2_PLACEMENT_2D('',#5698,#5699);
#5698 = CARTESIAN_POINT('',(8.,-22.));
#5699 = DIRECTION('',(1.,0.));
#5700 = ( GEOMETRIC_REPRESENTATION_CONTEXT(2) 
PARAMETRIC_REPRESENTATION_CONTEXT() REPRESENTATION_CONTEXT('2D SPACE',''
  ) );
#5701 = PCURVE('',#5702,#5707);
#5702 = CYLINDRICAL_SURFACE('',#5703,1.6);
#5703 = AXIS2_PLACEMENT_3D('',#5704,#5705,#5706);
#5704 = CARTESIAN_POINT('',(-24.,-52.,22.));
#5705 = DIRECTION('',(-0.,1.,-0.));
#5706 = DIRECTION('',(1.,0.,0.));
#5707 = DEFINITIONAL_REPRESENTATION('',(#5708),#5712);
#5708 = LINE('',#5709,#5710);
#5709 = CARTESIAN_POINT('',(-6.28318530718,-4.));
#5710 = VECTOR('',#5711,1.);
#5711 = DIRECTION('',(1.,-0.));
#5712 = ( GEOMETRIC_REPRESENTATION_CONTEXT(2) 
PARAMETRIC_REPRESENTATION_CONTEXT() REPRESENTATION_CONTEXT('2D SPACE',''
  ) );
#5713 = FACE_BOUND('',#5714,.F.);
#5714 = EDGE_LOOP('',(#5715));
#5715 = ORIENTED_EDGE('',*,*,#5716,.F.);
#5716 = EDGE_CURVE('',#5717,#5717,#5719,.T.);
#5717 = VERTEX_POINT('',#5718);
#5718 = CARTESIAN_POINT('',(-16.4,-56.,22.));
#5719 = SURFACE_CURVE('',#5720,(#5725,#5732),.PCURVE_S1.);
#5720 = CIRCLE('',#5721,1.6);
#5721 = AXIS2_PLACEMENT_3D('',#5722,#5723,#5724);
#5722 = CARTESIAN_POINT('',(-18.,-56.,22.));
#5723 = DIRECTION('',(-0.,1.,0.));
#5724 = DIRECTION('',(1.,0.,0.));
#5725 = PCURVE('',#1344,#5726);
#5726 = DEFINITIONAL_REPRESENTATION('',(#5727),#5731);
#5727 = CIRCLE('',#5728,1.6);
#5728 = AXIS2_PLACEMENT_2D('',#5729,#5730);
#5729 = CARTESIAN_POINT('',(14.,-22.));
#5730 = DIRECTION('',(1.,0.));
#5731 = ( GEOMETRIC_REPRESENTATION_CONTEXT(2) 
PARAMETRIC_REPRESENTATION_CONTEXT() REPRESENTATION_CONTEXT('2D SPACE',''
  ) );
#5732 = PCURVE('',#5733,#5738);
#5733 = CYLINDRICAL_SURFACE('',#5734,1.6);
#5734 = AXIS2_PLACEMENT_3D('',#5735,#5736,#5737);
#5735 = CARTESIAN_POINT('',(-18.,-52.,22.));
#5736 = DIRECTION('',(-0.,1.,-0.));
#5737 = DIRECTION('',(1.,0.,0.));
#5738 = DEFINITIONAL_REPRESENTATION('',(#5739),#5743);
#5739 = LINE('',#5740,#5741);
#5740 = CARTESIAN_POINT('',(-6.28318530718,-4.));
#5741 = VECTOR('',#5742,1.);
#5742 = DIRECTION('',(1.,-0.));
#5743 = ( GEOMETRIC_REPRESENTATION_CONTEXT(2) 
PARAMETRIC_REPRESENTATION_CONTEXT() REPRESENTATION_CONTEXT('2D SPACE',''
  ) );
#5744 = FACE_BOUND('',#5745,.F.);
#5745 = EDGE_LOOP('',(#5746));
#5746 = ORIENTED_EDGE('',*,*,#5747,.F.);
#5747 = EDGE_CURVE('',#5748,#5748,#5750,.T.);
#5748 = VERTEX_POINT('',#5749);
#5749 = CARTESIAN_POINT('',(-10.4,-56.,22.));
#5750 = SURFACE_CURVE('',#5751,(#5756,#5763),.PCURVE_S1.);
#5751 = CIRCLE('',#5752,1.6);
#5752 = AXIS2_PLACEMENT_3D('',#5753,#5754,#5755);
#5753 = CARTESIAN_POINT('',(-12.,-56.,22.));
#5754 = DIRECTION('',(-0.,1.,0.));
#5755 = DIRECTION('',(1.,0.,0.));
#5756 = PCURVE('',#1344,#5757);
#5757 = DEFINITIONAL_REPRESENTATION('',(#5758),#5762);
#5758 = CIRCLE('',#5759,1.6);
#5759 = AXIS2_PLACEMENT_2D('',#5760,#5761);
#5760 = CARTESIAN_POINT('',(20.,-22.));
#5761 = DIRECTION('',(1.,0.));
#5762 = ( GEOMETRIC_REPRESENTATION_CONTEXT(2) 
PARAMETRIC_REPRESENTATION_CONTEXT() REPRESENTATION_CONTEXT('2D SPACE',''
  ) );
#5763 = PCURVE('',#5764,#5769);
#5764 = CYLINDRICAL_SURFACE('',#5765,1.6);
#5765 = AXIS2_PLACEMENT_3D('',#5766,#5767,#5768);
#5766 = CARTESIAN_POINT('',(-12.,-52.,22.));
#5767 = DIRECTION('',(-0.,1.,-0.));
#5768 = DIRECTION('',(1.,0.,0.));
#5769 = DEFINITIONAL_REPRESENTATION('',(#5770),#5774);
#5770 = LINE('',#5771,#5772);
#5771 = CARTESIAN_POINT('',(-6.28318530718,-4.));
#5772 = VECTOR('',#5773,1.);
#5773 = DIRECTION('',(1.,-0.));
#5774 = ( GEOMETRIC_REPRESENTATION_CONTEXT(2) 
PARAMETRIC_REPRESENTATION_CONTEXT() REPRESENTATION_CONTEXT('2D SPACE',''
  ) );
#5775 = FACE_BOUND('',#5776,.F.);
#5776 = EDGE_LOOP('',(#5777));
#5777 = ORIENTED_EDGE('',*,*,#5778,.F.);
#5778 = EDGE_CURVE('',#5779,#5779,#5781,.T.);
#5779 = VERTEX_POINT('',#5780);
#5780 = CARTESIAN_POINT('',(-4.4,-56.,22.));
#5781 = SURFACE_CURVE('',#5782,(#5787,#5794),.PCURVE_S1.);
#5782 = CIRCLE('',#5783,1.6);
#5783 = AXIS2_PLACEMENT_3D('',#5784,#5785,#5786);
#5784 = CARTESIAN_POINT('',(-6.,-56.,22.));
#5785 = DIRECTION('',(-0.,1.,0.));
#5786 = DIRECTION('',(1.,0.,0.));
#5787 = PCURVE('',#1344,#5788);
#5788 = DEFINITIONAL_REPRESENTATION('',(#5789),#5793);
#5789 = CIRCLE('',#5790,1.6);
#5790 = AXIS2_PLACEMENT_2D('',#5791,#5792);
#5791 = CARTESIAN_POINT('',(26.,-22.));
#5792 = DIRECTION('',(1.,0.));
#5793 = ( GEOMETRIC_REPRESENTATION_CONTEXT(2) 
PARAMETRIC_REPRESENTATION_CONTEXT() REPRESENTATION_CONTEXT('2D SPACE',''
  ) );
#5794 = PCURVE('',#5795,#5800);
#5795 = CYLINDRICAL_SURFACE('',#5796,1.6);
#5796 = AXIS2_PLACEMENT_3D('',#5797,#5798,#5799);
#5797 = CARTESIAN_POINT('',(-6.,-52.,22.));
#5798 = DIRECTION('',(-0.,1.,-0.));
#5799 = DIRECTION('',(1.,0.,0.));
#5800 = DEFINITIONAL_REPRESENTATION('',(#5801),#5805);
#5801 = LINE('',#5802,#5803);
#5802 = CARTESIAN_POINT('',(-6.28318530718,-4.));
#5803 = VECTOR('',#5804,1.);
#5804 = DIRECTION('',(1.,-0.));
#5805 = ( GEOMETRIC_REPRESENTATION_CONTEXT(2) 
PARAMETRIC_REPRESENTATION_CONTEXT() REPRESENTATION_CONTEXT('2D SPACE',''
  ) );
#5806 = FACE_BOUND('',#5807,.F.);
#5807 = EDGE_LOOP('',(#5808));
#5808 = ORIENTED_EDGE('',*,*,#5809,.F.);
#5809 = EDGE_CURVE('',#5810,#5810,#5812,.T.);
#5810 = VERTEX_POINT('',#5811);
#5811 = CARTESIAN_POINT('',(1.6,-56.,22.));
#5812 = SURFACE_CURVE('',#5813,(#5818,#5825),.PCURVE_S1.);
#5813 = CIRCLE('',#5814,1.6);
#5814 = AXIS2_PLACEMENT_3D('',#5815,#5816,#5817);
#5815 = CARTESIAN_POINT('',(0.,-56.,22.));
#5816 = DIRECTION('',(-0.,1.,0.));
#5817 = DIRECTION('',(1.,0.,0.));
#5818 = PCURVE('',#1344,#5819);
#5819 = DEFINITIONAL_REPRESENTATION('',(#5820),#5824);
#5820 = CIRCLE('',#5821,1.6);
#5821 = AXIS2_PLACEMENT_2D('',#5822,#5823);
#5822 = CARTESIAN_POINT('',(32.,-22.));
#5823 = DIRECTION('',(1.,0.));
#5824 = ( GEOMETRIC_REPRESENTATION_CONTEXT(2) 
PARAMETRIC_REPRESENTATION_CONTEXT() REPRESENTATION_CONTEXT('2D SPACE',''
  ) );
#5825 = PCURVE('',#5826,#5831);
#5826 = CYLINDRICAL_SURFACE('',#5827,1.6);
#5827 = AXIS2_PLACEMENT_3D('',#5828,#5829,#5830);
#5828 = CARTESIAN_POINT('',(0.,-52.,22.));
#5829 = DIRECTION('',(-0.,1.,-0.));
#5830 = DIRECTION('',(1.,0.,0.));
#5831 = DEFINITIONAL_REPRESENTATION('',(#5832),#5836);
#5832 = LINE('',#5833,#5834);
#5833 = CARTESIAN_POINT('',(-6.28318530718,-4.));
#5834 = VECTOR('',#5835,1.);
#5835 = DIRECTION('',(1.,-0.));
#5836 = ( GEOMETRIC_REPRESENTATION_CONTEXT(2) 
PARAMETRIC_REPRESENTATION_CONTEXT() REPRESENTATION_CONTEXT('2D SPACE',''
  ) );
#5837 = FACE_BOUND('',#5838,.F.);
#5838 = EDGE_LOOP('',(#5839));
#5839 = ORIENTED_EDGE('',*,*,#5840,.F.);
#5840 = EDGE_CURVE('',#5841,#5841,#5843,.T.);
#5841 = VERTEX_POINT('',#5842);
#5842 = CARTESIAN_POINT('',(7.6,-56.,22.));
#5843 = SURFACE_CURVE('',#5844,(#5849,#5856),.PCURVE_S1.);
#5844 = CIRCLE('',#5845,1.6);
#5845 = AXIS2_PLACEMENT_3D('',#5846,#5847,#5848);
#5846 = CARTESIAN_POINT('',(6.,-56.,22.));
#5847 = DIRECTION('',(-0.,1.,0.));
#5848 = DIRECTION('',(1.,0.,0.));
#5849 = PCURVE('',#1344,#5850);
#5850 = DEFINITIONAL_REPRESENTATION('',(#5851),#5855);
#5851 = CIRCLE('',#5852,1.6);
#5852 = AXIS2_PLACEMENT_2D('',#5853,#5854);
#5853 = CARTESIAN_POINT('',(38.,-22.));
#5854 = DIRECTION('',(1.,0.));
#5855 = ( GEOMETRIC_REPRESENTATION_CONTEXT(2) 
PARAMETRIC_REPRESENTATION_CONTEXT() REPRESENTATION_CONTEXT('2D SPACE',''
  ) );
#5856 = PCURVE('',#5857,#5862);
#5857 = CYLINDRICAL_SURFACE('',#5858,1.6);
#5858 = AXIS2_PLACEMENT_3D('',#5859,#5860,#5861);
#5859 = CARTESIAN_POINT('',(6.,-52.,22.));
#5860 = DIRECTION('',(-0.,1.,-0.));
#5861 = DIRECTION('',(1.,0.,0.));
#5862 = DEFINITIONAL_REPRESENTATION('',(#5863),#5867);
#5863 = LINE('',#5864,#5865);
#5864 = CARTESIAN_POINT('',(-6.28318530718,-4.));
#5865 = VECTOR('',#5866,1.);
#5866 = DIRECTION('',(1.,-0.));
#5867 = ( GEOMETRIC_REPRESENTATION_CONTEXT(2) 
PARAMETRIC_REPRESENTATION_CONTEXT() REPRESENTATION_CONTEXT('2D SPACE',''
  ) );
#5868 = FACE_BOUND('',#5869,.F.);
#5869 = EDGE_LOOP('',(#5870));
#5870 = ORIENTED_EDGE('',*,*,#5871,.F.);
#5871 = EDGE_CURVE('',#5872,#5872,#5874,.T.);
#5872 = VERTEX_POINT('',#5873);
#5873 = CARTESIAN_POINT('',(13.6,-56.,22.));
#5874 = SURFACE_CURVE('',#5875,(#5880,#5887),.PCURVE_S1.);
#5875 = CIRCLE('',#5876,1.6);
#5876 = AXIS2_PLACEMENT_3D('',#5877,#5878,#5879);
#5877 = CARTESIAN_POINT('',(12.,-56.,22.));
#5878 = DIRECTION('',(-0.,1.,0.));
#5879 = DIRECTION('',(1.,0.,0.));
#5880 = PCURVE('',#1344,#5881);
#5881 = DEFINITIONAL_REPRESENTATION('',(#5882),#5886);
#5882 = CIRCLE('',#5883,1.6);
#5883 = AXIS2_PLACEMENT_2D('',#5884,#5885);
#5884 = CARTESIAN_POINT('',(44.,-22.));
#5885 = DIRECTION('',(1.,0.));
#5886 = ( GEOMETRIC_REPRESENTATION_CONTEXT(2) 
PARAMETRIC_REPRESENTATION_CONTEXT() REPRESENTATION_CONTEXT('2D SPACE',''
  ) );
#5887 = PCURVE('',#5888,#5893);
#5888 = CYLINDRICAL_SURFACE('',#5889,1.6);
#5889 = AXIS2_PLACEMENT_3D('',#5890,#5891,#5892);
#5890 = CARTESIAN_POINT('',(12.,-52.,22.));
#5891 = DIRECTION('',(-0.,1.,-0.));
#5892 = DIRECTION('',(1.,0.,0.));
#5893 = DEFINITIONAL_REPRESENTATION('',(#5894),#5898);
#5894 = LINE('',#5895,#5896);
#5895 = CARTESIAN_POINT('',(-6.28318530718,-4.));
#5896 = VECTOR('',#5897,1.);
#5897 = DIRECTION('',(1.,-0.));
#5898 = ( GEOMETRIC_REPRESENTATION_CONTEXT(2) 
PARAMETRIC_REPRESENTATION_CONTEXT() REPRESENTATION_CONTEXT('2D SPACE',''
  ) );
#5899 = FACE_BOUND('',#5900,.F.);
#5900 = EDGE_LOOP('',(#5901));
#5901 = ORIENTED_EDGE('',*,*,#5902,.F.);
#5902 = EDGE_CURVE('',#5903,#5903,#5905,.T.);
#5903 = VERTEX_POINT('',#5904);
#5904 = CARTESIAN_POINT('',(19.6,-56.,22.));
#5905 = SURFACE_CURVE('',#5906,(#5911,#5918),.PCURVE_S1.);
#5906 = CIRCLE('',#5907,1.6);
#5907 = AXIS2_PLACEMENT_3D('',#5908,#5909,#5910);
#5908 = CARTESIAN_POINT('',(18.,-56.,22.));
#5909 = DIRECTION('',(-0.,1.,0.));
#5910 = DIRECTION('',(1.,0.,0.));
#5911 = PCURVE('',#1344,#5912);
#5912 = DEFINITIONAL_REPRESENTATION('',(#5913),#5917);
#5913 = CIRCLE('',#5914,1.6);
#5914 = AXIS2_PLACEMENT_2D('',#5915,#5916);
#5915 = CARTESIAN_POINT('',(50.,-22.));
#5916 = DIRECTION('',(1.,0.));
#5917 = ( GEOMETRIC_REPRESENTATION_CONTEXT(2) 
PARAMETRIC_REPRESENTATION_CONTEXT() REPRESENTATION_CONTEXT('2D SPACE',''
  ) );
#5918 = PCURVE('',#5919,#5924);
#5919 = CYLINDRICAL_SURFACE('',#5920,1.6);
#5920 = AXIS2_PLACEMENT_3D('',#5921,#5922,#5923);
#5921 = CARTESIAN_POINT('',(18.,-52.,22.));
#5922 = DIRECTION('',(-0.,1.,-0.));
#5923 = DIRECTION('',(1.,0.,0.));
#5924 = DEFINITIONAL_REPRESENTATION('',(#5925),#5929);
#5925 = LINE('',#5926,#5927);
#5926 = CARTESIAN_POINT('',(-6.28318530718,-4.));
#5927 = VECTOR('',#5928,1.);
#5928 = DIRECTION('',(1.,-0.));
#5929 = ( GEOMETRIC_REPRESENTATION_CONTEXT(2) 
PARAMETRIC_REPRESENTATION_CONTEXT() REPRESENTATION_CONTEXT('2D SPACE',''
  ) );
#5930 = FACE_BOUND('',#5931,.F.);
#5931 = EDGE_LOOP('',(#5932));
#5932 = ORIENTED_EDGE('',*,*,#5933,.F.);
#5933 = EDGE_CURVE('',#5934,#5934,#5936,.T.);
#5934 = VERTEX_POINT('',#5935);
#5935 = CARTESIAN_POINT('',(25.6,-56.,22.));
#5936 = SURFACE_CURVE('',#5937,(#5942,#5949),.PCURVE_S1.);
#5937 = CIRCLE('',#5938,1.6);
#5938 = AXIS2_PLACEMENT_3D('',#5939,#5940,#5941);
#5939 = CARTESIAN_POINT('',(24.,-56.,22.));
#5940 = DIRECTION('',(-0.,1.,0.));
#5941 = DIRECTION('',(1.,0.,0.));
#5942 = PCURVE('',#1344,#5943);
#5943 = DEFINITIONAL_REPRESENTATION('',(#5944),#5948);
#5944 = CIRCLE('',#5945,1.6);
#5945 = AXIS2_PLACEMENT_2D('',#5946,#5947);
#5946 = CARTESIAN_POINT('',(56.,-22.));
#5947 = DIRECTION('',(1.,0.));
#5948 = ( GEOMETRIC_REPRESENTATION_CONTEXT(2) 
PARAMETRIC_REPRESENTATION_CONTEXT() REPRESENTATION_CONTEXT('2D SPACE',''
  ) );
#5949 = PCURVE('',#5950,#5955);
#5950 = CYLINDRICAL_SURFACE('',#5951,1.6);
#5951 = AXIS2_PLACEMENT_3D('',#5952,#5953,#5954);
#5952 = CARTESIAN_POINT('',(24.,-52.,22.));
#5953 = DIRECTION('',(-0.,1.,-0.));
#5954 = DIRECTION('',(1.,0.,0.));
#5955 = DEFINITIONAL_REPRESENTATION('',(#5956),#5960);
#5956 = LINE('',#5957,#5958);
#5957 = CARTESIAN_POINT('',(-6.28318530718,-4.));
#5958 = VECTOR('',#5959,1.);
#5959 = DIRECTION('',(1.,-0.));
#5960 = ( GEOMETRIC_REPRESENTATION_CONTEXT(2) 
PARAMETRIC_REPRESENTATION_CONTEXT() REPRESENTATION_CONTEXT('2D SPACE',''
  ) );
#5961 = FACE_BOUND('',#5962,.F.);
#5962 = EDGE_LOOP('',(#5963));
#5963 = ORIENTED_EDGE('',*,*,#5964,.F.);
#5964 = EDGE_CURVE('',#5965,#5965,#5967,.T.);
#5965 = VERTEX_POINT('',#5966);
#5966 = CARTESIAN_POINT('',(31.6,-56.,22.));
#5967 = SURFACE_CURVE('',#5968,(#5973,#5980),.PCURVE_S1.);
#5968 = CIRCLE('',#5969,1.6);
#5969 = AXIS2_PLACEMENT_3D('',#5970,#5971,#5972);
#5970 = CARTESIAN_POINT('',(30.,-56.,22.));
#5971 = DIRECTION('',(-0.,1.,0.));
#5972 = DIRECTION('',(1.,0.,0.));
#5973 = PCURVE('',#1344,#5974);
#5974 = DEFINITIONAL_REPRESENTATION('',(#5975),#5979);
#5975 = CIRCLE('',#5976,1.6);
#5976 = AXIS2_PLACEMENT_2D('',#5977,#5978);
#5977 = CARTESIAN_POINT('',(62.,-22.));
#5978 = DIRECTION('',(1.,0.));
#5979 = ( GEOMETRIC_REPRESENTATION_CONTEXT(2) 
PARAMETRIC_REPRESENTATION_CONTEXT() REPRESENTATION_CONTEXT('2D SPACE',''
  ) );
#5980 = PCURVE('',#5981,#5986);
#5981 = CYLINDRICAL_SURFACE('',#5982,1.6);
#5982 = AXIS2_PLACEMENT_3D('',#5983,#5984,#5985);
#5983 = CARTESIAN_POINT('',(30.,-52.,22.));
#5984 = DIRECTION('',(-0.,1.,-0.));
#5985 = DIRECTION('',(1.,0.,0.));
#5986 = DEFINITIONAL_REPRESENTATION('',(#5987),#5991);
#5987 = LINE('',#5988,#5989);
#5988 = CARTESIAN_POINT('',(-6.28318530718,-4.));
#5989 = VECTOR('',#5990,1.);
#5990 = DIRECTION('',(1.,-0.));
#5991 = ( GEOMETRIC_REPRESENTATION_CONTEXT(2) 
PARAMETRIC_REPRESENTATION_CONTEXT() REPRESENTATION_CONTEXT('2D SPACE',''
  ) );
#5992 = FACE_BOUND('',#5993,.F.);
#5993 = EDGE_LOOP('',(#5994));
#5994 = ORIENTED_EDGE('',*,*,#5995,.F.);
#5995 = EDGE_CURVE('',#5996,#5996,#5998,.T.);
#5996 = VERTEX_POINT('',#5997);
#5997 = CARTESIAN_POINT('',(-25.4,-56.,16.));
#5998 = SURFACE_CURVE('',#5999,(#6004,#6011),.PCURVE_S1.);
#5999 = CIRCLE('',#6000,1.6);
#6000 = AXIS2_PLACEMENT_3D('',#6001,#6002,#6003);
#6001 = CARTESIAN_POINT('',(-27.,-56.,16.));
#6002 = DIRECTION('',(-0.,1.,0.));
#6003 = DIRECTION('',(1.,0.,0.));
#6004 = PCURVE('',#1344,#6005);
#6005 = DEFINITIONAL_REPRESENTATION('',(#6006),#6010);
#6006 = CIRCLE('',#6007,1.6);
#6007 = AXIS2_PLACEMENT_2D('',#6008,#6009);
#6008 = CARTESIAN_POINT('',(5.,-16.));
#6009 = DIRECTION('',(1.,0.));
#6010 = ( GEOMETRIC_REPRESENTATION_CONTEXT(2) 
PARAMETRIC_REPRESENTATION_CONTEXT() REPRESENTATION_CONTEXT('2D SPACE',''
  ) );
#6011 = PCURVE('',#6012,#6017);
#6012 = CYLINDRICAL_SURFACE('',#6013,1.6);
#6013 = AXIS2_PLACEMENT_3D('',#6014,#6015,#6016);
#6014 = CARTESIAN_POINT('',(-27.,-52.,16.));
#6015 = DIRECTION('',(-0.,1.,-0.));
#6016 = DIRECTION('',(1.,0.,0.));
#6017 = DEFINITIONAL_REPRESENTATION('',(#6018),#6022);
#6018 = LINE('',#6019,#6020);
#6019 = CARTESIAN_POINT('',(-6.28318530718,-4.));
#6020 = VECTOR('',#6021,1.);
#6021 = DIRECTION('',(1.,-0.));
#6022 = ( GEOMETRIC_REPRESENTATION_CONTEXT(2) 
PARAMETRIC_REPRESENTATION_CONTEXT() REPRESENTATION_CONTEXT('2D SPACE',''
  ) );
#6023 = FACE_BOUND('',#6024,.F.);
#6024 = EDGE_LOOP('',(#6025));
#6025 = ORIENTED_EDGE('',*,*,#6026,.F.);
#6026 = EDGE_CURVE('',#6027,#6027,#6029,.T.);
#6027 = VERTEX_POINT('',#6028);
#6028 = CARTESIAN_POINT('',(-19.4,-56.,16.));
#6029 = SURFACE_CURVE('',#6030,(#6035,#6042),.PCURVE_S1.);
#6030 = CIRCLE('',#6031,1.6);
#6031 = AXIS2_PLACEMENT_3D('',#6032,#6033,#6034);
#6032 = CARTESIAN_POINT('',(-21.,-56.,16.));
#6033 = DIRECTION('',(-0.,1.,0.));
#6034 = DIRECTION('',(1.,0.,0.));
#6035 = PCURVE('',#1344,#6036);
#6036 = DEFINITIONAL_REPRESENTATION('',(#6037),#6041);
#6037 = CIRCLE('',#6038,1.6);
#6038 = AXIS2_PLACEMENT_2D('',#6039,#6040);
#6039 = CARTESIAN_POINT('',(11.,-16.));
#6040 = DIRECTION('',(1.,0.));
#6041 = ( GEOMETRIC_REPRESENTATION_CONTEXT(2) 
PARAMETRIC_REPRESENTATION_CONTEXT() REPRESENTATION_CONTEXT('2D SPACE',''
  ) );
#6042 = PCURVE('',#6043,#6048);
#6043 = CYLINDRICAL_SURFACE('',#6044,1.6);
#6044 = AXIS2_PLACEMENT_3D('',#6045,#6046,#6047);
#6045 = CARTESIAN_POINT('',(-21.,-52.,16.));
#6046 = DIRECTION('',(-0.,1.,-0.));
#6047 = DIRECTION('',(1.,0.,0.));
#6048 = DEFINITIONAL_REPRESENTATION('',(#6049),#6053);
#6049 = LINE('',#6050,#6051);
#6050 = CARTESIAN_POINT('',(-6.28318530718,-4.));
#6051 = VECTOR('',#6052,1.);
#6052 = DIRECTION('',(1.,-0.));
#6053 = ( GEOMETRIC_REPRESENTATION_CONTEXT(2) 
PARAMETRIC_REPRESENTATION_CONTEXT() REPRESENTATION_CONTEXT('2D SPACE',''
  ) );
#6054 = FACE_BOUND('',#6055,.F.);
#6055 = EDGE_LOOP('',(#6056));
#6056 = ORIENTED_EDGE('',*,*,#6057,.F.);
#6057 = EDGE_CURVE('',#6058,#6058,#6060,.T.);
#6058 = VERTEX_POINT('',#6059);
#6059 = CARTESIAN_POINT('',(-13.4,-56.,16.));
#6060 = SURFACE_CURVE('',#6061,(#6066,#6073),.PCURVE_S1.);
#6061 = CIRCLE('',#6062,1.6);
#6062 = AXIS2_PLACEMENT_3D('',#6063,#6064,#6065);
#6063 = CARTESIAN_POINT('',(-15.,-56.,16.));
#6064 = DIRECTION('',(-0.,1.,0.));
#6065 = DIRECTION('',(1.,0.,0.));
#6066 = PCURVE('',#1344,#6067);
#6067 = DEFINITIONAL_REPRESENTATION('',(#6068),#6072);
#6068 = CIRCLE('',#6069,1.6);
#6069 = AXIS2_PLACEMENT_2D('',#6070,#6071);
#6070 = CARTESIAN_POINT('',(17.,-16.));
#6071 = DIRECTION('',(1.,0.));
#6072 = ( GEOMETRIC_REPRESENTATION_CONTEXT(2) 
PARAMETRIC_REPRESENTATION_CONTEXT() REPRESENTATION_CONTEXT('2D SPACE',''
  ) );
#6073 = PCURVE('',#6074,#6079);
#6074 = CYLINDRICAL_SURFACE('',#6075,1.6);
#6075 = AXIS2_PLACEMENT_3D('',#6076,#6077,#6078);
#6076 = CARTESIAN_POINT('',(-15.,-52.,16.));
#6077 = DIRECTION('',(-0.,1.,-0.));
#6078 = DIRECTION('',(1.,0.,0.));
#6079 = DEFINITIONAL_REPRESENTATION('',(#6080),#6084);
#6080 = LINE('',#6081,#6082);
#6081 = CARTESIAN_POINT('',(-6.28318530718,-4.));
#6082 = VECTOR('',#6083,1.);
#6083 = DIRECTION('',(1.,-0.));
#6084 = ( GEOMETRIC_REPRESENTATION_CONTEXT(2) 
PARAMETRIC_REPRESENTATION_CONTEXT() REPRESENTATION_CONTEXT('2D SPACE',''
  ) );
#6085 = FACE_BOUND('',#6086,.F.);
#6086 = EDGE_LOOP('',(#6087));
#6087 = ORIENTED_EDGE('',*,*,#6088,.F.);
#6088 = EDGE_CURVE('',#6089,#6089,#6091,.T.);
#6089 = VERTEX_POINT('',#6090);
#6090 = CARTESIAN_POINT('',(-7.4,-56.,16.));
#6091 = SURFACE_CURVE('',#6092,(#6097,#6104),.PCURVE_S1.);
#6092 = CIRCLE('',#6093,1.6);
#6093 = AXIS2_PLACEMENT_3D('',#6094,#6095,#6096);
#6094 = CARTESIAN_POINT('',(-9.,-56.,16.));
#6095 = DIRECTION('',(-0.,1.,0.));
#6096 = DIRECTION('',(1.,0.,0.));
#6097 = PCURVE('',#1344,#6098);
#6098 = DEFINITIONAL_REPRESENTATION('',(#6099),#6103);
#6099 = CIRCLE('',#6100,1.6);
#6100 = AXIS2_PLACEMENT_2D('',#6101,#6102);
#6101 = CARTESIAN_POINT('',(23.,-16.));
#6102 = DIRECTION('',(1.,0.));
#6103 = ( GEOMETRIC_REPRESENTATION_CONTEXT(2) 
PARAMETRIC_REPRESENTATION_CONTEXT() REPRESENTATION_CONTEXT('2D SPACE',''
  ) );
#6104 = PCURVE('',#6105,#6110);
#6105 = CYLINDRICAL_SURFACE('',#6106,1.6);
#6106 = AXIS2_PLACEMENT_3D('',#6107,#6108,#6109);
#6107 = CARTESIAN_POINT('',(-9.,-52.,16.));
#6108 = DIRECTION('',(-0.,1.,-0.));
#6109 = DIRECTION('',(1.,0.,0.));
#6110 = DEFINITIONAL_REPRESENTATION('',(#6111),#6115);
#6111 = LINE('',#6112,#6113);
#6112 = CARTESIAN_POINT('',(-6.28318530718,-4.));
#6113 = VECTOR('',#6114,1.);
#6114 = DIRECTION('',(1.,-0.));
#6115 = ( GEOMETRIC_REPRESENTATION_CONTEXT(2) 
PARAMETRIC_REPRESENTATION_CONTEXT() REPRESENTATION_CONTEXT('2D SPACE',''
  ) );
#6116 = FACE_BOUND('',#6117,.F.);
#6117 = EDGE_LOOP('',(#6118));
#6118 = ORIENTED_EDGE('',*,*,#6119,.F.);
#6119 = EDGE_CURVE('',#6120,#6120,#6122,.T.);
#6120 = VERTEX_POINT('',#6121);
#6121 = CARTESIAN_POINT('',(-1.4,-56.,16.));
#6122 = SURFACE_CURVE('',#6123,(#6128,#6135),.PCURVE_S1.);
#6123 = CIRCLE('',#6124,1.6);
#6124 = AXIS2_PLACEMENT_3D('',#6125,#6126,#6127);
#6125 = CARTESIAN_POINT('',(-3.,-56.,16.));
#6126 = DIRECTION('',(-0.,1.,0.));
#6127 = DIRECTION('',(1.,0.,0.));
#6128 = PCURVE('',#1344,#6129);
#6129 = DEFINITIONAL_REPRESENTATION('',(#6130),#6134);
#6130 = CIRCLE('',#6131,1.6);
#6131 = AXIS2_PLACEMENT_2D('',#6132,#6133);
#6132 = CARTESIAN_POINT('',(29.,-16.));
#6133 = DIRECTION('',(1.,0.));
#6134 = ( GEOMETRIC_REPRESENTATION_CONTEXT(2) 
PARAMETRIC_REPRESENTATION_CONTEXT() REPRESENTATION_CONTEXT('2D SPACE',''
  ) );
#6135 = PCURVE('',#6136,#6141);
#6136 = CYLINDRICAL_SURFACE('',#6137,1.6);
#6137 = AXIS2_PLACEMENT_3D('',#6138,#6139,#6140);
#6138 = CARTESIAN_POINT('',(-3.,-52.,16.));
#6139 = DIRECTION('',(-0.,1.,-0.));
#6140 = DIRECTION('',(1.,0.,0.));
#6141 = DEFINITIONAL_REPRESENTATION('',(#6142),#6146);
#6142 = LINE('',#6143,#6144);
#6143 = CARTESIAN_POINT('',(-6.28318530718,-4.));
#6144 = VECTOR('',#6145,1.);
#6145 = DIRECTION('',(1.,-0.));
#6146 = ( GEOMETRIC_REPRESENTATION_CONTEXT(2) 
PARAMETRIC_REPRESENTATION_CONTEXT() REPRESENTATION_CONTEXT('2D SPACE',''
  ) );
#6147 = FACE_BOUND('',#6148,.F.);
#6148 = EDGE_LOOP('',(#6149));
#6149 = ORIENTED_EDGE('',*,*,#6150,.F.);
#6150 = EDGE_CURVE('',#6151,#6151,#6153,.T.);
#6151 = VERTEX_POINT('',#6152);
#6152 = CARTESIAN_POINT('',(-28.4,-56.,10.));
#6153 = SURFACE_CURVE('',#6154,(#6159,#6166),.PCURVE_S1.);
#6154 = CIRCLE('',#6155,1.6);
#6155 = AXIS2_PLACEMENT_3D('',#6156,#6157,#6158);
#6156 = CARTESIAN_POINT('',(-30.,-56.,10.));
#6157 = DIRECTION('',(-0.,1.,0.));
#6158 = DIRECTION('',(1.,0.,0.));
#6159 = PCURVE('',#1344,#6160);
#6160 = DEFINITIONAL_REPRESENTATION('',(#6161),#6165);
#6161 = CIRCLE('',#6162,1.6);
#6162 = AXIS2_PLACEMENT_2D('',#6163,#6164);
#6163 = CARTESIAN_POINT('',(2.,-10.));
#6164 = DIRECTION('',(1.,0.));
#6165 = ( GEOMETRIC_REPRESENTATION_CONTEXT(2) 
PARAMETRIC_REPRESENTATION_CONTEXT() REPRESENTATION_CONTEXT('2D SPACE',''
  ) );
#6166 = PCURVE('',#6167,#6172);
#6167 = CYLINDRICAL_SURFACE('',#6168,1.6);
#6168 = AXIS2_PLACEMENT_3D('',#6169,#6170,#6171);
#6169 = CARTESIAN_POINT('',(-30.,-52.,10.));
#6170 = DIRECTION('',(-0.,1.,-0.));
#6171 = DIRECTION('',(1.,0.,0.));
#6172 = DEFINITIONAL_REPRESENTATION('',(#6173),#6177);
#6173 = LINE('',#6174,#6175);
#6174 = CARTESIAN_POINT('',(-6.28318530718,-4.));
#6175 = VECTOR('',#6176,1.);
#6176 = DIRECTION('',(1.,-0.));
#6177 = ( GEOMETRIC_REPRESENTATION_CONTEXT(2) 
PARAMETRIC_REPRESENTATION_CONTEXT() REPRESENTATION_CONTEXT('2D SPACE',''
  ) );
#6178 = FACE_BOUND('',#6179,.F.);
#6179 = EDGE_LOOP('',(#6180));
#6180 = ORIENTED_EDGE('',*,*,#6181,.F.);
#6181 = EDGE_CURVE('',#6182,#6182,#6184,.T.);
#6182 = VERTEX_POINT('',#6183);
#6183 = CARTESIAN_POINT('',(-22.4,-56.,10.));
#6184 = SURFACE_CURVE('',#6185,(#6190,#6197),.PCURVE_S1.);
#6185 = CIRCLE('',#6186,1.6);
#6186 = AXIS2_PLACEMENT_3D('',#6187,#6188,#6189);
#6187 = CARTESIAN_POINT('',(-24.,-56.,10.));
#6188 = DIRECTION('',(-0.,1.,0.));
#6189 = DIRECTION('',(1.,0.,0.));
#6190 = PCURVE('',#1344,#6191);
#6191 = DEFINITIONAL_REPRESENTATION('',(#6192),#6196);
#6192 = CIRCLE('',#6193,1.6);
#6193 = AXIS2_PLACEMENT_2D('',#6194,#6195);
#6194 = CARTESIAN_POINT('',(8.,-10.));
#6195 = DIRECTION('',(1.,0.));
#6196 = ( GEOMETRIC_REPRESENTATION_CONTEXT(2) 
PARAMETRIC_REPRESENTATION_CONTEXT() REPRESENTATION_CONTEXT('2D SPACE',''
  ) );
#6197 = PCURVE('',#6198,#6203);
#6198 = CYLINDRICAL_SURFACE('',#6199,1.6);
#6199 = AXIS2_PLACEMENT_3D('',#6200,#6201,#6202);
#6200 = CARTESIAN_POINT('',(-24.,-52.,10.));
#6201 = DIRECTION('',(-0.,1.,-0.));
#6202 = DIRECTION('',(1.,0.,0.));
#6203 = DEFINITIONAL_REPRESENTATION('',(#6204),#6208);
#6204 = LINE('',#6205,#6206);
#6205 = CARTESIAN_POINT('',(-6.28318530718,-4.));
#6206 = VECTOR('',#6207,1.);
#6207 = DIRECTION('',(1.,-0.));
#6208 = ( GEOMETRIC_REPRESENTATION_CONTEXT(2) 
PARAMETRIC_REPRESENTATION_CONTEXT() REPRESENTATION_CONTEXT('2D SPACE',''
  ) );
#6209 = FACE_BOUND('',#6210,.F.);
#6210 = EDGE_LOOP('',(#6211));
#6211 = ORIENTED_EDGE('',*,*,#6212,.F.);
#6212 = EDGE_CURVE('',#6213,#6213,#6215,.T.);
#6213 = VERTEX_POINT('',#6214);
#6214 = CARTESIAN_POINT('',(-16.4,-56.,10.));
#6215 = SURFACE_CURVE('',#6216,(#6221,#6228),.PCURVE_S1.);
#6216 = CIRCLE('',#6217,1.6);
#6217 = AXIS2_PLACEMENT_3D('',#6218,#6219,#6220);
#6218 = CARTESIAN_POINT('',(-18.,-56.,10.));
#6219 = DIRECTION('',(-0.,1.,0.));
#6220 = DIRECTION('',(1.,0.,0.));
#6221 = PCURVE('',#1344,#6222);
#6222 = DEFINITIONAL_REPRESENTATION('',(#6223),#6227);
#6223 = CIRCLE('',#6224,1.6);
#6224 = AXIS2_PLACEMENT_2D('',#6225,#6226);
#6225 = CARTESIAN_POINT('',(14.,-10.));
#6226 = DIRECTION('',(1.,0.));
#6227 = ( GEOMETRIC_REPRESENTATION_CONTEXT(2) 
PARAMETRIC_REPRESENTATION_CONTEXT() REPRESENTATION_CONTEXT('2D SPACE',''
  ) );
#6228 = PCURVE('',#6229,#6234);
#6229 = CYLINDRICAL_SURFACE('',#6230,1.6);
#6230 = AXIS2_PLACEMENT_3D('',#6231,#6232,#6233);
#6231 = CARTESIAN_POINT('',(-18.,-52.,10.));
#6232 = DIRECTION('',(-0.,1.,-0.));
#6233 = DIRECTION('',(1.,0.,0.));
#6234 = DEFINITIONAL_REPRESENTATION('',(#6235),#6239);
#6235 = LINE('',#6236,#6237);
#6236 = CARTESIAN_POINT('',(-6.28318530718,-4.));
#6237 = VECTOR('',#6238,1.);
#6238 = DIRECTION('',(1.,-0.));
#6239 = ( GEOMETRIC_REPRESENTATION_CONTEXT(2) 
PARAMETRIC_REPRESENTATION_CONTEXT() REPRESENTATION_CONTEXT('2D SPACE',''
  ) );
#6240 = FACE_BOUND('',#6241,.F.);
#6241 = EDGE_LOOP('',(#6242));
#6242 = ORIENTED_EDGE('',*,*,#6243,.F.);
#6243 = EDGE_CURVE('',#6244,#6244,#6246,.T.);
#6244 = VERTEX_POINT('',#6245);
#6245 = CARTESIAN_POINT('',(-10.4,-56.,10.));
#6246 = SURFACE_CURVE('',#6247,(#6252,#6259),.PCURVE_S1.);
#6247 = CIRCLE('',#6248,1.6);
#6248 = AXIS2_PLACEMENT_3D('',#6249,#6250,#6251);
#6249 = CARTESIAN_POINT('',(-12.,-56.,10.));
#6250 = DIRECTION('',(-0.,1.,0.));
#6251 = DIRECTION('',(1.,0.,0.));
#6252 = PCURVE('',#1344,#6253);
#6253 = DEFINITIONAL_REPRESENTATION('',(#6254),#6258);
#6254 = CIRCLE('',#6255,1.6);
#6255 = AXIS2_PLACEMENT_2D('',#6256,#6257);
#6256 = CARTESIAN_POINT('',(20.,-10.));
#6257 = DIRECTION('',(1.,0.));
#6258 = ( GEOMETRIC_REPRESENTATION_CONTEXT(2) 
PARAMETRIC_REPRESENTATION_CONTEXT() REPRESENTATION_CONTEXT('2D SPACE',''
  ) );
#6259 = PCURVE('',#6260,#6265);
#6260 = CYLINDRICAL_SURFACE('',#6261,1.6);
#6261 = AXIS2_PLACEMENT_3D('',#6262,#6263,#6264);
#6262 = CARTESIAN_POINT('',(-12.,-52.,10.));
#6263 = DIRECTION('',(-0.,1.,-0.));
#6264 = DIRECTION('',(1.,0.,0.));
#6265 = DEFINITIONAL_REPRESENTATION('',(#6266),#6270);
#6266 = LINE('',#6267,#6268);
#6267 = CARTESIAN_POINT('',(-6.28318530718,-4.));
#6268 = VECTOR('',#6269,1.);
#6269 = DIRECTION('',(1.,-0.));
#6270 = ( GEOMETRIC_REPRESENTATION_CONTEXT(2) 
PARAMETRIC_REPRESENTATION_CONTEXT() REPRESENTATION_CONTEXT('2D SPACE',''
  ) );
#6271 = FACE_BOUND('',#6272,.F.);
#6272 = EDGE_LOOP('',(#6273));
#6273 = ORIENTED_EDGE('',*,*,#6274,.F.);
#6274 = EDGE_CURVE('',#6275,#6275,#6277,.T.);
#6275 = VERTEX_POINT('',#6276);
#6276 = CARTESIAN_POINT('',(-4.4,-56.,10.));
#6277 = SURFACE_CURVE('',#6278,(#6283,#6290),.PCURVE_S1.);
#6278 = CIRCLE('',#6279,1.6);
#6279 = AXIS2_PLACEMENT_3D('',#6280,#6281,#6282);
#6280 = CARTESIAN_POINT('',(-6.,-56.,10.));
#6281 = DIRECTION('',(-0.,1.,0.));
#6282 = DIRECTION('',(1.,0.,0.));
#6283 = PCURVE('',#1344,#6284);
#6284 = DEFINITIONAL_REPRESENTATION('',(#6285),#6289);
#6285 = CIRCLE('',#6286,1.6);
#6286 = AXIS2_PLACEMENT_2D('',#6287,#6288);
#6287 = CARTESIAN_POINT('',(26.,-10.));
#6288 = DIRECTION('',(1.,0.));
#6289 = ( GEOMETRIC_REPRESENTATION_CONTEXT(2) 
PARAMETRIC_REPRESENTATION_CONTEXT() REPRESENTATION_CONTEXT('2D SPACE',''
  ) );
#6290 = PCURVE('',#6291,#6296);
#6291 = CYLINDRICAL_SURFACE('',#6292,1.6);
#6292 = AXIS2_PLACEMENT_3D('',#6293,#6294,#6295);
#6293 = CARTESIAN_POINT('',(-6.,-52.,10.));
#6294 = DIRECTION('',(-0.,1.,-0.));
#6295 = DIRECTION('',(1.,0.,0.));
#6296 = DEFINITIONAL_REPRESENTATION('',(#6297),#6301);
#6297 = LINE('',#6298,#6299);
#6298 = CARTESIAN_POINT('',(-6.28318530718,-4.));
#6299 = VECTOR('',#6300,1.);
#6300 = DIRECTION('',(1.,-0.));
#6301 = ( GEOMETRIC_REPRESENTATION_CONTEXT(2) 
PARAMETRIC_REPRESENTATION_CONTEXT() REPRESENTATION_CONTEXT('2D SPACE',''
  ) );
#6302 = FACE_BOUND('',#6303,.F.);
#6303 = EDGE_LOOP('',(#6304));
#6304 = ORIENTED_EDGE('',*,*,#6305,.F.);
#6305 = EDGE_CURVE('',#6306,#6306,#6308,.T.);
#6306 = VERTEX_POINT('',#6307);
#6307 = CARTESIAN_POINT('',(1.6,-56.,10.));
#6308 = SURFACE_CURVE('',#6309,(#6314,#6321),.PCURVE_S1.);
#6309 = CIRCLE('',#6310,1.6);
#6310 = AXIS2_PLACEMENT_3D('',#6311,#6312,#6313);
#6311 = CARTESIAN_POINT('',(0.,-56.,10.));
#6312 = DIRECTION('',(-0.,1.,0.));
#6313 = DIRECTION('',(1.,0.,0.));
#6314 = PCURVE('',#1344,#6315);
#6315 = DEFINITIONAL_REPRESENTATION('',(#6316),#6320);
#6316 = CIRCLE('',#6317,1.6);
#6317 = AXIS2_PLACEMENT_2D('',#6318,#6319);
#6318 = CARTESIAN_POINT('',(32.,-10.));
#6319 = DIRECTION('',(1.,0.));
#6320 = ( GEOMETRIC_REPRESENTATION_CONTEXT(2) 
PARAMETRIC_REPRESENTATION_CONTEXT() REPRESENTATION_CONTEXT('2D SPACE',''
  ) );
#6321 = PCURVE('',#6322,#6327);
#6322 = CYLINDRICAL_SURFACE('',#6323,1.6);
#6323 = AXIS2_PLACEMENT_3D('',#6324,#6325,#6326);
#6324 = CARTESIAN_POINT('',(0.,-52.,10.));
#6325 = DIRECTION('',(-0.,1.,-0.));
#6326 = DIRECTION('',(1.,0.,0.));
#6327 = DEFINITIONAL_REPRESENTATION('',(#6328),#6332);
#6328 = LINE('',#6329,#6330);
#6329 = CARTESIAN_POINT('',(-6.28318530718,-4.));
#6330 = VECTOR('',#6331,1.);
#6331 = DIRECTION('',(1.,-0.));
#6332 = ( GEOMETRIC_REPRESENTATION_CONTEXT(2) 
PARAMETRIC_REPRESENTATION_CONTEXT() REPRESENTATION_CONTEXT('2D SPACE',''
  ) );
#6333 = FACE_BOUND('',#6334,.F.);
#6334 = EDGE_LOOP('',(#6335));
#6335 = ORIENTED_EDGE('',*,*,#6336,.F.);
#6336 = EDGE_CURVE('',#6337,#6337,#6339,.T.);
#6337 = VERTEX_POINT('',#6338);
#6338 = CARTESIAN_POINT('',(4.6,-56.,16.));
#6339 = SURFACE_CURVE('',#6340,(#6345,#6352),.PCURVE_S1.);
#6340 = CIRCLE('',#6341,1.6);
#6341 = AXIS2_PLACEMENT_3D('',#6342,#6343,#6344);
#6342 = CARTESIAN_POINT('',(3.,-56.,16.));
#6343 = DIRECTION('',(-0.,1.,0.));
#6344 = DIRECTION('',(1.,0.,0.));
#6345 = PCURVE('',#1344,#6346);
#6346 = DEFINITIONAL_REPRESENTATION('',(#6347),#6351);
#6347 = CIRCLE('',#6348,1.6);
#6348 = AXIS2_PLACEMENT_2D('',#6349,#6350);
#6349 = CARTESIAN_POINT('',(35.,-16.));
#6350 = DIRECTION('',(1.,0.));
#6351 = ( GEOMETRIC_REPRESENTATION_CONTEXT(2) 
PARAMETRIC_REPRESENTATION_CONTEXT() REPRESENTATION_CONTEXT('2D SPACE',''
  ) );
#6352 = PCURVE('',#6353,#6358);
#6353 = CYLINDRICAL_SURFACE('',#6354,1.6);
#6354 = AXIS2_PLACEMENT_3D('',#6355,#6356,#6357);
#6355 = CARTESIAN_POINT('',(3.,-52.,16.));
#6356 = DIRECTION('',(-0.,1.,-0.));
#6357 = DIRECTION('',(1.,0.,0.));
#6358 = DEFINITIONAL_REPRESENTATION('',(#6359),#6363);
#6359 = LINE('',#6360,#6361);
#6360 = CARTESIAN_POINT('',(-6.28318530718,-4.));
#6361 = VECTOR('',#6362,1.);
#6362 = DIRECTION('',(1.,-0.));
#6363 = ( GEOMETRIC_REPRESENTATION_CONTEXT(2) 
PARAMETRIC_REPRESENTATION_CONTEXT() REPRESENTATION_CONTEXT('2D SPACE',''
  ) );
#6364 = FACE_BOUND('',#6365,.F.);
#6365 = EDGE_LOOP('',(#6366));
#6366 = ORIENTED_EDGE('',*,*,#6367,.F.);
#6367 = EDGE_CURVE('',#6368,#6368,#6370,.T.);
#6368 = VERTEX_POINT('',#6369);
#6369 = CARTESIAN_POINT('',(10.6,-56.,16.));
#6370 = SURFACE_CURVE('',#6371,(#6376,#6383),.PCURVE_S1.);
#6371 = CIRCLE('',#6372,1.6);
#6372 = AXIS2_PLACEMENT_3D('',#6373,#6374,#6375);
#6373 = CARTESIAN_POINT('',(9.,-56.,16.));
#6374 = DIRECTION('',(-0.,1.,0.));
#6375 = DIRECTION('',(1.,0.,0.));
#6376 = PCURVE('',#1344,#6377);
#6377 = DEFINITIONAL_REPRESENTATION('',(#6378),#6382);
#6378 = CIRCLE('',#6379,1.6);
#6379 = AXIS2_PLACEMENT_2D('',#6380,#6381);
#6380 = CARTESIAN_POINT('',(41.,-16.));
#6381 = DIRECTION('',(1.,0.));
#6382 = ( GEOMETRIC_REPRESENTATION_CONTEXT(2) 
PARAMETRIC_REPRESENTATION_CONTEXT() REPRESENTATION_CONTEXT('2D SPACE',''
  ) );
#6383 = PCURVE('',#6384,#6389);
#6384 = CYLINDRICAL_SURFACE('',#6385,1.6);
#6385 = AXIS2_PLACEMENT_3D('',#6386,#6387,#6388);
#6386 = CARTESIAN_POINT('',(9.,-52.,16.));
#6387 = DIRECTION('',(-0.,1.,-0.));
#6388 = DIRECTION('',(1.,0.,0.));
#6389 = DEFINITIONAL_REPRESENTATION('',(#6390),#6394);
#6390 = LINE('',#6391,#6392);
#6391 = CARTESIAN_POINT('',(-6.28318530718,-4.));
#6392 = VECTOR('',#6393,1.);
#6393 = DIRECTION('',(1.,-0.));
#6394 = ( GEOMETRIC_REPRESENTATION_CONTEXT(2) 
PARAMETRIC_REPRESENTATION_CONTEXT() REPRESENTATION_CONTEXT('2D SPACE',''
  ) );
#6395 = FACE_BOUND('',#6396,.F.);
#6396 = EDGE_LOOP('',(#6397));
#6397 = ORIENTED_EDGE('',*,*,#6398,.F.);
#6398 = EDGE_CURVE('',#6399,#6399,#6401,.T.);
#6399 = VERTEX_POINT('',#6400);
#6400 = CARTESIAN_POINT('',(16.6,-56.,16.));
#6401 = SURFACE_CURVE('',#6402,(#6407,#6414),.PCURVE_S1.);
#6402 = CIRCLE('',#6403,1.6);
#6403 = AXIS2_PLACEMENT_3D('',#6404,#6405,#6406);
#6404 = CARTESIAN_POINT('',(15.,-56.,16.));
#6405 = DIRECTION('',(-0.,1.,0.));
#6406 = DIRECTION('',(1.,0.,0.));
#6407 = PCURVE('',#1344,#6408);
#6408 = DEFINITIONAL_REPRESENTATION('',(#6409),#6413);
#6409 = CIRCLE('',#6410,1.6);
#6410 = AXIS2_PLACEMENT_2D('',#6411,#6412);
#6411 = CARTESIAN_POINT('',(47.,-16.));
#6412 = DIRECTION('',(1.,0.));
#6413 = ( GEOMETRIC_REPRESENTATION_CONTEXT(2) 
PARAMETRIC_REPRESENTATION_CONTEXT() REPRESENTATION_CONTEXT('2D SPACE',''
  ) );
#6414 = PCURVE('',#6415,#6420);
#6415 = CYLINDRICAL_SURFACE('',#6416,1.6);
#6416 = AXIS2_PLACEMENT_3D('',#6417,#6418,#6419);
#6417 = CARTESIAN_POINT('',(15.,-52.,16.));
#6418 = DIRECTION('',(-0.,1.,-0.));
#6419 = DIRECTION('',(1.,0.,0.));
#6420 = DEFINITIONAL_REPRESENTATION('',(#6421),#6425);
#6421 = LINE('',#6422,#6423);
#6422 = CARTESIAN_POINT('',(-6.28318530718,-4.));
#6423 = VECTOR('',#6424,1.);
#6424 = DIRECTION('',(1.,-0.));
#6425 = ( GEOMETRIC_REPRESENTATION_CONTEXT(2) 
PARAMETRIC_REPRESENTATION_CONTEXT() REPRESENTATION_CONTEXT('2D SPACE',''
  ) );
#6426 = FACE_BOUND('',#6427,.F.);
#6427 = EDGE_LOOP('',(#6428));
#6428 = ORIENTED_EDGE('',*,*,#6429,.F.);
#6429 = EDGE_CURVE('',#6430,#6430,#6432,.T.);
#6430 = VERTEX_POINT('',#6431);
#6431 = CARTESIAN_POINT('',(22.6,-56.,16.));
#6432 = SURFACE_CURVE('',#6433,(#6438,#6445),.PCURVE_S1.);
#6433 = CIRCLE('',#6434,1.6);
#6434 = AXIS2_PLACEMENT_3D('',#6435,#6436,#6437);
#6435 = CARTESIAN_POINT('',(21.,-56.,16.));
#6436 = DIRECTION('',(-0.,1.,0.));
#6437 = DIRECTION('',(1.,0.,0.));
#6438 = PCURVE('',#1344,#6439);
#6439 = DEFINITIONAL_REPRESENTATION('',(#6440),#6444);
#6440 = CIRCLE('',#6441,1.6);
#6441 = AXIS2_PLACEMENT_2D('',#6442,#6443);
#6442 = CARTESIAN_POINT('',(53.,-16.));
#6443 = DIRECTION('',(1.,0.));
#6444 = ( GEOMETRIC_REPRESENTATION_CONTEXT(2) 
PARAMETRIC_REPRESENTATION_CONTEXT() REPRESENTATION_CONTEXT('2D SPACE',''
  ) );
#6445 = PCURVE('',#6446,#6451);
#6446 = CYLINDRICAL_SURFACE('',#6447,1.6);
#6447 = AXIS2_PLACEMENT_3D('',#6448,#6449,#6450);
#6448 = CARTESIAN_POINT('',(21.,-52.,16.));
#6449 = DIRECTION('',(-0.,1.,-0.));
#6450 = DIRECTION('',(1.,0.,0.));
#6451 = DEFINITIONAL_REPRESENTATION('',(#6452),#6456);
#6452 = LINE('',#6453,#6454);
#6453 = CARTESIAN_POINT('',(-6.28318530718,-4.));
#6454 = VECTOR('',#6455,1.);
#6455 = DIRECTION('',(1.,-0.));
#6456 = ( GEOMETRIC_REPRESENTATION_CONTEXT(2) 
PARAMETRIC_REPRESENTATION_CONTEXT() REPRESENTATION_CONTEXT('2D SPACE',''
  ) );
#6457 = FACE_BOUND('',#6458,.F.);
#6458 = EDGE_LOOP('',(#6459));
#6459 = ORIENTED_EDGE('',*,*,#6460,.F.);
#6460 = EDGE_CURVE('',#6461,#6461,#6463,.T.);
#6461 = VERTEX_POINT('',#6462);
#6462 = CARTESIAN_POINT('',(28.6,-56.,16.));
#6463 = SURFACE_CURVE('',#6464,(#6469,#6476),.PCURVE_S1.);
#6464 = CIRCLE('',#6465,1.6);
#6465 = AXIS2_PLACEMENT_3D('',#6466,#6467,#6468);
#6466 = CARTESIAN_POINT('',(27.,-56.,16.));
#6467 = DIRECTION('',(-0.,1.,0.));
#6468 = DIRECTION('',(1.,0.,0.));
#6469 = PCURVE('',#1344,#6470);
#6470 = DEFINITIONAL_REPRESENTATION('',(#6471),#6475);
#6471 = CIRCLE('',#6472,1.6);
#6472 = AXIS2_PLACEMENT_2D('',#6473,#6474);
#6473 = CARTESIAN_POINT('',(59.,-16.));
#6474 = DIRECTION('',(1.,0.));
#6475 = ( GEOMETRIC_REPRESENTATION_CONTEXT(2) 
PARAMETRIC_REPRESENTATION_CONTEXT() REPRESENTATION_CONTEXT('2D SPACE',''
  ) );
#6476 = PCURVE('',#6477,#6482);
#6477 = CYLINDRICAL_SURFACE('',#6478,1.6);
#6478 = AXIS2_PLACEMENT_3D('',#6479,#6480,#6481);
#6479 = CARTESIAN_POINT('',(27.,-52.,16.));
#6480 = DIRECTION('',(-0.,1.,-0.));
#6481 = DIRECTION('',(1.,0.,0.));
#6482 = DEFINITIONAL_REPRESENTATION('',(#6483),#6487);
#6483 = LINE('',#6484,#6485);
#6484 = CARTESIAN_POINT('',(-6.28318530718,-4.));
#6485 = VECTOR('',#6486,1.);
#6486 = DIRECTION('',(1.,-0.));
#6487 = ( GEOMETRIC_REPRESENTATION_CONTEXT(2) 
PARAMETRIC_REPRESENTATION_CONTEXT() REPRESENTATION_CONTEXT('2D SPACE',''
  ) );
#6488 = FACE_BOUND('',#6489,.F.);
#6489 = EDGE_LOOP('',(#6490));
#6490 = ORIENTED_EDGE('',*,*,#6491,.F.);
#6491 = EDGE_CURVE('',#6492,#6492,#6494,.T.);
#6492 = VERTEX_POINT('',#6493);
#6493 = CARTESIAN_POINT('',(7.6,-56.,10.));
#6494 = SURFACE_CURVE('',#6495,(#6500,#6507),.PCURVE_S1.);
#6495 = CIRCLE('',#6496,1.6);
#6496 = AXIS2_PLACEMENT_3D('',#6497,#6498,#6499);
#6497 = CARTESIAN_POINT('',(6.,-56.,10.));
#6498 = DIRECTION('',(-0.,1.,0.));
#6499 = DIRECTION('',(1.,0.,0.));
#6500 = PCURVE('',#1344,#6501);
#6501 = DEFINITIONAL_REPRESENTATION('',(#6502),#6506);
#6502 = CIRCLE('',#6503,1.6);
#6503 = AXIS2_PLACEMENT_2D('',#6504,#6505);
#6504 = CARTESIAN_POINT('',(38.,-10.));
#6505 = DIRECTION('',(1.,0.));
#6506 = ( GEOMETRIC_REPRESENTATION_CONTEXT(2) 
PARAMETRIC_REPRESENTATION_CONTEXT() REPRESENTATION_CONTEXT('2D SPACE',''
  ) );
#6507 = PCURVE('',#6508,#6513);
#6508 = CYLINDRICAL_SURFACE('',#6509,1.6);
#6509 = AXIS2_PLACEMENT_3D('',#6510,#6511,#6512);
#6510 = CARTESIAN_POINT('',(6.,-52.,10.));
#6511 = DIRECTION('',(-0.,1.,-0.));
#6512 = DIRECTION('',(1.,0.,0.));
#6513 = DEFINITIONAL_REPRESENTATION('',(#6514),#6518);
#6514 = LINE('',#6515,#6516);
#6515 = CARTESIAN_POINT('',(-6.28318530718,-4.));
#6516 = VECTOR('',#6517,1.);
#6517 = DIRECTION('',(1.,-0.));
#6518 = ( GEOMETRIC_REPRESENTATION_CONTEXT(2) 
PARAMETRIC_REPRESENTATION_CONTEXT() REPRESENTATION_CONTEXT('2D SPACE',''
  ) );
#6519 = FACE_BOUND('',#6520,.F.);
#6520 = EDGE_LOOP('',(#6521));
#6521 = ORIENTED_EDGE('',*,*,#6522,.F.);
#6522 = EDGE_CURVE('',#6523,#6523,#6525,.T.);
#6523 = VERTEX_POINT('',#6524);
#6524 = CARTESIAN_POINT('',(13.6,-56.,10.));
#6525 = SURFACE_CURVE('',#6526,(#6531,#6538),.PCURVE_S1.);
#6526 = CIRCLE('',#6527,1.6);
#6527 = AXIS2_PLACEMENT_3D('',#6528,#6529,#6530);
#6528 = CARTESIAN_POINT('',(12.,-56.,10.));
#6529 = DIRECTION('',(-0.,1.,0.));
#6530 = DIRECTION('',(1.,0.,0.));
#6531 = PCURVE('',#1344,#6532);
#6532 = DEFINITIONAL_REPRESENTATION('',(#6533),#6537);
#6533 = CIRCLE('',#6534,1.6);
#6534 = AXIS2_PLACEMENT_2D('',#6535,#6536);
#6535 = CARTESIAN_POINT('',(44.,-10.));
#6536 = DIRECTION('',(1.,0.));
#6537 = ( GEOMETRIC_REPRESENTATION_CONTEXT(2) 
PARAMETRIC_REPRESENTATION_CONTEXT() REPRESENTATION_CONTEXT('2D SPACE',''
  ) );
#6538 = PCURVE('',#6539,#6544);
#6539 = CYLINDRICAL_SURFACE('',#6540,1.6);
#6540 = AXIS2_PLACEMENT_3D('',#6541,#6542,#6543);
#6541 = CARTESIAN_POINT('',(12.,-52.,10.));
#6542 = DIRECTION('',(-0.,1.,-0.));
#6543 = DIRECTION('',(1.,0.,0.));
#6544 = DEFINITIONAL_REPRESENTATION('',(#6545),#6549);
#6545 = LINE('',#6546,#6547);
#6546 = CARTESIAN_POINT('',(-6.28318530718,-4.));
#6547 = VECTOR('',#6548,1.);
#6548 = DIRECTION('',(1.,-0.));
#6549 = ( GEOMETRIC_REPRESENTATION_CONTEXT(2) 
PARAMETRIC_REPRESENTATION_CONTEXT() REPRESENTATION_CONTEXT('2D SPACE',''
  ) );
#6550 = FACE_BOUND('',#6551,.F.);
#6551 = EDGE_LOOP('',(#6552));
#6552 = ORIENTED_EDGE('',*,*,#6553,.F.);
#6553 = EDGE_CURVE('',#6554,#6554,#6556,.T.);
#6554 = VERTEX_POINT('',#6555);
#6555 = CARTESIAN_POINT('',(19.6,-56.,10.));
#6556 = SURFACE_CURVE('',#6557,(#6562,#6569),.PCURVE_S1.);
#6557 = CIRCLE('',#6558,1.6);
#6558 = AXIS2_PLACEMENT_3D('',#6559,#6560,#6561);
#6559 = CARTESIAN_POINT('',(18.,-56.,10.));
#6560 = DIRECTION('',(-0.,1.,0.));
#6561 = DIRECTION('',(1.,0.,0.));
#6562 = PCURVE('',#1344,#6563);
#6563 = DEFINITIONAL_REPRESENTATION('',(#6564),#6568);
#6564 = CIRCLE('',#6565,1.6);
#6565 = AXIS2_PLACEMENT_2D('',#6566,#6567);
#6566 = CARTESIAN_POINT('',(50.,-10.));
#6567 = DIRECTION('',(1.,0.));
#6568 = ( GEOMETRIC_REPRESENTATION_CONTEXT(2) 
PARAMETRIC_REPRESENTATION_CONTEXT() REPRESENTATION_CONTEXT('2D SPACE',''
  ) );
#6569 = PCURVE('',#6570,#6575);
#6570 = CYLINDRICAL_SURFACE('',#6571,1.6);
#6571 = AXIS2_PLACEMENT_3D('',#6572,#6573,#6574);
#6572 = CARTESIAN_POINT('',(18.,-52.,10.));
#6573 = DIRECTION('',(-0.,1.,-0.));
#6574 = DIRECTION('',(1.,0.,0.));
#6575 = DEFINITIONAL_REPRESENTATION('',(#6576),#6580);
#6576 = LINE('',#6577,#6578);
#6577 = CARTESIAN_POINT('',(-6.28318530718,-4.));
#6578 = VECTOR('',#6579,1.);
#6579 = DIRECTION('',(1.,-0.));
#6580 = ( GEOMETRIC_REPRESENTATION_CONTEXT(2) 
PARAMETRIC_REPRESENTATION_CONTEXT() REPRESENTATION_CONTEXT('2D SPACE',''
  ) );
#6581 = FACE_BOUND('',#6582,.F.);
#6582 = EDGE_LOOP('',(#6583));
#6583 = ORIENTED_EDGE('',*,*,#6584,.F.);
#6584 = EDGE_CURVE('',#6585,#6585,#6587,.T.);
#6585 = VERTEX_POINT('',#6586);
#6586 = CARTESIAN_POINT('',(25.6,-56.,10.));
#6587 = SURFACE_CURVE('',#6588,(#6593,#6600),.PCURVE_S1.);
#6588 = CIRCLE('',#6589,1.6);
#6589 = AXIS2_PLACEMENT_3D('',#6590,#6591,#6592);
#6590 = CARTESIAN_POINT('',(24.,-56.,10.));
#6591 = DIRECTION('',(-0.,1.,0.));
#6592 = DIRECTION('',(1.,0.,0.));
#6593 = PCURVE('',#1344,#6594);
#6594 = DEFINITIONAL_REPRESENTATION('',(#6595),#6599);
#6595 = CIRCLE('',#6596,1.6);
#6596 = AXIS2_PLACEMENT_2D('',#6597,#6598);
#6597 = CARTESIAN_POINT('',(56.,-10.));
#6598 = DIRECTION('',(1.,0.));
#6599 = ( GEOMETRIC_REPRESENTATION_CONTEXT(2) 
PARAMETRIC_REPRESENTATION_CONTEXT() REPRESENTATION_CONTEXT('2D SPACE',''
  ) );
#6600 = PCURVE('',#6601,#6606);
#6601 = CYLINDRICAL_SURFACE('',#6602,1.6);
#6602 = AXIS2_PLACEMENT_3D('',#6603,#6604,#6605);
#6603 = CARTESIAN_POINT('',(24.,-52.,10.));
#6604 = DIRECTION('',(-0.,1.,-0.));
#6605 = DIRECTION('',(1.,0.,0.));
#6606 = DEFINITIONAL_REPRESENTATION('',(#6607),#6611);
#6607 = LINE('',#6608,#6609);
#6608 = CARTESIAN_POINT('',(-6.28318530718,-4.));
#6609 = VECTOR('',#6610,1.);
#6610 = DIRECTION('',(1.,-0.));
#6611 = ( GEOMETRIC_REPRESENTATION_CONTEXT(2) 
PARAMETRIC_REPRESENTATION_CONTEXT() REPRESENTATION_CONTEXT('2D SPACE',''
  ) );
#6612 = FACE_BOUND('',#6613,.F.);
#6613 = EDGE_LOOP('',(#6614));
#6614 = ORIENTED_EDGE('',*,*,#6615,.F.);
#6615 = EDGE_CURVE('',#6616,#6616,#6618,.T.);
#6616 = VERTEX_POINT('',#6617);
#6617 = CARTESIAN_POINT('',(31.6,-56.,10.));
#6618 = SURFACE_CURVE('',#6619,(#6624,#6631),.PCURVE_S1.);
#6619 = CIRCLE('',#6620,1.6);
#6620 = AXIS2_PLACEMENT_3D('',#6621,#6622,#6623);
#6621 = CARTESIAN_POINT('',(30.,-56.,10.));
#6622 = DIRECTION('',(-0.,1.,0.));
#6623 = DIRECTION('',(1.,0.,0.));
#6624 = PCURVE('',#1344,#6625);
#6625 = DEFINITIONAL_REPRESENTATION('',(#6626),#6630);
#6626 = CIRCLE('',#6627,1.6);
#6627 = AXIS2_PLACEMENT_2D('',#6628,#6629);
#6628 = CARTESIAN_POINT('',(62.,-10.));
#6629 = DIRECTION('',(1.,0.));
#6630 = ( GEOMETRIC_REPRESENTATION_CONTEXT(2) 
PARAMETRIC_REPRESENTATION_CONTEXT() REPRESENTATION_CONTEXT('2D SPACE',''
  ) );
#6631 = PCURVE('',#6632,#6637);
#6632 = CYLINDRICAL_SURFACE('',#6633,1.6);
#6633 = AXIS2_PLACEMENT_3D('',#6634,#6635,#6636);
#6634 = CARTESIAN_POINT('',(30.,-52.,10.));
#6635 = DIRECTION('',(-0.,1.,-0.));
#6636 = DIRECTION('',(1.,0.,0.));
#6637 = DEFINITIONAL_REPRESENTATION('',(#6638),#6642);
#6638 = LINE('',#6639,#6640);
#6639 = CARTESIAN_POINT('',(-6.28318530718,-4.));
#6640 = VECTOR('',#6641,1.);
#6641 = DIRECTION('',(1.,-0.));
#6642 = ( GEOMETRIC_REPRESENTATION_CONTEXT(2) 
PARAMETRIC_REPRESENTATION_CONTEXT() REPRESENTATION_CONTEXT('2D SPACE',''
  ) );
#6643 = ADVANCED_FACE('',(#6644),#1316,.T.);
#6644 = FACE_BOUND('',#6645,.F.);
#6645 = EDGE_LOOP('',(#6646,#6667,#6668,#6703));
#6646 = ORIENTED_EDGE('',*,*,#6647,.F.);
#6647 = EDGE_CURVE('',#1300,#6648,#6650,.T.);
#6648 = VERTEX_POINT('',#6649);
#6649 = CARTESIAN_POINT('',(-32.,-55.2,30.));
#6650 = SURFACE_CURVE('',#6651,(#6655,#6661),.PCURVE_S1.);
#6651 = LINE('',#6652,#6653);
#6652 = CARTESIAN_POINT('',(-32.,-55.6,29.6));
#6653 = VECTOR('',#6654,1.);
#6654 = DIRECTION('',(0.,0.707106781187,0.707106781187));
#6655 = PCURVE('',#1316,#6656);
#6656 = DEFINITIONAL_REPRESENTATION('',(#6657),#6660);
#6657 = B_SPLINE_CURVE_WITH_KNOTS('',1,(#6658,#6659),.UNSPECIFIED.,.F.,
  .F.,(2,2),(-0.565685424949,0.565685424949),.PIECEWISE_BEZIER_KNOTS.);
#6658 = CARTESIAN_POINT('',(0.,0.));
#6659 = CARTESIAN_POINT('',(0.,-0.8));
#6660 = ( GEOMETRIC_REPRESENTATION_CONTEXT(2) 
PARAMETRIC_REPRESENTATION_CONTEXT() REPRESENTATION_CONTEXT('2D SPACE',''
  ) );
#6661 = PCURVE('',#5596,#6662);
#6662 = DEFINITIONAL_REPRESENTATION('',(#6663),#6666);
#6663 = B_SPLINE_CURVE_WITH_KNOTS('',1,(#6664,#6665),.UNSPECIFIED.,.F.,
  .F.,(2,2),(-0.565685424949,0.565685424949),.PIECEWISE_BEZIER_KNOTS.);
#6664 = CARTESIAN_POINT('',(64.,-0.565685424949));
#6665 = CARTESIAN_POINT('',(64.,0.565685424949));
#6666 = ( GEOMETRIC_REPRESENTATION_CONTEXT(2) 
PARAMETRIC_REPRESENTATION_CONTEXT() REPRESENTATION_CONTEXT('2D SPACE',''
  ) );
#6667 = ORIENTED_EDGE('',*,*,#1299,.T.);
#6668 = ORIENTED_EDGE('',*,*,#6669,.T.);
#6669 = EDGE_CURVE('',#1274,#6670,#6672,.T.);
#6670 = VERTEX_POINT('',#6671);
#6671 = CARTESIAN_POINT('',(-45.4498634916,-50.90346984173,30.));
#6672 = SURFACE_CURVE('',#6673,(#6681,#6692),.PCURVE_S1.);
#6673 = B_SPLINE_CURVE_WITH_KNOTS('',6,(#6674,#6675,#6676,#6677,#6678,
    #6679,#6680),.UNSPECIFIED.,.F.,.F.,(7,7),(0.,1.),
  .PIECEWISE_BEZIER_KNOTS.);
#6674 = CARTESIAN_POINT('',(-46.44838171028,-51.16361828971,29.2));
#6675 = CARTESIAN_POINT('',(-46.26586417807,-51.13943739657,
    29.329186515849));
#6676 = CARTESIAN_POINT('',(-46.09018390491,-51.10639302414,
    29.460473879618));
#6677 = CARTESIAN_POINT('',(-45.92099183375,-51.06555407549,
    29.593463058279));
#6678 = CARTESIAN_POINT('',(-45.75803496173,-51.01771288851,
    29.727852108521));
#6679 = CARTESIAN_POINT('',(-45.60106921889,-50.96351632446,
    29.863414515852));
#6680 = CARTESIAN_POINT('',(-45.44986282737,-50.90346957795,30.0000006)
  );
#6681 = PCURVE('',#1316,#6682);
#6682 = DEFINITIONAL_REPRESENTATION('',(#6683),#6691);
#6683 = B_SPLINE_CURVE_WITH_KNOTS('',6,(#6684,#6685,#6686,#6687,#6688,
    #6689,#6690),.UNSPECIFIED.,.F.,.F.,(7,7),(0.,1.),
  .PIECEWISE_BEZIER_KNOTS.);
#6684 = CARTESIAN_POINT('',(0.646023377901,-3.552713678801E-14));
#6685 = CARTESIAN_POINT('',(0.640557541887,-0.129186515849));
#6686 = CARTESIAN_POINT('',(0.635470903344,-0.260473879618));
#6687 = CARTESIAN_POINT('',(0.630731771876,-0.393463058279));
#6688 = CARTESIAN_POINT('',(0.626318679291,-0.527852108521));
#6689 = CARTESIAN_POINT('',(0.622214032784,-0.663414515852));
#6690 = CARTESIAN_POINT('',(0.618404013045,-0.8000006));
#6691 = ( GEOMETRIC_REPRESENTATION_CONTEXT(2) 
PARAMETRIC_REPRESENTATION_CONTEXT() REPRESENTATION_CONTEXT('2D SPACE',''
  ) );
#6692 = PCURVE('',#1288,#6693);
#6693 = DEFINITIONAL_REPRESENTATION('',(#6694),#6702);
#6694 = B_SPLINE_CURVE_WITH_KNOTS('',6,(#6695,#6696,#6697,#6698,#6699,
    #6700,#6701),.UNSPECIFIED.,.F.,.F.,(7,7),(0.,1.),
  .PIECEWISE_BEZIER_KNOTS.);
#6695 = CARTESIAN_POINT('',(-4.844107216653,-29.2));
#6696 = CARTESIAN_POINT('',(-4.887943495464,-29.32918651584));
#6697 = CARTESIAN_POINT('',(-4.930443163529,-29.46047387961));
#6698 = CARTESIAN_POINT('',(-4.97180653712,-29.59346305827));
#6699 = CARTESIAN_POINT('',(-5.012174990344,-29.72785210852));
#6700 = CARTESIAN_POINT('',(-5.051671809871,-29.86341451585));
#6701 = CARTESIAN_POINT('',(-5.090408218212,-30.0000006));
#6702 = ( GEOMETRIC_REPRESENTATION_CONTEXT(2) 
PARAMETRIC_REPRESENTATION_CONTEXT() REPRESENTATION_CONTEXT('2D SPACE',''
  ) );
#6703 = ORIENTED_EDGE('',*,*,#6704,.F.);
#6704 = EDGE_CURVE('',#6648,#6670,#6705,.T.);
#6705 = SURFACE_CURVE('',#6706,(#6711,#6718),.PCURVE_S1.);
#6706 = CIRCLE('',#6707,23.2);
#6707 = AXIS2_PLACEMENT_3D('',#6708,#6709,#6710);
#6708 = CARTESIAN_POINT('',(-32.,-32.,30.));
#6709 = DIRECTION('',(-0.,0.,-1.));
#6710 = DIRECTION('',(-2.960594732334E-16,-1.,0.));
#6711 = PCURVE('',#1316,#6712);
#6712 = DEFINITIONAL_REPRESENTATION('',(#6713),#6717);
#6713 = LINE('',#6714,#6715);
#6714 = CARTESIAN_POINT('',(0.,-0.8));
#6715 = VECTOR('',#6716,1.);
#6716 = DIRECTION('',(1.,-0.));
#6717 = ( GEOMETRIC_REPRESENTATION_CONTEXT(2) 
PARAMETRIC_REPRESENTATION_CONTEXT() REPRESENTATION_CONTEXT('2D SPACE',''
  ) );
#6718 = PCURVE('',#1261,#6719);
#6719 = DEFINITIONAL_REPRESENTATION('',(#6720),#6728);
#6720 = ( BOUNDED_CURVE() B_SPLINE_CURVE(2,(#6721,#6722,#6723,#6724,
#6725,#6726,#6727),.UNSPECIFIED.,.T.,.F.) B_SPLINE_CURVE_WITH_KNOTS((1,2
    ,2,2,2,1),(-2.094395102393,0.,2.094395102393,4.188790204786,
6.28318530718,8.377580409573),.UNSPECIFIED.) CURVE() 
GEOMETRIC_REPRESENTATION_ITEM() RATIONAL_B_SPLINE_CURVE((1.,0.5,1.,0.5,
1.,0.5,1.)) REPRESENTATION_ITEM('') );
#6721 = CARTESIAN_POINT('',(-32.,-55.2));
#6722 = CARTESIAN_POINT('',(-72.18357873559,-55.2));
#6723 = CARTESIAN_POINT('',(-52.09178936779,-20.4));
#6724 = CARTESIAN_POINT('',(-32.,14.4));
#6725 = CARTESIAN_POINT('',(-11.9082106322,-20.4));
#6726 = CARTESIAN_POINT('',(8.183578735598,-55.2));
#6727 = CARTESIAN_POINT('',(-32.,-55.2));
#6728 = ( GEOMETRIC_REPRESENTATION_CONTEXT(2) 
PARAMETRIC_REPRESENTATION_CONTEXT() REPRESENTATION_CONTEXT('2D SPACE',''
  ) );
#6729 = ADVANCED_FACE('',(#6730),#1288,.T.);
#6730 = FACE_BOUND('',#6731,.F.);
#6731 = EDGE_LOOP('',(#6732,#6733,#6734));
#6732 = ORIENTED_EDGE('',*,*,#6669,.F.);
#6733 = ORIENTED_EDGE('',*,*,#1273,.F.);
#6734 = ORIENTED_EDGE('',*,*,#6735,.F.);
#6735 = EDGE_CURVE('',#6670,#1245,#6736,.T.);
#6736 = SURFACE_CURVE('',#6737,(#6742,#6749),.PCURVE_S1.);
#6737 = CIRCLE('',#6738,4.2);
#6738 = AXIS2_PLACEMENT_3D('',#6739,#6740,#6741);
#6739 = CARTESIAN_POINT('',(-47.,-47.,30.));
#6740 = DIRECTION('',(0.,0.,-1.));
#6741 = DIRECTION('',(-1.,2.030122102172E-14,0.));
#6742 = PCURVE('',#1288,#6743);
#6743 = DEFINITIONAL_REPRESENTATION('',(#6744),#6748);
#6744 = LINE('',#6745,#6746);
#6745 = CARTESIAN_POINT('',(-9.424777960769,-30.));
#6746 = VECTOR('',#6747,1.);
#6747 = DIRECTION('',(1.,-0.));
#6748 = ( GEOMETRIC_REPRESENTATION_CONTEXT(2) 
PARAMETRIC_REPRESENTATION_CONTEXT() REPRESENTATION_CONTEXT('2D SPACE',''
  ) );
#6749 = PCURVE('',#1261,#6750);
#6750 = DEFINITIONAL_REPRESENTATION('',(#6751),#6759);
#6751 = ( BOUNDED_CURVE() B_SPLINE_CURVE(2,(#6752,#6753,#6754,#6755,
#6756,#6757,#6758),.UNSPECIFIED.,.T.,.F.) B_SPLINE_CURVE_WITH_KNOTS((1,2
    ,2,2,2,1),(-2.094395102393,0.,2.094395102393,4.188790204786,
6.28318530718,8.377580409573),.UNSPECIFIED.) CURVE() 
GEOMETRIC_REPRESENTATION_ITEM() RATIONAL_B_SPLINE_CURVE((1.,0.5,1.,0.5,
1.,0.5,1.)) REPRESENTATION_ITEM('') );
#6752 = CARTESIAN_POINT('',(-51.2,-47.));
#6753 = CARTESIAN_POINT('',(-51.2,-39.72538660821));
#6754 = CARTESIAN_POINT('',(-44.9,-43.3626933041));
#6755 = CARTESIAN_POINT('',(-38.6,-47.));
#6756 = CARTESIAN_POINT('',(-44.9,-50.63730669589));
#6757 = CARTESIAN_POINT('',(-51.2,-54.27461339178));
#6758 = CARTESIAN_POINT('',(-51.2,-47.));
#6759 = ( GEOMETRIC_REPRESENTATION_CONTEXT(2) 
PARAMETRIC_REPRESENTATION_CONTEXT() REPRESENTATION_CONTEXT('2D SPACE',''
  ) );
#6760 = ADVANCED_FACE('',(#6761,#7305,#7335,#7370,#7405,#7898),#1261,.T.
  );
#6761 = FACE_BOUND('',#6762,.T.);
#6762 = EDGE_LOOP('',(#6763,#6764,#6792,#6818,#6819,#6820,#6821,#6844,
    #6877,#6906,#6930,#6959,#6992,#7020,#7053,#7082,#7106,#7135,#7168,
    #7196,#7224,#7250,#7251,#7279));
#6763 = ORIENTED_EDGE('',*,*,#1665,.F.);
#6764 = ORIENTED_EDGE('',*,*,#6765,.F.);
#6765 = EDGE_CURVE('',#6766,#1618,#6768,.T.);
#6766 = VERTEX_POINT('',#6767);
#6767 = CARTESIAN_POINT('',(-50.90346984173,-45.4498634916,30.));
#6768 = SURFACE_CURVE('',#6769,(#6774,#6785),.PCURVE_S1.);
#6769 = CIRCLE('',#6770,23.2);
#6770 = AXIS2_PLACEMENT_3D('',#6771,#6772,#6773);
#6771 = CARTESIAN_POINT('',(-32.,-32.,30.));
#6772 = DIRECTION('',(-0.,0.,-1.));
#6773 = DIRECTION('',(-2.960594732334E-16,-1.,0.));
#6774 = PCURVE('',#1261,#6775);
#6775 = DEFINITIONAL_REPRESENTATION('',(#6776),#6784);
#6776 = ( BOUNDED_CURVE() B_SPLINE_CURVE(2,(#6777,#6778,#6779,#6780,
#6781,#6782,#6783),.UNSPECIFIED.,.T.,.F.) B_SPLINE_CURVE_WITH_KNOTS((1,2
    ,2,2,2,1),(-2.094395102393,0.,2.094395102393,4.188790204786,
6.28318530718,8.377580409573),.UNSPECIFIED.) CURVE() 
GEOMETRIC_REPRESENTATION_ITEM() RATIONAL_B_SPLINE_CURVE((1.,0.5,1.,0.5,
1.,0.5,1.)) REPRESENTATION_ITEM('') );
#6777 = CARTESIAN_POINT('',(-32.,-55.2));
#6778 = CARTESIAN_POINT('',(-72.18357873559,-55.2));
#6779 = CARTESIAN_POINT('',(-52.09178936779,-20.4));
#6780 = CARTESIAN_POINT('',(-32.,14.4));
#6781 = CARTESIAN_POINT('',(-11.9082106322,-20.4));
#6782 = CARTESIAN_POINT('',(8.183578735598,-55.2));
#6783 = CARTESIAN_POINT('',(-32.,-55.2));
#6784 = ( GEOMETRIC_REPRESENTATION_CONTEXT(2) 
PARAMETRIC_REPRESENTATION_CONTEXT() REPRESENTATION_CONTEXT('2D SPACE',''
  ) );
#6785 = PCURVE('',#1206,#6786);
#6786 = DEFINITIONAL_REPRESENTATION('',(#6787),#6791);
#6787 = LINE('',#6788,#6789);
#6788 = CARTESIAN_POINT('',(0.,-0.8));
#6789 = VECTOR('',#6790,1.);
#6790 = DIRECTION('',(1.,-0.));
#6791 = ( GEOMETRIC_REPRESENTATION_CONTEXT(2) 
PARAMETRIC_REPRESENTATION_CONTEXT() REPRESENTATION_CONTEXT('2D SPACE',''
  ) );
#6792 = ORIENTED_EDGE('',*,*,#6793,.F.);
#6793 = EDGE_CURVE('',#1219,#6766,#6794,.T.);
#6794 = SURFACE_CURVE('',#6795,(#6800,#6811),.PCURVE_S1.);
#6795 = CIRCLE('',#6796,4.2);
#6796 = AXIS2_PLACEMENT_3D('',#6797,#6798,#6799);
#6797 = CARTESIAN_POINT('',(-47.,-47.,30.));
#6798 = DIRECTION('',(0.,0.,-1.));
#6799 = DIRECTION('',(-1.,2.030122102172E-14,0.));
#6800 = PCURVE('',#1261,#6801);
#6801 = DEFINITIONAL_REPRESENTATION('',(#6802),#6810);
#6802 = ( BOUNDED_CURVE() B_SPLINE_CURVE(2,(#6803,#6804,#6805,#6806,
#6807,#6808,#6809),.UNSPECIFIED.,.T.,.F.) B_SPLINE_CURVE_WITH_KNOTS((1,2
    ,2,2,2,1),(-2.094395102393,0.,2.094395102393,4.188790204786,
6.28318530718,8.377580409573),.UNSPECIFIED.) CURVE() 
GEOMETRIC_REPRESENTATION_ITEM() RATIONAL_B_SPLINE_CURVE((1.,0.5,1.,0.5,
1.,0.5,1.)) REPRESENTATION_ITEM('') );
#6803 = CARTESIAN_POINT('',(-51.2,-47.));
#6804 = CARTESIAN_POINT('',(-51.2,-39.72538660821));
#6805 = CARTESIAN_POINT('',(-44.9,-43.3626933041));
#6806 = CARTESIAN_POINT('',(-38.6,-47.));
#6807 = CARTESIAN_POINT('',(-44.9,-50.63730669589));
#6808 = CARTESIAN_POINT('',(-51.2,-54.27461339178));
#6809 = CARTESIAN_POINT('',(-51.2,-47.));
#6810 = ( GEOMETRIC_REPRESENTATION_CONTEXT(2) 
PARAMETRIC_REPRESENTATION_CONTEXT() REPRESENTATION_CONTEXT('2D SPACE',''
  ) );
#6811 = PCURVE('',#1233,#6812);
#6812 = DEFINITIONAL_REPRESENTATION('',(#6813),#6817);
#6813 = LINE('',#6814,#6815);
#6814 = CARTESIAN_POINT('',(-9.424777960769,-30.));
#6815 = VECTOR('',#6816,1.);
#6816 = DIRECTION('',(1.,-0.));
#6817 = ( GEOMETRIC_REPRESENTATION_CONTEXT(2) 
PARAMETRIC_REPRESENTATION_CONTEXT() REPRESENTATION_CONTEXT('2D SPACE',''
  ) );
#6818 = ORIENTED_EDGE('',*,*,#1244,.T.);
#6819 = ORIENTED_EDGE('',*,*,#6735,.F.);
#6820 = ORIENTED_EDGE('',*,*,#6704,.F.);
#6821 = ORIENTED_EDGE('',*,*,#6822,.F.);
#6822 = EDGE_CURVE('',#6823,#6648,#6825,.T.);
#6823 = VERTEX_POINT('',#6824);
#6824 = CARTESIAN_POINT('',(32.,-55.2,30.));
#6825 = SURFACE_CURVE('',#6826,(#6830,#6837),.PCURVE_S1.);
#6826 = LINE('',#6827,#6828);
#6827 = CARTESIAN_POINT('',(32.,-55.2,30.));
#6828 = VECTOR('',#6829,1.);
#6829 = DIRECTION('',(-1.,-0.,-0.));
#6830 = PCURVE('',#1261,#6831);
#6831 = DEFINITIONAL_REPRESENTATION('',(#6832),#6836);
#6832 = LINE('',#6833,#6834);
#6833 = CARTESIAN_POINT('',(32.,-55.2));
#6834 = VECTOR('',#6835,1.);
#6835 = DIRECTION('',(-1.,0.));
#6836 = ( GEOMETRIC_REPRESENTATION_CONTEXT(2) 
PARAMETRIC_REPRESENTATION_CONTEXT() REPRESENTATION_CONTEXT('2D SPACE',''
  ) );
#6837 = PCURVE('',#5596,#6838);
#6838 = DEFINITIONAL_REPRESENTATION('',(#6839),#6843);
#6839 = LINE('',#6840,#6841);
#6840 = CARTESIAN_POINT('',(0.,0.565685424949));
#6841 = VECTOR('',#6842,1.);
#6842 = DIRECTION('',(1.,0.));
#6843 = ( GEOMETRIC_REPRESENTATION_CONTEXT(2) 
PARAMETRIC_REPRESENTATION_CONTEXT() REPRESENTATION_CONTEXT('2D SPACE',''
  ) );
#6844 = ORIENTED_EDGE('',*,*,#6845,.F.);
#6845 = EDGE_CURVE('',#6846,#6823,#6848,.T.);
#6846 = VERTEX_POINT('',#6847);
#6847 = CARTESIAN_POINT('',(45.4498634916,-50.90346984173,30.));
#6848 = SURFACE_CURVE('',#6849,(#6854,#6865),.PCURVE_S1.);
#6849 = CIRCLE('',#6850,23.2);
#6850 = AXIS2_PLACEMENT_3D('',#6851,#6852,#6853);
#6851 = CARTESIAN_POINT('',(32.,-32.,30.));
#6852 = DIRECTION('',(0.,-0.,-1.));
#6853 = DIRECTION('',(1.,-2.960594732334E-16,0.));
#6854 = PCURVE('',#1261,#6855);
#6855 = DEFINITIONAL_REPRESENTATION('',(#6856),#6864);
#6856 = ( BOUNDED_CURVE() B_SPLINE_CURVE(2,(#6857,#6858,#6859,#6860,
#6861,#6862,#6863),.UNSPECIFIED.,.T.,.F.) B_SPLINE_CURVE_WITH_KNOTS((1,2
    ,2,2,2,1),(-2.094395102393,0.,2.094395102393,4.188790204786,
6.28318530718,8.377580409573),.UNSPECIFIED.) CURVE() 
GEOMETRIC_REPRESENTATION_ITEM() RATIONAL_B_SPLINE_CURVE((1.,0.5,1.,0.5,
1.,0.5,1.)) REPRESENTATION_ITEM('') );
#6857 = CARTESIAN_POINT('',(55.2,-32.));
#6858 = CARTESIAN_POINT('',(55.2,-72.18357873559));
#6859 = CARTESIAN_POINT('',(20.4,-52.09178936779));
#6860 = CARTESIAN_POINT('',(-14.4,-32.));
#6861 = CARTESIAN_POINT('',(20.4,-11.9082106322));
#6862 = CARTESIAN_POINT('',(55.2,8.183578735598));
#6863 = CARTESIAN_POINT('',(55.2,-32.));
#6864 = ( GEOMETRIC_REPRESENTATION_CONTEXT(2) 
PARAMETRIC_REPRESENTATION_CONTEXT() REPRESENTATION_CONTEXT('2D SPACE',''
  ) );
#6865 = PCURVE('',#6866,#6871);
#6866 = CONICAL_SURFACE('',#6867,24.,0.785398163397);
#6867 = AXIS2_PLACEMENT_3D('',#6868,#6869,#6870);
#6868 = CARTESIAN_POINT('',(32.,-32.,29.2));
#6869 = DIRECTION('',(-0.,-0.,-1.));
#6870 = DIRECTION('',(1.,-2.960594732334E-16,0.));
#6871 = DEFINITIONAL_REPRESENTATION('',(#6872),#6876);
#6872 = LINE('',#6873,#6874);
#6873 = CARTESIAN_POINT('',(0.,-0.8));
#6874 = VECTOR('',#6875,1.);
#6875 = DIRECTION('',(1.,-0.));
#6876 = ( GEOMETRIC_REPRESENTATION_CONTEXT(2) 
PARAMETRIC_REPRESENTATION_CONTEXT() REPRESENTATION_CONTEXT('2D SPACE',''
  ) );
#6877 = ORIENTED_EDGE('',*,*,#6878,.T.);
#6878 = EDGE_CURVE('',#6846,#6879,#6881,.T.);
#6879 = VERTEX_POINT('',#6880);
#6880 = CARTESIAN_POINT('',(46.448381710285,-51.16361828971,30.));
#6881 = SURFACE_CURVE('',#6882,(#6887,#6894),.PCURVE_S1.);
#6882 = CIRCLE('',#6883,4.2);
#6883 = AXIS2_PLACEMENT_3D('',#6884,#6885,#6886);
#6884 = CARTESIAN_POINT('',(47.,-47.,30.));
#6885 = DIRECTION('',(0.,0.,1.));
#6886 = DIRECTION('',(1.,0.,0.));
#6887 = PCURVE('',#1261,#6888);
#6888 = DEFINITIONAL_REPRESENTATION('',(#6889),#6893);
#6889 = CIRCLE('',#6890,4.2);
#6890 = AXIS2_PLACEMENT_2D('',#6891,#6892);
#6891 = CARTESIAN_POINT('',(47.,-47.));
#6892 = DIRECTION('',(1.,0.));
#6893 = ( GEOMETRIC_REPRESENTATION_CONTEXT(2) 
PARAMETRIC_REPRESENTATION_CONTEXT() REPRESENTATION_CONTEXT('2D SPACE',''
  ) );
#6894 = PCURVE('',#6895,#6900);
#6895 = CYLINDRICAL_SURFACE('',#6896,4.2);
#6896 = AXIS2_PLACEMENT_3D('',#6897,#6898,#6899);
#6897 = CARTESIAN_POINT('',(47.,-47.,0.));
#6898 = DIRECTION('',(-0.,-0.,-1.));
#6899 = DIRECTION('',(1.,0.,0.));
#6900 = DEFINITIONAL_REPRESENTATION('',(#6901),#6905);
#6901 = LINE('',#6902,#6903);
#6902 = CARTESIAN_POINT('',(-0.,-30.));
#6903 = VECTOR('',#6904,1.);
#6904 = DIRECTION('',(-1.,0.));
#6905 = ( GEOMETRIC_REPRESENTATION_CONTEXT(2) 
PARAMETRIC_REPRESENTATION_CONTEXT() REPRESENTATION_CONTEXT('2D SPACE',''
  ) );
#6906 = ORIENTED_EDGE('',*,*,#6907,.T.);
#6907 = EDGE_CURVE('',#6879,#6908,#6910,.T.);
#6908 = VERTEX_POINT('',#6909);
#6909 = CARTESIAN_POINT('',(51.163618289715,-46.44838171028,30.));
#6910 = SURFACE_CURVE('',#6911,(#6916,#6923),.PCURVE_S1.);
#6911 = CIRCLE('',#6912,24.);
#6912 = AXIS2_PLACEMENT_3D('',#6913,#6914,#6915);
#6913 = CARTESIAN_POINT('',(32.,-32.,30.));
#6914 = DIRECTION('',(0.,0.,1.));
#6915 = DIRECTION('',(1.,0.,0.));
#6916 = PCURVE('',#1261,#6917);
#6917 = DEFINITIONAL_REPRESENTATION('',(#6918),#6922);
#6918 = CIRCLE('',#6919,24.);
#6919 = AXIS2_PLACEMENT_2D('',#6920,#6921);
#6920 = CARTESIAN_POINT('',(32.,-32.));
#6921 = DIRECTION('',(1.,0.));
#6922 = ( GEOMETRIC_REPRESENTATION_CONTEXT(2) 
PARAMETRIC_REPRESENTATION_CONTEXT() REPRESENTATION_CONTEXT('2D SPACE',''
  ) );
#6923 = PCURVE('',#3955,#6924);
#6924 = DEFINITIONAL_REPRESENTATION('',(#6925),#6929);
#6925 = LINE('',#6926,#6927);
#6926 = CARTESIAN_POINT('',(-0.,-30.));
#6927 = VECTOR('',#6928,1.);
#6928 = DIRECTION('',(-1.,0.));
#6929 = ( GEOMETRIC_REPRESENTATION_CONTEXT(2) 
PARAMETRIC_REPRESENTATION_CONTEXT() REPRESENTATION_CONTEXT('2D SPACE',''
  ) );
#6930 = ORIENTED_EDGE('',*,*,#6931,.T.);
#6931 = EDGE_CURVE('',#6908,#6932,#6934,.T.);
#6932 = VERTEX_POINT('',#6933);
#6933 = CARTESIAN_POINT('',(50.903469841734,-45.4498634916,30.));
#6934 = SURFACE_CURVE('',#6935,(#6940,#6947),.PCURVE_S1.);
#6935 = CIRCLE('',#6936,4.2);
#6936 = AXIS2_PLACEMENT_3D('',#6937,#6938,#6939);
#6937 = CARTESIAN_POINT('',(47.,-47.,30.));
#6938 = DIRECTION('',(0.,0.,1.));
#6939 = DIRECTION('',(1.,0.,0.));
#6940 = PCURVE('',#1261,#6941);
#6941 = DEFINITIONAL_REPRESENTATION('',(#6942),#6946);
#6942 = CIRCLE('',#6943,4.2);
#6943 = AXIS2_PLACEMENT_2D('',#6944,#6945);
#6944 = CARTESIAN_POINT('',(47.,-47.));
#6945 = DIRECTION('',(1.,0.));
#6946 = ( GEOMETRIC_REPRESENTATION_CONTEXT(2) 
PARAMETRIC_REPRESENTATION_CONTEXT() REPRESENTATION_CONTEXT('2D SPACE',''
  ) );
#6947 = PCURVE('',#6948,#6953);
#6948 = CYLINDRICAL_SURFACE('',#6949,4.2);
#6949 = AXIS2_PLACEMENT_3D('',#6950,#6951,#6952);
#6950 = CARTESIAN_POINT('',(47.,-47.,0.));
#6951 = DIRECTION('',(-0.,-0.,-1.));
#6952 = DIRECTION('',(1.,0.,0.));
#6953 = DEFINITIONAL_REPRESENTATION('',(#6954),#6958);
#6954 = LINE('',#6955,#6956);
#6955 = CARTESIAN_POINT('',(-0.,-30.));
#6956 = VECTOR('',#6957,1.);
#6957 = DIRECTION('',(-1.,0.));
#6958 = ( GEOMETRIC_REPRESENTATION_CONTEXT(2) 
PARAMETRIC_REPRESENTATION_CONTEXT() REPRESENTATION_CONTEXT('2D SPACE',''
  ) );
#6959 = ORIENTED_EDGE('',*,*,#6960,.F.);
#6960 = EDGE_CURVE('',#6961,#6932,#6963,.T.);
#6961 = VERTEX_POINT('',#6962);
#6962 = CARTESIAN_POINT('',(55.2,-32.,30.));
#6963 = SURFACE_CURVE('',#6964,(#6969,#6980),.PCURVE_S1.);
#6964 = CIRCLE('',#6965,23.2);
#6965 = AXIS2_PLACEMENT_3D('',#6966,#6967,#6968);
#6966 = CARTESIAN_POINT('',(32.,-32.,30.));
#6967 = DIRECTION('',(0.,-0.,-1.));
#6968 = DIRECTION('',(1.,-2.960594732334E-16,0.));
#6969 = PCURVE('',#1261,#6970);
#6970 = DEFINITIONAL_REPRESENTATION('',(#6971),#6979);
#6971 = ( BOUNDED_CURVE() B_SPLINE_CURVE(2,(#6972,#6973,#6974,#6975,
#6976,#6977,#6978),.UNSPECIFIED.,.T.,.F.) B_SPLINE_CURVE_WITH_KNOTS((1,2
    ,2,2,2,1),(-2.094395102393,0.,2.094395102393,4.188790204786,
6.28318530718,8.377580409573),.UNSPECIFIED.) CURVE() 
GEOMETRIC_REPRESENTATION_ITEM() RATIONAL_B_SPLINE_CURVE((1.,0.5,1.,0.5,
1.,0.5,1.)) REPRESENTATION_ITEM('') );
#6972 = CARTESIAN_POINT('',(55.2,-32.));
#6973 = CARTESIAN_POINT('',(55.2,-72.18357873559));
#6974 = CARTESIAN_POINT('',(20.4,-52.09178936779));
#6975 = CARTESIAN_POINT('',(-14.4,-32.));
#6976 = CARTESIAN_POINT('',(20.4,-11.9082106322));
#6977 = CARTESIAN_POINT('',(55.2,8.183578735598));
#6978 = CARTESIAN_POINT('',(55.2,-32.));
#6979 = ( GEOMETRIC_REPRESENTATION_CONTEXT(2) 
PARAMETRIC_REPRESENTATION_CONTEXT() REPRESENTATION_CONTEXT('2D SPACE',''
  ) );
#6980 = PCURVE('',#6981,#6986);
#6981 = CONICAL_SURFACE('',#6982,24.,0.785398163397);
#6982 = AXIS2_PLACEMENT_3D('',#6983,#6984,#6985);
#6983 = CARTESIAN_POINT('',(32.,-32.,29.2));
#6984 = DIRECTION('',(-0.,-0.,-1.));
#6985 = DIRECTION('',(1.,-2.960594732334E-16,0.));
#6986 = DEFINITIONAL_REPRESENTATION('',(#6987),#6991);
#6987 = LINE('',#6988,#6989);
#6988 = CARTESIAN_POINT('',(0.,-0.8));
#6989 = VECTOR('',#6990,1.);
#6990 = DIRECTION('',(1.,-0.));
#6991 = ( GEOMETRIC_REPRESENTATION_CONTEXT(2) 
PARAMETRIC_REPRESENTATION_CONTEXT() REPRESENTATION_CONTEXT('2D SPACE',''
  ) );
#6992 = ORIENTED_EDGE('',*,*,#6993,.F.);
#6993 = EDGE_CURVE('',#6994,#6961,#6996,.T.);
#6994 = VERTEX_POINT('',#6995);
#6995 = CARTESIAN_POINT('',(55.2,32.,30.));
#6996 = SURFACE_CURVE('',#6997,(#7001,#7008),.PCURVE_S1.);
#6997 = LINE('',#6998,#6999);
#6998 = CARTESIAN_POINT('',(55.2,32.,30.));
#6999 = VECTOR('',#7000,1.);
#7000 = DIRECTION('',(-0.,-1.,-0.));
#7001 = PCURVE('',#1261,#7002);
#7002 = DEFINITIONAL_REPRESENTATION('',(#7003),#7007);
#7003 = LINE('',#7004,#7005);
#7004 = CARTESIAN_POINT('',(55.2,32.));
#7005 = VECTOR('',#7006,1.);
#7006 = DIRECTION('',(0.,-1.));
#7007 = ( GEOMETRIC_REPRESENTATION_CONTEXT(2) 
PARAMETRIC_REPRESENTATION_CONTEXT() REPRESENTATION_CONTEXT('2D SPACE',''
  ) );
#7008 = PCURVE('',#7009,#7014);
#7009 = PLANE('',#7010);
#7010 = AXIS2_PLACEMENT_3D('',#7011,#7012,#7013);
#7011 = CARTESIAN_POINT('',(55.6,32.,29.6));
#7012 = DIRECTION('',(-0.707106781187,6.983161618628E-18,-0.707106781187
    ));
#7013 = DIRECTION('',(-4.937840934654E-18,-1.,-4.937840934654E-18));
#7014 = DEFINITIONAL_REPRESENTATION('',(#7015),#7019);
#7015 = LINE('',#7016,#7017);
#7016 = CARTESIAN_POINT('',(0.,0.565685424949));
#7017 = VECTOR('',#7018,1.);
#7018 = DIRECTION('',(1.,0.));
#7019 = ( GEOMETRIC_REPRESENTATION_CONTEXT(2) 
PARAMETRIC_REPRESENTATION_CONTEXT() REPRESENTATION_CONTEXT('2D SPACE',''
  ) );
#7020 = ORIENTED_EDGE('',*,*,#7021,.F.);
#7021 = EDGE_CURVE('',#7022,#6994,#7024,.T.);
#7022 = VERTEX_POINT('',#7023);
#7023 = CARTESIAN_POINT('',(50.903469841734,45.4498634916,30.));
#7024 = SURFACE_CURVE('',#7025,(#7030,#7041),.PCURVE_S1.);
#7025 = CIRCLE('',#7026,23.2);
#7026 = AXIS2_PLACEMENT_3D('',#7027,#7028,#7029);
#7027 = CARTESIAN_POINT('',(32.,32.,30.));
#7028 = DIRECTION('',(0.,-0.,-1.));
#7029 = DIRECTION('',(0.,1.,-0.));
#7030 = PCURVE('',#1261,#7031);
#7031 = DEFINITIONAL_REPRESENTATION('',(#7032),#7040);
#7032 = ( BOUNDED_CURVE() B_SPLINE_CURVE(2,(#7033,#7034,#7035,#7036,
#7037,#7038,#7039),.UNSPECIFIED.,.T.,.F.) B_SPLINE_CURVE_WITH_KNOTS((1,2
    ,2,2,2,1),(-2.094395102393,0.,2.094395102393,4.188790204786,
6.28318530718,8.377580409573),.UNSPECIFIED.) CURVE() 
GEOMETRIC_REPRESENTATION_ITEM() RATIONAL_B_SPLINE_CURVE((1.,0.5,1.,0.5,
1.,0.5,1.)) REPRESENTATION_ITEM('') );
#7033 = CARTESIAN_POINT('',(32.,55.2));
#7034 = CARTESIAN_POINT('',(72.183578735598,55.2));
#7035 = CARTESIAN_POINT('',(52.091789367799,20.4));
#7036 = CARTESIAN_POINT('',(32.,-14.4));
#7037 = CARTESIAN_POINT('',(11.908210632201,20.4));
#7038 = CARTESIAN_POINT('',(-8.183578735598,55.2));
#7039 = CARTESIAN_POINT('',(32.,55.2));
#7040 = ( GEOMETRIC_REPRESENTATION_CONTEXT(2) 
PARAMETRIC_REPRESENTATION_CONTEXT() REPRESENTATION_CONTEXT('2D SPACE',''
  ) );
#7041 = PCURVE('',#7042,#7047);
#7042 = CONICAL_SURFACE('',#7043,24.,0.785398163397);
#7043 = AXIS2_PLACEMENT_3D('',#7044,#7045,#7046);
#7044 = CARTESIAN_POINT('',(32.,32.,29.2));
#7045 = DIRECTION('',(-0.,-0.,-1.));
#7046 = DIRECTION('',(0.,1.,-0.));
#7047 = DEFINITIONAL_REPRESENTATION('',(#7048),#7052);
#7048 = LINE('',#7049,#7050);
#7049 = CARTESIAN_POINT('',(0.,-0.8));
#7050 = VECTOR('',#7051,1.);
#7051 = DIRECTION('',(1.,-0.));
#7052 = ( GEOMETRIC_REPRESENTATION_CONTEXT(2) 
PARAMETRIC_REPRESENTATION_CONTEXT() REPRESENTATION_CONTEXT('2D SPACE',''
  ) );
#7053 = ORIENTED_EDGE('',*,*,#7054,.T.);
#7054 = EDGE_CURVE('',#7022,#7055,#7057,.T.);
#7055 = VERTEX_POINT('',#7056);
#7056 = CARTESIAN_POINT('',(51.163618289715,46.448381710285,30.));
#7057 = SURFACE_CURVE('',#7058,(#7063,#7070),.PCURVE_S1.);
#7058 = CIRCLE('',#7059,4.2);
#7059 = AXIS2_PLACEMENT_3D('',#7060,#7061,#7062);
#7060 = CARTESIAN_POINT('',(47.,47.,30.));
#7061 = DIRECTION('',(0.,0.,1.));
#7062 = DIRECTION('',(1.,0.,0.));
#7063 = PCURVE('',#1261,#7064);
#7064 = DEFINITIONAL_REPRESENTATION('',(#7065),#7069);
#7065 = CIRCLE('',#7066,4.2);
#7066 = AXIS2_PLACEMENT_2D('',#7067,#7068);
#7067 = CARTESIAN_POINT('',(47.,47.));
#7068 = DIRECTION('',(1.,0.));
#7069 = ( GEOMETRIC_REPRESENTATION_CONTEXT(2) 
PARAMETRIC_REPRESENTATION_CONTEXT() REPRESENTATION_CONTEXT('2D SPACE',''
  ) );
#7070 = PCURVE('',#7071,#7076);
#7071 = CYLINDRICAL_SURFACE('',#7072,4.2);
#7072 = AXIS2_PLACEMENT_3D('',#7073,#7074,#7075);
#7073 = CARTESIAN_POINT('',(47.,47.,0.));
#7074 = DIRECTION('',(-0.,-0.,-1.));
#7075 = DIRECTION('',(1.,0.,0.));
#7076 = DEFINITIONAL_REPRESENTATION('',(#7077),#7081);
#7077 = LINE('',#7078,#7079);
#7078 = CARTESIAN_POINT('',(-0.,-30.));
#7079 = VECTOR('',#7080,1.);
#7080 = DIRECTION('',(-1.,0.));
#7081 = ( GEOMETRIC_REPRESENTATION_CONTEXT(2) 
PARAMETRIC_REPRESENTATION_CONTEXT() REPRESENTATION_CONTEXT('2D SPACE',''
  ) );
#7082 = ORIENTED_EDGE('',*,*,#7083,.T.);
#7083 = EDGE_CURVE('',#7055,#7084,#7086,.T.);
#7084 = VERTEX_POINT('',#7085);
#7085 = CARTESIAN_POINT('',(46.448381710285,51.163618289715,30.));
#7086 = SURFACE_CURVE('',#7087,(#7092,#7099),.PCURVE_S1.);
#7087 = CIRCLE('',#7088,24.);
#7088 = AXIS2_PLACEMENT_3D('',#7089,#7090,#7091);
#7089 = CARTESIAN_POINT('',(32.,32.,30.));
#7090 = DIRECTION('',(0.,0.,1.));
#7091 = DIRECTION('',(1.,0.,0.));
#7092 = PCURVE('',#1261,#7093);
#7093 = DEFINITIONAL_REPRESENTATION('',(#7094),#7098);
#7094 = CIRCLE('',#7095,24.);
#7095 = AXIS2_PLACEMENT_2D('',#7096,#7097);
#7096 = CARTESIAN_POINT('',(32.,32.));
#7097 = DIRECTION('',(1.,0.));
#7098 = ( GEOMETRIC_REPRESENTATION_CONTEXT(2) 
PARAMETRIC_REPRESENTATION_CONTEXT() REPRESENTATION_CONTEXT('2D SPACE',''
  ) );
#7099 = PCURVE('',#4189,#7100);
#7100 = DEFINITIONAL_REPRESENTATION('',(#7101),#7105);
#7101 = LINE('',#7102,#7103);
#7102 = CARTESIAN_POINT('',(-0.,-30.));
#7103 = VECTOR('',#7104,1.);
#7104 = DIRECTION('',(-1.,0.));
#7105 = ( GEOMETRIC_REPRESENTATION_CONTEXT(2) 
PARAMETRIC_REPRESENTATION_CONTEXT() REPRESENTATION_CONTEXT('2D SPACE',''
  ) );
#7106 = ORIENTED_EDGE('',*,*,#7107,.T.);
#7107 = EDGE_CURVE('',#7084,#7108,#7110,.T.);
#7108 = VERTEX_POINT('',#7109);
#7109 = CARTESIAN_POINT('',(45.4498634916,50.903469841734,30.));
#7110 = SURFACE_CURVE('',#7111,(#7116,#7123),.PCURVE_S1.);
#7111 = CIRCLE('',#7112,4.2);
#7112 = AXIS2_PLACEMENT_3D('',#7113,#7114,#7115);
#7113 = CARTESIAN_POINT('',(47.,47.,30.));
#7114 = DIRECTION('',(0.,0.,1.));
#7115 = DIRECTION('',(1.,0.,0.));
#7116 = PCURVE('',#1261,#7117);
#7117 = DEFINITIONAL_REPRESENTATION('',(#7118),#7122);
#7118 = CIRCLE('',#7119,4.2);
#7119 = AXIS2_PLACEMENT_2D('',#7120,#7121);
#7120 = CARTESIAN_POINT('',(47.,47.));
#7121 = DIRECTION('',(1.,0.));
#7122 = ( GEOMETRIC_REPRESENTATION_CONTEXT(2) 
PARAMETRIC_REPRESENTATION_CONTEXT() REPRESENTATION_CONTEXT('2D SPACE',''
  ) );
#7123 = PCURVE('',#7124,#7129);
#7124 = CYLINDRICAL_SURFACE('',#7125,4.2);
#7125 = AXIS2_PLACEMENT_3D('',#7126,#7127,#7128);
#7126 = CARTESIAN_POINT('',(47.,47.,0.));
#7127 = DIRECTION('',(-0.,-0.,-1.));
#7128 = DIRECTION('',(1.,0.,0.));
#7129 = DEFINITIONAL_REPRESENTATION('',(#7130),#7134);
#7130 = LINE('',#7131,#7132);
#7131 = CARTESIAN_POINT('',(-0.,-30.));
#7132 = VECTOR('',#7133,1.);
#7133 = DIRECTION('',(-1.,0.));
#7134 = ( GEOMETRIC_REPRESENTATION_CONTEXT(2) 
PARAMETRIC_REPRESENTATION_CONTEXT() REPRESENTATION_CONTEXT('2D SPACE',''
  ) );
#7135 = ORIENTED_EDGE('',*,*,#7136,.F.);
#7136 = EDGE_CURVE('',#7137,#7108,#7139,.T.);
#7137 = VERTEX_POINT('',#7138);
#7138 = CARTESIAN_POINT('',(32.,55.2,30.));
#7139 = SURFACE_CURVE('',#7140,(#7145,#7156),.PCURVE_S1.);
#7140 = CIRCLE('',#7141,23.2);
#7141 = AXIS2_PLACEMENT_3D('',#7142,#7143,#7144);
#7142 = CARTESIAN_POINT('',(32.,32.,30.));
#7143 = DIRECTION('',(0.,-0.,-1.));
#7144 = DIRECTION('',(0.,1.,-0.));
#7145 = PCURVE('',#1261,#7146);
#7146 = DEFINITIONAL_REPRESENTATION('',(#7147),#7155);
#7147 = ( BOUNDED_CURVE() B_SPLINE_CURVE(2,(#7148,#7149,#7150,#7151,
#7152,#7153,#7154),.UNSPECIFIED.,.T.,.F.) B_SPLINE_CURVE_WITH_KNOTS((1,2
    ,2,2,2,1),(-2.094395102393,0.,2.094395102393,4.188790204786,
6.28318530718,8.377580409573),.UNSPECIFIED.) CURVE() 
GEOMETRIC_REPRESENTATION_ITEM() RATIONAL_B_SPLINE_CURVE((1.,0.5,1.,0.5,
1.,0.5,1.)) REPRESENTATION_ITEM('') );
#7148 = CARTESIAN_POINT('',(32.,55.2));
#7149 = CARTESIAN_POINT('',(72.183578735598,55.2));
#7150 = CARTESIAN_POINT('',(52.091789367799,20.4));
#7151 = CARTESIAN_POINT('',(32.,-14.4));
#7152 = CARTESIAN_POINT('',(11.908210632201,20.4));
#7153 = CARTESIAN_POINT('',(-8.183578735598,55.2));
#7154 = CARTESIAN_POINT('',(32.,55.2));
#7155 = ( GEOMETRIC_REPRESENTATION_CONTEXT(2) 
PARAMETRIC_REPRESENTATION_CONTEXT() REPRESENTATION_CONTEXT('2D SPACE',''
  ) );
#7156 = PCURVE('',#7157,#7162);
#7157 = CONICAL_SURFACE('',#7158,24.,0.785398163397);
#7158 = AXIS2_PLACEMENT_3D('',#7159,#7160,#7161);
#7159 = CARTESIAN_POINT('',(32.,32.,29.2));
#7160 = DIRECTION('',(-0.,-0.,-1.));
#7161 = DIRECTION('',(0.,1.,-0.));
#7162 = DEFINITIONAL_REPRESENTATION('',(#7163),#7167);
#7163 = LINE('',#7164,#7165);
#7164 = CARTESIAN_POINT('',(0.,-0.8));
#7165 = VECTOR('',#7166,1.);
#7166 = DIRECTION('',(1.,-0.));
#7167 = ( GEOMETRIC_REPRESENTATION_CONTEXT(2) 
PARAMETRIC_REPRESENTATION_CONTEXT() REPRESENTATION_CONTEXT('2D SPACE',''
  ) );
#7168 = ORIENTED_EDGE('',*,*,#7169,.F.);
#7169 = EDGE_CURVE('',#7170,#7137,#7172,.T.);
#7170 = VERTEX_POINT('',#7171);
#7171 = CARTESIAN_POINT('',(-32.,55.2,30.));
#7172 = SURFACE_CURVE('',#7173,(#7177,#7184),.PCURVE_S1.);
#7173 = LINE('',#7174,#7175);
#7174 = CARTESIAN_POINT('',(-32.,55.2,30.));
#7175 = VECTOR('',#7176,1.);
#7176 = DIRECTION('',(1.,0.,0.));
#7177 = PCURVE('',#1261,#7178);
#7178 = DEFINITIONAL_REPRESENTATION('',(#7179),#7183);
#7179 = LINE('',#7180,#7181);
#7180 = CARTESIAN_POINT('',(-32.,55.2));
#7181 = VECTOR('',#7182,1.);
#7182 = DIRECTION('',(1.,0.));
#7183 = ( GEOMETRIC_REPRESENTATION_CONTEXT(2) 
PARAMETRIC_REPRESENTATION_CONTEXT() REPRESENTATION_CONTEXT('2D SPACE',''
  ) );
#7184 = PCURVE('',#7185,#7190);
#7185 = PLANE('',#7186);
#7186 = AXIS2_PLACEMENT_3D('',#7187,#7188,#7189);
#7187 = CARTESIAN_POINT('',(-32.,55.6,29.6));
#7188 = DIRECTION('',(-6.983161618628E-18,0.707106781187,0.707106781187)
  );
#7189 = DIRECTION('',(-1.,-4.937840934654E-18,-4.937840934654E-18));
#7190 = DEFINITIONAL_REPRESENTATION('',(#7191),#7195);
#7191 = LINE('',#7192,#7193);
#7192 = CARTESIAN_POINT('',(-0.,0.565685424949));
#7193 = VECTOR('',#7194,1.);
#7194 = DIRECTION('',(-1.,0.));
#7195 = ( GEOMETRIC_REPRESENTATION_CONTEXT(2) 
PARAMETRIC_REPRESENTATION_CONTEXT() REPRESENTATION_CONTEXT('2D SPACE',''
  ) );
#7196 = ORIENTED_EDGE('',*,*,#7197,.F.);
#7197 = EDGE_CURVE('',#7198,#7170,#7200,.T.);
#7198 = VERTEX_POINT('',#7199);
#7199 = CARTESIAN_POINT('',(-45.4498634916,50.903469841734,30.));
#7200 = SURFACE_CURVE('',#7201,(#7206,#7217),.PCURVE_S1.);
#7201 = CIRCLE('',#7202,23.2);
#7202 = AXIS2_PLACEMENT_3D('',#7203,#7204,#7205);
#7203 = CARTESIAN_POINT('',(-32.,32.,30.));
#7204 = DIRECTION('',(-0.,0.,-1.));
#7205 = DIRECTION('',(-1.,0.,0.));
#7206 = PCURVE('',#1261,#7207);
#7207 = DEFINITIONAL_REPRESENTATION('',(#7208),#7216);
#7208 = ( BOUNDED_CURVE() B_SPLINE_CURVE(2,(#7209,#7210,#7211,#7212,
#7213,#7214,#7215),.UNSPECIFIED.,.T.,.F.) B_SPLINE_CURVE_WITH_KNOTS((1,2
    ,2,2,2,1),(-2.094395102393,0.,2.094395102393,4.188790204786,
6.28318530718,8.377580409573),.UNSPECIFIED.) CURVE() 
GEOMETRIC_REPRESENTATION_ITEM() RATIONAL_B_SPLINE_CURVE((1.,0.5,1.,0.5,
1.,0.5,1.)) REPRESENTATION_ITEM('') );
#7209 = CARTESIAN_POINT('',(-55.2,32.));
#7210 = CARTESIAN_POINT('',(-55.2,72.183578735598));
#7211 = CARTESIAN_POINT('',(-20.4,52.091789367799));
#7212 = CARTESIAN_POINT('',(14.4,32.));
#7213 = CARTESIAN_POINT('',(-20.4,11.908210632201));
#7214 = CARTESIAN_POINT('',(-55.2,-8.183578735598));
#7215 = CARTESIAN_POINT('',(-55.2,32.));
#7216 = ( GEOMETRIC_REPRESENTATION_CONTEXT(2) 
PARAMETRIC_REPRESENTATION_CONTEXT() REPRESENTATION_CONTEXT('2D SPACE',''
  ) );
#7217 = PCURVE('',#1968,#7218);
#7218 = DEFINITIONAL_REPRESENTATION('',(#7219),#7223);
#7219 = LINE('',#7220,#7221);
#7220 = CARTESIAN_POINT('',(0.,-0.8));
#7221 = VECTOR('',#7222,1.);
#7222 = DIRECTION('',(1.,-0.));
#7223 = ( GEOMETRIC_REPRESENTATION_CONTEXT(2) 
PARAMETRIC_REPRESENTATION_CONTEXT() REPRESENTATION_CONTEXT('2D SPACE',''
  ) );
#7224 = ORIENTED_EDGE('',*,*,#7225,.F.);
#7225 = EDGE_CURVE('',#1981,#7198,#7226,.T.);
#7226 = SURFACE_CURVE('',#7227,(#7232,#7243),.PCURVE_S1.);
#7227 = CIRCLE('',#7228,4.2);
#7228 = AXIS2_PLACEMENT_3D('',#7229,#7230,#7231);
#7229 = CARTESIAN_POINT('',(-47.,47.,30.));
#7230 = DIRECTION('',(0.,0.,-1.));
#7231 = DIRECTION('',(-5.075305255429E-15,1.,0.));
#7232 = PCURVE('',#1261,#7233);
#7233 = DEFINITIONAL_REPRESENTATION('',(#7234),#7242);
#7234 = ( BOUNDED_CURVE() B_SPLINE_CURVE(2,(#7235,#7236,#7237,#7238,
#7239,#7240,#7241),.UNSPECIFIED.,.T.,.F.) B_SPLINE_CURVE_WITH_KNOTS((1,2
    ,2,2,2,1),(-2.094395102393,0.,2.094395102393,4.188790204786,
6.28318530718,8.377580409573),.UNSPECIFIED.) CURVE() 
GEOMETRIC_REPRESENTATION_ITEM() RATIONAL_B_SPLINE_CURVE((1.,0.5,1.,0.5,
1.,0.5,1.)) REPRESENTATION_ITEM('') );
#7235 = CARTESIAN_POINT('',(-47.,51.2));
#7236 = CARTESIAN_POINT('',(-39.72538660821,51.2));
#7237 = CARTESIAN_POINT('',(-43.3626933041,44.9));
#7238 = CARTESIAN_POINT('',(-47.,38.6));
#7239 = CARTESIAN_POINT('',(-50.63730669589,44.9));
#7240 = CARTESIAN_POINT('',(-54.27461339178,51.2));
#7241 = CARTESIAN_POINT('',(-47.,51.2));
#7242 = ( GEOMETRIC_REPRESENTATION_CONTEXT(2) 
PARAMETRIC_REPRESENTATION_CONTEXT() REPRESENTATION_CONTEXT('2D SPACE',''
  ) );
#7243 = PCURVE('',#1995,#7244);
#7244 = DEFINITIONAL_REPRESENTATION('',(#7245),#7249);
#7245 = LINE('',#7246,#7247);
#7246 = CARTESIAN_POINT('',(-7.853981633974,-30.));
#7247 = VECTOR('',#7248,1.);
#7248 = DIRECTION('',(1.,-0.));
#7249 = ( GEOMETRIC_REPRESENTATION_CONTEXT(2) 
PARAMETRIC_REPRESENTATION_CONTEXT() REPRESENTATION_CONTEXT('2D SPACE',''
  ) );
#7250 = ORIENTED_EDGE('',*,*,#2006,.T.);
#7251 = ORIENTED_EDGE('',*,*,#7252,.F.);
#7252 = EDGE_CURVE('',#7253,#2007,#7255,.T.);
#7253 = VERTEX_POINT('',#7254);
#7254 = CARTESIAN_POINT('',(-50.90346984173,45.4498634916,30.));
#7255 = SURFACE_CURVE('',#7256,(#7261,#7272),.PCURVE_S1.);
#7256 = CIRCLE('',#7257,4.2);
#7257 = AXIS2_PLACEMENT_3D('',#7258,#7259,#7260);
#7258 = CARTESIAN_POINT('',(-47.,47.,30.));
#7259 = DIRECTION('',(0.,0.,-1.));
#7260 = DIRECTION('',(-5.075305255429E-15,1.,0.));
#7261 = PCURVE('',#1261,#7262);
#7262 = DEFINITIONAL_REPRESENTATION('',(#7263),#7271);
#7263 = ( BOUNDED_CURVE() B_SPLINE_CURVE(2,(#7264,#7265,#7266,#7267,
#7268,#7269,#7270),.UNSPECIFIED.,.T.,.F.) B_SPLINE_CURVE_WITH_KNOTS((1,2
    ,2,2,2,1),(-2.094395102393,0.,2.094395102393,4.188790204786,
6.28318530718,8.377580409573),.UNSPECIFIED.) CURVE() 
GEOMETRIC_REPRESENTATION_ITEM() RATIONAL_B_SPLINE_CURVE((1.,0.5,1.,0.5,
1.,0.5,1.)) REPRESENTATION_ITEM('') );
#7264 = CARTESIAN_POINT('',(-47.,51.2));
#7265 = CARTESIAN_POINT('',(-39.72538660821,51.2));
#7266 = CARTESIAN_POINT('',(-43.3626933041,44.9));
#7267 = CARTESIAN_POINT('',(-47.,38.6));
#7268 = CARTESIAN_POINT('',(-50.63730669589,44.9));
#7269 = CARTESIAN_POINT('',(-54.27461339178,51.2));
#7270 = CARTESIAN_POINT('',(-47.,51.2));
#7271 = ( GEOMETRIC_REPRESENTATION_CONTEXT(2) 
PARAMETRIC_REPRESENTATION_CONTEXT() REPRESENTATION_CONTEXT('2D SPACE',''
  ) );
#7272 = PCURVE('',#2045,#7273);
#7273 = DEFINITIONAL_REPRESENTATION('',(#7274),#7278);
#7274 = LINE('',#7275,#7276);
#7275 = CARTESIAN_POINT('',(-7.853981633974,-30.));
#7276 = VECTOR('',#7277,1.);
#7277 = DIRECTION('',(1.,-0.));
#7278 = ( GEOMETRIC_REPRESENTATION_CONTEXT(2) 
PARAMETRIC_REPRESENTATION_CONTEXT() REPRESENTATION_CONTEXT('2D SPACE',''
  ) );
#7279 = ORIENTED_EDGE('',*,*,#7280,.F.);
#7280 = EDGE_CURVE('',#1640,#7253,#7281,.T.);
#7281 = SURFACE_CURVE('',#7282,(#7287,#7298),.PCURVE_S1.);
#7282 = CIRCLE('',#7283,23.2);
#7283 = AXIS2_PLACEMENT_3D('',#7284,#7285,#7286);
#7284 = CARTESIAN_POINT('',(-32.,32.,30.));
#7285 = DIRECTION('',(-0.,0.,-1.));
#7286 = DIRECTION('',(-1.,0.,0.));
#7287 = PCURVE('',#1261,#7288);
#7288 = DEFINITIONAL_REPRESENTATION('',(#7289),#7297);
#7289 = ( BOUNDED_CURVE() B_SPLINE_CURVE(2,(#7290,#7291,#7292,#7293,
#7294,#7295,#7296),.UNSPECIFIED.,.T.,.F.) B_SPLINE_CURVE_WITH_KNOTS((1,2
    ,2,2,2,1),(-2.094395102393,0.,2.094395102393,4.188790204786,
6.28318530718,8.377580409573),.UNSPECIFIED.) CURVE() 
GEOMETRIC_REPRESENTATION_ITEM() RATIONAL_B_SPLINE_CURVE((1.,0.5,1.,0.5,
1.,0.5,1.)) REPRESENTATION_ITEM('') );
#7290 = CARTESIAN_POINT('',(-55.2,32.));
#7291 = CARTESIAN_POINT('',(-55.2,72.183578735598));
#7292 = CARTESIAN_POINT('',(-20.4,52.091789367799));
#7293 = CARTESIAN_POINT('',(14.4,32.));
#7294 = CARTESIAN_POINT('',(-20.4,11.908210632201));
#7295 = CARTESIAN_POINT('',(-55.2,-8.183578735598));
#7296 = CARTESIAN_POINT('',(-55.2,32.));
#7297 = ( GEOMETRIC_REPRESENTATION_CONTEXT(2) 
PARAMETRIC_REPRESENTATION_CONTEXT() REPRESENTATION_CONTEXT('2D SPACE',''
  ) );
#7298 = PCURVE('',#1654,#7299);
#7299 = DEFINITIONAL_REPRESENTATION('',(#7300),#7304);
#7300 = LINE('',#7301,#7302);
#7301 = CARTESIAN_POINT('',(0.,-0.8));
#7302 = VECTOR('',#7303,1.);
#7303 = DIRECTION('',(1.,-0.));
#7304 = ( GEOMETRIC_REPRESENTATION_CONTEXT(2) 
PARAMETRIC_REPRESENTATION_CONTEXT() REPRESENTATION_CONTEXT('2D SPACE',''
  ) );
#7305 = FACE_BOUND('',#7306,.T.);
#7306 = EDGE_LOOP('',(#7307));
#7307 = ORIENTED_EDGE('',*,*,#7308,.T.);
#7308 = EDGE_CURVE('',#7309,#7309,#7311,.T.);
#7309 = VERTEX_POINT('',#7310);
#7310 = CARTESIAN_POINT('',(-45.3,-47.,30.));
#7311 = SURFACE_CURVE('',#7312,(#7317,#7328),.PCURVE_S1.);
#7312 = CIRCLE('',#7313,1.7);
#7313 = AXIS2_PLACEMENT_3D('',#7314,#7315,#7316);
#7314 = CARTESIAN_POINT('',(-47.,-47.,30.));
#7315 = DIRECTION('',(0.,0.,-1.));
#7316 = DIRECTION('',(1.,0.,0.));
#7317 = PCURVE('',#1261,#7318);
#7318 = DEFINITIONAL_REPRESENTATION('',(#7319),#7327);
#7319 = ( BOUNDED_CURVE() B_SPLINE_CURVE(2,(#7320,#7321,#7322,#7323,
#7324,#7325,#7326),.UNSPECIFIED.,.T.,.F.) B_SPLINE_CURVE_WITH_KNOTS((1,2
    ,2,2,2,1),(-2.094395102393,0.,2.094395102393,4.188790204786,
6.28318530718,8.377580409573),.UNSPECIFIED.) CURVE() 
GEOMETRIC_REPRESENTATION_ITEM() RATIONAL_B_SPLINE_CURVE((1.,0.5,1.,0.5,
1.,0.5,1.)) REPRESENTATION_ITEM('') );
#7320 = CARTESIAN_POINT('',(-45.3,-47.));
#7321 = CARTESIAN_POINT('',(-45.3,-49.94448637286));
#7322 = CARTESIAN_POINT('',(-47.85,-48.47224318643));
#7323 = CARTESIAN_POINT('',(-50.4,-47.));
#7324 = CARTESIAN_POINT('',(-47.85,-45.52775681356));
#7325 = CARTESIAN_POINT('',(-45.3,-44.05551362713));
#7326 = CARTESIAN_POINT('',(-45.3,-47.));
#7327 = ( GEOMETRIC_REPRESENTATION_CONTEXT(2) 
PARAMETRIC_REPRESENTATION_CONTEXT() REPRESENTATION_CONTEXT('2D SPACE',''
  ) );
#7328 = PCURVE('',#5504,#7329);
#7329 = DEFINITIONAL_REPRESENTATION('',(#7330),#7334);
#7330 = LINE('',#7331,#7332);
#7331 = CARTESIAN_POINT('',(-6.28318530718,-31.));
#7332 = VECTOR('',#7333,1.);
#7333 = DIRECTION('',(1.,-0.));
#7334 = ( GEOMETRIC_REPRESENTATION_CONTEXT(2) 
PARAMETRIC_REPRESENTATION_CONTEXT() REPRESENTATION_CONTEXT('2D SPACE',''
  ) );
#7335 = FACE_BOUND('',#7336,.T.);
#7336 = EDGE_LOOP('',(#7337));
#7337 = ORIENTED_EDGE('',*,*,#7338,.T.);
#7338 = EDGE_CURVE('',#7339,#7339,#7341,.T.);
#7339 = VERTEX_POINT('',#7340);
#7340 = CARTESIAN_POINT('',(48.7,-47.,30.));
#7341 = SURFACE_CURVE('',#7342,(#7347,#7358),.PCURVE_S1.);
#7342 = CIRCLE('',#7343,1.7);
#7343 = AXIS2_PLACEMENT_3D('',#7344,#7345,#7346);
#7344 = CARTESIAN_POINT('',(47.,-47.,30.));
#7345 = DIRECTION('',(0.,0.,-1.));
#7346 = DIRECTION('',(1.,0.,0.));
#7347 = PCURVE('',#1261,#7348);
#7348 = DEFINITIONAL_REPRESENTATION('',(#7349),#7357);
#7349 = ( BOUNDED_CURVE() B_SPLINE_CURVE(2,(#7350,#7351,#7352,#7353,
#7354,#7355,#7356),.UNSPECIFIED.,.T.,.F.) B_SPLINE_CURVE_WITH_KNOTS((1,2
    ,2,2,2,1),(-2.094395102393,0.,2.094395102393,4.188790204786,
6.28318530718,8.377580409573),.UNSPECIFIED.) CURVE() 
GEOMETRIC_REPRESENTATION_ITEM() RATIONAL_B_SPLINE_CURVE((1.,0.5,1.,0.5,
1.,0.5,1.)) REPRESENTATION_ITEM('') );
#7350 = CARTESIAN_POINT('',(48.7,-47.));
#7351 = CARTESIAN_POINT('',(48.7,-49.94448637286));
#7352 = CARTESIAN_POINT('',(46.15,-48.47224318643));
#7353 = CARTESIAN_POINT('',(43.6,-47.));
#7354 = CARTESIAN_POINT('',(46.15,-45.52775681356));
#7355 = CARTESIAN_POINT('',(48.7,-44.05551362713));
#7356 = CARTESIAN_POINT('',(48.7,-47.));
#7357 = ( GEOMETRIC_REPRESENTATION_CONTEXT(2) 
PARAMETRIC_REPRESENTATION_CONTEXT() REPRESENTATION_CONTEXT('2D SPACE',''
  ) );
#7358 = PCURVE('',#7359,#7364);
#7359 = CYLINDRICAL_SURFACE('',#7360,1.7);
#7360 = AXIS2_PLACEMENT_3D('',#7361,#7362,#7363);
#7361 = CARTESIAN_POINT('',(47.,-47.,-1.));
#7362 = DIRECTION('',(-0.,-0.,-1.));
#7363 = DIRECTION('',(1.,0.,0.));
#7364 = DEFINITIONAL_REPRESENTATION('',(#7365),#7369);
#7365 = LINE('',#7366,#7367);
#7366 = CARTESIAN_POINT('',(-6.28318530718,-31.));
#7367 = VECTOR('',#7368,1.);
#7368 = DIRECTION('',(1.,-0.));
#7369 = ( GEOMETRIC_REPRESENTATION_CONTEXT(2) 
PARAMETRIC_REPRESENTATION_CONTEXT() REPRESENTATION_CONTEXT('2D SPACE',''
  ) );
#7370 = FACE_BOUND('',#7371,.T.);
#7371 = EDGE_LOOP('',(#7372));
#7372 = ORIENTED_EDGE('',*,*,#7373,.T.);
#7373 = EDGE_CURVE('',#7374,#7374,#7376,.T.);
#7374 = VERTEX_POINT('',#7375);
#7375 = CARTESIAN_POINT('',(-45.3,47.,30.));
#7376 = SURFACE_CURVE('',#7377,(#7382,#7393),.PCURVE_S1.);
#7377 = CIRCLE('',#7378,1.7);
#7378 = AXIS2_PLACEMENT_3D('',#7379,#7380,#7381);
#7379 = CARTESIAN_POINT('',(-47.,47.,30.));
#7380 = DIRECTION('',(0.,0.,-1.));
#7381 = DIRECTION('',(1.,0.,0.));
#7382 = PCURVE('',#1261,#7383);
#7383 = DEFINITIONAL_REPRESENTATION('',(#7384),#7392);
#7384 = ( BOUNDED_CURVE() B_SPLINE_CURVE(2,(#7385,#7386,#7387,#7388,
#7389,#7390,#7391),.UNSPECIFIED.,.T.,.F.) B_SPLINE_CURVE_WITH_KNOTS((1,2
    ,2,2,2,1),(-2.094395102393,0.,2.094395102393,4.188790204786,
6.28318530718,8.377580409573),.UNSPECIFIED.) CURVE() 
GEOMETRIC_REPRESENTATION_ITEM() RATIONAL_B_SPLINE_CURVE((1.,0.5,1.,0.5,
1.,0.5,1.)) REPRESENTATION_ITEM('') );
#7385 = CARTESIAN_POINT('',(-45.3,47.));
#7386 = CARTESIAN_POINT('',(-45.3,44.055513627133));
#7387 = CARTESIAN_POINT('',(-47.85,45.527756813566));
#7388 = CARTESIAN_POINT('',(-50.4,47.));
#7389 = CARTESIAN_POINT('',(-47.85,48.472243186434));
#7390 = CARTESIAN_POINT('',(-45.3,49.944486372867));
#7391 = CARTESIAN_POINT('',(-45.3,47.));
#7392 = ( GEOMETRIC_REPRESENTATION_CONTEXT(2) 
PARAMETRIC_REPRESENTATION_CONTEXT() REPRESENTATION_CONTEXT('2D SPACE',''
  ) );
#7393 = PCURVE('',#7394,#7399);
#7394 = CYLINDRICAL_SURFACE('',#7395,1.7);
#7395 = AXIS2_PLACEMENT_3D('',#7396,#7397,#7398);
#7396 = CARTESIAN_POINT('',(-47.,47.,-1.));
#7397 = DIRECTION('',(-0.,-0.,-1.));
#7398 = DIRECTION('',(1.,0.,0.));
#7399 = DEFINITIONAL_REPRESENTATION('',(#7400),#7404);
#7400 = LINE('',#7401,#7402);
#7401 = CARTESIAN_POINT('',(-6.28318530718,-31.));
#7402 = VECTOR('',#7403,1.);
#7403 = DIRECTION('',(1.,-0.));
#7404 = ( GEOMETRIC_REPRESENTATION_CONTEXT(2) 
PARAMETRIC_REPRESENTATION_CONTEXT() REPRESENTATION_CONTEXT('2D SPACE',''
  ) );
#7405 = FACE_BOUND('',#7406,.T.);
#7406 = EDGE_LOOP('',(#7407,#7442,#7471,#7504,#7531,#7564,#7593,#7626,
    #7653,#7686,#7719,#7752,#7774,#7807,#7840,#7873));
#7407 = ORIENTED_EDGE('',*,*,#7408,.T.);
#7408 = EDGE_CURVE('',#7409,#7411,#7413,.T.);
#7409 = VERTEX_POINT('',#7410);
#7410 = CARTESIAN_POINT('',(32.,53.,30.));
#7411 = VERTEX_POINT('',#7412);
#7412 = CARTESIAN_POINT('',(43.61952864819,49.49247135181,30.));
#7413 = SURFACE_CURVE('',#7414,(#7419,#7430),.PCURVE_S1.);
#7414 = CIRCLE('',#7415,21.);
#7415 = AXIS2_PLACEMENT_3D('',#7416,#7417,#7418);
#7416 = CARTESIAN_POINT('',(32.,32.,30.));
#7417 = DIRECTION('',(0.,0.,-1.));
#7418 = DIRECTION('',(1.,0.,0.));
#7419 = PCURVE('',#1261,#7420);
#7420 = DEFINITIONAL_REPRESENTATION('',(#7421),#7429);
#7421 = ( BOUNDED_CURVE() B_SPLINE_CURVE(2,(#7422,#7423,#7424,#7425,
#7426,#7427,#7428),.UNSPECIFIED.,.T.,.F.) B_SPLINE_CURVE_WITH_KNOTS((1,2
    ,2,2,2,1),(-2.094395102393,0.,2.094395102393,4.188790204786,
6.28318530718,8.377580409573),.UNSPECIFIED.) CURVE() 
GEOMETRIC_REPRESENTATION_ITEM() RATIONAL_B_SPLINE_CURVE((1.,0.5,1.,0.5,
1.,0.5,1.)) REPRESENTATION_ITEM('') );
#7422 = CARTESIAN_POINT('',(53.,32.));
#7423 = CARTESIAN_POINT('',(53.,-4.373066958946));
#7424 = CARTESIAN_POINT('',(21.5,13.813466520527));
#7425 = CARTESIAN_POINT('',(-10.,32.));
#7426 = CARTESIAN_POINT('',(21.5,50.186533479473));
#7427 = CARTESIAN_POINT('',(53.,68.373066958946));
#7428 = CARTESIAN_POINT('',(53.,32.));
#7429 = ( GEOMETRIC_REPRESENTATION_CONTEXT(2) 
PARAMETRIC_REPRESENTATION_CONTEXT() REPRESENTATION_CONTEXT('2D SPACE',''
  ) );
#7430 = PCURVE('',#7431,#7436);
#7431 = CYLINDRICAL_SURFACE('',#7432,21.);
#7432 = AXIS2_PLACEMENT_3D('',#7433,#7434,#7435);
#7433 = CARTESIAN_POINT('',(32.,32.,2.4));
#7434 = DIRECTION('',(-0.,-0.,-1.));
#7435 = DIRECTION('',(1.,0.,0.));
#7436 = DEFINITIONAL_REPRESENTATION('',(#7437),#7441);
#7437 = LINE('',#7438,#7439);
#7438 = CARTESIAN_POINT('',(-6.28318530718,-27.6));
#7439 = VECTOR('',#7440,1.);
#7440 = DIRECTION('',(1.,-0.));
#7441 = ( GEOMETRIC_REPRESENTATION_CONTEXT(2) 
PARAMETRIC_REPRESENTATION_CONTEXT() REPRESENTATION_CONTEXT('2D SPACE',''
  ) );
#7442 = ORIENTED_EDGE('',*,*,#7443,.T.);
#7443 = EDGE_CURVE('',#7411,#7444,#7446,.T.);
#7444 = VERTEX_POINT('',#7445);
#7445 = CARTESIAN_POINT('',(49.49247135181,43.61952864819,30.));
#7446 = SURFACE_CURVE('',#7447,(#7452,#7459),.PCURVE_S1.);
#7447 = CIRCLE('',#7448,4.2);
#7448 = AXIS2_PLACEMENT_3D('',#7449,#7450,#7451);
#7449 = CARTESIAN_POINT('',(47.,47.,30.));
#7450 = DIRECTION('',(0.,0.,1.));
#7451 = DIRECTION('',(1.,0.,0.));
#7452 = PCURVE('',#1261,#7453);
#7453 = DEFINITIONAL_REPRESENTATION('',(#7454),#7458);
#7454 = CIRCLE('',#7455,4.2);
#7455 = AXIS2_PLACEMENT_2D('',#7456,#7457);
#7456 = CARTESIAN_POINT('',(47.,47.));
#7457 = DIRECTION('',(1.,0.));
#7458 = ( GEOMETRIC_REPRESENTATION_CONTEXT(2) 
PARAMETRIC_REPRESENTATION_CONTEXT() REPRESENTATION_CONTEXT('2D SPACE',''
  ) );
#7459 = PCURVE('',#7460,#7465);
#7460 = CYLINDRICAL_SURFACE('',#7461,4.2);
#7461 = AXIS2_PLACEMENT_3D('',#7462,#7463,#7464);
#7462 = CARTESIAN_POINT('',(47.,47.,0.));
#7463 = DIRECTION('',(-0.,-0.,-1.));
#7464 = DIRECTION('',(1.,0.,0.));
#7465 = DEFINITIONAL_REPRESENTATION('',(#7466),#7470);
#7466 = LINE('',#7467,#7468);
#7467 = CARTESIAN_POINT('',(-0.,-30.));
#7468 = VECTOR('',#7469,1.);
#7469 = DIRECTION('',(-1.,0.));
#7470 = ( GEOMETRIC_REPRESENTATION_CONTEXT(2) 
PARAMETRIC_REPRESENTATION_CONTEXT() REPRESENTATION_CONTEXT('2D SPACE',''
  ) );
#7471 = ORIENTED_EDGE('',*,*,#7472,.T.);
#7472 = EDGE_CURVE('',#7444,#7473,#7475,.T.);
#7473 = VERTEX_POINT('',#7474);
#7474 = CARTESIAN_POINT('',(53.,32.,30.));
#7475 = SURFACE_CURVE('',#7476,(#7481,#7492),.PCURVE_S1.);
#7476 = CIRCLE('',#7477,21.);
#7477 = AXIS2_PLACEMENT_3D('',#7478,#7479,#7480);
#7478 = CARTESIAN_POINT('',(32.,32.,30.));
#7479 = DIRECTION('',(0.,0.,-1.));
#7480 = DIRECTION('',(1.,0.,0.));
#7481 = PCURVE('',#1261,#7482);
#7482 = DEFINITIONAL_REPRESENTATION('',(#7483),#7491);
#7483 = ( BOUNDED_CURVE() B_SPLINE_CURVE(2,(#7484,#7485,#7486,#7487,
#7488,#7489,#7490),.UNSPECIFIED.,.T.,.F.) B_SPLINE_CURVE_WITH_KNOTS((1,2
    ,2,2,2,1),(-2.094395102393,0.,2.094395102393,4.188790204786,
6.28318530718,8.377580409573),.UNSPECIFIED.) CURVE() 
GEOMETRIC_REPRESENTATION_ITEM() RATIONAL_B_SPLINE_CURVE((1.,0.5,1.,0.5,
1.,0.5,1.)) REPRESENTATION_ITEM('') );
#7484 = CARTESIAN_POINT('',(53.,32.));
#7485 = CARTESIAN_POINT('',(53.,-4.373066958946));
#7486 = CARTESIAN_POINT('',(21.5,13.813466520527));
#7487 = CARTESIAN_POINT('',(-10.,32.));
#7488 = CARTESIAN_POINT('',(21.5,50.186533479473));
#7489 = CARTESIAN_POINT('',(53.,68.373066958946));
#7490 = CARTESIAN_POINT('',(53.,32.));
#7491 = ( GEOMETRIC_REPRESENTATION_CONTEXT(2) 
PARAMETRIC_REPRESENTATION_CONTEXT() REPRESENTATION_CONTEXT('2D SPACE',''
  ) );
#7492 = PCURVE('',#7493,#7498);
#7493 = CYLINDRICAL_SURFACE('',#7494,21.);
#7494 = AXIS2_PLACEMENT_3D('',#7495,#7496,#7497);
#7495 = CARTESIAN_POINT('',(32.,32.,2.4));
#7496 = DIRECTION('',(-0.,-0.,-1.));
#7497 = DIRECTION('',(1.,0.,0.));
#7498 = DEFINITIONAL_REPRESENTATION('',(#7499),#7503);
#7499 = LINE('',#7500,#7501);
#7500 = CARTESIAN_POINT('',(-6.28318530718,-27.6));
#7501 = VECTOR('',#7502,1.);
#7502 = DIRECTION('',(1.,-0.));
#7503 = ( GEOMETRIC_REPRESENTATION_CONTEXT(2) 
PARAMETRIC_REPRESENTATION_CONTEXT() REPRESENTATION_CONTEXT('2D SPACE',''
  ) );
#7504 = ORIENTED_EDGE('',*,*,#7505,.T.);
#7505 = EDGE_CURVE('',#7473,#7506,#7508,.T.);
#7506 = VERTEX_POINT('',#7507);
#7507 = CARTESIAN_POINT('',(53.,-32.,30.));
#7508 = SURFACE_CURVE('',#7509,(#7513,#7520),.PCURVE_S1.);
#7509 = LINE('',#7510,#7511);
#7510 = CARTESIAN_POINT('',(53.,-16.,30.));
#7511 = VECTOR('',#7512,1.);
#7512 = DIRECTION('',(0.,-1.,0.));
#7513 = PCURVE('',#1261,#7514);
#7514 = DEFINITIONAL_REPRESENTATION('',(#7515),#7519);
#7515 = LINE('',#7516,#7517);
#7516 = CARTESIAN_POINT('',(53.,-16.));
#7517 = VECTOR('',#7518,1.);
#7518 = DIRECTION('',(0.,-1.));
#7519 = ( GEOMETRIC_REPRESENTATION_CONTEXT(2) 
PARAMETRIC_REPRESENTATION_CONTEXT() REPRESENTATION_CONTEXT('2D SPACE',''
  ) );
#7520 = PCURVE('',#7521,#7526);
#7521 = PLANE('',#7522);
#7522 = AXIS2_PLACEMENT_3D('',#7523,#7524,#7525);
#7523 = CARTESIAN_POINT('',(53.,-32.,2.4));
#7524 = DIRECTION('',(-1.,0.,0.));
#7525 = DIRECTION('',(0.,1.,0.));
#7526 = DEFINITIONAL_REPRESENTATION('',(#7527),#7530);
#7527 = B_SPLINE_CURVE_WITH_KNOTS('',1,(#7528,#7529),.UNSPECIFIED.,.F.,
  .F.,(2,2),(-48.,16.),.PIECEWISE_BEZIER_KNOTS.);
#7528 = CARTESIAN_POINT('',(64.,-27.6));
#7529 = CARTESIAN_POINT('',(0.,-27.6));
#7530 = ( GEOMETRIC_REPRESENTATION_CONTEXT(2) 
PARAMETRIC_REPRESENTATION_CONTEXT() REPRESENTATION_CONTEXT('2D SPACE',''
  ) );
#7531 = ORIENTED_EDGE('',*,*,#7532,.T.);
#7532 = EDGE_CURVE('',#7506,#7533,#7535,.T.);
#7533 = VERTEX_POINT('',#7534);
#7534 = CARTESIAN_POINT('',(49.49247135181,-43.61952864819,30.));
#7535 = SURFACE_CURVE('',#7536,(#7541,#7552),.PCURVE_S1.);
#7536 = CIRCLE('',#7537,21.);
#7537 = AXIS2_PLACEMENT_3D('',#7538,#7539,#7540);
#7538 = CARTESIAN_POINT('',(32.,-32.,30.));
#7539 = DIRECTION('',(0.,0.,-1.));
#7540 = DIRECTION('',(1.,0.,0.));
#7541 = PCURVE('',#1261,#7542);
#7542 = DEFINITIONAL_REPRESENTATION('',(#7543),#7551);
#7543 = ( BOUNDED_CURVE() B_SPLINE_CURVE(2,(#7544,#7545,#7546,#7547,
#7548,#7549,#7550),.UNSPECIFIED.,.T.,.F.) B_SPLINE_CURVE_WITH_KNOTS((1,2
    ,2,2,2,1),(-2.094395102393,0.,2.094395102393,4.188790204786,
6.28318530718,8.377580409573),.UNSPECIFIED.) CURVE() 
GEOMETRIC_REPRESENTATION_ITEM() RATIONAL_B_SPLINE_CURVE((1.,0.5,1.,0.5,
1.,0.5,1.)) REPRESENTATION_ITEM('') );
#7544 = CARTESIAN_POINT('',(53.,-32.));
#7545 = CARTESIAN_POINT('',(53.,-68.37306695894));
#7546 = CARTESIAN_POINT('',(21.5,-50.18653347947));
#7547 = CARTESIAN_POINT('',(-10.,-32.));
#7548 = CARTESIAN_POINT('',(21.5,-13.81346652052));
#7549 = CARTESIAN_POINT('',(53.,4.373066958946));
#7550 = CARTESIAN_POINT('',(53.,-32.));
#7551 = ( GEOMETRIC_REPRESENTATION_CONTEXT(2) 
PARAMETRIC_REPRESENTATION_CONTEXT() REPRESENTATION_CONTEXT('2D SPACE',''
  ) );
#7552 = PCURVE('',#7553,#7558);
#7553 = CYLINDRICAL_SURFACE('',#7554,21.);
#7554 = AXIS2_PLACEMENT_3D('',#7555,#7556,#7557);
#7555 = CARTESIAN_POINT('',(32.,-32.,2.4));
#7556 = DIRECTION('',(-0.,-0.,-1.));
#7557 = DIRECTION('',(1.,0.,0.));
#7558 = DEFINITIONAL_REPRESENTATION('',(#7559),#7563);
#7559 = LINE('',#7560,#7561);
#7560 = CARTESIAN_POINT('',(-6.28318530718,-27.6));
#7561 = VECTOR('',#7562,1.);
#7562 = DIRECTION('',(1.,-0.));
#7563 = ( GEOMETRIC_REPRESENTATION_CONTEXT(2) 
PARAMETRIC_REPRESENTATION_CONTEXT() REPRESENTATION_CONTEXT('2D SPACE',''
  ) );
#7564 = ORIENTED_EDGE('',*,*,#7565,.T.);
#7565 = EDGE_CURVE('',#7533,#7566,#7568,.T.);
#7566 = VERTEX_POINT('',#7567);
#7567 = CARTESIAN_POINT('',(43.61952864819,-49.49247135181,30.));
#7568 = SURFACE_CURVE('',#7569,(#7574,#7581),.PCURVE_S1.);
#7569 = CIRCLE('',#7570,4.2);
#7570 = AXIS2_PLACEMENT_3D('',#7571,#7572,#7573);
#7571 = CARTESIAN_POINT('',(47.,-47.,30.));
#7572 = DIRECTION('',(0.,0.,1.));
#7573 = DIRECTION('',(1.,0.,0.));
#7574 = PCURVE('',#1261,#7575);
#7575 = DEFINITIONAL_REPRESENTATION('',(#7576),#7580);
#7576 = CIRCLE('',#7577,4.2);
#7577 = AXIS2_PLACEMENT_2D('',#7578,#7579);
#7578 = CARTESIAN_POINT('',(47.,-47.));
#7579 = DIRECTION('',(1.,0.));
#7580 = ( GEOMETRIC_REPRESENTATION_CONTEXT(2) 
PARAMETRIC_REPRESENTATION_CONTEXT() REPRESENTATION_CONTEXT('2D SPACE',''
  ) );
#7581 = PCURVE('',#7582,#7587);
#7582 = CYLINDRICAL_SURFACE('',#7583,4.2);
#7583 = AXIS2_PLACEMENT_3D('',#7584,#7585,#7586);
#7584 = CARTESIAN_POINT('',(47.,-47.,0.));
#7585 = DIRECTION('',(-0.,-0.,-1.));
#7586 = DIRECTION('',(1.,0.,0.));
#7587 = DEFINITIONAL_REPRESENTATION('',(#7588),#7592);
#7588 = LINE('',#7589,#7590);
#7589 = CARTESIAN_POINT('',(-0.,-30.));
#7590 = VECTOR('',#7591,1.);
#7591 = DIRECTION('',(-1.,0.));
#7592 = ( GEOMETRIC_REPRESENTATION_CONTEXT(2) 
PARAMETRIC_REPRESENTATION_CONTEXT() REPRESENTATION_CONTEXT('2D SPACE',''
  ) );
#7593 = ORIENTED_EDGE('',*,*,#7594,.T.);
#7594 = EDGE_CURVE('',#7566,#7595,#7597,.T.);
#7595 = VERTEX_POINT('',#7596);
#7596 = CARTESIAN_POINT('',(32.,-53.,30.));
#7597 = SURFACE_CURVE('',#7598,(#7603,#7614),.PCURVE_S1.);
#7598 = CIRCLE('',#7599,21.);
#7599 = AXIS2_PLACEMENT_3D('',#7600,#7601,#7602);
#7600 = CARTESIAN_POINT('',(32.,-32.,30.));
#7601 = DIRECTION('',(0.,0.,-1.));
#7602 = DIRECTION('',(1.,0.,0.));
#7603 = PCURVE('',#1261,#7604);
#7604 = DEFINITIONAL_REPRESENTATION('',(#7605),#7613);
#7605 = ( BOUNDED_CURVE() B_SPLINE_CURVE(2,(#7606,#7607,#7608,#7609,
#7610,#7611,#7612),.UNSPECIFIED.,.T.,.F.) B_SPLINE_CURVE_WITH_KNOTS((1,2
    ,2,2,2,1),(-2.094395102393,0.,2.094395102393,4.188790204786,
6.28318530718,8.377580409573),.UNSPECIFIED.) CURVE() 
GEOMETRIC_REPRESENTATION_ITEM() RATIONAL_B_SPLINE_CURVE((1.,0.5,1.,0.5,
1.,0.5,1.)) REPRESENTATION_ITEM('') );
#7606 = CARTESIAN_POINT('',(53.,-32.));
#7607 = CARTESIAN_POINT('',(53.,-68.37306695894));
#7608 = CARTESIAN_POINT('',(21.5,-50.18653347947));
#7609 = CARTESIAN_POINT('',(-10.,-32.));
#7610 = CARTESIAN_POINT('',(21.5,-13.81346652052));
#7611 = CARTESIAN_POINT('',(53.,4.373066958946));
#7612 = CARTESIAN_POINT('',(53.,-32.));
#7613 = ( GEOMETRIC_REPRESENTATION_CONTEXT(2) 
PARAMETRIC_REPRESENTATION_CONTEXT() REPRESENTATION_CONTEXT('2D SPACE',''
  ) );
#7614 = PCURVE('',#7615,#7620);
#7615 = CYLINDRICAL_SURFACE('',#7616,21.);
#7616 = AXIS2_PLACEMENT_3D('',#7617,#7618,#7619);
#7617 = CARTESIAN_POINT('',(32.,-32.,2.4));
#7618 = DIRECTION('',(-0.,-0.,-1.));
#7619 = DIRECTION('',(1.,0.,0.));
#7620 = DEFINITIONAL_REPRESENTATION('',(#7621),#7625);
#7621 = LINE('',#7622,#7623);
#7622 = CARTESIAN_POINT('',(-6.28318530718,-27.6));
#7623 = VECTOR('',#7624,1.);
#7624 = DIRECTION('',(1.,-0.));
#7625 = ( GEOMETRIC_REPRESENTATION_CONTEXT(2) 
PARAMETRIC_REPRESENTATION_CONTEXT() REPRESENTATION_CONTEXT('2D SPACE',''
  ) );
#7626 = ORIENTED_EDGE('',*,*,#7627,.T.);
#7627 = EDGE_CURVE('',#7595,#7628,#7630,.T.);
#7628 = VERTEX_POINT('',#7629);
#7629 = CARTESIAN_POINT('',(-32.,-53.,30.));
#7630 = SURFACE_CURVE('',#7631,(#7635,#7642),.PCURVE_S1.);
#7631 = LINE('',#7632,#7633);
#7632 = CARTESIAN_POINT('',(-16.,-53.,30.));
#7633 = VECTOR('',#7634,1.);
#7634 = DIRECTION('',(-1.,0.,0.));
#7635 = PCURVE('',#1261,#7636);
#7636 = DEFINITIONAL_REPRESENTATION('',(#7637),#7641);
#7637 = LINE('',#7638,#7639);
#7638 = CARTESIAN_POINT('',(-16.,-53.));
#7639 = VECTOR('',#7640,1.);
#7640 = DIRECTION('',(-1.,0.));
#7641 = ( GEOMETRIC_REPRESENTATION_CONTEXT(2) 
PARAMETRIC_REPRESENTATION_CONTEXT() REPRESENTATION_CONTEXT('2D SPACE',''
  ) );
#7642 = PCURVE('',#7643,#7648);
#7643 = PLANE('',#7644);
#7644 = AXIS2_PLACEMENT_3D('',#7645,#7646,#7647);
#7645 = CARTESIAN_POINT('',(-32.,-53.,2.4));
#7646 = DIRECTION('',(0.,1.,0.));
#7647 = DIRECTION('',(1.,0.,0.));
#7648 = DEFINITIONAL_REPRESENTATION('',(#7649),#7652);
#7649 = B_SPLINE_CURVE_WITH_KNOTS('',1,(#7650,#7651),.UNSPECIFIED.,.F.,
  .F.,(2,2),(-48.,16.),.PIECEWISE_BEZIER_KNOTS.);
#7650 = CARTESIAN_POINT('',(64.,-27.6));
#7651 = CARTESIAN_POINT('',(0.,-27.6));
#7652 = ( GEOMETRIC_REPRESENTATION_CONTEXT(2) 
PARAMETRIC_REPRESENTATION_CONTEXT() REPRESENTATION_CONTEXT('2D SPACE',''
  ) );
#7653 = ORIENTED_EDGE('',*,*,#7654,.T.);
#7654 = EDGE_CURVE('',#7628,#7655,#7657,.T.);
#7655 = VERTEX_POINT('',#7656);
#7656 = CARTESIAN_POINT('',(-43.61952864819,-49.49247135181,30.));
#7657 = SURFACE_CURVE('',#7658,(#7663,#7674),.PCURVE_S1.);
#7658 = CIRCLE('',#7659,21.);
#7659 = AXIS2_PLACEMENT_3D('',#7660,#7661,#7662);
#7660 = CARTESIAN_POINT('',(-32.,-32.,30.));
#7661 = DIRECTION('',(0.,0.,-1.));
#7662 = DIRECTION('',(1.,0.,0.));
#7663 = PCURVE('',#1261,#7664);
#7664 = DEFINITIONAL_REPRESENTATION('',(#7665),#7673);
#7665 = ( BOUNDED_CURVE() B_SPLINE_CURVE(2,(#7666,#7667,#7668,#7669,
#7670,#7671,#7672),.UNSPECIFIED.,.T.,.F.) B_SPLINE_CURVE_WITH_KNOTS((1,2
    ,2,2,2,1),(-2.094395102393,0.,2.094395102393,4.188790204786,
6.28318530718,8.377580409573),.UNSPECIFIED.) CURVE() 
GEOMETRIC_REPRESENTATION_ITEM() RATIONAL_B_SPLINE_CURVE((1.,0.5,1.,0.5,
1.,0.5,1.)) REPRESENTATION_ITEM('') );
#7666 = CARTESIAN_POINT('',(-11.,-32.));
#7667 = CARTESIAN_POINT('',(-11.,-68.37306695894));
#7668 = CARTESIAN_POINT('',(-42.5,-50.18653347947));
#7669 = CARTESIAN_POINT('',(-74.,-32.));
#7670 = CARTESIAN_POINT('',(-42.5,-13.81346652052));
#7671 = CARTESIAN_POINT('',(-11.,4.373066958946));
#7672 = CARTESIAN_POINT('',(-11.,-32.));
#7673 = ( GEOMETRIC_REPRESENTATION_CONTEXT(2) 
PARAMETRIC_REPRESENTATION_CONTEXT() REPRESENTATION_CONTEXT('2D SPACE',''
  ) );
#7674 = PCURVE('',#7675,#7680);
#7675 = CYLINDRICAL_SURFACE('',#7676,21.);
#7676 = AXIS2_PLACEMENT_3D('',#7677,#7678,#7679);
#7677 = CARTESIAN_POINT('',(-32.,-32.,2.4));
#7678 = DIRECTION('',(-0.,-0.,-1.));
#7679 = DIRECTION('',(1.,0.,0.));
#7680 = DEFINITIONAL_REPRESENTATION('',(#7681),#7685);
#7681 = LINE('',#7682,#7683);
#7682 = CARTESIAN_POINT('',(-6.28318530718,-27.6));
#7683 = VECTOR('',#7684,1.);
#7684 = DIRECTION('',(1.,-0.));
#7685 = ( GEOMETRIC_REPRESENTATION_CONTEXT(2) 
PARAMETRIC_REPRESENTATION_CONTEXT() REPRESENTATION_CONTEXT('2D SPACE',''
  ) );
#7686 = ORIENTED_EDGE('',*,*,#7687,.F.);
#7687 = EDGE_CURVE('',#7688,#7655,#7690,.T.);
#7688 = VERTEX_POINT('',#7689);
#7689 = CARTESIAN_POINT('',(-49.49247135181,-43.61952864819,30.));
#7690 = SURFACE_CURVE('',#7691,(#7696,#7707),.PCURVE_S1.);
#7691 = CIRCLE('',#7692,4.2);
#7692 = AXIS2_PLACEMENT_3D('',#7693,#7694,#7695);
#7693 = CARTESIAN_POINT('',(-47.,-47.,30.));
#7694 = DIRECTION('',(0.,0.,-1.));
#7695 = DIRECTION('',(-1.,2.030122102172E-14,0.));
#7696 = PCURVE('',#1261,#7697);
#7697 = DEFINITIONAL_REPRESENTATION('',(#7698),#7706);
#7698 = ( BOUNDED_CURVE() B_SPLINE_CURVE(2,(#7699,#7700,#7701,#7702,
#7703,#7704,#7705),.UNSPECIFIED.,.T.,.F.) B_SPLINE_CURVE_WITH_KNOTS((1,2
    ,2,2,2,1),(-2.094395102393,0.,2.094395102393,4.188790204786,
6.28318530718,8.377580409573),.UNSPECIFIED.) CURVE() 
GEOMETRIC_REPRESENTATION_ITEM() RATIONAL_B_SPLINE_CURVE((1.,0.5,1.,0.5,
1.,0.5,1.)) REPRESENTATION_ITEM('') );
#7699 = CARTESIAN_POINT('',(-51.2,-47.));
#7700 = CARTESIAN_POINT('',(-51.2,-39.72538660821));
#7701 = CARTESIAN_POINT('',(-44.9,-43.3626933041));
#7702 = CARTESIAN_POINT('',(-38.6,-47.));
#7703 = CARTESIAN_POINT('',(-44.9,-50.63730669589));
#7704 = CARTESIAN_POINT('',(-51.2,-54.27461339178));
#7705 = CARTESIAN_POINT('',(-51.2,-47.));
#7706 = ( GEOMETRIC_REPRESENTATION_CONTEXT(2) 
PARAMETRIC_REPRESENTATION_CONTEXT() REPRESENTATION_CONTEXT('2D SPACE',''
  ) );
#7707 = PCURVE('',#7708,#7713);
#7708 = CYLINDRICAL_SURFACE('',#7709,4.2);
#7709 = AXIS2_PLACEMENT_3D('',#7710,#7711,#7712);
#7710 = CARTESIAN_POINT('',(-47.,-47.,0.));
#7711 = DIRECTION('',(-0.,-0.,-1.));
#7712 = DIRECTION('',(1.,0.,0.));
#7713 = DEFINITIONAL_REPRESENTATION('',(#7714),#7718);
#7714 = LINE('',#7715,#7716);
#7715 = CARTESIAN_POINT('',(-9.424777960769,-30.));
#7716 = VECTOR('',#7717,1.);
#7717 = DIRECTION('',(1.,-0.));
#7718 = ( GEOMETRIC_REPRESENTATION_CONTEXT(2) 
PARAMETRIC_REPRESENTATION_CONTEXT() REPRESENTATION_CONTEXT('2D SPACE',''
  ) );
#7719 = ORIENTED_EDGE('',*,*,#7720,.T.);
#7720 = EDGE_CURVE('',#7688,#7721,#7723,.T.);
#7721 = VERTEX_POINT('',#7722);
#7722 = CARTESIAN_POINT('',(-53.,-32.,30.));
#7723 = SURFACE_CURVE('',#7724,(#7729,#7740),.PCURVE_S1.);
#7724 = CIRCLE('',#7725,21.);
#7725 = AXIS2_PLACEMENT_3D('',#7726,#7727,#7728);
#7726 = CARTESIAN_POINT('',(-32.,-32.,30.));
#7727 = DIRECTION('',(0.,0.,-1.));
#7728 = DIRECTION('',(1.,0.,0.));
#7729 = PCURVE('',#1261,#7730);
#7730 = DEFINITIONAL_REPRESENTATION('',(#7731),#7739);
#7731 = ( BOUNDED_CURVE() B_SPLINE_CURVE(2,(#7732,#7733,#7734,#7735,
#7736,#7737,#7738),.UNSPECIFIED.,.T.,.F.) B_SPLINE_CURVE_WITH_KNOTS((1,2
    ,2,2,2,1),(-2.094395102393,0.,2.094395102393,4.188790204786,
6.28318530718,8.377580409573),.UNSPECIFIED.) CURVE() 
GEOMETRIC_REPRESENTATION_ITEM() RATIONAL_B_SPLINE_CURVE((1.,0.5,1.,0.5,
1.,0.5,1.)) REPRESENTATION_ITEM('') );
#7732 = CARTESIAN_POINT('',(-11.,-32.));
#7733 = CARTESIAN_POINT('',(-11.,-68.37306695894));
#7734 = CARTESIAN_POINT('',(-42.5,-50.18653347947));
#7735 = CARTESIAN_POINT('',(-74.,-32.));
#7736 = CARTESIAN_POINT('',(-42.5,-13.81346652052));
#7737 = CARTESIAN_POINT('',(-11.,4.373066958946));
#7738 = CARTESIAN_POINT('',(-11.,-32.));
#7739 = ( GEOMETRIC_REPRESENTATION_CONTEXT(2) 
PARAMETRIC_REPRESENTATION_CONTEXT() REPRESENTATION_CONTEXT('2D SPACE',''
  ) );
#7740 = PCURVE('',#7741,#7746);
#7741 = CYLINDRICAL_SURFACE('',#7742,21.);
#7742 = AXIS2_PLACEMENT_3D('',#7743,#7744,#7745);
#7743 = CARTESIAN_POINT('',(-32.,-32.,2.4));
#7744 = DIRECTION('',(-0.,-0.,-1.));
#7745 = DIRECTION('',(1.,0.,0.));
#7746 = DEFINITIONAL_REPRESENTATION('',(#7747),#7751);
#7747 = LINE('',#7748,#7749);
#7748 = CARTESIAN_POINT('',(-6.28318530718,-27.6));
#7749 = VECTOR('',#7750,1.);
#7750 = DIRECTION('',(1.,-0.));
#7751 = ( GEOMETRIC_REPRESENTATION_CONTEXT(2) 
PARAMETRIC_REPRESENTATION_CONTEXT() REPRESENTATION_CONTEXT('2D SPACE',''
  ) );
#7752 = ORIENTED_EDGE('',*,*,#7753,.F.);
#7753 = EDGE_CURVE('',#7754,#7721,#7756,.T.);
#7754 = VERTEX_POINT('',#7755);
#7755 = CARTESIAN_POINT('',(-53.,32.,30.));
#7756 = SURFACE_CURVE('',#7757,(#7761,#7768),.PCURVE_S1.);
#7757 = LINE('',#7758,#7759);
#7758 = CARTESIAN_POINT('',(-53.,-16.,30.));
#7759 = VECTOR('',#7760,1.);
#7760 = DIRECTION('',(0.,-1.,0.));
#7761 = PCURVE('',#1261,#7762);
#7762 = DEFINITIONAL_REPRESENTATION('',(#7763),#7767);
#7763 = LINE('',#7764,#7765);
#7764 = CARTESIAN_POINT('',(-53.,-16.));
#7765 = VECTOR('',#7766,1.);
#7766 = DIRECTION('',(0.,-1.));
#7767 = ( GEOMETRIC_REPRESENTATION_CONTEXT(2) 
PARAMETRIC_REPRESENTATION_CONTEXT() REPRESENTATION_CONTEXT('2D SPACE',''
  ) );
#7768 = PCURVE('',#2120,#7769);
#7769 = DEFINITIONAL_REPRESENTATION('',(#7770),#7773);
#7770 = B_SPLINE_CURVE_WITH_KNOTS('',1,(#7771,#7772),.UNSPECIFIED.,.F.,
  .F.,(2,2),(-48.,16.),.PIECEWISE_BEZIER_KNOTS.);
#7771 = CARTESIAN_POINT('',(64.,-27.6));
#7772 = CARTESIAN_POINT('',(0.,-27.6));
#7773 = ( GEOMETRIC_REPRESENTATION_CONTEXT(2) 
PARAMETRIC_REPRESENTATION_CONTEXT() REPRESENTATION_CONTEXT('2D SPACE',''
  ) );
#7774 = ORIENTED_EDGE('',*,*,#7775,.T.);
#7775 = EDGE_CURVE('',#7754,#7776,#7778,.T.);
#7776 = VERTEX_POINT('',#7777);
#7777 = CARTESIAN_POINT('',(-49.49247135181,43.61952864819,30.));
#7778 = SURFACE_CURVE('',#7779,(#7784,#7795),.PCURVE_S1.);
#7779 = CIRCLE('',#7780,21.);
#7780 = AXIS2_PLACEMENT_3D('',#7781,#7782,#7783);
#7781 = CARTESIAN_POINT('',(-32.,32.,30.));
#7782 = DIRECTION('',(0.,0.,-1.));
#7783 = DIRECTION('',(1.,0.,0.));
#7784 = PCURVE('',#1261,#7785);
#7785 = DEFINITIONAL_REPRESENTATION('',(#7786),#7794);
#7786 = ( BOUNDED_CURVE() B_SPLINE_CURVE(2,(#7787,#7788,#7789,#7790,
#7791,#7792,#7793),.UNSPECIFIED.,.T.,.F.) B_SPLINE_CURVE_WITH_KNOTS((1,2
    ,2,2,2,1),(-2.094395102393,0.,2.094395102393,4.188790204786,
6.28318530718,8.377580409573),.UNSPECIFIED.) CURVE() 
GEOMETRIC_REPRESENTATION_ITEM() RATIONAL_B_SPLINE_CURVE((1.,0.5,1.,0.5,
1.,0.5,1.)) REPRESENTATION_ITEM('') );
#7787 = CARTESIAN_POINT('',(-11.,32.));
#7788 = CARTESIAN_POINT('',(-11.,-4.373066958946));
#7789 = CARTESIAN_POINT('',(-42.5,13.813466520527));
#7790 = CARTESIAN_POINT('',(-74.,32.));
#7791 = CARTESIAN_POINT('',(-42.5,50.186533479473));
#7792 = CARTESIAN_POINT('',(-11.,68.373066958946));
#7793 = CARTESIAN_POINT('',(-11.,32.));
#7794 = ( GEOMETRIC_REPRESENTATION_CONTEXT(2) 
PARAMETRIC_REPRESENTATION_CONTEXT() REPRESENTATION_CONTEXT('2D SPACE',''
  ) );
#7795 = PCURVE('',#7796,#7801);
#7796 = CYLINDRICAL_SURFACE('',#7797,21.);
#7797 = AXIS2_PLACEMENT_3D('',#7798,#7799,#7800);
#7798 = CARTESIAN_POINT('',(-32.,32.,2.4));
#7799 = DIRECTION('',(-0.,-0.,-1.));
#7800 = DIRECTION('',(1.,0.,0.));
#7801 = DEFINITIONAL_REPRESENTATION('',(#7802),#7806);
#7802 = LINE('',#7803,#7804);
#7803 = CARTESIAN_POINT('',(-6.28318530718,-27.6));
#7804 = VECTOR('',#7805,1.);
#7805 = DIRECTION('',(1.,-0.));
#7806 = ( GEOMETRIC_REPRESENTATION_CONTEXT(2) 
PARAMETRIC_REPRESENTATION_CONTEXT() REPRESENTATION_CONTEXT('2D SPACE',''
  ) );
#7807 = ORIENTED_EDGE('',*,*,#7808,.F.);
#7808 = EDGE_CURVE('',#7809,#7776,#7811,.T.);
#7809 = VERTEX_POINT('',#7810);
#7810 = CARTESIAN_POINT('',(-43.61952864819,49.49247135181,30.));
#7811 = SURFACE_CURVE('',#7812,(#7817,#7828),.PCURVE_S1.);
#7812 = CIRCLE('',#7813,4.2);
#7813 = AXIS2_PLACEMENT_3D('',#7814,#7815,#7816);
#7814 = CARTESIAN_POINT('',(-47.,47.,30.));
#7815 = DIRECTION('',(0.,0.,-1.));
#7816 = DIRECTION('',(-5.075305255429E-15,1.,0.));
#7817 = PCURVE('',#1261,#7818);
#7818 = DEFINITIONAL_REPRESENTATION('',(#7819),#7827);
#7819 = ( BOUNDED_CURVE() B_SPLINE_CURVE(2,(#7820,#7821,#7822,#7823,
#7824,#7825,#7826),.UNSPECIFIED.,.T.,.F.) B_SPLINE_CURVE_WITH_KNOTS((1,2
    ,2,2,2,1),(-2.094395102393,0.,2.094395102393,4.188790204786,
6.28318530718,8.377580409573),.UNSPECIFIED.) CURVE() 
GEOMETRIC_REPRESENTATION_ITEM() RATIONAL_B_SPLINE_CURVE((1.,0.5,1.,0.5,
1.,0.5,1.)) REPRESENTATION_ITEM('') );
#7820 = CARTESIAN_POINT('',(-47.,51.2));
#7821 = CARTESIAN_POINT('',(-39.72538660821,51.2));
#7822 = CARTESIAN_POINT('',(-43.3626933041,44.9));
#7823 = CARTESIAN_POINT('',(-47.,38.6));
#7824 = CARTESIAN_POINT('',(-50.63730669589,44.9));
#7825 = CARTESIAN_POINT('',(-54.27461339178,51.2));
#7826 = CARTESIAN_POINT('',(-47.,51.2));
#7827 = ( GEOMETRIC_REPRESENTATION_CONTEXT(2) 
PARAMETRIC_REPRESENTATION_CONTEXT() REPRESENTATION_CONTEXT('2D SPACE',''
  ) );
#7828 = PCURVE('',#7829,#7834);
#7829 = CYLINDRICAL_SURFACE('',#7830,4.2);
#7830 = AXIS2_PLACEMENT_3D('',#7831,#7832,#7833);
#7831 = CARTESIAN_POINT('',(-47.,47.,0.));
#7832 = DIRECTION('',(-0.,-0.,-1.));
#7833 = DIRECTION('',(1.,0.,0.));
#7834 = DEFINITIONAL_REPRESENTATION('',(#7835),#7839);
#7835 = LINE('',#7836,#7837);
#7836 = CARTESIAN_POINT('',(-7.853981633974,-30.));
#7837 = VECTOR('',#7838,1.);
#7838 = DIRECTION('',(1.,-0.));
#7839 = ( GEOMETRIC_REPRESENTATION_CONTEXT(2) 
PARAMETRIC_REPRESENTATION_CONTEXT() REPRESENTATION_CONTEXT('2D SPACE',''
  ) );
#7840 = ORIENTED_EDGE('',*,*,#7841,.T.);
#7841 = EDGE_CURVE('',#7809,#7842,#7844,.T.);
#7842 = VERTEX_POINT('',#7843);
#7843 = CARTESIAN_POINT('',(-32.,53.,30.));
#7844 = SURFACE_CURVE('',#7845,(#7850,#7861),.PCURVE_S1.);
#7845 = CIRCLE('',#7846,21.);
#7846 = AXIS2_PLACEMENT_3D('',#7847,#7848,#7849);
#7847 = CARTESIAN_POINT('',(-32.,32.,30.));
#7848 = DIRECTION('',(0.,0.,-1.));
#7849 = DIRECTION('',(1.,0.,0.));
#7850 = PCURVE('',#1261,#7851);
#7851 = DEFINITIONAL_REPRESENTATION('',(#7852),#7860);
#7852 = ( BOUNDED_CURVE() B_SPLINE_CURVE(2,(#7853,#7854,#7855,#7856,
#7857,#7858,#7859),.UNSPECIFIED.,.T.,.F.) B_SPLINE_CURVE_WITH_KNOTS((1,2
    ,2,2,2,1),(-2.094395102393,0.,2.094395102393,4.188790204786,
6.28318530718,8.377580409573),.UNSPECIFIED.) CURVE() 
GEOMETRIC_REPRESENTATION_ITEM() RATIONAL_B_SPLINE_CURVE((1.,0.5,1.,0.5,
1.,0.5,1.)) REPRESENTATION_ITEM('') );
#7853 = CARTESIAN_POINT('',(-11.,32.));
#7854 = CARTESIAN_POINT('',(-11.,-4.373066958946));
#7855 = CARTESIAN_POINT('',(-42.5,13.813466520527));
#7856 = CARTESIAN_POINT('',(-74.,32.));
#7857 = CARTESIAN_POINT('',(-42.5,50.186533479473));
#7858 = CARTESIAN_POINT('',(-11.,68.373066958946));
#7859 = CARTESIAN_POINT('',(-11.,32.));
#7860 = ( GEOMETRIC_REPRESENTATION_CONTEXT(2) 
PARAMETRIC_REPRESENTATION_CONTEXT() REPRESENTATION_CONTEXT('2D SPACE',''
  ) );
#7861 = PCURVE('',#7862,#7867);
#7862 = CYLINDRICAL_SURFACE('',#7863,21.);
#7863 = AXIS2_PLACEMENT_3D('',#7864,#7865,#7866);
#7864 = CARTESIAN_POINT('',(-32.,32.,2.4));
#7865 = DIRECTION('',(-0.,-0.,-1.));
#7866 = DIRECTION('',(1.,0.,0.));
#7867 = DEFINITIONAL_REPRESENTATION('',(#7868),#7872);
#7868 = LINE('',#7869,#7870);
#7869 = CARTESIAN_POINT('',(-6.28318530718,-27.6));
#7870 = VECTOR('',#7871,1.);
#7871 = DIRECTION('',(1.,-0.));
#7872 = ( GEOMETRIC_REPRESENTATION_CONTEXT(2) 
PARAMETRIC_REPRESENTATION_CONTEXT() REPRESENTATION_CONTEXT('2D SPACE',''
  ) );
#7873 = ORIENTED_EDGE('',*,*,#7874,.F.);
#7874 = EDGE_CURVE('',#7409,#7842,#7875,.T.);
#7875 = SURFACE_CURVE('',#7876,(#7880,#7887),.PCURVE_S1.);
#7876 = LINE('',#7877,#7878);
#7877 = CARTESIAN_POINT('',(-16.,53.,30.));
#7878 = VECTOR('',#7879,1.);
#7879 = DIRECTION('',(-1.,0.,0.));
#7880 = PCURVE('',#1261,#7881);
#7881 = DEFINITIONAL_REPRESENTATION('',(#7882),#7886);
#7882 = LINE('',#7883,#7884);
#7883 = CARTESIAN_POINT('',(-16.,53.));
#7884 = VECTOR('',#7885,1.);
#7885 = DIRECTION('',(-1.,0.));
#7886 = ( GEOMETRIC_REPRESENTATION_CONTEXT(2) 
PARAMETRIC_REPRESENTATION_CONTEXT() REPRESENTATION_CONTEXT('2D SPACE',''
  ) );
#7887 = PCURVE('',#7888,#7893);
#7888 = PLANE('',#7889);
#7889 = AXIS2_PLACEMENT_3D('',#7890,#7891,#7892);
#7890 = CARTESIAN_POINT('',(-32.,53.,2.4));
#7891 = DIRECTION('',(0.,1.,0.));
#7892 = DIRECTION('',(1.,0.,0.));
#7893 = DEFINITIONAL_REPRESENTATION('',(#7894),#7897);
#7894 = B_SPLINE_CURVE_WITH_KNOTS('',1,(#7895,#7896),.UNSPECIFIED.,.F.,
  .F.,(2,2),(-48.,16.),.PIECEWISE_BEZIER_KNOTS.);
#7895 = CARTESIAN_POINT('',(64.,-27.6));
#7896 = CARTESIAN_POINT('',(0.,-27.6));
#7897 = ( GEOMETRIC_REPRESENTATION_CONTEXT(2) 
PARAMETRIC_REPRESENTATION_CONTEXT() REPRESENTATION_CONTEXT('2D SPACE',''
  ) );
#7898 = FACE_BOUND('',#7899,.T.);
#7899 = EDGE_LOOP('',(#7900));
#7900 = ORIENTED_EDGE('',*,*,#7901,.T.);
#7901 = EDGE_CURVE('',#7902,#7902,#7904,.T.);
#7902 = VERTEX_POINT('',#7903);
#7903 = CARTESIAN_POINT('',(48.7,47.,30.));
#7904 = SURFACE_CURVE('',#7905,(#7910,#7921),.PCURVE_S1.);
#7905 = CIRCLE('',#7906,1.7);
#7906 = AXIS2_PLACEMENT_3D('',#7907,#7908,#7909);
#7907 = CARTESIAN_POINT('',(47.,47.,30.));
#7908 = DIRECTION('',(0.,0.,-1.));
#7909 = DIRECTION('',(1.,0.,0.));
#7910 = PCURVE('',#1261,#7911);
#7911 = DEFINITIONAL_REPRESENTATION('',(#7912),#7920);
#7912 = ( BOUNDED_CURVE() B_SPLINE_CURVE(2,(#7913,#7914,#7915,#7916,
#7917,#7918,#7919),.UNSPECIFIED.,.T.,.F.) B_SPLINE_CURVE_WITH_KNOTS((1,2
    ,2,2,2,1),(-2.094395102393,0.,2.094395102393,4.188790204786,
6.28318530718,8.377580409573),.UNSPECIFIED.) CURVE() 
GEOMETRIC_REPRESENTATION_ITEM() RATIONAL_B_SPLINE_CURVE((1.,0.5,1.,0.5,
1.,0.5,1.)) REPRESENTATION_ITEM('') );
#7913 = CARTESIAN_POINT('',(48.7,47.));
#7914 = CARTESIAN_POINT('',(48.7,44.055513627133));
#7915 = CARTESIAN_POINT('',(46.15,45.527756813566));
#7916 = CARTESIAN_POINT('',(43.6,47.));
#7917 = CARTESIAN_POINT('',(46.15,48.472243186434));
#7918 = CARTESIAN_POINT('',(48.7,49.944486372867));
#7919 = CARTESIAN_POINT('',(48.7,47.));
#7920 = ( GEOMETRIC_REPRESENTATION_CONTEXT(2) 
PARAMETRIC_REPRESENTATION_CONTEXT() REPRESENTATION_CONTEXT('2D SPACE',''
  ) );
#7921 = PCURVE('',#7922,#7927);
#7922 = CYLINDRICAL_SURFACE('',#7923,1.7);
#7923 = AXIS2_PLACEMENT_3D('',#7924,#7925,#7926);
#7924 = CARTESIAN_POINT('',(47.,47.,-1.));
#7925 = DIRECTION('',(-0.,-0.,-1.));
#7926 = DIRECTION('',(1.,0.,0.));
#7927 = DEFINITIONAL_REPRESENTATION('',(#7928),#7932);
#7928 = LINE('',#7929,#7930);
#7929 = CARTESIAN_POINT('',(-6.28318530718,-31.));
#7930 = VECTOR('',#7931,1.);
#7931 = DIRECTION('',(1.,-0.));
#7932 = ( GEOMETRIC_REPRESENTATION_CONTEXT(2) 
PARAMETRIC_REPRESENTATION_CONTEXT() REPRESENTATION_CONTEXT('2D SPACE',''
  ) );
#7933 = ADVANCED_FACE('',(#7934),#1233,.T.);
#7934 = FACE_BOUND('',#7935,.F.);
#7935 = EDGE_LOOP('',(#7936,#7937,#7970));
#7936 = ORIENTED_EDGE('',*,*,#1218,.T.);
#7937 = ORIENTED_EDGE('',*,*,#7938,.F.);
#7938 = EDGE_CURVE('',#6766,#1190,#7939,.T.);
#7939 = SURFACE_CURVE('',#7940,(#7948,#7959),.PCURVE_S1.);
#7940 = B_SPLINE_CURVE_WITH_KNOTS('',6,(#7941,#7942,#7943,#7944,#7945,
    #7946,#7947),.UNSPECIFIED.,.F.,.F.,(7,7),(0.,1.),
  .PIECEWISE_BEZIER_KNOTS.);
#7941 = CARTESIAN_POINT('',(-50.90346984173,-45.4498634916,30.));
#7942 = CARTESIAN_POINT('',(-50.96351652238,-45.60106979229,
    29.863414020679));
#7943 = CARTESIAN_POINT('',(-51.01771302784,-45.75803543669,
    29.727851716904));
#7944 = CARTESIAN_POINT('',(-51.06555416439,-45.92099220247,
    29.593462768523));
#7945 = CARTESIAN_POINT('',(-51.10639307195,-46.09018415933,
    29.460473689519));
#7946 = CARTESIAN_POINT('',(-51.13943741402,-46.26586430981,
    29.329186422598));
#7947 = CARTESIAN_POINT('',(-51.16361828971,-46.44838171028,29.2));
#7948 = PCURVE('',#1233,#7949);
#7949 = DEFINITIONAL_REPRESENTATION('',(#7950),#7958);
#7950 = B_SPLINE_CURVE_WITH_KNOTS('',6,(#7951,#7952,#7953,#7954,#7955,
    #7956,#7957),.UNSPECIFIED.,.F.,.F.,(7,7),(0.,1.),
  .PIECEWISE_BEZIER_KNOTS.);
#7951 = CARTESIAN_POINT('',(-9.046758893105,-30.));
#7952 = CARTESIAN_POINT('',(-9.085495275562,-29.86341402067));
#7953 = CARTESIAN_POINT('',(-9.124992068463,-29.7278517169));
#7954 = CARTESIAN_POINT('',(-9.165360494172,-29.59346276852));
#7955 = CARTESIAN_POINT('',(-9.206723839172,-29.46047368951));
#7956 = CARTESIAN_POINT('',(-9.249223477332,-29.32918642259));
#7957 = CARTESIAN_POINT('',(-9.293059724501,-29.2));
#7958 = ( GEOMETRIC_REPRESENTATION_CONTEXT(2) 
PARAMETRIC_REPRESENTATION_CONTEXT() REPRESENTATION_CONTEXT('2D SPACE',''
  ) );
#7959 = PCURVE('',#1206,#7960);
#7960 = DEFINITIONAL_REPRESENTATION('',(#7961),#7969);
#7961 = B_SPLINE_CURVE_WITH_KNOTS('',6,(#7962,#7963,#7964,#7965,#7966,
    #7967,#7968),.UNSPECIFIED.,.F.,.F.,(7,7),(0.,1.),
  .PIECEWISE_BEZIER_KNOTS.);
#7962 = CARTESIAN_POINT('',(0.952392297013,-0.8));
#7963 = CARTESIAN_POINT('',(0.948582279015,-0.663414020679));
#7964 = CARTESIAN_POINT('',(0.944477634639,-0.527851716904));
#7965 = CARTESIAN_POINT('',(0.940064544589,-0.393462768523));
#7966 = CARTESIAN_POINT('',(0.935325416083,-0.260473689519));
#7967 = CARTESIAN_POINT('',(0.930238780963,-0.129186422598));
#7968 = CARTESIAN_POINT('',(0.924772948894,0.));
#7969 = ( GEOMETRIC_REPRESENTATION_CONTEXT(2) 
PARAMETRIC_REPRESENTATION_CONTEXT() REPRESENTATION_CONTEXT('2D SPACE',''
  ) );
#7970 = ORIENTED_EDGE('',*,*,#6793,.F.);
#7971 = ADVANCED_FACE('',(#7972),#1206,.T.);
#7972 = FACE_BOUND('',#7973,.F.);
#7973 = EDGE_LOOP('',(#7974,#7975,#7976,#7977));
#7974 = ORIENTED_EDGE('',*,*,#7938,.T.);
#7975 = ORIENTED_EDGE('',*,*,#1189,.T.);
#7976 = ORIENTED_EDGE('',*,*,#1617,.T.);
#7977 = ORIENTED_EDGE('',*,*,#6765,.F.);
#7978 = ADVANCED_FACE('',(#7979),#1176,.T.);
#7979 = FACE_BOUND('',#7980,.T.);
#7980 = EDGE_LOOP('',(#7981,#7982,#7983,#7984));
#7981 = ORIENTED_EDGE('',*,*,#3710,.T.);
#7982 = ORIENTED_EDGE('',*,*,#1161,.T.);
#7983 = ORIENTED_EDGE('',*,*,#1545,.T.);
#7984 = ORIENTED_EDGE('',*,*,#3745,.F.);
#7985 = ADVANCED_FACE('',(#7986),#1582,.T.);
#7986 = FACE_BOUND('',#7987,.T.);
#7987 = EDGE_LOOP('',(#7988,#7989,#7990,#8020));
#7988 = ORIENTED_EDGE('',*,*,#1567,.F.);
#7989 = ORIENTED_EDGE('',*,*,#1690,.T.);
#7990 = ORIENTED_EDGE('',*,*,#7991,.T.);
#7991 = EDGE_CURVE('',#1691,#4419,#7992,.T.);
#7992 = SURFACE_CURVE('',#7993,(#8000,#8010),.PCURVE_S1.);
#7993 = B_SPLINE_CURVE_WITH_KNOTS('',5,(#7994,#7995,#7996,#7997,#7998,
    #7999),.UNSPECIFIED.,.F.,.F.,(6,6),(0.,1.),
  .PIECEWISE_BEZIER_KNOTS.);
#7994 = CARTESIAN_POINT('',(-51.16361828971,46.448381710285,0.6));
#7995 = CARTESIAN_POINT('',(-51.14171739989,46.283073657344,
    0.482994410771));
#7996 = CARTESIAN_POINT('',(-51.1122423459,46.123601072649,
    0.364189098854));
#7997 = CARTESIAN_POINT('',(-51.07610963226,45.96967886148,
    0.243934829418));
#7998 = CARTESIAN_POINT('',(-51.03398309082,45.821088827755,
    0.122482002232));
#7999 = CARTESIAN_POINT('',(-50.98638783192,45.67761123208,-6.E-07));
#8000 = PCURVE('',#1582,#8001);
#8001 = DEFINITIONAL_REPRESENTATION('',(#8002),#8009);
#8002 = B_SPLINE_CURVE_WITH_KNOTS('',5,(#8003,#8004,#8005,#8006,#8007,
    #8008),.UNSPECIFIED.,.F.,.F.,(6,6),(0.,1.),
  .PIECEWISE_BEZIER_KNOTS.);
#8003 = CARTESIAN_POINT('',(-0.646023377901,-2.203792703881E-14));
#8004 = CARTESIAN_POINT('',(-0.641072912604,-0.117005589229));
#8005 = CARTESIAN_POINT('',(-0.636446247787,-0.235810901146));
#8006 = CARTESIAN_POINT('',(-0.632116694293,-0.356065170582));
#8007 = CARTESIAN_POINT('',(-0.628066235413,-0.477517997768));
#8008 = CARTESIAN_POINT('',(-0.624280107984,-0.6000006));
#8009 = ( GEOMETRIC_REPRESENTATION_CONTEXT(2) 
PARAMETRIC_REPRESENTATION_CONTEXT() REPRESENTATION_CONTEXT('2D SPACE',''
  ) );
#8010 = PCURVE('',#1729,#8011);
#8011 = DEFINITIONAL_REPRESENTATION('',(#8012),#8019);
#8012 = B_SPLINE_CURVE_WITH_KNOTS('',5,(#8013,#8014,#8015,#8016,#8017,
    #8018),.UNSPECIFIED.,.F.,.F.,(6,6),(0.,1.),
  .PIECEWISE_BEZIER_KNOTS.);
#8013 = CARTESIAN_POINT('',(-3.273310889858,-0.6));
#8014 = CARTESIAN_POINT('',(-3.313013869679,-0.482994410771));
#8015 = CARTESIAN_POINT('',(-3.351576436144,-0.364189098854));
#8016 = CARTESIAN_POINT('',(-3.389166949572,-0.243934829418));
#8017 = CARTESIAN_POINT('',(-3.42590409313,-0.122482002232));
#8018 = CARTESIAN_POINT('',(-3.461895973931,6.000000000173E-07));
#8019 = ( GEOMETRIC_REPRESENTATION_CONTEXT(2) 
PARAMETRIC_REPRESENTATION_CONTEXT() REPRESENTATION_CONTEXT('2D SPACE',''
  ) );
#8020 = ORIENTED_EDGE('',*,*,#4442,.F.);
#8021 = ADVANCED_FACE('',(#8022),#1654,.T.);
#8022 = FACE_BOUND('',#8023,.F.);
#8023 = EDGE_LOOP('',(#8024,#8025,#8026,#8059));
#8024 = ORIENTED_EDGE('',*,*,#1639,.F.);
#8025 = ORIENTED_EDGE('',*,*,#2056,.T.);
#8026 = ORIENTED_EDGE('',*,*,#8027,.T.);
#8027 = EDGE_CURVE('',#2031,#7253,#8028,.T.);
#8028 = SURFACE_CURVE('',#8029,(#8037,#8048),.PCURVE_S1.);
#8029 = B_SPLINE_CURVE_WITH_KNOTS('',6,(#8030,#8031,#8032,#8033,#8034,
    #8035,#8036),.UNSPECIFIED.,.F.,.F.,(7,7),(0.,1.),
  .PIECEWISE_BEZIER_KNOTS.);
#8030 = CARTESIAN_POINT('',(-51.16361828971,46.448381710285,29.2));
#8031 = CARTESIAN_POINT('',(-51.13943739637,46.265864176617,
    29.329186516879));
#8032 = CARTESIAN_POINT('',(-51.10639302372,46.090183902948,
    29.460473881117));
#8033 = CARTESIAN_POINT('',(-51.06555407495,45.920991831794,
    29.593463059864));
#8034 = CARTESIAN_POINT('',(-51.01771288798,45.758034960133,
    29.727852109889));
#8035 = CARTESIAN_POINT('',(-50.96351632408,45.601069217935,
    29.863414516716));
#8036 = CARTESIAN_POINT('',(-50.90346957795,45.449862827375,30.0000006)
  );
#8037 = PCURVE('',#1654,#8038);
#8038 = DEFINITIONAL_REPRESENTATION('',(#8039),#8047);
#8039 = B_SPLINE_CURVE_WITH_KNOTS('',6,(#8040,#8041,#8042,#8043,#8044,
    #8045,#8046),.UNSPECIFIED.,.F.,.F.,(7,7),(0.,1.),
  .PIECEWISE_BEZIER_KNOTS.);
#8040 = CARTESIAN_POINT('',(0.646023377901,-3.01980662698E-14));
#8041 = CARTESIAN_POINT('',(0.640557541843,-0.129186516879));
#8042 = CARTESIAN_POINT('',(0.635470903288,-0.260473881117));
#8043 = CARTESIAN_POINT('',(0.630731771823,-0.393463059864));
#8044 = CARTESIAN_POINT('',(0.626318679249,-0.527852109889));
#8045 = CARTESIAN_POINT('',(0.62221403276,-0.663414516716));
#8046 = CARTESIAN_POINT('',(0.618404013045,-0.8000006));
#8047 = ( GEOMETRIC_REPRESENTATION_CONTEXT(2) 
PARAMETRIC_REPRESENTATION_CONTEXT() REPRESENTATION_CONTEXT('2D SPACE',''
  ) );
#8048 = PCURVE('',#2045,#8049);
#8049 = DEFINITIONAL_REPRESENTATION('',(#8050),#8058);
#8050 = B_SPLINE_CURVE_WITH_KNOTS('',6,(#8051,#8052,#8053,#8054,#8055,
    #8056,#8057),.UNSPECIFIED.,.F.,.F.,(7,7),(0.,1.),
  .PIECEWISE_BEZIER_KNOTS.);
#8051 = CARTESIAN_POINT('',(-3.273310889858,-29.2));
#8052 = CARTESIAN_POINT('',(-3.317147169019,-29.32918651687));
#8053 = CARTESIAN_POINT('',(-3.35964683721,-29.46047388111));
#8054 = CARTESIAN_POINT('',(-3.401010210808,-29.59346305986));
#8055 = CARTESIAN_POINT('',(-3.44137866395,-29.72785210988));
#8056 = CARTESIAN_POINT('',(-3.480875483322,-29.86341451671));
#8057 = CARTESIAN_POINT('',(-3.519611891417,-30.0000006));
#8058 = ( GEOMETRIC_REPRESENTATION_CONTEXT(2) 
PARAMETRIC_REPRESENTATION_CONTEXT() REPRESENTATION_CONTEXT('2D SPACE',''
  ) );
#8059 = ORIENTED_EDGE('',*,*,#7280,.F.);
#8060 = ADVANCED_FACE('',(#8061),#2045,.T.);
#8061 = FACE_BOUND('',#8062,.F.);
#8062 = EDGE_LOOP('',(#8063,#8064,#8065));
#8063 = ORIENTED_EDGE('',*,*,#8027,.F.);
#8064 = ORIENTED_EDGE('',*,*,#2030,.F.);
#8065 = ORIENTED_EDGE('',*,*,#7252,.F.);
#8066 = ADVANCED_FACE('',(#8067),#1995,.T.);
#8067 = FACE_BOUND('',#8068,.F.);
#8068 = EDGE_LOOP('',(#8069,#8070,#8103));
#8069 = ORIENTED_EDGE('',*,*,#1980,.T.);
#8070 = ORIENTED_EDGE('',*,*,#8071,.F.);
#8071 = EDGE_CURVE('',#7198,#1952,#8072,.T.);
#8072 = SURFACE_CURVE('',#8073,(#8081,#8092),.PCURVE_S1.);
#8073 = B_SPLINE_CURVE_WITH_KNOTS('',6,(#8074,#8075,#8076,#8077,#8078,
    #8079,#8080),.UNSPECIFIED.,.F.,.F.,(7,7),(0.,1.),
  .PIECEWISE_BEZIER_KNOTS.);
#8074 = CARTESIAN_POINT('',(-45.4498634916,50.903469841734,30.));
#8075 = CARTESIAN_POINT('',(-45.60106979072,50.963516521758,
    29.863414022103));
#8076 = CARTESIAN_POINT('',(-45.75803543369,51.017713026826,
    29.727851719486));
#8077 = CARTESIAN_POINT('',(-45.92099219868,51.065554163366,
    29.593462771592));
#8078 = CARTESIAN_POINT('',(-46.09018415572,51.106393071226,
    29.460473692245));
#8079 = CARTESIAN_POINT('',(-46.26586430752,51.13943741372,
    29.329186424221));
#8080 = CARTESIAN_POINT('',(-46.44838171028,51.163618289715,29.2));
#8081 = PCURVE('',#1995,#8082);
#8082 = DEFINITIONAL_REPRESENTATION('',(#8083),#8091);
#8083 = B_SPLINE_CURVE_WITH_KNOTS('',6,(#8084,#8085,#8086,#8087,#8088,
    #8089,#8090),.UNSPECIFIED.,.F.,.F.,(7,7),(0.,1.),
  .PIECEWISE_BEZIER_KNOTS.);
#8084 = CARTESIAN_POINT('',(-7.47596256631,-30.));
#8085 = CARTESIAN_POINT('',(-7.514698948363,-29.8634140221));
#8086 = CARTESIAN_POINT('',(-7.554195740914,-29.72785171948));
#8087 = CARTESIAN_POINT('',(-7.594564166443,-29.59346277159));
#8088 = CARTESIAN_POINT('',(-7.635927511504,-29.46047369224));
#8089 = CARTESIAN_POINT('',(-7.678427149986,-29.32918642422));
#8090 = CARTESIAN_POINT('',(-7.722263397706,-29.2));
#8091 = ( GEOMETRIC_REPRESENTATION_CONTEXT(2) 
PARAMETRIC_REPRESENTATION_CONTEXT() REPRESENTATION_CONTEXT('2D SPACE',''
  ) );
#8092 = PCURVE('',#1968,#8093);
#8093 = DEFINITIONAL_REPRESENTATION('',(#8094),#8102);
#8094 = B_SPLINE_CURVE_WITH_KNOTS('',6,(#8095,#8096,#8097,#8098,#8099,
    #8100,#8101),.UNSPECIFIED.,.F.,.F.,(7,7),(0.,1.),
  .PIECEWISE_BEZIER_KNOTS.);
#8095 = CARTESIAN_POINT('',(0.952392297013,-0.8));
#8096 = CARTESIAN_POINT('',(0.948582279055,-0.663414022103));
#8097 = CARTESIAN_POINT('',(0.944477634718,-0.527851719486));
#8098 = CARTESIAN_POINT('',(0.940064544693,-0.393462771592));
#8099 = CARTESIAN_POINT('',(0.935325416187,-0.260473692245));
#8100 = CARTESIAN_POINT('',(0.930238781032,-0.129186424221));
#8101 = CARTESIAN_POINT('',(0.924772948894,0.));
#8102 = ( GEOMETRIC_REPRESENTATION_CONTEXT(2) 
PARAMETRIC_REPRESENTATION_CONTEXT() REPRESENTATION_CONTEXT('2D SPACE',''
  ) );
#8103 = ORIENTED_EDGE('',*,*,#7225,.F.);
#8104 = ADVANCED_FACE('',(#8105),#1968,.T.);
#8105 = FACE_BOUND('',#8106,.F.);
#8106 = EDGE_LOOP('',(#8107,#8108,#8109,#8128));
#8107 = ORIENTED_EDGE('',*,*,#8071,.T.);
#8108 = ORIENTED_EDGE('',*,*,#1951,.T.);
#8109 = ORIENTED_EDGE('',*,*,#8110,.T.);
#8110 = EDGE_CURVE('',#1924,#7170,#8111,.T.);
#8111 = SURFACE_CURVE('',#8112,(#8116,#8122),.PCURVE_S1.);
#8112 = LINE('',#8113,#8114);
#8113 = CARTESIAN_POINT('',(-32.,56.,29.2));
#8114 = VECTOR('',#8115,1.);
#8115 = DIRECTION('',(4.329780281177E-17,-0.707106781187,0.707106781187)
  );
#8116 = PCURVE('',#1968,#8117);
#8117 = DEFINITIONAL_REPRESENTATION('',(#8118),#8121);
#8118 = B_SPLINE_CURVE_WITH_KNOTS('',1,(#8119,#8120),.UNSPECIFIED.,.F.,
  .F.,(2,2),(0.,1.131370849898),.PIECEWISE_BEZIER_KNOTS.);
#8119 = CARTESIAN_POINT('',(1.570796326795,0.));
#8120 = CARTESIAN_POINT('',(1.570796326795,-0.8));
#8121 = ( GEOMETRIC_REPRESENTATION_CONTEXT(2) 
PARAMETRIC_REPRESENTATION_CONTEXT() REPRESENTATION_CONTEXT('2D SPACE',''
  ) );
#8122 = PCURVE('',#7185,#8123);
#8123 = DEFINITIONAL_REPRESENTATION('',(#8124),#8127);
#8124 = B_SPLINE_CURVE_WITH_KNOTS('',1,(#8125,#8126),.UNSPECIFIED.,.F.,
  .F.,(2,2),(0.,1.131370849898),.PIECEWISE_BEZIER_KNOTS.);
#8125 = CARTESIAN_POINT('',(0.,-0.565685424949));
#8126 = CARTESIAN_POINT('',(0.,0.565685424949));
#8127 = ( GEOMETRIC_REPRESENTATION_CONTEXT(2) 
PARAMETRIC_REPRESENTATION_CONTEXT() REPRESENTATION_CONTEXT('2D SPACE',''
  ) );
#8128 = ORIENTED_EDGE('',*,*,#7197,.F.);
#8129 = ADVANCED_FACE('',(#8130),#1939,.T.);
#8130 = FACE_BOUND('',#8131,.T.);
#8131 = EDGE_LOOP('',(#8132,#8155,#8156,#8179,#8202,#8228,#8261,#8287,
    #8320,#8346));
#8132 = ORIENTED_EDGE('',*,*,#8133,.F.);
#8133 = EDGE_CURVE('',#1895,#8134,#8136,.T.);
#8134 = VERTEX_POINT('',#8135);
#8135 = CARTESIAN_POINT('',(32.,56.,0.6));
#8136 = SURFACE_CURVE('',#8137,(#8141,#8148),.PCURVE_S1.);
#8137 = LINE('',#8138,#8139);
#8138 = CARTESIAN_POINT('',(-32.,56.,0.6));
#8139 = VECTOR('',#8140,1.);
#8140 = DIRECTION('',(1.,0.,0.));
#8141 = PCURVE('',#1939,#8142);
#8142 = DEFINITIONAL_REPRESENTATION('',(#8143),#8147);
#8143 = LINE('',#8144,#8145);
#8144 = CARTESIAN_POINT('',(0.,-0.6));
#8145 = VECTOR('',#8146,1.);
#8146 = DIRECTION('',(1.,0.));
#8147 = ( GEOMETRIC_REPRESENTATION_CONTEXT(2) 
PARAMETRIC_REPRESENTATION_CONTEXT() REPRESENTATION_CONTEXT('2D SPACE',''
  ) );
#8148 = PCURVE('',#4332,#8149);
#8149 = DEFINITIONAL_REPRESENTATION('',(#8150),#8154);
#8150 = LINE('',#8151,#8152);
#8151 = CARTESIAN_POINT('',(-0.,-0.424264068712));
#8152 = VECTOR('',#8153,1.);
#8153 = DIRECTION('',(-1.,0.));
#8154 = ( GEOMETRIC_REPRESENTATION_CONTEXT(2) 
PARAMETRIC_REPRESENTATION_CONTEXT() REPRESENTATION_CONTEXT('2D SPACE',''
  ) );
#8155 = ORIENTED_EDGE('',*,*,#1923,.T.);
#8156 = ORIENTED_EDGE('',*,*,#8157,.T.);
#8157 = EDGE_CURVE('',#1924,#8158,#8160,.T.);
#8158 = VERTEX_POINT('',#8159);
#8159 = CARTESIAN_POINT('',(32.,56.,29.2));
#8160 = SURFACE_CURVE('',#8161,(#8165,#8172),.PCURVE_S1.);
#8161 = LINE('',#8162,#8163);
#8162 = CARTESIAN_POINT('',(-32.,56.,29.2));
#8163 = VECTOR('',#8164,1.);
#8164 = DIRECTION('',(1.,0.,0.));
#8165 = PCURVE('',#1939,#8166);
#8166 = DEFINITIONAL_REPRESENTATION('',(#8167),#8171);
#8167 = LINE('',#8168,#8169);
#8168 = CARTESIAN_POINT('',(0.,-29.2));
#8169 = VECTOR('',#8170,1.);
#8170 = DIRECTION('',(1.,0.));
#8171 = ( GEOMETRIC_REPRESENTATION_CONTEXT(2) 
PARAMETRIC_REPRESENTATION_CONTEXT() REPRESENTATION_CONTEXT('2D SPACE',''
  ) );
#8172 = PCURVE('',#7185,#8173);
#8173 = DEFINITIONAL_REPRESENTATION('',(#8174),#8178);
#8174 = LINE('',#8175,#8176);
#8175 = CARTESIAN_POINT('',(-0.,-0.565685424949));
#8176 = VECTOR('',#8177,1.);
#8177 = DIRECTION('',(-1.,0.));
#8178 = ( GEOMETRIC_REPRESENTATION_CONTEXT(2) 
PARAMETRIC_REPRESENTATION_CONTEXT() REPRESENTATION_CONTEXT('2D SPACE',''
  ) );
#8179 = ORIENTED_EDGE('',*,*,#8180,.F.);
#8180 = EDGE_CURVE('',#8181,#8158,#8183,.T.);
#8181 = VERTEX_POINT('',#8182);
#8182 = CARTESIAN_POINT('',(32.,56.,24.75));
#8183 = SURFACE_CURVE('',#8184,(#8188,#8195),.PCURVE_S1.);
#8184 = LINE('',#8185,#8186);
#8185 = CARTESIAN_POINT('',(32.,56.,0.));
#8186 = VECTOR('',#8187,1.);
#8187 = DIRECTION('',(0.,0.,1.));
#8188 = PCURVE('',#1939,#8189);
#8189 = DEFINITIONAL_REPRESENTATION('',(#8190),#8194);
#8190 = LINE('',#8191,#8192);
#8191 = CARTESIAN_POINT('',(64.,0.));
#8192 = VECTOR('',#8193,1.);
#8193 = DIRECTION('',(0.,-1.));
#8194 = ( GEOMETRIC_REPRESENTATION_CONTEXT(2) 
PARAMETRIC_REPRESENTATION_CONTEXT() REPRESENTATION_CONTEXT('2D SPACE',''
  ) );
#8195 = PCURVE('',#4189,#8196);
#8196 = DEFINITIONAL_REPRESENTATION('',(#8197),#8201);
#8197 = LINE('',#8198,#8199);
#8198 = CARTESIAN_POINT('',(-1.570796326795,0.));
#8199 = VECTOR('',#8200,1.);
#8200 = DIRECTION('',(-0.,-1.));
#8201 = ( GEOMETRIC_REPRESENTATION_CONTEXT(2) 
PARAMETRIC_REPRESENTATION_CONTEXT() REPRESENTATION_CONTEXT('2D SPACE',''
  ) );
#8202 = ORIENTED_EDGE('',*,*,#8203,.T.);
#8203 = EDGE_CURVE('',#8181,#8204,#8206,.T.);
#8204 = VERTEX_POINT('',#8205);
#8205 = CARTESIAN_POINT('',(-14.,56.,24.75));
#8206 = SURFACE_CURVE('',#8207,(#8211,#8217),.PCURVE_S1.);
#8207 = LINE('',#8208,#8209);
#8208 = CARTESIAN_POINT('',(2.75,56.,24.75));
#8209 = VECTOR('',#8210,1.);
#8210 = DIRECTION('',(-1.,0.,0.));
#8211 = PCURVE('',#1939,#8212);
#8212 = DEFINITIONAL_REPRESENTATION('',(#8213),#8216);
#8213 = B_SPLINE_CURVE_WITH_KNOTS('',1,(#8214,#8215),.UNSPECIFIED.,.F.,
  .F.,(2,2),(-29.25,16.75),.PIECEWISE_BEZIER_KNOTS.);
#8214 = CARTESIAN_POINT('',(64.,-24.75));
#8215 = CARTESIAN_POINT('',(18.,-24.75));
#8216 = ( GEOMETRIC_REPRESENTATION_CONTEXT(2) 
PARAMETRIC_REPRESENTATION_CONTEXT() REPRESENTATION_CONTEXT('2D SPACE',''
  ) );
#8217 = PCURVE('',#8218,#8223);
#8218 = PLANE('',#8219);
#8219 = AXIS2_PLACEMENT_3D('',#8220,#8221,#8222);
#8220 = CARTESIAN_POINT('',(37.5,57.,24.75));
#8221 = DIRECTION('',(-0.,-0.,-1.));
#8222 = DIRECTION('',(-1.,0.,0.));
#8223 = DEFINITIONAL_REPRESENTATION('',(#8224),#8227);
#8224 = B_SPLINE_CURVE_WITH_KNOTS('',1,(#8225,#8226),.UNSPECIFIED.,.F.,
  .F.,(2,2),(-29.25,16.75),.PIECEWISE_BEZIER_KNOTS.);
#8225 = CARTESIAN_POINT('',(5.5,-1.));
#8226 = CARTESIAN_POINT('',(51.5,-1.));
#8227 = ( GEOMETRIC_REPRESENTATION_CONTEXT(2) 
PARAMETRIC_REPRESENTATION_CONTEXT() REPRESENTATION_CONTEXT('2D SPACE',''
  ) );
#8228 = ORIENTED_EDGE('',*,*,#8229,.T.);
#8229 = EDGE_CURVE('',#8204,#8230,#8232,.T.);
#8230 = VERTEX_POINT('',#8231);
#8231 = CARTESIAN_POINT('',(-16.5,56.,22.25));
#8232 = SURFACE_CURVE('',#8233,(#8238,#8249),.PCURVE_S1.);
#8233 = CIRCLE('',#8234,2.5);
#8234 = AXIS2_PLACEMENT_3D('',#8235,#8236,#8237);
#8235 = CARTESIAN_POINT('',(-14.,56.,22.25));
#8236 = DIRECTION('',(0.,-1.,0.));
#8237 = DIRECTION('',(-0.,0.,1.));
#8238 = PCURVE('',#1939,#8239);
#8239 = DEFINITIONAL_REPRESENTATION('',(#8240),#8248);
#8240 = ( BOUNDED_CURVE() B_SPLINE_CURVE(2,(#8241,#8242,#8243,#8244,
#8245,#8246,#8247),.UNSPECIFIED.,.T.,.F.) B_SPLINE_CURVE_WITH_KNOTS((1,2
    ,2,2,2,1),(-2.094395102393,0.,2.094395102393,4.188790204786,
6.28318530718,8.377580409573),.UNSPECIFIED.) CURVE() 
GEOMETRIC_REPRESENTATION_ITEM() RATIONAL_B_SPLINE_CURVE((1.,0.5,1.,0.5,
1.,0.5,1.)) REPRESENTATION_ITEM('') );
#8241 = CARTESIAN_POINT('',(18.,-24.75));
#8242 = CARTESIAN_POINT('',(13.669872981078,-24.75));
#8243 = CARTESIAN_POINT('',(15.834936490539,-21.));
#8244 = CARTESIAN_POINT('',(18.,-17.25));
#8245 = CARTESIAN_POINT('',(20.165063509461,-21.));
#8246 = CARTESIAN_POINT('',(22.330127018922,-24.75));
#8247 = CARTESIAN_POINT('',(18.,-24.75));
#8248 = ( GEOMETRIC_REPRESENTATION_CONTEXT(2) 
PARAMETRIC_REPRESENTATION_CONTEXT() REPRESENTATION_CONTEXT('2D SPACE',''
  ) );
#8249 = PCURVE('',#8250,#8255);
#8250 = CYLINDRICAL_SURFACE('',#8251,2.5);
#8251 = AXIS2_PLACEMENT_3D('',#8252,#8253,#8254);
#8252 = CARTESIAN_POINT('',(-14.,57.,22.25));
#8253 = DIRECTION('',(0.,-1.,0.));
#8254 = DIRECTION('',(-0.,0.,1.));
#8255 = DEFINITIONAL_REPRESENTATION('',(#8256),#8260);
#8256 = LINE('',#8257,#8258);
#8257 = CARTESIAN_POINT('',(0.,1.));
#8258 = VECTOR('',#8259,1.);
#8259 = DIRECTION('',(1.,0.));
#8260 = ( GEOMETRIC_REPRESENTATION_CONTEXT(2) 
PARAMETRIC_REPRESENTATION_CONTEXT() REPRESENTATION_CONTEXT('2D SPACE',''
  ) );
#8261 = ORIENTED_EDGE('',*,*,#8262,.T.);
#8262 = EDGE_CURVE('',#8230,#8263,#8265,.T.);
#8263 = VERTEX_POINT('',#8264);
#8264 = CARTESIAN_POINT('',(-16.5,56.,9.25));
#8265 = SURFACE_CURVE('',#8266,(#8270,#8276),.PCURVE_S1.);
#8266 = LINE('',#8267,#8268);
#8267 = CARTESIAN_POINT('',(-16.5,56.,12.375));
#8268 = VECTOR('',#8269,1.);
#8269 = DIRECTION('',(0.,0.,-1.));
#8270 = PCURVE('',#1939,#8271);
#8271 = DEFINITIONAL_REPRESENTATION('',(#8272),#8275);
#8272 = B_SPLINE_CURVE_WITH_KNOTS('',1,(#8273,#8274),.UNSPECIFIED.,.F.,
  .F.,(2,2),(-9.875,3.125),.PIECEWISE_BEZIER_KNOTS.);
#8273 = CARTESIAN_POINT('',(15.5,-22.25));
#8274 = CARTESIAN_POINT('',(15.5,-9.25));
#8275 = ( GEOMETRIC_REPRESENTATION_CONTEXT(2) 
PARAMETRIC_REPRESENTATION_CONTEXT() REPRESENTATION_CONTEXT('2D SPACE',''
  ) );
#8276 = PCURVE('',#8277,#8282);
#8277 = PLANE('',#8278);
#8278 = AXIS2_PLACEMENT_3D('',#8279,#8280,#8281);
#8279 = CARTESIAN_POINT('',(-16.5,57.,24.75));
#8280 = DIRECTION('',(1.,0.,0.));
#8281 = DIRECTION('',(0.,0.,-1.));
#8282 = DEFINITIONAL_REPRESENTATION('',(#8283),#8286);
#8283 = B_SPLINE_CURVE_WITH_KNOTS('',1,(#8284,#8285),.UNSPECIFIED.,.F.,
  .F.,(2,2),(-9.875,3.125),.PIECEWISE_BEZIER_KNOTS.);
#8284 = CARTESIAN_POINT('',(2.5,-1.));
#8285 = CARTESIAN_POINT('',(15.5,-1.));
#8286 = ( GEOMETRIC_REPRESENTATION_CONTEXT(2) 
PARAMETRIC_REPRESENTATION_CONTEXT() REPRESENTATION_CONTEXT('2D SPACE',''
  ) );
#8287 = ORIENTED_EDGE('',*,*,#8288,.T.);
#8288 = EDGE_CURVE('',#8263,#8289,#8291,.T.);
#8289 = VERTEX_POINT('',#8290);
#8290 = CARTESIAN_POINT('',(-14.,56.,6.75));
#8291 = SURFACE_CURVE('',#8292,(#8297,#8308),.PCURVE_S1.);
#8292 = CIRCLE('',#8293,2.5);
#8293 = AXIS2_PLACEMENT_3D('',#8294,#8295,#8296);
#8294 = CARTESIAN_POINT('',(-14.,56.,9.25));
#8295 = DIRECTION('',(0.,-1.,0.));
#8296 = DIRECTION('',(0.,-0.,-1.));
#8297 = PCURVE('',#1939,#8298);
#8298 = DEFINITIONAL_REPRESENTATION('',(#8299),#8307);
#8299 = ( BOUNDED_CURVE() B_SPLINE_CURVE(2,(#8300,#8301,#8302,#8303,
#8304,#8305,#8306),.UNSPECIFIED.,.T.,.F.) B_SPLINE_CURVE_WITH_KNOTS((1,2
    ,2,2,2,1),(-2.094395102393,0.,2.094395102393,4.188790204786,
6.28318530718,8.377580409573),.UNSPECIFIED.) CURVE() 
GEOMETRIC_REPRESENTATION_ITEM() RATIONAL_B_SPLINE_CURVE((1.,0.5,1.,0.5,
1.,0.5,1.)) REPRESENTATION_ITEM('') );
#8300 = CARTESIAN_POINT('',(18.,-6.75));
#8301 = CARTESIAN_POINT('',(22.330127018922,-6.75));
#8302 = CARTESIAN_POINT('',(20.165063509461,-10.5));
#8303 = CARTESIAN_POINT('',(18.,-14.25));
#8304 = CARTESIAN_POINT('',(15.834936490539,-10.5));
#8305 = CARTESIAN_POINT('',(13.669872981078,-6.75));
#8306 = CARTESIAN_POINT('',(18.,-6.75));
#8307 = ( GEOMETRIC_REPRESENTATION_CONTEXT(2) 
PARAMETRIC_REPRESENTATION_CONTEXT() REPRESENTATION_CONTEXT('2D SPACE',''
  ) );
#8308 = PCURVE('',#8309,#8314);
#8309 = CYLINDRICAL_SURFACE('',#8310,2.5);
#8310 = AXIS2_PLACEMENT_3D('',#8311,#8312,#8313);
#8311 = CARTESIAN_POINT('',(-14.,57.,9.25));
#8312 = DIRECTION('',(0.,-1.,0.));
#8313 = DIRECTION('',(0.,-0.,-1.));
#8314 = DEFINITIONAL_REPRESENTATION('',(#8315),#8319);
#8315 = LINE('',#8316,#8317);
#8316 = CARTESIAN_POINT('',(-6.28318530718,1.));
#8317 = VECTOR('',#8318,1.);
#8318 = DIRECTION('',(1.,-0.));
#8319 = ( GEOMETRIC_REPRESENTATION_CONTEXT(2) 
PARAMETRIC_REPRESENTATION_CONTEXT() REPRESENTATION_CONTEXT('2D SPACE',''
  ) );
#8320 = ORIENTED_EDGE('',*,*,#8321,.T.);
#8321 = EDGE_CURVE('',#8289,#8322,#8324,.T.);
#8322 = VERTEX_POINT('',#8323);
#8323 = CARTESIAN_POINT('',(32.,56.,6.75));
#8324 = SURFACE_CURVE('',#8325,(#8329,#8335),.PCURVE_S1.);
#8325 = LINE('',#8326,#8327);
#8326 = CARTESIAN_POINT('',(-24.25,56.,6.75));
#8327 = VECTOR('',#8328,1.);
#8328 = DIRECTION('',(1.,-0.,0.));
#8329 = PCURVE('',#1939,#8330);
#8330 = DEFINITIONAL_REPRESENTATION('',(#8331),#8334);
#8331 = B_SPLINE_CURVE_WITH_KNOTS('',1,(#8332,#8333),.UNSPECIFIED.,.F.,
  .F.,(2,2),(10.25,56.25),.PIECEWISE_BEZIER_KNOTS.);
#8332 = CARTESIAN_POINT('',(18.,-6.75));
#8333 = CARTESIAN_POINT('',(64.,-6.75));
#8334 = ( GEOMETRIC_REPRESENTATION_CONTEXT(2) 
PARAMETRIC_REPRESENTATION_CONTEXT() REPRESENTATION_CONTEXT('2D SPACE',''
  ) );
#8335 = PCURVE('',#8336,#8341);
#8336 = PLANE('',#8337);
#8337 = AXIS2_PLACEMENT_3D('',#8338,#8339,#8340);
#8338 = CARTESIAN_POINT('',(-16.5,57.,6.75));
#8339 = DIRECTION('',(-0.,0.,1.));
#8340 = DIRECTION('',(1.,0.,0.));
#8341 = DEFINITIONAL_REPRESENTATION('',(#8342),#8345);
#8342 = B_SPLINE_CURVE_WITH_KNOTS('',1,(#8343,#8344),.UNSPECIFIED.,.F.,
  .F.,(2,2),(10.25,56.25),.PIECEWISE_BEZIER_KNOTS.);
#8343 = CARTESIAN_POINT('',(2.5,-1.));
#8344 = CARTESIAN_POINT('',(48.5,-1.));
#8345 = ( GEOMETRIC_REPRESENTATION_CONTEXT(2) 
PARAMETRIC_REPRESENTATION_CONTEXT() REPRESENTATION_CONTEXT('2D SPACE',''
  ) );
#8346 = ORIENTED_EDGE('',*,*,#8347,.F.);
#8347 = EDGE_CURVE('',#8134,#8322,#8348,.T.);
#8348 = SURFACE_CURVE('',#8349,(#8353,#8360),.PCURVE_S1.);
#8349 = LINE('',#8350,#8351);
#8350 = CARTESIAN_POINT('',(32.,56.,0.));
#8351 = VECTOR('',#8352,1.);
#8352 = DIRECTION('',(0.,0.,1.));
#8353 = PCURVE('',#1939,#8354);
#8354 = DEFINITIONAL_REPRESENTATION('',(#8355),#8359);
#8355 = LINE('',#8356,#8357);
#8356 = CARTESIAN_POINT('',(64.,0.));
#8357 = VECTOR('',#8358,1.);
#8358 = DIRECTION('',(0.,-1.));
#8359 = ( GEOMETRIC_REPRESENTATION_CONTEXT(2) 
PARAMETRIC_REPRESENTATION_CONTEXT() REPRESENTATION_CONTEXT('2D SPACE',''
  ) );
#8360 = PCURVE('',#4189,#8361);
#8361 = DEFINITIONAL_REPRESENTATION('',(#8362),#8366);
#8362 = LINE('',#8363,#8364);
#8363 = CARTESIAN_POINT('',(-1.570796326795,0.));
#8364 = VECTOR('',#8365,1.);
#8365 = DIRECTION('',(-0.,-1.));
#8366 = ( GEOMETRIC_REPRESENTATION_CONTEXT(2) 
PARAMETRIC_REPRESENTATION_CONTEXT() REPRESENTATION_CONTEXT('2D SPACE',''
  ) );
#8367 = ADVANCED_FACE('',(#8368),#1911,.T.);
#8368 = FACE_BOUND('',#8369,.T.);
#8369 = EDGE_LOOP('',(#8370,#8400,#8401,#8420));
#8370 = ORIENTED_EDGE('',*,*,#8371,.T.);
#8371 = EDGE_CURVE('',#4345,#1869,#8372,.T.);
#8372 = SURFACE_CURVE('',#8373,(#8380,#8390),.PCURVE_S1.);
#8373 = B_SPLINE_CURVE_WITH_KNOTS('',5,(#8374,#8375,#8376,#8377,#8378,
    #8379),.UNSPECIFIED.,.F.,.F.,(6,6),(0.,1.),
  .PIECEWISE_BEZIER_KNOTS.);
#8374 = CARTESIAN_POINT('',(-45.67761193492,50.986388065073,
    -2.13162820728E-14));
#8375 = CARTESIAN_POINT('',(-45.82108940894,51.033983255542,
    0.122482477232));
#8376 = CARTESIAN_POINT('',(-45.96967931098,51.076109737609,
    0.243935180476));
#8377 = CARTESIAN_POINT('',(-46.12360138202,51.112242403126,
    0.364189329362));
#8378 = CARTESIAN_POINT('',(-46.28307381816,51.141717421196,
    0.482994524598));
#8379 = CARTESIAN_POINT('',(-46.44838171028,51.163618289715,0.6));
#8380 = PCURVE('',#1911,#8381);
#8381 = DEFINITIONAL_REPRESENTATION('',(#8382),#8389);
#8382 = B_SPLINE_CURVE_WITH_KNOTS('',5,(#8383,#8384,#8385,#8386,#8387,
    #8388),.UNSPECIFIED.,.F.,.F.,(6,6),(0.,1.),
  .PIECEWISE_BEZIER_KNOTS.);
#8383 = CARTESIAN_POINT('',(-0.946516200264,-0.6));
#8384 = CARTESIAN_POINT('',(-0.942730075538,-0.477517522768));
#8385 = CARTESIAN_POINT('',(-0.938679619855,-0.356064819524));
#8386 = CARTESIAN_POINT('',(-0.934350070033,-0.235810670638));
#8387 = CARTESIAN_POINT('',(-0.929723409374,-0.117005475402));
#8388 = CARTESIAN_POINT('',(-0.924772948894,0.));
#8389 = ( GEOMETRIC_REPRESENTATION_CONTEXT(2) 
PARAMETRIC_REPRESENTATION_CONTEXT() REPRESENTATION_CONTEXT('2D SPACE',''
  ) );
#8390 = PCURVE('',#1883,#8391);
#8391 = DEFINITIONAL_REPRESENTATION('',(#8392),#8399);
#8392 = B_SPLINE_CURVE_WITH_KNOTS('',5,(#8393,#8394,#8395,#8396,#8397,
    #8398),.UNSPECIFIED.,.F.,.F.,(6,6),(0.,1.),
  .PIECEWISE_BEZIER_KNOTS.);
#8393 = CARTESIAN_POINT('',(-7.533678489945,2.13162820728E-14));
#8394 = CARTESIAN_POINT('',(-7.569670338122,-0.122482477232));
#8395 = CARTESIAN_POINT('',(-7.60640744776,-0.243935180476));
#8396 = CARTESIAN_POINT('',(-7.643997926235,-0.364189329362));
#8397 = CARTESIAN_POINT('',(-7.682560456509,-0.482994524598));
#8398 = CARTESIAN_POINT('',(-7.722263397706,-0.6));
#8399 = ( GEOMETRIC_REPRESENTATION_CONTEXT(2) 
PARAMETRIC_REPRESENTATION_CONTEXT() REPRESENTATION_CONTEXT('2D SPACE',''
  ) );
#8400 = ORIENTED_EDGE('',*,*,#1894,.T.);
#8401 = ORIENTED_EDGE('',*,*,#8402,.T.);
#8402 = EDGE_CURVE('',#1895,#4317,#8403,.T.);
#8403 = SURFACE_CURVE('',#8404,(#8408,#8414),.PCURVE_S1.);
#8404 = LINE('',#8405,#8406);
#8405 = CARTESIAN_POINT('',(-32.,56.,0.6));
#8406 = VECTOR('',#8407,1.);
#8407 = DIRECTION('',(4.329780281177E-17,-0.707106781187,-0.707106781187
    ));
#8408 = PCURVE('',#1911,#8409);
#8409 = DEFINITIONAL_REPRESENTATION('',(#8410),#8413);
#8410 = B_SPLINE_CURVE_WITH_KNOTS('',1,(#8411,#8412),.UNSPECIFIED.,.F.,
  .F.,(2,2),(0.,0.848528137424),.PIECEWISE_BEZIER_KNOTS.);
#8411 = CARTESIAN_POINT('',(-1.570796326795,0.));
#8412 = CARTESIAN_POINT('',(-1.570796326795,-0.6));
#8413 = ( GEOMETRIC_REPRESENTATION_CONTEXT(2) 
PARAMETRIC_REPRESENTATION_CONTEXT() REPRESENTATION_CONTEXT('2D SPACE',''
  ) );
#8414 = PCURVE('',#4332,#8415);
#8415 = DEFINITIONAL_REPRESENTATION('',(#8416),#8419);
#8416 = B_SPLINE_CURVE_WITH_KNOTS('',1,(#8417,#8418),.UNSPECIFIED.,.F.,
  .F.,(2,2),(0.,0.848528137424),.PIECEWISE_BEZIER_KNOTS.);
#8417 = CARTESIAN_POINT('',(0.,-0.424264068712));
#8418 = CARTESIAN_POINT('',(0.,0.424264068712));
#8419 = ( GEOMETRIC_REPRESENTATION_CONTEXT(2) 
PARAMETRIC_REPRESENTATION_CONTEXT() REPRESENTATION_CONTEXT('2D SPACE',''
  ) );
#8420 = ORIENTED_EDGE('',*,*,#4344,.F.);
#8421 = ADVANCED_FACE('',(#8422),#1883,.T.);
#8422 = FACE_BOUND('',#8423,.F.);
#8423 = EDGE_LOOP('',(#8424,#8425,#8426));
#8424 = ORIENTED_EDGE('',*,*,#4372,.F.);
#8425 = ORIENTED_EDGE('',*,*,#8371,.T.);
#8426 = ORIENTED_EDGE('',*,*,#1868,.T.);
#8427 = ADVANCED_FACE('',(#8428),#1779,.F.);
#8428 = FACE_BOUND('',#8429,.T.);
#8429 = EDGE_LOOP('',(#8430,#8431,#8432,#8454));
#8430 = ORIENTED_EDGE('',*,*,#4395,.F.);
#8431 = ORIENTED_EDGE('',*,*,#1764,.F.);
#8432 = ORIENTED_EDGE('',*,*,#8433,.T.);
#8433 = EDGE_CURVE('',#1765,#1791,#8434,.T.);
#8434 = SURFACE_CURVE('',#8435,(#8440,#8447),.PCURVE_S1.);
#8435 = CIRCLE('',#8436,3.);
#8436 = AXIS2_PLACEMENT_3D('',#8437,#8438,#8439);
#8437 = CARTESIAN_POINT('',(-47.,47.,25.));
#8438 = DIRECTION('',(0.,0.,1.));
#8439 = DIRECTION('',(-0.928388218142,0.371611781858,0.));
#8440 = PCURVE('',#1779,#8441);
#8441 = DEFINITIONAL_REPRESENTATION('',(#8442),#8446);
#8442 = LINE('',#8443,#8444);
#8443 = CARTESIAN_POINT('',(-2.760848127216,-26.));
#8444 = VECTOR('',#8445,1.);
#8445 = DIRECTION('',(-1.,0.));
#8446 = ( GEOMETRIC_REPRESENTATION_CONTEXT(2) 
PARAMETRIC_REPRESENTATION_CONTEXT() REPRESENTATION_CONTEXT('2D SPACE',''
  ) );
#8447 = PCURVE('',#1807,#8448);
#8448 = DEFINITIONAL_REPRESENTATION('',(#8449),#8453);
#8449 = CIRCLE('',#8450,3.);
#8450 = AXIS2_PLACEMENT_2D('',#8451,#8452);
#8451 = CARTESIAN_POINT('',(0.,7.105427357601E-15));
#8452 = DIRECTION('',(-0.928388218142,0.371611781858));
#8453 = ( GEOMETRIC_REPRESENTATION_CONTEXT(2) 
PARAMETRIC_REPRESENTATION_CONTEXT() REPRESENTATION_CONTEXT('2D SPACE',''
  ) );
#8454 = ORIENTED_EDGE('',*,*,#1823,.T.);
#8455 = ADVANCED_FACE('',(#8456,#8460),#1807,.F.);
#8456 = FACE_BOUND('',#8457,.F.);
#8457 = EDGE_LOOP('',(#8458,#8459));
#8458 = ORIENTED_EDGE('',*,*,#8433,.T.);
#8459 = ORIENTED_EDGE('',*,*,#1790,.F.);
#8460 = FACE_BOUND('',#8461,.F.);
#8461 = EDGE_LOOP('',(#8462));
#8462 = ORIENTED_EDGE('',*,*,#8463,.T.);
#8463 = EDGE_CURVE('',#8464,#8464,#8466,.T.);
#8464 = VERTEX_POINT('',#8465);
#8465 = CARTESIAN_POINT('',(-45.3,47.,25.));
#8466 = SURFACE_CURVE('',#8467,(#8472,#8483),.PCURVE_S1.);
#8467 = CIRCLE('',#8468,1.7);
#8468 = AXIS2_PLACEMENT_3D('',#8469,#8470,#8471);
#8469 = CARTESIAN_POINT('',(-47.,47.,25.));
#8470 = DIRECTION('',(0.,0.,-1.));
#8471 = DIRECTION('',(1.,0.,0.));
#8472 = PCURVE('',#1807,#8473);
#8473 = DEFINITIONAL_REPRESENTATION('',(#8474),#8482);
#8474 = ( BOUNDED_CURVE() B_SPLINE_CURVE(2,(#8475,#8476,#8477,#8478,
#8479,#8480,#8481),.UNSPECIFIED.,.T.,.F.) B_SPLINE_CURVE_WITH_KNOTS((1,2
    ,2,2,2,1),(-2.094395102393,0.,2.094395102393,4.188790204786,
6.28318530718,8.377580409573),.UNSPECIFIED.) CURVE() 
GEOMETRIC_REPRESENTATION_ITEM() RATIONAL_B_SPLINE_CURVE((1.,0.5,1.,0.5,
1.,0.5,1.)) REPRESENTATION_ITEM('') );
#8475 = CARTESIAN_POINT('',(1.7,7.105427357601E-15));
#8476 = CARTESIAN_POINT('',(1.7,-2.944486372867));
#8477 = CARTESIAN_POINT('',(-0.85,-1.472243186434));
#8478 = CARTESIAN_POINT('',(-3.4,6.689047445891E-15));
#8479 = CARTESIAN_POINT('',(-0.85,1.472243186434));
#8480 = CARTESIAN_POINT('',(1.7,2.944486372867));
#8481 = CARTESIAN_POINT('',(1.7,7.105427357601E-15));
#8482 = ( GEOMETRIC_REPRESENTATION_CONTEXT(2) 
PARAMETRIC_REPRESENTATION_CONTEXT() REPRESENTATION_CONTEXT('2D SPACE',''
  ) );
#8483 = PCURVE('',#7394,#8484);
#8484 = DEFINITIONAL_REPRESENTATION('',(#8485),#8489);
#8485 = LINE('',#8486,#8487);
#8486 = CARTESIAN_POINT('',(-6.28318530718,-26.));
#8487 = VECTOR('',#8488,1.);
#8488 = DIRECTION('',(1.,-0.));
#8489 = ( GEOMETRIC_REPRESENTATION_CONTEXT(2) 
PARAMETRIC_REPRESENTATION_CONTEXT() REPRESENTATION_CONTEXT('2D SPACE',''
  ) );
#8490 = ADVANCED_FACE('',(#8491),#1729,.T.);
#8491 = FACE_BOUND('',#8492,.F.);
#8492 = EDGE_LOOP('',(#8493,#8494,#8495));
#8493 = ORIENTED_EDGE('',*,*,#7991,.T.);
#8494 = ORIENTED_EDGE('',*,*,#4418,.F.);
#8495 = ORIENTED_EDGE('',*,*,#1714,.F.);
#8496 = ADVANCED_FACE('',(#8497,#8572,#8575,#8578,#8581,#8584,#8587,
    #8590,#8593,#8596,#8599,#8602,#8605,#8608,#8611,#8614,#8617,#8620,
    #8623,#8626,#8629,#8632,#8635,#8638,#8641,#8644,#8647,#8650,#8653,
    #8656,#8659,#8662,#8665),#2120,.F.);
#8497 = FACE_BOUND('',#8498,.F.);
#8498 = EDGE_LOOP('',(#8499,#8529,#8550,#8551));
#8499 = ORIENTED_EDGE('',*,*,#8500,.F.);
#8500 = EDGE_CURVE('',#8501,#8503,#8505,.T.);
#8501 = VERTEX_POINT('',#8502);
#8502 = CARTESIAN_POINT('',(-53.,-32.,2.4));
#8503 = VERTEX_POINT('',#8504);
#8504 = CARTESIAN_POINT('',(-53.,32.,2.4));
#8505 = SURFACE_CURVE('',#8506,(#8510,#8517),.PCURVE_S1.);
#8506 = LINE('',#8507,#8508);
#8507 = CARTESIAN_POINT('',(-53.,0.,2.4));
#8508 = VECTOR('',#8509,1.);
#8509 = DIRECTION('',(0.,1.,0.));
#8510 = PCURVE('',#2120,#8511);
#8511 = DEFINITIONAL_REPRESENTATION('',(#8512),#8516);
#8512 = LINE('',#8513,#8514);
#8513 = CARTESIAN_POINT('',(32.,0.));
#8514 = VECTOR('',#8515,1.);
#8515 = DIRECTION('',(1.,0.));
#8516 = ( GEOMETRIC_REPRESENTATION_CONTEXT(2) 
PARAMETRIC_REPRESENTATION_CONTEXT() REPRESENTATION_CONTEXT('2D SPACE',''
  ) );
#8517 = PCURVE('',#8518,#8523);
#8518 = PLANE('',#8519);
#8519 = AXIS2_PLACEMENT_3D('',#8520,#8521,#8522);
#8520 = CARTESIAN_POINT('',(0.,0.,2.4));
#8521 = DIRECTION('',(0.,0.,1.));
#8522 = DIRECTION('',(1.,0.,0.));
#8523 = DEFINITIONAL_REPRESENTATION('',(#8524),#8528);
#8524 = LINE('',#8525,#8526);
#8525 = CARTESIAN_POINT('',(-53.,0.));
#8526 = VECTOR('',#8527,1.);
#8527 = DIRECTION('',(0.,1.));
#8528 = ( GEOMETRIC_REPRESENTATION_CONTEXT(2) 
PARAMETRIC_REPRESENTATION_CONTEXT() REPRESENTATION_CONTEXT('2D SPACE',''
  ) );
#8529 = ORIENTED_EDGE('',*,*,#8530,.T.);
#8530 = EDGE_CURVE('',#8501,#7721,#8531,.T.);
#8531 = SURFACE_CURVE('',#8532,(#8536,#8543),.PCURVE_S1.);
#8532 = LINE('',#8533,#8534);
#8533 = CARTESIAN_POINT('',(-53.,-32.,2.4));
#8534 = VECTOR('',#8535,1.);
#8535 = DIRECTION('',(0.,0.,1.));
#8536 = PCURVE('',#2120,#8537);
#8537 = DEFINITIONAL_REPRESENTATION('',(#8538),#8542);
#8538 = LINE('',#8539,#8540);
#8539 = CARTESIAN_POINT('',(0.,0.));
#8540 = VECTOR('',#8541,1.);
#8541 = DIRECTION('',(0.,-1.));
#8542 = ( GEOMETRIC_REPRESENTATION_CONTEXT(2) 
PARAMETRIC_REPRESENTATION_CONTEXT() REPRESENTATION_CONTEXT('2D SPACE',''
  ) );
#8543 = PCURVE('',#7741,#8544);
#8544 = DEFINITIONAL_REPRESENTATION('',(#8545),#8549);
#8545 = LINE('',#8546,#8547);
#8546 = CARTESIAN_POINT('',(-3.14159265359,0.));
#8547 = VECTOR('',#8548,1.);
#8548 = DIRECTION('',(-0.,-1.));
#8549 = ( GEOMETRIC_REPRESENTATION_CONTEXT(2) 
PARAMETRIC_REPRESENTATION_CONTEXT() REPRESENTATION_CONTEXT('2D SPACE',''
  ) );
#8550 = ORIENTED_EDGE('',*,*,#7753,.F.);
#8551 = ORIENTED_EDGE('',*,*,#8552,.F.);
#8552 = EDGE_CURVE('',#8503,#7754,#8553,.T.);
#8553 = SURFACE_CURVE('',#8554,(#8558,#8565),.PCURVE_S1.);
#8554 = LINE('',#8555,#8556);
#8555 = CARTESIAN_POINT('',(-53.,32.,2.4));
#8556 = VECTOR('',#8557,1.);
#8557 = DIRECTION('',(0.,0.,1.));
#8558 = PCURVE('',#2120,#8559);
#8559 = DEFINITIONAL_REPRESENTATION('',(#8560),#8564);
#8560 = LINE('',#8561,#8562);
#8561 = CARTESIAN_POINT('',(64.,0.));
#8562 = VECTOR('',#8563,1.);
#8563 = DIRECTION('',(0.,-1.));
#8564 = ( GEOMETRIC_REPRESENTATION_CONTEXT(2) 
PARAMETRIC_REPRESENTATION_CONTEXT() REPRESENTATION_CONTEXT('2D SPACE',''
  ) );
#8565 = PCURVE('',#7796,#8566);
#8566 = DEFINITIONAL_REPRESENTATION('',(#8567),#8571);
#8567 = LINE('',#8568,#8569);
#8568 = CARTESIAN_POINT('',(-3.14159265359,0.));
#8569 = VECTOR('',#8570,1.);
#8570 = DIRECTION('',(-0.,-1.));
#8571 = ( GEOMETRIC_REPRESENTATION_CONTEXT(2) 
PARAMETRIC_REPRESENTATION_CONTEXT() REPRESENTATION_CONTEXT('2D SPACE',''
  ) );
#8572 = FACE_BOUND('',#8573,.F.);
#8573 = EDGE_LOOP('',(#8574));
#8574 = ORIENTED_EDGE('',*,*,#2105,.F.);
#8575 = FACE_BOUND('',#8576,.F.);
#8576 = EDGE_LOOP('',(#8577));
#8577 = ORIENTED_EDGE('',*,*,#2160,.F.);
#8578 = FACE_BOUND('',#8579,.F.);
#8579 = EDGE_LOOP('',(#8580));
#8580 = ORIENTED_EDGE('',*,*,#2210,.F.);
#8581 = FACE_BOUND('',#8582,.F.);
#8582 = EDGE_LOOP('',(#8583));
#8583 = ORIENTED_EDGE('',*,*,#2260,.F.);
#8584 = FACE_BOUND('',#8585,.F.);
#8585 = EDGE_LOOP('',(#8586));
#8586 = ORIENTED_EDGE('',*,*,#2310,.F.);
#8587 = FACE_BOUND('',#8588,.F.);
#8588 = EDGE_LOOP('',(#8589));
#8589 = ORIENTED_EDGE('',*,*,#2360,.F.);
#8590 = FACE_BOUND('',#8591,.F.);
#8591 = EDGE_LOOP('',(#8592));
#8592 = ORIENTED_EDGE('',*,*,#2410,.F.);
#8593 = FACE_BOUND('',#8594,.F.);
#8594 = EDGE_LOOP('',(#8595));
#8595 = ORIENTED_EDGE('',*,*,#2460,.F.);
#8596 = FACE_BOUND('',#8597,.F.);
#8597 = EDGE_LOOP('',(#8598));
#8598 = ORIENTED_EDGE('',*,*,#2510,.F.);
#8599 = FACE_BOUND('',#8600,.F.);
#8600 = EDGE_LOOP('',(#8601));
#8601 = ORIENTED_EDGE('',*,*,#2560,.F.);
#8602 = FACE_BOUND('',#8603,.F.);
#8603 = EDGE_LOOP('',(#8604));
#8604 = ORIENTED_EDGE('',*,*,#2610,.F.);
#8605 = FACE_BOUND('',#8606,.F.);
#8606 = EDGE_LOOP('',(#8607));
#8607 = ORIENTED_EDGE('',*,*,#2660,.F.);
#8608 = FACE_BOUND('',#8609,.F.);
#8609 = EDGE_LOOP('',(#8610));
#8610 = ORIENTED_EDGE('',*,*,#2710,.F.);
#8611 = FACE_BOUND('',#8612,.F.);
#8612 = EDGE_LOOP('',(#8613));
#8613 = ORIENTED_EDGE('',*,*,#2760,.F.);
#8614 = FACE_BOUND('',#8615,.F.);
#8615 = EDGE_LOOP('',(#8616));
#8616 = ORIENTED_EDGE('',*,*,#2810,.F.);
#8617 = FACE_BOUND('',#8618,.F.);
#8618 = EDGE_LOOP('',(#8619));
#8619 = ORIENTED_EDGE('',*,*,#2860,.F.);
#8620 = FACE_BOUND('',#8621,.F.);
#8621 = EDGE_LOOP('',(#8622));
#8622 = ORIENTED_EDGE('',*,*,#2910,.F.);
#8623 = FACE_BOUND('',#8624,.F.);
#8624 = EDGE_LOOP('',(#8625));
#8625 = ORIENTED_EDGE('',*,*,#2960,.F.);
#8626 = FACE_BOUND('',#8627,.F.);
#8627 = EDGE_LOOP('',(#8628));
#8628 = ORIENTED_EDGE('',*,*,#3010,.F.);
#8629 = FACE_BOUND('',#8630,.F.);
#8630 = EDGE_LOOP('',(#8631));
#8631 = ORIENTED_EDGE('',*,*,#3060,.F.);
#8632 = FACE_BOUND('',#8633,.F.);
#8633 = EDGE_LOOP('',(#8634));
#8634 = ORIENTED_EDGE('',*,*,#3110,.F.);
#8635 = FACE_BOUND('',#8636,.F.);
#8636 = EDGE_LOOP('',(#8637));
#8637 = ORIENTED_EDGE('',*,*,#3160,.F.);
#8638 = FACE_BOUND('',#8639,.F.);
#8639 = EDGE_LOOP('',(#8640));
#8640 = ORIENTED_EDGE('',*,*,#3210,.F.);
#8641 = FACE_BOUND('',#8642,.F.);
#8642 = EDGE_LOOP('',(#8643));
#8643 = ORIENTED_EDGE('',*,*,#3260,.F.);
#8644 = FACE_BOUND('',#8645,.F.);
#8645 = EDGE_LOOP('',(#8646));
#8646 = ORIENTED_EDGE('',*,*,#3310,.F.);
#8647 = FACE_BOUND('',#8648,.F.);
#8648 = EDGE_LOOP('',(#8649));
#8649 = ORIENTED_EDGE('',*,*,#3360,.F.);
#8650 = FACE_BOUND('',#8651,.F.);
#8651 = EDGE_LOOP('',(#8652));
#8652 = ORIENTED_EDGE('',*,*,#3410,.F.);
#8653 = FACE_BOUND('',#8654,.F.);
#8654 = EDGE_LOOP('',(#8655));
#8655 = ORIENTED_EDGE('',*,*,#3460,.F.);
#8656 = FACE_BOUND('',#8657,.F.);
#8657 = EDGE_LOOP('',(#8658));
#8658 = ORIENTED_EDGE('',*,*,#3510,.F.);
#8659 = FACE_BOUND('',#8660,.F.);
#8660 = EDGE_LOOP('',(#8661));
#8661 = ORIENTED_EDGE('',*,*,#3560,.F.);
#8662 = FACE_BOUND('',#8663,.F.);
#8663 = EDGE_LOOP('',(#8664));
#8664 = ORIENTED_EDGE('',*,*,#3610,.F.);
#8665 = FACE_BOUND('',#8666,.F.);
#8666 = EDGE_LOOP('',(#8667));
#8667 = ORIENTED_EDGE('',*,*,#3660,.F.);
#8668 = ADVANCED_FACE('',(#8669),#3864,.T.);
#8669 = FACE_BOUND('',#8670,.T.);
#8670 = EDGE_LOOP('',(#8671,#8690,#8691,#8692));
#8671 = ORIENTED_EDGE('',*,*,#8672,.F.);
#8672 = EDGE_CURVE('',#5609,#3849,#8673,.T.);
#8673 = SURFACE_CURVE('',#8674,(#8678,#8684),.PCURVE_S1.);
#8674 = LINE('',#8675,#8676);
#8675 = CARTESIAN_POINT('',(32.,-56.,0.6));
#8676 = VECTOR('',#8677,1.);
#8677 = DIRECTION('',(1.660478583461E-16,0.707106781187,-0.707106781187)
  );
#8678 = PCURVE('',#3864,#8679);
#8679 = DEFINITIONAL_REPRESENTATION('',(#8680),#8683);
#8680 = B_SPLINE_CURVE_WITH_KNOTS('',1,(#8681,#8682),.UNSPECIFIED.,.F.,
  .F.,(2,2),(0.,0.848528137424),.PIECEWISE_BEZIER_KNOTS.);
#8681 = CARTESIAN_POINT('',(0.,-0.424264068712));
#8682 = CARTESIAN_POINT('',(0.,0.424264068712));
#8683 = ( GEOMETRIC_REPRESENTATION_CONTEXT(2) 
PARAMETRIC_REPRESENTATION_CONTEXT() REPRESENTATION_CONTEXT('2D SPACE',''
  ) );
#8684 = PCURVE('',#3897,#8685);
#8685 = DEFINITIONAL_REPRESENTATION('',(#8686),#8689);
#8686 = B_SPLINE_CURVE_WITH_KNOTS('',1,(#8687,#8688),.UNSPECIFIED.,.F.,
  .F.,(2,2),(0.,0.848528137424),.PIECEWISE_BEZIER_KNOTS.);
#8687 = CARTESIAN_POINT('',(-1.570796326795,0.));
#8688 = CARTESIAN_POINT('',(-1.570796326795,-0.6));
#8689 = ( GEOMETRIC_REPRESENTATION_CONTEXT(2) 
PARAMETRIC_REPRESENTATION_CONTEXT() REPRESENTATION_CONTEXT('2D SPACE',''
  ) );
#8690 = ORIENTED_EDGE('',*,*,#5631,.T.);
#8691 = ORIENTED_EDGE('',*,*,#5554,.T.);
#8692 = ORIENTED_EDGE('',*,*,#3848,.F.);
#8693 = ADVANCED_FACE('',(#8694),#4332,.F.);
#8694 = FACE_BOUND('',#8695,.T.);
#8695 = EDGE_LOOP('',(#8696,#8697,#8698,#8717));
#8696 = ORIENTED_EDGE('',*,*,#8402,.F.);
#8697 = ORIENTED_EDGE('',*,*,#8133,.T.);
#8698 = ORIENTED_EDGE('',*,*,#8699,.T.);
#8699 = EDGE_CURVE('',#8134,#4284,#8700,.T.);
#8700 = SURFACE_CURVE('',#8701,(#8705,#8711),.PCURVE_S1.);
#8701 = LINE('',#8702,#8703);
#8702 = CARTESIAN_POINT('',(32.,55.7,0.3));
#8703 = VECTOR('',#8704,1.);
#8704 = DIRECTION('',(0.,-0.707106781187,-0.707106781187));
#8705 = PCURVE('',#4332,#8706);
#8706 = DEFINITIONAL_REPRESENTATION('',(#8707),#8710);
#8707 = B_SPLINE_CURVE_WITH_KNOTS('',1,(#8708,#8709),.UNSPECIFIED.,.F.,
  .F.,(2,2),(-0.424264068712,0.424264068712),.PIECEWISE_BEZIER_KNOTS.);
#8708 = CARTESIAN_POINT('',(-64.,-0.424264068712));
#8709 = CARTESIAN_POINT('',(-64.,0.424264068712));
#8710 = ( GEOMETRIC_REPRESENTATION_CONTEXT(2) 
PARAMETRIC_REPRESENTATION_CONTEXT() REPRESENTATION_CONTEXT('2D SPACE',''
  ) );
#8711 = PCURVE('',#4304,#8712);
#8712 = DEFINITIONAL_REPRESENTATION('',(#8713),#8716);
#8713 = B_SPLINE_CURVE_WITH_KNOTS('',1,(#8714,#8715),.UNSPECIFIED.,.F.,
  .F.,(2,2),(-0.424264068712,0.424264068712),.PIECEWISE_BEZIER_KNOTS.);
#8714 = CARTESIAN_POINT('',(0.,0.));
#8715 = CARTESIAN_POINT('',(0.,-0.6));
#8716 = ( GEOMETRIC_REPRESENTATION_CONTEXT(2) 
PARAMETRIC_REPRESENTATION_CONTEXT() REPRESENTATION_CONTEXT('2D SPACE',''
  ) );
#8717 = ORIENTED_EDGE('',*,*,#4316,.F.);
#8718 = ADVANCED_FACE('',(#8719),#3897,.T.);
#8719 = FACE_BOUND('',#8720,.T.);
#8720 = EDGE_LOOP('',(#8721,#8753,#8775,#8776));
#8721 = ORIENTED_EDGE('',*,*,#8722,.T.);
#8722 = EDGE_CURVE('',#3877,#8723,#8725,.T.);
#8723 = VERTEX_POINT('',#8724);
#8724 = CARTESIAN_POINT('',(46.448381710285,-51.16361828971,0.6));
#8725 = SURFACE_CURVE('',#8726,(#8733,#8743),.PCURVE_S1.);
#8726 = B_SPLINE_CURVE_WITH_KNOTS('',5,(#8727,#8728,#8729,#8730,#8731,
    #8732),.UNSPECIFIED.,.F.,.F.,(6,6),(0.,1.),
  .PIECEWISE_BEZIER_KNOTS.);
#8727 = CARTESIAN_POINT('',(45.677611934927,-50.98638806507,
    -2.48689957516E-14));
#8728 = CARTESIAN_POINT('',(45.82108941083,-51.03398325616,
    0.122482478846));
#8729 = CARTESIAN_POINT('',(45.969679314857,-51.07610973871,
    0.243935183641));
#8730 = CARTESIAN_POINT('',(46.123601386145,-51.11224240388,
    0.364189332431));
#8731 = CARTESIAN_POINT('',(46.283073820243,-51.14171742147,
    0.482994526071));
#8732 = CARTESIAN_POINT('',(46.448381710285,-51.16361828971,0.6));
#8733 = PCURVE('',#3897,#8734);
#8734 = DEFINITIONAL_REPRESENTATION('',(#8735),#8742);
#8735 = B_SPLINE_CURVE_WITH_KNOTS('',5,(#8736,#8737,#8738,#8739,#8740,
    #8741),.UNSPECIFIED.,.F.,.F.,(6,6),(0.,1.),
  .PIECEWISE_BEZIER_KNOTS.);
#8736 = CARTESIAN_POINT('',(-0.946516200264,-0.6));
#8737 = CARTESIAN_POINT('',(-0.942730075489,-0.477517521154));
#8738 = CARTESIAN_POINT('',(-0.93867961975,-0.356064816359));
#8739 = CARTESIAN_POINT('',(-0.934350069913,-0.235810667569));
#8740 = CARTESIAN_POINT('',(-0.929723409312,-0.117005473929));
#8741 = CARTESIAN_POINT('',(-0.924772948894,0.));
#8742 = ( GEOMETRIC_REPRESENTATION_CONTEXT(2) 
PARAMETRIC_REPRESENTATION_CONTEXT() REPRESENTATION_CONTEXT('2D SPACE',''
  ) );
#8743 = PCURVE('',#3926,#8744);
#8744 = DEFINITIONAL_REPRESENTATION('',(#8745),#8752);
#8745 = B_SPLINE_CURVE_WITH_KNOTS('',5,(#8746,#8747,#8748,#8749,#8750,
    #8751),.UNSPECIFIED.,.F.,.F.,(6,6),(0.,1.),
  .PIECEWISE_BEZIER_KNOTS.);
#8746 = CARTESIAN_POINT('',(-4.392085836355,2.48689957516E-14));
#8747 = CARTESIAN_POINT('',(-4.428077685006,-0.122482478846));
#8748 = CARTESIAN_POINT('',(-4.464814795126,-0.243935183641));
#8749 = CARTESIAN_POINT('',(-4.50240527364,-0.364189332431));
#8750 = CARTESIAN_POINT('',(-4.540967803419,-0.482994526071));
#8751 = CARTESIAN_POINT('',(-4.580670744117,-0.6));
#8752 = ( GEOMETRIC_REPRESENTATION_CONTEXT(2) 
PARAMETRIC_REPRESENTATION_CONTEXT() REPRESENTATION_CONTEXT('2D SPACE',''
  ) );
#8753 = ORIENTED_EDGE('',*,*,#8754,.T.);
#8754 = EDGE_CURVE('',#8723,#5609,#8755,.T.);
#8755 = SURFACE_CURVE('',#8756,(#8761,#8768),.PCURVE_S1.);
#8756 = CIRCLE('',#8757,24.);
#8757 = AXIS2_PLACEMENT_3D('',#8758,#8759,#8760);
#8758 = CARTESIAN_POINT('',(32.,-32.,0.6));
#8759 = DIRECTION('',(0.,-0.,-1.));
#8760 = DIRECTION('',(1.,-2.960594732334E-16,0.));
#8761 = PCURVE('',#3897,#8762);
#8762 = DEFINITIONAL_REPRESENTATION('',(#8763),#8767);
#8763 = LINE('',#8764,#8765);
#8764 = CARTESIAN_POINT('',(-0.,-0.));
#8765 = VECTOR('',#8766,1.);
#8766 = DIRECTION('',(-1.,-0.));
#8767 = ( GEOMETRIC_REPRESENTATION_CONTEXT(2) 
PARAMETRIC_REPRESENTATION_CONTEXT() REPRESENTATION_CONTEXT('2D SPACE',''
  ) );
#8768 = PCURVE('',#3955,#8769);
#8769 = DEFINITIONAL_REPRESENTATION('',(#8770),#8774);
#8770 = LINE('',#8771,#8772);
#8771 = CARTESIAN_POINT('',(-6.28318530718,-0.6));
#8772 = VECTOR('',#8773,1.);
#8773 = DIRECTION('',(1.,-0.));
#8774 = ( GEOMETRIC_REPRESENTATION_CONTEXT(2) 
PARAMETRIC_REPRESENTATION_CONTEXT() REPRESENTATION_CONTEXT('2D SPACE',''
  ) );
#8775 = ORIENTED_EDGE('',*,*,#8672,.T.);
#8776 = ORIENTED_EDGE('',*,*,#3876,.F.);
#8777 = ADVANCED_FACE('',(#8778),#4304,.T.);
#8778 = FACE_BOUND('',#8779,.T.);
#8779 = EDGE_LOOP('',(#8780,#8781,#8805,#8835));
#8780 = ORIENTED_EDGE('',*,*,#8699,.F.);
#8781 = ORIENTED_EDGE('',*,*,#8782,.T.);
#8782 = EDGE_CURVE('',#8134,#8783,#8785,.T.);
#8783 = VERTEX_POINT('',#8784);
#8784 = CARTESIAN_POINT('',(46.448381710285,51.163618289715,0.6));
#8785 = SURFACE_CURVE('',#8786,(#8791,#8798),.PCURVE_S1.);
#8786 = CIRCLE('',#8787,24.);
#8787 = AXIS2_PLACEMENT_3D('',#8788,#8789,#8790);
#8788 = CARTESIAN_POINT('',(32.,32.,0.6));
#8789 = DIRECTION('',(0.,-0.,-1.));
#8790 = DIRECTION('',(0.,1.,-0.));
#8791 = PCURVE('',#4304,#8792);
#8792 = DEFINITIONAL_REPRESENTATION('',(#8793),#8797);
#8793 = LINE('',#8794,#8795);
#8794 = CARTESIAN_POINT('',(-0.,-0.));
#8795 = VECTOR('',#8796,1.);
#8796 = DIRECTION('',(-1.,-0.));
#8797 = ( GEOMETRIC_REPRESENTATION_CONTEXT(2) 
PARAMETRIC_REPRESENTATION_CONTEXT() REPRESENTATION_CONTEXT('2D SPACE',''
  ) );
#8798 = PCURVE('',#4189,#8799);
#8799 = DEFINITIONAL_REPRESENTATION('',(#8800),#8804);
#8800 = LINE('',#8801,#8802);
#8801 = CARTESIAN_POINT('',(-1.570796326795,-0.6));
#8802 = VECTOR('',#8803,1.);
#8803 = DIRECTION('',(1.,-0.));
#8804 = ( GEOMETRIC_REPRESENTATION_CONTEXT(2) 
PARAMETRIC_REPRESENTATION_CONTEXT() REPRESENTATION_CONTEXT('2D SPACE',''
  ) );
#8805 = ORIENTED_EDGE('',*,*,#8806,.T.);
#8806 = EDGE_CURVE('',#8783,#4255,#8807,.T.);
#8807 = SURFACE_CURVE('',#8808,(#8815,#8825),.PCURVE_S1.);
#8808 = B_SPLINE_CURVE_WITH_KNOTS('',5,(#8809,#8810,#8811,#8812,#8813,
    #8814),.UNSPECIFIED.,.F.,.F.,(6,6),(0.,1.),
  .PIECEWISE_BEZIER_KNOTS.);
#8809 = CARTESIAN_POINT('',(46.448381710285,51.163618289715,0.6));
#8810 = CARTESIAN_POINT('',(46.283073655556,51.141717399653,
    0.482994409505));
#8811 = CARTESIAN_POINT('',(46.123601070373,51.112242345429,
    0.364189097115));
#8812 = CARTESIAN_POINT('',(45.969678859432,51.07610963171,
    0.243934827766));
#8813 = CARTESIAN_POINT('',(45.821088826481,51.033983090406,
    0.122482001145));
#8814 = CARTESIAN_POINT('',(45.67761123208,50.98638783192,-6.E-07));
#8815 = PCURVE('',#4304,#8816);
#8816 = DEFINITIONAL_REPRESENTATION('',(#8817),#8824);
#8817 = B_SPLINE_CURVE_WITH_KNOTS('',5,(#8818,#8819,#8820,#8821,#8822,
    #8823),.UNSPECIFIED.,.F.,.F.,(6,6),(0.,1.),
  .PIECEWISE_BEZIER_KNOTS.);
#8818 = CARTESIAN_POINT('',(-0.646023377901,-2.203792703881E-14));
#8819 = CARTESIAN_POINT('',(-0.641072912551,-0.117005590495));
#8820 = CARTESIAN_POINT('',(-0.636446247722,-0.235810902885));
#8821 = CARTESIAN_POINT('',(-0.632116694237,-0.356065172234));
#8822 = CARTESIAN_POINT('',(-0.628066235379,-0.477517998855));
#8823 = CARTESIAN_POINT('',(-0.624280107984,-0.6000006));
#8824 = ( GEOMETRIC_REPRESENTATION_CONTEXT(2) 
PARAMETRIC_REPRESENTATION_CONTEXT() REPRESENTATION_CONTEXT('2D SPACE',''
  ) );
#8825 = PCURVE('',#4271,#8826);
#8826 = DEFINITIONAL_REPRESENTATION('',(#8827),#8834);
#8827 = B_SPLINE_CURVE_WITH_KNOTS('',5,(#8828,#8829,#8830,#8831,#8832,
    #8833),.UNSPECIFIED.,.F.,.F.,(6,6),(0.,1.),
  .PIECEWISE_BEZIER_KNOTS.);
#8828 = CARTESIAN_POINT('',(-1.702514563063,-0.6));
#8829 = CARTESIAN_POINT('',(-1.742217543314,-0.482994409505));
#8830 = CARTESIAN_POINT('',(-1.780780109901,-0.364189097115));
#8831 = CARTESIAN_POINT('',(-1.818370623281,-0.243934827766));
#8832 = CARTESIAN_POINT('',(-1.855107766655,-0.122482001145));
#8833 = CARTESIAN_POINT('',(-1.891099647136,6.000000000173E-07));
#8834 = ( GEOMETRIC_REPRESENTATION_CONTEXT(2) 
PARAMETRIC_REPRESENTATION_CONTEXT() REPRESENTATION_CONTEXT('2D SPACE',''
  ) );
#8835 = ORIENTED_EDGE('',*,*,#4283,.F.);
#8836 = ADVANCED_FACE('',(#8837),#3926,.T.);
#8837 = FACE_BOUND('',#8838,.F.);
#8838 = EDGE_LOOP('',(#8839,#8840,#8841));
#8839 = ORIENTED_EDGE('',*,*,#3909,.F.);
#8840 = ORIENTED_EDGE('',*,*,#8722,.T.);
#8841 = ORIENTED_EDGE('',*,*,#8842,.T.);
#8842 = EDGE_CURVE('',#8723,#3910,#8843,.T.);
#8843 = SURFACE_CURVE('',#8844,(#8848,#8854),.PCURVE_S1.);
#8844 = LINE('',#8845,#8846);
#8845 = CARTESIAN_POINT('',(46.448381710285,-51.16361828971,0.));
#8846 = VECTOR('',#8847,1.);
#8847 = DIRECTION('',(-0.,-0.,-1.));
#8848 = PCURVE('',#3926,#8849);
#8849 = DEFINITIONAL_REPRESENTATION('',(#8850),#8853);
#8850 = B_SPLINE_CURVE_WITH_KNOTS('',1,(#8851,#8852),.UNSPECIFIED.,.F.,
  .F.,(2,2),(-30.0000006,6.E-07),.PIECEWISE_BEZIER_KNOTS.);
#8851 = CARTESIAN_POINT('',(-4.580670744117,-30.0000006));
#8852 = CARTESIAN_POINT('',(-4.580670744117,6.E-07));
#8853 = ( GEOMETRIC_REPRESENTATION_CONTEXT(2) 
PARAMETRIC_REPRESENTATION_CONTEXT() REPRESENTATION_CONTEXT('2D SPACE',''
  ) );
#8854 = PCURVE('',#3955,#8855);
#8855 = DEFINITIONAL_REPRESENTATION('',(#8856),#8859);
#8856 = B_SPLINE_CURVE_WITH_KNOTS('',1,(#8857,#8858),.UNSPECIFIED.,.F.,
  .F.,(2,2),(-30.0000006,6.E-07),.PIECEWISE_BEZIER_KNOTS.);
#8857 = CARTESIAN_POINT('',(-5.358412358286,-30.0000006));
#8858 = CARTESIAN_POINT('',(-5.358412358286,6.E-07));
#8859 = ( GEOMETRIC_REPRESENTATION_CONTEXT(2) 
PARAMETRIC_REPRESENTATION_CONTEXT() REPRESENTATION_CONTEXT('2D SPACE',''
  ) );
#8860 = ADVANCED_FACE('',(#8861),#4271,.T.);
#8861 = FACE_BOUND('',#8862,.F.);
#8862 = EDGE_LOOP('',(#8863,#8864,#8865));
#8863 = ORIENTED_EDGE('',*,*,#8806,.T.);
#8864 = ORIENTED_EDGE('',*,*,#4254,.F.);
#8865 = ORIENTED_EDGE('',*,*,#8866,.F.);
#8866 = EDGE_CURVE('',#8783,#4231,#8867,.T.);
#8867 = SURFACE_CURVE('',#8868,(#8872,#8878),.PCURVE_S1.);
#8868 = LINE('',#8869,#8870);
#8869 = CARTESIAN_POINT('',(46.448381710285,51.163618289715,0.));
#8870 = VECTOR('',#8871,1.);
#8871 = DIRECTION('',(-0.,-0.,-1.));
#8872 = PCURVE('',#4271,#8873);
#8873 = DEFINITIONAL_REPRESENTATION('',(#8874),#8877);
#8874 = B_SPLINE_CURVE_WITH_KNOTS('',1,(#8875,#8876),.UNSPECIFIED.,.F.,
  .F.,(2,2),(-30.0000006,6.E-07),.PIECEWISE_BEZIER_KNOTS.);
#8875 = CARTESIAN_POINT('',(-1.702514563063,-30.0000006));
#8876 = CARTESIAN_POINT('',(-1.702514563063,6.E-07));
#8877 = ( GEOMETRIC_REPRESENTATION_CONTEXT(2) 
PARAMETRIC_REPRESENTATION_CONTEXT() REPRESENTATION_CONTEXT('2D SPACE',''
  ) );
#8878 = PCURVE('',#4189,#8879);
#8879 = DEFINITIONAL_REPRESENTATION('',(#8880),#8883);
#8880 = B_SPLINE_CURVE_WITH_KNOTS('',1,(#8881,#8882),.UNSPECIFIED.,.F.,
  .F.,(2,2),(-30.0000006,6.E-07),.PIECEWISE_BEZIER_KNOTS.);
#8881 = CARTESIAN_POINT('',(-0.924772948894,-30.0000006));
#8882 = CARTESIAN_POINT('',(-0.924772948894,6.E-07));
#8883 = ( GEOMETRIC_REPRESENTATION_CONTEXT(2) 
PARAMETRIC_REPRESENTATION_CONTEXT() REPRESENTATION_CONTEXT('2D SPACE',''
  ) );
#8884 = ADVANCED_FACE('',(#8885),#3955,.T.);
#8885 = FACE_BOUND('',#8886,.F.);
#8886 = EDGE_LOOP('',(#8887,#8888,#8889,#8890,#8914,#8933,#8934,#8955,
    #8979,#9007,#9031,#9050,#9051,#9072,#9105,#9124));
#8887 = ORIENTED_EDGE('',*,*,#8842,.F.);
#8888 = ORIENTED_EDGE('',*,*,#8754,.T.);
#8889 = ORIENTED_EDGE('',*,*,#5608,.T.);
#8890 = ORIENTED_EDGE('',*,*,#8891,.F.);
#8891 = EDGE_CURVE('',#8892,#5581,#8894,.T.);
#8892 = VERTEX_POINT('',#8893);
#8893 = CARTESIAN_POINT('',(46.448381710285,-51.16361828971,29.2));
#8894 = SURFACE_CURVE('',#8895,(#8900,#8907),.PCURVE_S1.);
#8895 = CIRCLE('',#8896,24.);
#8896 = AXIS2_PLACEMENT_3D('',#8897,#8898,#8899);
#8897 = CARTESIAN_POINT('',(32.,-32.,29.2));
#8898 = DIRECTION('',(0.,-0.,-1.));
#8899 = DIRECTION('',(1.,-2.960594732334E-16,0.));
#8900 = PCURVE('',#3955,#8901);
#8901 = DEFINITIONAL_REPRESENTATION('',(#8902),#8906);
#8902 = LINE('',#8903,#8904);
#8903 = CARTESIAN_POINT('',(-6.28318530718,-29.2));
#8904 = VECTOR('',#8905,1.);
#8905 = DIRECTION('',(1.,-0.));
#8906 = ( GEOMETRIC_REPRESENTATION_CONTEXT(2) 
PARAMETRIC_REPRESENTATION_CONTEXT() REPRESENTATION_CONTEXT('2D SPACE',''
  ) );
#8907 = PCURVE('',#6866,#8908);
#8908 = DEFINITIONAL_REPRESENTATION('',(#8909),#8913);
#8909 = LINE('',#8910,#8911);
#8910 = CARTESIAN_POINT('',(0.,-0.));
#8911 = VECTOR('',#8912,1.);
#8912 = DIRECTION('',(1.,-0.));
#8913 = ( GEOMETRIC_REPRESENTATION_CONTEXT(2) 
PARAMETRIC_REPRESENTATION_CONTEXT() REPRESENTATION_CONTEXT('2D SPACE',''
  ) );
#8914 = ORIENTED_EDGE('',*,*,#8915,.F.);
#8915 = EDGE_CURVE('',#6879,#8892,#8916,.T.);
#8916 = SURFACE_CURVE('',#8917,(#8921,#8927),.PCURVE_S1.);
#8917 = LINE('',#8918,#8919);
#8918 = CARTESIAN_POINT('',(46.448381710285,-51.16361828971,0.));
#8919 = VECTOR('',#8920,1.);
#8920 = DIRECTION('',(-0.,-0.,-1.));
#8921 = PCURVE('',#3955,#8922);
#8922 = DEFINITIONAL_REPRESENTATION('',(#8923),#8926);
#8923 = B_SPLINE_CURVE_WITH_KNOTS('',1,(#8924,#8925),.UNSPECIFIED.,.F.,
  .F.,(2,2),(-30.0000006,6.E-07),.PIECEWISE_BEZIER_KNOTS.);
#8924 = CARTESIAN_POINT('',(-5.358412358286,-30.0000006));
#8925 = CARTESIAN_POINT('',(-5.358412358286,6.E-07));
#8926 = ( GEOMETRIC_REPRESENTATION_CONTEXT(2) 
PARAMETRIC_REPRESENTATION_CONTEXT() REPRESENTATION_CONTEXT('2D SPACE',''
  ) );
#8927 = PCURVE('',#6895,#8928);
#8928 = DEFINITIONAL_REPRESENTATION('',(#8929),#8932);
#8929 = B_SPLINE_CURVE_WITH_KNOTS('',1,(#8930,#8931),.UNSPECIFIED.,.F.,
  .F.,(2,2),(-30.0000006,6.E-07),.PIECEWISE_BEZIER_KNOTS.);
#8930 = CARTESIAN_POINT('',(-4.580670744117,-30.0000006));
#8931 = CARTESIAN_POINT('',(-4.580670744117,6.E-07));
#8932 = ( GEOMETRIC_REPRESENTATION_CONTEXT(2) 
PARAMETRIC_REPRESENTATION_CONTEXT() REPRESENTATION_CONTEXT('2D SPACE',''
  ) );
#8933 = ORIENTED_EDGE('',*,*,#6907,.T.);
#8934 = ORIENTED_EDGE('',*,*,#8935,.T.);
#8935 = EDGE_CURVE('',#6908,#8936,#8938,.T.);
#8936 = VERTEX_POINT('',#8937);
#8937 = CARTESIAN_POINT('',(51.163618289715,-46.44838171028,29.2));
#8938 = SURFACE_CURVE('',#8939,(#8943,#8949),.PCURVE_S1.);
#8939 = LINE('',#8940,#8941);
#8940 = CARTESIAN_POINT('',(51.163618289715,-46.44838171028,0.));
#8941 = VECTOR('',#8942,1.);
#8942 = DIRECTION('',(-0.,-0.,-1.));
#8943 = PCURVE('',#3955,#8944);
#8944 = DEFINITIONAL_REPRESENTATION('',(#8945),#8948);
#8945 = B_SPLINE_CURVE_WITH_KNOTS('',1,(#8946,#8947),.UNSPECIFIED.,.F.,
  .F.,(2,2),(-30.0000006,6.E-07),.PIECEWISE_BEZIER_KNOTS.);
#8946 = CARTESIAN_POINT('',(-5.637161929279,-30.0000006));
#8947 = CARTESIAN_POINT('',(-5.637161929279,6.E-07));
#8948 = ( GEOMETRIC_REPRESENTATION_CONTEXT(2) 
PARAMETRIC_REPRESENTATION_CONTEXT() REPRESENTATION_CONTEXT('2D SPACE',''
  ) );
#8949 = PCURVE('',#6948,#8950);
#8950 = DEFINITIONAL_REPRESENTATION('',(#8951),#8954);
#8951 = B_SPLINE_CURVE_WITH_KNOTS('',1,(#8952,#8953),.UNSPECIFIED.,.F.,
  .F.,(2,2),(-30.0000006,6.E-07),.PIECEWISE_BEZIER_KNOTS.);
#8952 = CARTESIAN_POINT('',(-0.131718236268,-30.0000006));
#8953 = CARTESIAN_POINT('',(-0.131718236268,6.E-07));
#8954 = ( GEOMETRIC_REPRESENTATION_CONTEXT(2) 
PARAMETRIC_REPRESENTATION_CONTEXT() REPRESENTATION_CONTEXT('2D SPACE',''
  ) );
#8955 = ORIENTED_EDGE('',*,*,#8956,.F.);
#8956 = EDGE_CURVE('',#8957,#8936,#8959,.T.);
#8957 = VERTEX_POINT('',#8958);
#8958 = CARTESIAN_POINT('',(56.,-32.,29.2));
#8959 = SURFACE_CURVE('',#8960,(#8965,#8972),.PCURVE_S1.);
#8960 = CIRCLE('',#8961,24.);
#8961 = AXIS2_PLACEMENT_3D('',#8962,#8963,#8964);
#8962 = CARTESIAN_POINT('',(32.,-32.,29.2));
#8963 = DIRECTION('',(0.,-0.,-1.));
#8964 = DIRECTION('',(1.,-2.960594732334E-16,0.));
#8965 = PCURVE('',#3955,#8966);
#8966 = DEFINITIONAL_REPRESENTATION('',(#8967),#8971);
#8967 = LINE('',#8968,#8969);
#8968 = CARTESIAN_POINT('',(-6.28318530718,-29.2));
#8969 = VECTOR('',#8970,1.);
#8970 = DIRECTION('',(1.,-0.));
#8971 = ( GEOMETRIC_REPRESENTATION_CONTEXT(2) 
PARAMETRIC_REPRESENTATION_CONTEXT() REPRESENTATION_CONTEXT('2D SPACE',''
  ) );
#8972 = PCURVE('',#6981,#8973);
#8973 = DEFINITIONAL_REPRESENTATION('',(#8974),#8978);
#8974 = LINE('',#8975,#8976);
#8975 = CARTESIAN_POINT('',(0.,-0.));
#8976 = VECTOR('',#8977,1.);
#8977 = DIRECTION('',(1.,-0.));
#8978 = ( GEOMETRIC_REPRESENTATION_CONTEXT(2) 
PARAMETRIC_REPRESENTATION_CONTEXT() REPRESENTATION_CONTEXT('2D SPACE',''
  ) );
#8979 = ORIENTED_EDGE('',*,*,#8980,.F.);
#8980 = EDGE_CURVE('',#8981,#8957,#8983,.T.);
#8981 = VERTEX_POINT('',#8982);
#8982 = CARTESIAN_POINT('',(56.,-32.,0.6));
#8983 = SURFACE_CURVE('',#8984,(#8988,#8995),.PCURVE_S1.);
#8984 = LINE('',#8985,#8986);
#8985 = CARTESIAN_POINT('',(56.,-32.,0.));
#8986 = VECTOR('',#8987,1.);
#8987 = DIRECTION('',(0.,0.,1.));
#8988 = PCURVE('',#3955,#8989);
#8989 = DEFINITIONAL_REPRESENTATION('',(#8990),#8994);
#8990 = LINE('',#8991,#8992);
#8991 = CARTESIAN_POINT('',(-6.28318530718,0.));
#8992 = VECTOR('',#8993,1.);
#8993 = DIRECTION('',(-0.,-1.));
#8994 = ( GEOMETRIC_REPRESENTATION_CONTEXT(2) 
PARAMETRIC_REPRESENTATION_CONTEXT() REPRESENTATION_CONTEXT('2D SPACE',''
  ) );
#8995 = PCURVE('',#8996,#9001);
#8996 = PLANE('',#8997);
#8997 = AXIS2_PLACEMENT_3D('',#8998,#8999,#9000);
#8998 = CARTESIAN_POINT('',(56.,-32.,0.));
#8999 = DIRECTION('',(-1.,0.,0.));
#9000 = DIRECTION('',(0.,1.,0.));
#9001 = DEFINITIONAL_REPRESENTATION('',(#9002),#9006);
#9002 = LINE('',#9003,#9004);
#9003 = CARTESIAN_POINT('',(0.,0.));
#9004 = VECTOR('',#9005,1.);
#9005 = DIRECTION('',(0.,-1.));
#9006 = ( GEOMETRIC_REPRESENTATION_CONTEXT(2) 
PARAMETRIC_REPRESENTATION_CONTEXT() REPRESENTATION_CONTEXT('2D SPACE',''
  ) );
#9007 = ORIENTED_EDGE('',*,*,#9008,.T.);
#9008 = EDGE_CURVE('',#8981,#9009,#9011,.T.);
#9009 = VERTEX_POINT('',#9010);
#9010 = CARTESIAN_POINT('',(51.163618289715,-46.44838171028,0.6));
#9011 = SURFACE_CURVE('',#9012,(#9017,#9024),.PCURVE_S1.);
#9012 = CIRCLE('',#9013,24.);
#9013 = AXIS2_PLACEMENT_3D('',#9014,#9015,#9016);
#9014 = CARTESIAN_POINT('',(32.,-32.,0.6));
#9015 = DIRECTION('',(0.,-0.,-1.));
#9016 = DIRECTION('',(1.,-2.960594732334E-16,0.));
#9017 = PCURVE('',#3955,#9018);
#9018 = DEFINITIONAL_REPRESENTATION('',(#9019),#9023);
#9019 = LINE('',#9020,#9021);
#9020 = CARTESIAN_POINT('',(-6.28318530718,-0.6));
#9021 = VECTOR('',#9022,1.);
#9022 = DIRECTION('',(1.,-0.));
#9023 = ( GEOMETRIC_REPRESENTATION_CONTEXT(2) 
PARAMETRIC_REPRESENTATION_CONTEXT() REPRESENTATION_CONTEXT('2D SPACE',''
  ) );
#9024 = PCURVE('',#4070,#9025);
#9025 = DEFINITIONAL_REPRESENTATION('',(#9026),#9030);
#9026 = LINE('',#9027,#9028);
#9027 = CARTESIAN_POINT('',(-0.,-0.));
#9028 = VECTOR('',#9029,1.);
#9029 = DIRECTION('',(-1.,-0.));
#9030 = ( GEOMETRIC_REPRESENTATION_CONTEXT(2) 
PARAMETRIC_REPRESENTATION_CONTEXT() REPRESENTATION_CONTEXT('2D SPACE',''
  ) );
#9031 = ORIENTED_EDGE('',*,*,#9032,.T.);
#9032 = EDGE_CURVE('',#9009,#3997,#9033,.T.);
#9033 = SURFACE_CURVE('',#9034,(#9038,#9044),.PCURVE_S1.);
#9034 = LINE('',#9035,#9036);
#9035 = CARTESIAN_POINT('',(51.163618289715,-46.44838171028,0.));
#9036 = VECTOR('',#9037,1.);
#9037 = DIRECTION('',(-0.,-0.,-1.));
#9038 = PCURVE('',#3955,#9039);
#9039 = DEFINITIONAL_REPRESENTATION('',(#9040),#9043);
#9040 = B_SPLINE_CURVE_WITH_KNOTS('',1,(#9041,#9042),.UNSPECIFIED.,.F.,
  .F.,(2,2),(-30.0000006,6.E-07),.PIECEWISE_BEZIER_KNOTS.);
#9041 = CARTESIAN_POINT('',(-5.637161929279,-30.0000006));
#9042 = CARTESIAN_POINT('',(-5.637161929279,6.E-07));
#9043 = ( GEOMETRIC_REPRESENTATION_CONTEXT(2) 
PARAMETRIC_REPRESENTATION_CONTEXT() REPRESENTATION_CONTEXT('2D SPACE',''
  ) );
#9044 = PCURVE('',#4037,#9045);
#9045 = DEFINITIONAL_REPRESENTATION('',(#9046),#9049);
#9046 = B_SPLINE_CURVE_WITH_KNOTS('',1,(#9047,#9048),.UNSPECIFIED.,.F.,
  .F.,(2,2),(-30.0000006,6.E-07),.PIECEWISE_BEZIER_KNOTS.);
#9047 = CARTESIAN_POINT('',(-0.131718236268,-30.0000006));
#9048 = CARTESIAN_POINT('',(-0.131718236268,6.E-07));
#9049 = ( GEOMETRIC_REPRESENTATION_CONTEXT(2) 
PARAMETRIC_REPRESENTATION_CONTEXT() REPRESENTATION_CONTEXT('2D SPACE',''
  ) );
#9050 = ORIENTED_EDGE('',*,*,#3996,.F.);
#9051 = ORIENTED_EDGE('',*,*,#9052,.F.);
#9052 = EDGE_CURVE('',#9053,#3968,#9055,.T.);
#9053 = VERTEX_POINT('',#9054);
#9054 = CARTESIAN_POINT('',(49.785164654425,-48.11483534557,25.));
#9055 = SURFACE_CURVE('',#9056,(#9060,#9066),.PCURVE_S1.);
#9056 = LINE('',#9057,#9058);
#9057 = CARTESIAN_POINT('',(49.785164654425,-48.11483534557,0.));
#9058 = VECTOR('',#9059,1.);
#9059 = DIRECTION('',(-0.,-0.,-1.));
#9060 = PCURVE('',#3955,#9061);
#9061 = DEFINITIONAL_REPRESENTATION('',(#9062),#9065);
#9062 = B_SPLINE_CURVE_WITH_KNOTS('',1,(#9063,#9064),.UNSPECIFIED.,.F.,
  .F.,(2,2),(-25.0000006,6.E-07),.PIECEWISE_BEZIER_KNOTS.);
#9063 = CARTESIAN_POINT('',(-5.547019579116,-25.0000006));
#9064 = CARTESIAN_POINT('',(-5.547019579116,6.E-07));
#9065 = ( GEOMETRIC_REPRESENTATION_CONTEXT(2) 
PARAMETRIC_REPRESENTATION_CONTEXT() REPRESENTATION_CONTEXT('2D SPACE',''
  ) );
#9066 = PCURVE('',#3984,#9067);
#9067 = DEFINITIONAL_REPRESENTATION('',(#9068),#9071);
#9068 = B_SPLINE_CURVE_WITH_KNOTS('',1,(#9069,#9070),.UNSPECIFIED.,.F.,
  .F.,(2,2),(-25.,0.),.PIECEWISE_BEZIER_KNOTS.);
#9069 = CARTESIAN_POINT('',(-5.902440780806,-26.));
#9070 = CARTESIAN_POINT('',(-5.902440780806,-1.));
#9071 = ( GEOMETRIC_REPRESENTATION_CONTEXT(2) 
PARAMETRIC_REPRESENTATION_CONTEXT() REPRESENTATION_CONTEXT('2D SPACE',''
  ) );
#9072 = ORIENTED_EDGE('',*,*,#9073,.T.);
#9073 = EDGE_CURVE('',#9053,#9074,#9076,.T.);
#9074 = VERTEX_POINT('',#9075);
#9075 = CARTESIAN_POINT('',(48.114835345575,-49.78516465442,25.));
#9076 = SURFACE_CURVE('',#9077,(#9082,#9089),.PCURVE_S1.);
#9077 = CIRCLE('',#9078,24.);
#9078 = AXIS2_PLACEMENT_3D('',#9079,#9080,#9081);
#9079 = CARTESIAN_POINT('',(32.,-32.,25.));
#9080 = DIRECTION('',(0.,0.,-1.));
#9081 = DIRECTION('',(1.,0.,0.));
#9082 = PCURVE('',#3955,#9083);
#9083 = DEFINITIONAL_REPRESENTATION('',(#9084),#9088);
#9084 = LINE('',#9085,#9086);
#9085 = CARTESIAN_POINT('',(-6.28318530718,-25.));
#9086 = VECTOR('',#9087,1.);
#9087 = DIRECTION('',(1.,-0.));
#9088 = ( GEOMETRIC_REPRESENTATION_CONTEXT(2) 
PARAMETRIC_REPRESENTATION_CONTEXT() REPRESENTATION_CONTEXT('2D SPACE',''
  ) );
#9089 = PCURVE('',#9090,#9095);
#9090 = PLANE('',#9091);
#9091 = AXIS2_PLACEMENT_3D('',#9092,#9093,#9094);
#9092 = CARTESIAN_POINT('',(47.,-47.,25.));
#9093 = DIRECTION('',(0.,0.,1.));
#9094 = DIRECTION('',(1.,0.,-0.));
#9095 = DEFINITIONAL_REPRESENTATION('',(#9096),#9104);
#9096 = ( BOUNDED_CURVE() B_SPLINE_CURVE(2,(#9097,#9098,#9099,#9100,
#9101,#9102,#9103),.UNSPECIFIED.,.T.,.F.) B_SPLINE_CURVE_WITH_KNOTS((1,2
    ,2,2,2,1),(-2.094395102393,0.,2.094395102393,4.188790204786,
6.28318530718,8.377580409573),.UNSPECIFIED.) CURVE() 
GEOMETRIC_REPRESENTATION_ITEM() RATIONAL_B_SPLINE_CURVE((1.,0.5,1.,0.5,
1.,0.5,1.)) REPRESENTATION_ITEM('') );
#9097 = CARTESIAN_POINT('',(9.,15.));
#9098 = CARTESIAN_POINT('',(9.,-26.56921938165));
#9099 = CARTESIAN_POINT('',(-27.,-5.784609690827));
#9100 = CARTESIAN_POINT('',(-63.,15.));
#9101 = CARTESIAN_POINT('',(-27.,35.784609690827));
#9102 = CARTESIAN_POINT('',(9.,56.569219381653));
#9103 = CARTESIAN_POINT('',(9.,15.));
#9104 = ( GEOMETRIC_REPRESENTATION_CONTEXT(2) 
PARAMETRIC_REPRESENTATION_CONTEXT() REPRESENTATION_CONTEXT('2D SPACE',''
  ) );
#9105 = ORIENTED_EDGE('',*,*,#9106,.T.);
#9106 = EDGE_CURVE('',#9074,#3939,#9107,.T.);
#9107 = SURFACE_CURVE('',#9108,(#9112,#9118),.PCURVE_S1.);
#9108 = LINE('',#9109,#9110);
#9109 = CARTESIAN_POINT('',(48.114835345575,-49.78516465442,0.));
#9110 = VECTOR('',#9111,1.);
#9111 = DIRECTION('',(-0.,-0.,-1.));
#9112 = PCURVE('',#3955,#9113);
#9113 = DEFINITIONAL_REPRESENTATION('',(#9114),#9117);
#9114 = B_SPLINE_CURVE_WITH_KNOTS('',1,(#9115,#9116),.UNSPECIFIED.,.F.,
  .F.,(2,2),(-25.0000006,6.E-07),.PIECEWISE_BEZIER_KNOTS.);
#9115 = CARTESIAN_POINT('',(-5.448554708449,-25.0000006));
#9116 = CARTESIAN_POINT('',(-5.448554708449,6.E-07));
#9117 = ( GEOMETRIC_REPRESENTATION_CONTEXT(2) 
PARAMETRIC_REPRESENTATION_CONTEXT() REPRESENTATION_CONTEXT('2D SPACE',''
  ) );
#9118 = PCURVE('',#3984,#9119);
#9119 = DEFINITIONAL_REPRESENTATION('',(#9120),#9123);
#9120 = B_SPLINE_CURVE_WITH_KNOTS('',1,(#9121,#9122),.UNSPECIFIED.,.F.,
  .F.,(2,2),(-25.,-0.),.PIECEWISE_BEZIER_KNOTS.);
#9121 = CARTESIAN_POINT('',(-11.37631881393,-26.));
#9122 = CARTESIAN_POINT('',(-11.37631881393,-1.));
#9123 = ( GEOMETRIC_REPRESENTATION_CONTEXT(2) 
PARAMETRIC_REPRESENTATION_CONTEXT() REPRESENTATION_CONTEXT('2D SPACE',''
  ) );
#9124 = ORIENTED_EDGE('',*,*,#3938,.F.);
#9125 = ADVANCED_FACE('',(#9126),#4189,.T.);
#9126 = FACE_BOUND('',#9127,.F.);
#9127 = EDGE_LOOP('',(#9128,#9129,#9130,#9131,#9132,#9153,#9186,#9205,
    #9206,#9227,#9251,#9274,#9298,#9317,#9318,#9339,#9361,#9362,#9386,
    #9447,#9473,#9534));
#9128 = ORIENTED_EDGE('',*,*,#8347,.F.);
#9129 = ORIENTED_EDGE('',*,*,#8782,.T.);
#9130 = ORIENTED_EDGE('',*,*,#8866,.T.);
#9131 = ORIENTED_EDGE('',*,*,#4230,.F.);
#9132 = ORIENTED_EDGE('',*,*,#9133,.F.);
#9133 = EDGE_CURVE('',#9134,#4202,#9136,.T.);
#9134 = VERTEX_POINT('',#9135);
#9135 = CARTESIAN_POINT('',(48.114835345576,49.785164654425,25.));
#9136 = SURFACE_CURVE('',#9137,(#9141,#9147),.PCURVE_S1.);
#9137 = LINE('',#9138,#9139);
#9138 = CARTESIAN_POINT('',(48.114835345575,49.785164654425,0.));
#9139 = VECTOR('',#9140,1.);
#9140 = DIRECTION('',(-0.,-0.,-1.));
#9141 = PCURVE('',#4189,#9142);
#9142 = DEFINITIONAL_REPRESENTATION('',(#9143),#9146);
#9143 = B_SPLINE_CURVE_WITH_KNOTS('',1,(#9144,#9145),.UNSPECIFIED.,.F.,
  .F.,(2,2),(-25.0000006,6.E-07),.PIECEWISE_BEZIER_KNOTS.);
#9144 = CARTESIAN_POINT('',(-0.834630598731,-25.0000006));
#9145 = CARTESIAN_POINT('',(-0.834630598731,6.E-07));
#9146 = ( GEOMETRIC_REPRESENTATION_CONTEXT(2) 
PARAMETRIC_REPRESENTATION_CONTEXT() REPRESENTATION_CONTEXT('2D SPACE',''
  ) );
#9147 = PCURVE('',#4218,#9148);
#9148 = DEFINITIONAL_REPRESENTATION('',(#9149),#9152);
#9149 = B_SPLINE_CURVE_WITH_KNOTS('',1,(#9150,#9151),.UNSPECIFIED.,.F.,
  .F.,(2,2),(-25.,0.),.PIECEWISE_BEZIER_KNOTS.);
#9150 = CARTESIAN_POINT('',(-1.190051800421,-26.));
#9151 = CARTESIAN_POINT('',(-1.190051800421,-1.));
#9152 = ( GEOMETRIC_REPRESENTATION_CONTEXT(2) 
PARAMETRIC_REPRESENTATION_CONTEXT() REPRESENTATION_CONTEXT('2D SPACE',''
  ) );
#9153 = ORIENTED_EDGE('',*,*,#9154,.T.);
#9154 = EDGE_CURVE('',#9134,#9155,#9157,.T.);
#9155 = VERTEX_POINT('',#9156);
#9156 = CARTESIAN_POINT('',(49.785164654425,48.114835345576,25.));
#9157 = SURFACE_CURVE('',#9158,(#9163,#9170),.PCURVE_S1.);
#9158 = CIRCLE('',#9159,24.);
#9159 = AXIS2_PLACEMENT_3D('',#9160,#9161,#9162);
#9160 = CARTESIAN_POINT('',(32.,32.,25.));
#9161 = DIRECTION('',(0.,0.,-1.));
#9162 = DIRECTION('',(1.,0.,0.));
#9163 = PCURVE('',#4189,#9164);
#9164 = DEFINITIONAL_REPRESENTATION('',(#9165),#9169);
#9165 = LINE('',#9166,#9167);
#9166 = CARTESIAN_POINT('',(-6.28318530718,-25.));
#9167 = VECTOR('',#9168,1.);
#9168 = DIRECTION('',(1.,-0.));
#9169 = ( GEOMETRIC_REPRESENTATION_CONTEXT(2) 
PARAMETRIC_REPRESENTATION_CONTEXT() REPRESENTATION_CONTEXT('2D SPACE',''
  ) );
#9170 = PCURVE('',#9171,#9176);
#9171 = PLANE('',#9172);
#9172 = AXIS2_PLACEMENT_3D('',#9173,#9174,#9175);
#9173 = CARTESIAN_POINT('',(47.,47.,25.));
#9174 = DIRECTION('',(0.,0.,1.));
#9175 = DIRECTION('',(1.,0.,-0.));
#9176 = DEFINITIONAL_REPRESENTATION('',(#9177),#9185);
#9177 = ( BOUNDED_CURVE() B_SPLINE_CURVE(2,(#9178,#9179,#9180,#9181,
#9182,#9183,#9184),.UNSPECIFIED.,.T.,.F.) B_SPLINE_CURVE_WITH_KNOTS((1,2
    ,2,2,2,1),(-2.094395102393,0.,2.094395102393,4.188790204786,
6.28318530718,8.377580409573),.UNSPECIFIED.) CURVE() 
GEOMETRIC_REPRESENTATION_ITEM() RATIONAL_B_SPLINE_CURVE((1.,0.5,1.,0.5,
1.,0.5,1.)) REPRESENTATION_ITEM('') );
#9178 = CARTESIAN_POINT('',(9.,-15.));
#9179 = CARTESIAN_POINT('',(9.,-56.56921938165));
#9180 = CARTESIAN_POINT('',(-27.,-35.78460969082));
#9181 = CARTESIAN_POINT('',(-63.,-15.));
#9182 = CARTESIAN_POINT('',(-27.,5.784609690827));
#9183 = CARTESIAN_POINT('',(9.,26.569219381653));
#9184 = CARTESIAN_POINT('',(9.,-15.));
#9185 = ( GEOMETRIC_REPRESENTATION_CONTEXT(2) 
PARAMETRIC_REPRESENTATION_CONTEXT() REPRESENTATION_CONTEXT('2D SPACE',''
  ) );
#9186 = ORIENTED_EDGE('',*,*,#9187,.T.);
#9187 = EDGE_CURVE('',#9155,#4173,#9188,.T.);
#9188 = SURFACE_CURVE('',#9189,(#9193,#9199),.PCURVE_S1.);
#9189 = LINE('',#9190,#9191);
#9190 = CARTESIAN_POINT('',(49.785164654425,48.114835345575,0.));
#9191 = VECTOR('',#9192,1.);
#9192 = DIRECTION('',(-0.,-0.,-1.));
#9193 = PCURVE('',#4189,#9194);
#9194 = DEFINITIONAL_REPRESENTATION('',(#9195),#9198);
#9195 = B_SPLINE_CURVE_WITH_KNOTS('',1,(#9196,#9197),.UNSPECIFIED.,.F.,
  .F.,(2,2),(-25.0000006,6.E-07),.PIECEWISE_BEZIER_KNOTS.);
#9196 = CARTESIAN_POINT('',(-0.736165728064,-25.0000006));
#9197 = CARTESIAN_POINT('',(-0.736165728064,6.E-07));
#9198 = ( GEOMETRIC_REPRESENTATION_CONTEXT(2) 
PARAMETRIC_REPRESENTATION_CONTEXT() REPRESENTATION_CONTEXT('2D SPACE',''
  ) );
#9199 = PCURVE('',#4218,#9200);
#9200 = DEFINITIONAL_REPRESENTATION('',(#9201),#9204);
#9201 = B_SPLINE_CURVE_WITH_KNOTS('',1,(#9202,#9203),.UNSPECIFIED.,.F.,
  .F.,(2,2),(-25.,0.),.PIECEWISE_BEZIER_KNOTS.);
#9202 = CARTESIAN_POINT('',(-6.663929833553,-26.));
#9203 = CARTESIAN_POINT('',(-6.663929833553,-1.));
#9204 = ( GEOMETRIC_REPRESENTATION_CONTEXT(2) 
PARAMETRIC_REPRESENTATION_CONTEXT() REPRESENTATION_CONTEXT('2D SPACE',''
  ) );
#9205 = ORIENTED_EDGE('',*,*,#4172,.F.);
#9206 = ORIENTED_EDGE('',*,*,#9207,.F.);
#9207 = EDGE_CURVE('',#9208,#4144,#9210,.T.);
#9208 = VERTEX_POINT('',#9209);
#9209 = CARTESIAN_POINT('',(51.163618289715,46.448381710285,0.6));
#9210 = SURFACE_CURVE('',#9211,(#9215,#9221),.PCURVE_S1.);
#9211 = LINE('',#9212,#9213);
#9212 = CARTESIAN_POINT('',(51.163618289715,46.448381710285,0.));
#9213 = VECTOR('',#9214,1.);
#9214 = DIRECTION('',(-0.,-0.,-1.));
#9215 = PCURVE('',#4189,#9216);
#9216 = DEFINITIONAL_REPRESENTATION('',(#9217),#9220);
#9217 = B_SPLINE_CURVE_WITH_KNOTS('',1,(#9218,#9219),.UNSPECIFIED.,.F.,
  .F.,(2,2),(-30.0000006,6.E-07),.PIECEWISE_BEZIER_KNOTS.);
#9218 = CARTESIAN_POINT('',(-0.646023377901,-30.0000006));
#9219 = CARTESIAN_POINT('',(-0.646023377901,6.E-07));
#9220 = ( GEOMETRIC_REPRESENTATION_CONTEXT(2) 
PARAMETRIC_REPRESENTATION_CONTEXT() REPRESENTATION_CONTEXT('2D SPACE',''
  ) );
#9221 = PCURVE('',#4160,#9222);
#9222 = DEFINITIONAL_REPRESENTATION('',(#9223),#9226);
#9223 = B_SPLINE_CURVE_WITH_KNOTS('',1,(#9224,#9225),.UNSPECIFIED.,.F.,
  .F.,(2,2),(-30.0000006,6.E-07),.PIECEWISE_BEZIER_KNOTS.);
#9224 = CARTESIAN_POINT('',(-6.151467070912,-30.0000006));
#9225 = CARTESIAN_POINT('',(-6.151467070912,6.E-07));
#9226 = ( GEOMETRIC_REPRESENTATION_CONTEXT(2) 
PARAMETRIC_REPRESENTATION_CONTEXT() REPRESENTATION_CONTEXT('2D SPACE',''
  ) );
#9227 = ORIENTED_EDGE('',*,*,#9228,.T.);
#9228 = EDGE_CURVE('',#9208,#9229,#9231,.T.);
#9229 = VERTEX_POINT('',#9230);
#9230 = CARTESIAN_POINT('',(56.,32.,0.6));
#9231 = SURFACE_CURVE('',#9232,(#9237,#9244),.PCURVE_S1.);
#9232 = CIRCLE('',#9233,24.);
#9233 = AXIS2_PLACEMENT_3D('',#9234,#9235,#9236);
#9234 = CARTESIAN_POINT('',(32.,32.,0.6));
#9235 = DIRECTION('',(0.,-0.,-1.));
#9236 = DIRECTION('',(0.,1.,-0.));
#9237 = PCURVE('',#4189,#9238);
#9238 = DEFINITIONAL_REPRESENTATION('',(#9239),#9243);
#9239 = LINE('',#9240,#9241);
#9240 = CARTESIAN_POINT('',(-1.570796326795,-0.6));
#9241 = VECTOR('',#9242,1.);
#9242 = DIRECTION('',(1.,-0.));
#9243 = ( GEOMETRIC_REPRESENTATION_CONTEXT(2) 
PARAMETRIC_REPRESENTATION_CONTEXT() REPRESENTATION_CONTEXT('2D SPACE',''
  ) );
#9244 = PCURVE('',#4131,#9245);
#9245 = DEFINITIONAL_REPRESENTATION('',(#9246),#9250);
#9246 = LINE('',#9247,#9248);
#9247 = CARTESIAN_POINT('',(-0.,-0.));
#9248 = VECTOR('',#9249,1.);
#9249 = DIRECTION('',(-1.,-0.));
#9250 = ( GEOMETRIC_REPRESENTATION_CONTEXT(2) 
PARAMETRIC_REPRESENTATION_CONTEXT() REPRESENTATION_CONTEXT('2D SPACE',''
  ) );
#9251 = ORIENTED_EDGE('',*,*,#9252,.T.);
#9252 = EDGE_CURVE('',#9229,#9253,#9255,.T.);
#9253 = VERTEX_POINT('',#9254);
#9254 = CARTESIAN_POINT('',(56.,32.,29.2));
#9255 = SURFACE_CURVE('',#9256,(#9260,#9267),.PCURVE_S1.);
#9256 = LINE('',#9257,#9258);
#9257 = CARTESIAN_POINT('',(56.,32.,0.));
#9258 = VECTOR('',#9259,1.);
#9259 = DIRECTION('',(0.,0.,1.));
#9260 = PCURVE('',#4189,#9261);
#9261 = DEFINITIONAL_REPRESENTATION('',(#9262),#9266);
#9262 = LINE('',#9263,#9264);
#9263 = CARTESIAN_POINT('',(-0.,0.));
#9264 = VECTOR('',#9265,1.);
#9265 = DIRECTION('',(-0.,-1.));
#9266 = ( GEOMETRIC_REPRESENTATION_CONTEXT(2) 
PARAMETRIC_REPRESENTATION_CONTEXT() REPRESENTATION_CONTEXT('2D SPACE',''
  ) );
#9267 = PCURVE('',#8996,#9268);
#9268 = DEFINITIONAL_REPRESENTATION('',(#9269),#9273);
#9269 = LINE('',#9270,#9271);
#9270 = CARTESIAN_POINT('',(64.,0.));
#9271 = VECTOR('',#9272,1.);
#9272 = DIRECTION('',(0.,-1.));
#9273 = ( GEOMETRIC_REPRESENTATION_CONTEXT(2) 
PARAMETRIC_REPRESENTATION_CONTEXT() REPRESENTATION_CONTEXT('2D SPACE',''
  ) );
#9274 = ORIENTED_EDGE('',*,*,#9275,.F.);
#9275 = EDGE_CURVE('',#9276,#9253,#9278,.T.);
#9276 = VERTEX_POINT('',#9277);
#9277 = CARTESIAN_POINT('',(51.163618289715,46.448381710285,29.2));
#9278 = SURFACE_CURVE('',#9279,(#9284,#9291),.PCURVE_S1.);
#9279 = CIRCLE('',#9280,24.);
#9280 = AXIS2_PLACEMENT_3D('',#9281,#9282,#9283);
#9281 = CARTESIAN_POINT('',(32.,32.,29.2));
#9282 = DIRECTION('',(0.,-0.,-1.));
#9283 = DIRECTION('',(0.,1.,-0.));
#9284 = PCURVE('',#4189,#9285);
#9285 = DEFINITIONAL_REPRESENTATION('',(#9286),#9290);
#9286 = LINE('',#9287,#9288);
#9287 = CARTESIAN_POINT('',(-1.570796326795,-29.2));
#9288 = VECTOR('',#9289,1.);
#9289 = DIRECTION('',(1.,-0.));
#9290 = ( GEOMETRIC_REPRESENTATION_CONTEXT(2) 
PARAMETRIC_REPRESENTATION_CONTEXT() REPRESENTATION_CONTEXT('2D SPACE',''
  ) );
#9291 = PCURVE('',#7042,#9292);
#9292 = DEFINITIONAL_REPRESENTATION('',(#9293),#9297);
#9293 = LINE('',#9294,#9295);
#9294 = CARTESIAN_POINT('',(0.,-0.));
#9295 = VECTOR('',#9296,1.);
#9296 = DIRECTION('',(1.,-0.));
#9297 = ( GEOMETRIC_REPRESENTATION_CONTEXT(2) 
PARAMETRIC_REPRESENTATION_CONTEXT() REPRESENTATION_CONTEXT('2D SPACE',''
  ) );
#9298 = ORIENTED_EDGE('',*,*,#9299,.F.);
#9299 = EDGE_CURVE('',#7055,#9276,#9300,.T.);
#9300 = SURFACE_CURVE('',#9301,(#9305,#9311),.PCURVE_S1.);
#9301 = LINE('',#9302,#9303);
#9302 = CARTESIAN_POINT('',(51.163618289715,46.448381710285,0.));
#9303 = VECTOR('',#9304,1.);
#9304 = DIRECTION('',(-0.,-0.,-1.));
#9305 = PCURVE('',#4189,#9306);
#9306 = DEFINITIONAL_REPRESENTATION('',(#9307),#9310);
#9307 = B_SPLINE_CURVE_WITH_KNOTS('',1,(#9308,#9309),.UNSPECIFIED.,.F.,
  .F.,(2,2),(-30.0000006,6.E-07),.PIECEWISE_BEZIER_KNOTS.);
#9308 = CARTESIAN_POINT('',(-0.646023377901,-30.0000006));
#9309 = CARTESIAN_POINT('',(-0.646023377901,6.E-07));
#9310 = ( GEOMETRIC_REPRESENTATION_CONTEXT(2) 
PARAMETRIC_REPRESENTATION_CONTEXT() REPRESENTATION_CONTEXT('2D SPACE',''
  ) );
#9311 = PCURVE('',#7071,#9312);
#9312 = DEFINITIONAL_REPRESENTATION('',(#9313),#9316);
#9313 = B_SPLINE_CURVE_WITH_KNOTS('',1,(#9314,#9315),.UNSPECIFIED.,.F.,
  .F.,(2,2),(-30.0000006,6.E-07),.PIECEWISE_BEZIER_KNOTS.);
#9314 = CARTESIAN_POINT('',(-6.151467070912,-30.0000006));
#9315 = CARTESIAN_POINT('',(-6.151467070912,6.E-07));
#9316 = ( GEOMETRIC_REPRESENTATION_CONTEXT(2) 
PARAMETRIC_REPRESENTATION_CONTEXT() REPRESENTATION_CONTEXT('2D SPACE',''
  ) );
#9317 = ORIENTED_EDGE('',*,*,#7083,.T.);
#9318 = ORIENTED_EDGE('',*,*,#9319,.T.);
#9319 = EDGE_CURVE('',#7084,#9320,#9322,.T.);
#9320 = VERTEX_POINT('',#9321);
#9321 = CARTESIAN_POINT('',(46.448381710285,51.163618289715,29.2));
#9322 = SURFACE_CURVE('',#9323,(#9327,#9333),.PCURVE_S1.);
#9323 = LINE('',#9324,#9325);
#9324 = CARTESIAN_POINT('',(46.448381710285,51.163618289715,0.));
#9325 = VECTOR('',#9326,1.);
#9326 = DIRECTION('',(-0.,-0.,-1.));
#9327 = PCURVE('',#4189,#9328);
#9328 = DEFINITIONAL_REPRESENTATION('',(#9329),#9332);
#9329 = B_SPLINE_CURVE_WITH_KNOTS('',1,(#9330,#9331),.UNSPECIFIED.,.F.,
  .F.,(2,2),(-30.0000006,6.E-07),.PIECEWISE_BEZIER_KNOTS.);
#9330 = CARTESIAN_POINT('',(-0.924772948894,-30.0000006));
#9331 = CARTESIAN_POINT('',(-0.924772948894,6.E-07));
#9332 = ( GEOMETRIC_REPRESENTATION_CONTEXT(2) 
PARAMETRIC_REPRESENTATION_CONTEXT() REPRESENTATION_CONTEXT('2D SPACE',''
  ) );
#9333 = PCURVE('',#7124,#9334);
#9334 = DEFINITIONAL_REPRESENTATION('',(#9335),#9338);
#9335 = B_SPLINE_CURVE_WITH_KNOTS('',1,(#9336,#9337),.UNSPECIFIED.,.F.,
  .F.,(2,2),(-30.0000006,6.E-07),.PIECEWISE_BEZIER_KNOTS.);
#9336 = CARTESIAN_POINT('',(-1.702514563063,-30.0000006));
#9337 = CARTESIAN_POINT('',(-1.702514563063,6.E-07));
#9338 = ( GEOMETRIC_REPRESENTATION_CONTEXT(2) 
PARAMETRIC_REPRESENTATION_CONTEXT() REPRESENTATION_CONTEXT('2D SPACE',''
  ) );
#9339 = ORIENTED_EDGE('',*,*,#9340,.F.);
#9340 = EDGE_CURVE('',#8158,#9320,#9341,.T.);
#9341 = SURFACE_CURVE('',#9342,(#9347,#9354),.PCURVE_S1.);
#9342 = CIRCLE('',#9343,24.);
#9343 = AXIS2_PLACEMENT_3D('',#9344,#9345,#9346);
#9344 = CARTESIAN_POINT('',(32.,32.,29.2));
#9345 = DIRECTION('',(0.,-0.,-1.));
#9346 = DIRECTION('',(0.,1.,-0.));
#9347 = PCURVE('',#4189,#9348);
#9348 = DEFINITIONAL_REPRESENTATION('',(#9349),#9353);
#9349 = LINE('',#9350,#9351);
#9350 = CARTESIAN_POINT('',(-1.570796326795,-29.2));
#9351 = VECTOR('',#9352,1.);
#9352 = DIRECTION('',(1.,-0.));
#9353 = ( GEOMETRIC_REPRESENTATION_CONTEXT(2) 
PARAMETRIC_REPRESENTATION_CONTEXT() REPRESENTATION_CONTEXT('2D SPACE',''
  ) );
#9354 = PCURVE('',#7157,#9355);
#9355 = DEFINITIONAL_REPRESENTATION('',(#9356),#9360);
#9356 = LINE('',#9357,#9358);
#9357 = CARTESIAN_POINT('',(0.,-0.));
#9358 = VECTOR('',#9359,1.);
#9359 = DIRECTION('',(1.,-0.));
#9360 = ( GEOMETRIC_REPRESENTATION_CONTEXT(2) 
PARAMETRIC_REPRESENTATION_CONTEXT() REPRESENTATION_CONTEXT('2D SPACE',''
  ) );
#9361 = ORIENTED_EDGE('',*,*,#8180,.F.);
#9362 = ORIENTED_EDGE('',*,*,#9363,.T.);
#9363 = EDGE_CURVE('',#8181,#9364,#9366,.T.);
#9364 = VERTEX_POINT('',#9365);
#9365 = CARTESIAN_POINT('',(35.,55.811761799581,24.75));
#9366 = SURFACE_CURVE('',#9367,(#9372,#9379),.PCURVE_S1.);
#9367 = CIRCLE('',#9368,24.);
#9368 = AXIS2_PLACEMENT_3D('',#9369,#9370,#9371);
#9369 = CARTESIAN_POINT('',(32.,32.,24.75));
#9370 = DIRECTION('',(0.,0.,-1.));
#9371 = DIRECTION('',(1.,0.,0.));
#9372 = PCURVE('',#4189,#9373);
#9373 = DEFINITIONAL_REPRESENTATION('',(#9374),#9378);
#9374 = LINE('',#9375,#9376);
#9375 = CARTESIAN_POINT('',(-6.28318530718,-24.75));
#9376 = VECTOR('',#9377,1.);
#9377 = DIRECTION('',(1.,-0.));
#9378 = ( GEOMETRIC_REPRESENTATION_CONTEXT(2) 
PARAMETRIC_REPRESENTATION_CONTEXT() REPRESENTATION_CONTEXT('2D SPACE',''
  ) );
#9379 = PCURVE('',#8218,#9380);
#9380 = DEFINITIONAL_REPRESENTATION('',(#9381),#9385);
#9381 = CIRCLE('',#9382,24.);
#9382 = AXIS2_PLACEMENT_2D('',#9383,#9384);
#9383 = CARTESIAN_POINT('',(5.5,-25.));
#9384 = DIRECTION('',(-1.,0.));
#9385 = ( GEOMETRIC_REPRESENTATION_CONTEXT(2) 
PARAMETRIC_REPRESENTATION_CONTEXT() REPRESENTATION_CONTEXT('2D SPACE',''
  ) );
#9386 = ORIENTED_EDGE('',*,*,#9387,.F.);
#9387 = EDGE_CURVE('',#9388,#9364,#9390,.T.);
#9388 = VERTEX_POINT('',#9389);
#9389 = CARTESIAN_POINT('',(37.5,55.361292772447,22.25));
#9390 = SURFACE_CURVE('',#9391,(#9406,#9424),.PCURVE_S1.);
#9391 = B_SPLINE_CURVE_WITH_KNOTS('',7,(#9392,#9393,#9394,#9395,#9396,
    #9397,#9398,#9399,#9400,#9401,#9402,#9403,#9404,#9405),
  .UNSPECIFIED.,.F.,.F.,(8,6,8),(0.,0.508093234671,1.),.UNSPECIFIED.);
#9392 = CARTESIAN_POINT('',(37.5,55.361292772447,22.25));
#9393 = CARTESIAN_POINT('',(37.5,55.361292772447,22.499423446181));
#9394 = CARTESIAN_POINT('',(37.470968283012,55.368127747111,
    22.748676863667));
#9395 = CARTESIAN_POINT('',(37.412971935745,55.381782087956,
    22.995593289325));
#9396 = CARTESIAN_POINT('',(37.325486191641,55.402138801787,
    23.237835087431));
#9397 = CARTESIAN_POINT('',(37.20754609836,55.428949847481,
    23.472583441388));
#9398 = CARTESIAN_POINT('',(37.057897757171,55.461723205635,
    23.696137839535));
#9399 = CARTESIAN_POINT('',(36.698475370425,55.536289717237,
    24.103822511637));
#9400 = CARTESIAN_POINT('',(36.486631863044,55.578620501504,
    24.293674365633));
#9401 = CARTESIAN_POINT('',(36.240048556784,55.625395557758,
    24.462191890202));
#9402 = CARTESIAN_POINT('',(35.961800227325,55.674523851206,
    24.59977958837));
#9403 = CARTESIAN_POINT('',(35.657240237393,55.723417197332,
    24.698057702039));
#9404 = CARTESIAN_POINT('',(35.333626141332,55.769728856684,24.75));
#9405 = CARTESIAN_POINT('',(35.,55.811761799581,24.75));
#9406 = PCURVE('',#4189,#9407);
#9407 = DEFINITIONAL_REPRESENTATION('',(#9408),#9423);
#9408 = B_SPLINE_CURVE_WITH_KNOTS('',7,(#9409,#9410,#9411,#9412,#9413,
    #9414,#9415,#9416,#9417,#9418,#9419,#9420,#9421,#9422),
  .UNSPECIFIED.,.F.,.F.,(8,6,8),(0.,0.508093234671,1.),.UNSPECIFIED.);
#9409 = CARTESIAN_POINT('',(-1.339574847338,-22.25));
#9410 = CARTESIAN_POINT('',(-1.339574847338,-22.49942344618));
#9411 = CARTESIAN_POINT('',(-1.340817574279,-22.74867686366));
#9412 = CARTESIAN_POINT('',(-1.343300159387,-22.99559328932));
#9413 = CARTESIAN_POINT('',(-1.347042764104,-23.23783508743));
#9414 = CARTESIAN_POINT('',(-1.352082171758,-23.47258344138));
#9415 = CARTESIAN_POINT('',(-1.358464909462,-23.69613783953));
#9416 = CARTESIAN_POINT('',(-1.373759732975,-24.10382251163));
#9417 = CARTESIAN_POINT('',(-1.382760795433,-24.29367436563));
#9418 = CARTESIAN_POINT('',(-1.393217504779,-24.4621918902));
#9419 = CARTESIAN_POINT('',(-1.404988551835,-24.59977958837));
#9420 = CARTESIAN_POINT('',(-1.4178381409,-24.69805770203));
#9421 = CARTESIAN_POINT('',(-1.431457514661,-24.75));
#9422 = CARTESIAN_POINT('',(-1.445468495627,-24.75));
#9423 = ( GEOMETRIC_REPRESENTATION_CONTEXT(2) 
PARAMETRIC_REPRESENTATION_CONTEXT() REPRESENTATION_CONTEXT('2D SPACE',''
  ) );
#9424 = PCURVE('',#9425,#9430);
#9425 = CYLINDRICAL_SURFACE('',#9426,2.5);
#9426 = AXIS2_PLACEMENT_3D('',#9427,#9428,#9429);
#9427 = CARTESIAN_POINT('',(35.,57.,22.25));
#9428 = DIRECTION('',(0.,-1.,0.));
#9429 = DIRECTION('',(1.,0.,-0.));
#9430 = DEFINITIONAL_REPRESENTATION('',(#9431),#9446);
#9431 = B_SPLINE_CURVE_WITH_KNOTS('',7,(#9432,#9433,#9434,#9435,#9436,
    #9437,#9438,#9439,#9440,#9441,#9442,#9443,#9444,#9445),
  .UNSPECIFIED.,.F.,.F.,(8,6,8),(0.,0.508093234671,1.),.UNSPECIFIED.);
#9432 = CARTESIAN_POINT('',(0.,1.638707227553));
#9433 = CARTESIAN_POINT('',(9.976937847233E-02,1.638707227553));
#9434 = CARTESIAN_POINT('',(0.199470579533,1.631872252889));
#9435 = CARTESIAN_POINT('',(0.299859972561,1.618217912044));
#9436 = CARTESIAN_POINT('',(0.401611434275,1.597861198213));
#9437 = CARTESIAN_POINT('',(0.505444973478,1.571050152519));
#9438 = CARTESIAN_POINT('',(0.612107029208,1.538276794365));
#9439 = CARTESIAN_POINT('',(0.829506659,1.463710282763));
#9440 = CARTESIAN_POINT('',(0.942508432117,1.421379498496));
#9441 = CARTESIAN_POINT('',(1.060296272803,1.374604442242));
#9442 = CARTESIAN_POINT('',(1.182194711769,1.325476148794));
#9443 = CARTESIAN_POINT('',(1.307900213962,1.276582802668));
#9444 = CARTESIAN_POINT('',(1.437345870262,1.230271143316));
#9445 = CARTESIAN_POINT('',(1.570796326795,1.188238200419));
#9446 = ( GEOMETRIC_REPRESENTATION_CONTEXT(2) 
PARAMETRIC_REPRESENTATION_CONTEXT() REPRESENTATION_CONTEXT('2D SPACE',''
  ) );
#9447 = ORIENTED_EDGE('',*,*,#9448,.T.);
#9448 = EDGE_CURVE('',#9388,#9449,#9451,.T.);
#9449 = VERTEX_POINT('',#9450);
#9450 = CARTESIAN_POINT('',(37.5,55.361292772447,9.25));
#9451 = SURFACE_CURVE('',#9452,(#9456,#9462),.PCURVE_S1.);
#9452 = LINE('',#9453,#9454);
#9453 = CARTESIAN_POINT('',(37.5,55.361292772447,0.));
#9454 = VECTOR('',#9455,1.);
#9455 = DIRECTION('',(-0.,-0.,-1.));
#9456 = PCURVE('',#4189,#9457);
#9457 = DEFINITIONAL_REPRESENTATION('',(#9458),#9461);
#9458 = B_SPLINE_CURVE_WITH_KNOTS('',1,(#9459,#9460),.UNSPECIFIED.,.F.,
  .F.,(2,2),(-23.55,-7.95),.PIECEWISE_BEZIER_KNOTS.);
#9459 = CARTESIAN_POINT('',(-1.339574847338,-23.55));
#9460 = CARTESIAN_POINT('',(-1.339574847338,-7.95));
#9461 = ( GEOMETRIC_REPRESENTATION_CONTEXT(2) 
PARAMETRIC_REPRESENTATION_CONTEXT() REPRESENTATION_CONTEXT('2D SPACE',''
  ) );
#9462 = PCURVE('',#9463,#9468);
#9463 = PLANE('',#9464);
#9464 = AXIS2_PLACEMENT_3D('',#9465,#9466,#9467);
#9465 = CARTESIAN_POINT('',(37.5,57.,6.75));
#9466 = DIRECTION('',(-1.,0.,0.));
#9467 = DIRECTION('',(0.,0.,1.));
#9468 = DEFINITIONAL_REPRESENTATION('',(#9469),#9472);
#9469 = B_SPLINE_CURVE_WITH_KNOTS('',1,(#9470,#9471),.UNSPECIFIED.,.F.,
  .F.,(2,2),(-23.55,-7.95),.PIECEWISE_BEZIER_KNOTS.);
#9470 = CARTESIAN_POINT('',(16.8,-1.638707227553));
#9471 = CARTESIAN_POINT('',(1.2,-1.638707227553));
#9472 = ( GEOMETRIC_REPRESENTATION_CONTEXT(2) 
PARAMETRIC_REPRESENTATION_CONTEXT() REPRESENTATION_CONTEXT('2D SPACE',''
  ) );
#9473 = ORIENTED_EDGE('',*,*,#9474,.F.);
#9474 = EDGE_CURVE('',#9475,#9449,#9477,.T.);
#9475 = VERTEX_POINT('',#9476);
#9476 = CARTESIAN_POINT('',(35.,55.811761799581,6.75));
#9477 = SURFACE_CURVE('',#9478,(#9493,#9511),.PCURVE_S1.);
#9478 = B_SPLINE_CURVE_WITH_KNOTS('',7,(#9479,#9480,#9481,#9482,#9483,
    #9484,#9485,#9486,#9487,#9488,#9489,#9490,#9491,#9492),
  .UNSPECIFIED.,.F.,.F.,(8,6,8),(0.,0.451669011572,1.),.UNSPECIFIED.);
#9479 = CARTESIAN_POINT('',(35.,55.811761799581,6.75));
#9480 = CARTESIAN_POINT('',(35.305425318396,55.773281826411,6.75));
#9481 = CARTESIAN_POINT('',(35.603332254424,55.731105964207,
    6.793532444645));
#9482 = CARTESIAN_POINT('',(35.886343688816,55.686543981839,
    6.87674231209));
#9483 = CARTESIAN_POINT('',(36.148220063637,55.64141901094,
    6.994371242459));
#9484 = CARTESIAN_POINT('',(36.3841208395,55.597807553847,7.13985162219)
  );
#9485 = CARTESIAN_POINT('',(36.590952658718,55.557497775967,
    7.305418752785));
#9486 = CARTESIAN_POINT('',(36.982421388515,55.478148281658,
    7.696887482582));
#9487 = CARTESIAN_POINT('',(37.158050695279,55.440169403884,
    7.933332854646));
#9488 = CARTESIAN_POINT('',(37.296152765803,55.408957203695,
    8.184292185106));
#9489 = CARTESIAN_POINT('',(37.398392951439,55.385214610339,
    8.444791159913));
#9490 = CARTESIAN_POINT('',(37.466096339772,55.369274721474,
    8.711162026791));
#9491 = CARTESIAN_POINT('',(37.5,55.361292772447,8.980457862177));
#9492 = CARTESIAN_POINT('',(37.5,55.361292772447,9.25));
#9493 = PCURVE('',#4189,#9494);
#9494 = DEFINITIONAL_REPRESENTATION('',(#9495),#9510);
#9495 = B_SPLINE_CURVE_WITH_KNOTS('',7,(#9496,#9497,#9498,#9499,#9500,
    #9501,#9502,#9503,#9504,#9505,#9506,#9507,#9508,#9509),
  .UNSPECIFIED.,.F.,.F.,(8,6,8),(0.,0.451669011572,1.),.UNSPECIFIED.);
#9496 = CARTESIAN_POINT('',(-1.445468495627,-6.75));
#9497 = CARTESIAN_POINT('',(-1.432641837903,-6.75));
#9498 = CARTESIAN_POINT('',(-1.420106736521,-6.793532444645));
#9499 = CARTESIAN_POINT('',(-1.408171559286,-6.87674231209));
#9500 = CARTESIAN_POINT('',(-1.397100912584,-6.994371242459));
#9501 = CARTESIAN_POINT('',(-1.387105921784,-7.13985162219));
#9502 = CARTESIAN_POINT('',(-1.378326037508,-7.305418752785));
#9503 = CARTESIAN_POINT('',(-1.36168313212,-7.696887482582));
#9504 = CARTESIAN_POINT('',(-1.354196731209,-7.933332854646));
#9505 = CARTESIAN_POINT('',(-1.348297568993,-8.184292185106));
#9506 = CARTESIAN_POINT('',(-1.343924226733,-8.444791159913));
#9507 = CARTESIAN_POINT('',(-1.341026121621,-8.711162026791));
#9508 = CARTESIAN_POINT('',(-1.339574847338,-8.980457862177));
#9509 = CARTESIAN_POINT('',(-1.339574847338,-9.25));
#9510 = ( GEOMETRIC_REPRESENTATION_CONTEXT(2) 
PARAMETRIC_REPRESENTATION_CONTEXT() REPRESENTATION_CONTEXT('2D SPACE',''
  ) );
#9511 = PCURVE('',#9512,#9517);
#9512 = CYLINDRICAL_SURFACE('',#9513,2.5);
#9513 = AXIS2_PLACEMENT_3D('',#9514,#9515,#9516);
#9514 = CARTESIAN_POINT('',(35.,57.,9.25));
#9515 = DIRECTION('',(0.,-1.,0.));
#9516 = DIRECTION('',(0.,-0.,-1.));
#9517 = DEFINITIONAL_REPRESENTATION('',(#9518),#9533);
#9518 = B_SPLINE_CURVE_WITH_KNOTS('',7,(#9519,#9520,#9521,#9522,#9523,
    #9524,#9525,#9526,#9527,#9528,#9529,#9530,#9531,#9532),
  .UNSPECIFIED.,.F.,.F.,(8,6,8),(0.,0.451669011572,1.),.UNSPECIFIED.);
#9519 = CARTESIAN_POINT('',(0.,1.188238200419));
#9520 = CARTESIAN_POINT('',(0.122170127358,1.226718173589));
#9521 = CARTESIAN_POINT('',(0.241332842647,1.268894035793));
#9522 = CARTESIAN_POINT('',(0.357515942904,1.313456018161));
#9523 = CARTESIAN_POINT('',(0.470541540532,1.35858098906));
#9524 = CARTESIAN_POINT('',(0.580046538765,1.402192446153));
#9525 = CARTESIAN_POINT('',(0.685376894218,1.442502224033));
#9526 = CARTESIAN_POINT('',(0.906825048988,1.521851718342));
#9527 = CARTESIAN_POINT('',(1.023377605279,1.559830596116));
#9528 = CARTESIAN_POINT('',(1.136343453827,1.591042796305));
#9529 = CARTESIAN_POINT('',(1.246664516656,1.614785389661));
#9530 = CARTESIAN_POINT('',(1.355261471111,1.630725278526));
#9531 = CARTESIAN_POINT('',(1.462979471666,1.638707227553));
#9532 = CARTESIAN_POINT('',(1.570796326795,1.638707227553));
#9533 = ( GEOMETRIC_REPRESENTATION_CONTEXT(2) 
PARAMETRIC_REPRESENTATION_CONTEXT() REPRESENTATION_CONTEXT('2D SPACE',''
  ) );
#9534 = ORIENTED_EDGE('',*,*,#9535,.F.);
#9535 = EDGE_CURVE('',#8322,#9475,#9536,.T.);
#9536 = SURFACE_CURVE('',#9537,(#9542,#9549),.PCURVE_S1.);
#9537 = CIRCLE('',#9538,24.);
#9538 = AXIS2_PLACEMENT_3D('',#9539,#9540,#9541);
#9539 = CARTESIAN_POINT('',(32.,32.,6.75));
#9540 = DIRECTION('',(0.,0.,-1.));
#9541 = DIRECTION('',(1.,0.,0.));
#9542 = PCURVE('',#4189,#9543);
#9543 = DEFINITIONAL_REPRESENTATION('',(#9544),#9548);
#9544 = LINE('',#9545,#9546);
#9545 = CARTESIAN_POINT('',(-6.28318530718,-6.75));
#9546 = VECTOR('',#9547,1.);
#9547 = DIRECTION('',(1.,-0.));
#9548 = ( GEOMETRIC_REPRESENTATION_CONTEXT(2) 
PARAMETRIC_REPRESENTATION_CONTEXT() REPRESENTATION_CONTEXT('2D SPACE',''
  ) );
#9549 = PCURVE('',#8336,#9550);
#9550 = DEFINITIONAL_REPRESENTATION('',(#9551),#9559);
#9551 = ( BOUNDED_CURVE() B_SPLINE_CURVE(2,(#9552,#9553,#9554,#9555,
#9556,#9557,#9558),.UNSPECIFIED.,.T.,.F.) B_SPLINE_CURVE_WITH_KNOTS((1,2
    ,2,2,2,1),(-2.094395102393,0.,2.094395102393,4.188790204786,
6.28318530718,8.377580409573),.UNSPECIFIED.) CURVE() 
GEOMETRIC_REPRESENTATION_ITEM() RATIONAL_B_SPLINE_CURVE((1.,0.5,1.,0.5,
1.,0.5,1.)) REPRESENTATION_ITEM('') );
#9552 = CARTESIAN_POINT('',(72.5,-25.));
#9553 = CARTESIAN_POINT('',(72.5,-66.56921938165));
#9554 = CARTESIAN_POINT('',(36.5,-45.78460969082));
#9555 = CARTESIAN_POINT('',(0.5,-25.));
#9556 = CARTESIAN_POINT('',(36.5,-4.215390309173));
#9557 = CARTESIAN_POINT('',(72.5,16.569219381653));
#9558 = CARTESIAN_POINT('',(72.5,-25.));
#9559 = ( GEOMETRIC_REPRESENTATION_CONTEXT(2) 
PARAMETRIC_REPRESENTATION_CONTEXT() REPRESENTATION_CONTEXT('2D SPACE',''
  ) );
#9560 = ADVANCED_FACE('',(#9561),#3984,.F.);
#9561 = FACE_BOUND('',#9562,.T.);
#9562 = EDGE_LOOP('',(#9563,#9585,#9586,#9587));
#9563 = ORIENTED_EDGE('',*,*,#9564,.T.);
#9564 = EDGE_CURVE('',#9053,#9074,#9565,.T.);
#9565 = SURFACE_CURVE('',#9566,(#9571,#9578),.PCURVE_S1.);
#9566 = CIRCLE('',#9567,3.);
#9567 = AXIS2_PLACEMENT_3D('',#9568,#9569,#9570);
#9568 = CARTESIAN_POINT('',(47.,-47.,25.));
#9569 = DIRECTION('',(-0.,0.,1.));
#9570 = DIRECTION('',(0.928388218142,-0.371611781858,0.));
#9571 = PCURVE('',#3984,#9572);
#9572 = DEFINITIONAL_REPRESENTATION('',(#9573),#9577);
#9573 = LINE('',#9574,#9575);
#9574 = CARTESIAN_POINT('',(-5.902440780806,-26.));
#9575 = VECTOR('',#9576,1.);
#9576 = DIRECTION('',(-1.,0.));
#9577 = ( GEOMETRIC_REPRESENTATION_CONTEXT(2) 
PARAMETRIC_REPRESENTATION_CONTEXT() REPRESENTATION_CONTEXT('2D SPACE',''
  ) );
#9578 = PCURVE('',#9090,#9579);
#9579 = DEFINITIONAL_REPRESENTATION('',(#9580),#9584);
#9580 = CIRCLE('',#9581,3.);
#9581 = AXIS2_PLACEMENT_2D('',#9582,#9583);
#9582 = CARTESIAN_POINT('',(0.,-7.105427357601E-15));
#9583 = DIRECTION('',(0.928388218142,-0.371611781858));
#9584 = ( GEOMETRIC_REPRESENTATION_CONTEXT(2) 
PARAMETRIC_REPRESENTATION_CONTEXT() REPRESENTATION_CONTEXT('2D SPACE',''
  ) );
#9585 = ORIENTED_EDGE('',*,*,#9106,.T.);
#9586 = ORIENTED_EDGE('',*,*,#3967,.F.);
#9587 = ORIENTED_EDGE('',*,*,#9052,.F.);
#9588 = ADVANCED_FACE('',(#9589),#4218,.F.);
#9589 = FACE_BOUND('',#9590,.T.);
#9590 = EDGE_LOOP('',(#9591,#9613,#9614,#9615));
#9591 = ORIENTED_EDGE('',*,*,#9592,.T.);
#9592 = EDGE_CURVE('',#9134,#9155,#9593,.T.);
#9593 = SURFACE_CURVE('',#9594,(#9599,#9606),.PCURVE_S1.);
#9594 = CIRCLE('',#9595,3.);
#9595 = AXIS2_PLACEMENT_3D('',#9596,#9597,#9598);
#9596 = CARTESIAN_POINT('',(47.,47.,25.));
#9597 = DIRECTION('',(0.,-0.,1.));
#9598 = DIRECTION('',(0.371611781858,0.928388218142,0.));
#9599 = PCURVE('',#4218,#9600);
#9600 = DEFINITIONAL_REPRESENTATION('',(#9601),#9605);
#9601 = LINE('',#9602,#9603);
#9602 = CARTESIAN_POINT('',(-1.190051800421,-26.));
#9603 = VECTOR('',#9604,1.);
#9604 = DIRECTION('',(-1.,0.));
#9605 = ( GEOMETRIC_REPRESENTATION_CONTEXT(2) 
PARAMETRIC_REPRESENTATION_CONTEXT() REPRESENTATION_CONTEXT('2D SPACE',''
  ) );
#9606 = PCURVE('',#9171,#9607);
#9607 = DEFINITIONAL_REPRESENTATION('',(#9608),#9612);
#9608 = CIRCLE('',#9609,3.);
#9609 = AXIS2_PLACEMENT_2D('',#9610,#9611);
#9610 = CARTESIAN_POINT('',(0.,7.105427357601E-15));
#9611 = DIRECTION('',(0.371611781858,0.928388218142));
#9612 = ( GEOMETRIC_REPRESENTATION_CONTEXT(2) 
PARAMETRIC_REPRESENTATION_CONTEXT() REPRESENTATION_CONTEXT('2D SPACE',''
  ) );
#9613 = ORIENTED_EDGE('',*,*,#9187,.T.);
#9614 = ORIENTED_EDGE('',*,*,#4201,.F.);
#9615 = ORIENTED_EDGE('',*,*,#9133,.F.);
#9616 = ADVANCED_FACE('',(#9617),#4037,.T.);
#9617 = FACE_BOUND('',#9618,.F.);
#9618 = EDGE_LOOP('',(#9619,#9655,#9656));
#9619 = ORIENTED_EDGE('',*,*,#9620,.T.);
#9620 = EDGE_CURVE('',#9009,#4021,#9621,.T.);
#9621 = SURFACE_CURVE('',#9622,(#9631,#9643),.PCURVE_S1.);
#9622 = B_SPLINE_CURVE_WITH_KNOTS('',4,(#9623,#9624,#9625,#9626,#9627,
    #9628,#9629,#9630),.UNSPECIFIED.,.F.,.F.,(5,3,5),(0.,0.528759583158,
    1.),.UNSPECIFIED.);
#9623 = CARTESIAN_POINT('',(51.163618289715,-46.44838171028,0.6));
#9624 = CARTESIAN_POINT('',(51.149143015968,-46.33912225379,
    0.522665793602));
#9625 = CARTESIAN_POINT('',(51.131138256096,-46.23257935922,
    0.44449121478));
#9626 = CARTESIAN_POINT('',(51.109941596149,-46.12865392562,
    0.365609310325));
#9627 = CARTESIAN_POINT('',(51.064287142231,-45.93689186469,
    0.215257571911));
#9628 = CARTESIAN_POINT('',(51.04043562002,-45.84853518192,
    0.143915473649));
#9629 = CARTESIAN_POINT('',(51.014423584652,-45.76212600281,
    7.21471733054E-02));
#9630 = CARTESIAN_POINT('',(50.98638783192,-45.67761123208,-6.E-07));
#9631 = PCURVE('',#4037,#9632);
#9632 = DEFINITIONAL_REPRESENTATION('',(#9633),#9642);
#9633 = B_SPLINE_CURVE_WITH_KNOTS('',4,(#9634,#9635,#9636,#9637,#9638,
    #9639,#9640,#9641),.UNSPECIFIED.,.F.,.F.,(5,3,5),(0.,0.528759583158,
    1.),.UNSPECIFIED.);
#9634 = CARTESIAN_POINT('',(-0.131718236268,-0.6));
#9635 = CARTESIAN_POINT('',(-0.157959704358,-0.522665793602));
#9636 = CARTESIAN_POINT('',(-0.183670462523,-0.44449121478));
#9637 = CARTESIAN_POINT('',(-0.208910808626,-0.365609310325));
#9638 = CARTESIAN_POINT('',(-0.255844578466,-0.215257571911));
#9639 = CARTESIAN_POINT('',(-0.277625192907,-0.143915473649));
#9640 = CARTESIAN_POINT('',(-0.299102480307,-7.21471733054E-02));
#9641 = CARTESIAN_POINT('',(-0.320303320342,6.000000000173E-07));
#9642 = ( GEOMETRIC_REPRESENTATION_CONTEXT(2) 
PARAMETRIC_REPRESENTATION_CONTEXT() REPRESENTATION_CONTEXT('2D SPACE',''
  ) );
#9643 = PCURVE('',#4070,#9644);
#9644 = DEFINITIONAL_REPRESENTATION('',(#9645),#9654);
#9645 = B_SPLINE_CURVE_WITH_KNOTS('',4,(#9646,#9647,#9648,#9649,#9650,
    #9651,#9652,#9653),.UNSPECIFIED.,.F.,.F.,(5,3,5),(0.,0.528759583158,
    1.),.UNSPECIFIED.);
#9646 = CARTESIAN_POINT('',(-0.646023377901,-2.736699755701E-14));
#9647 = CARTESIAN_POINT('',(-0.642751394848,-7.733420639804E-02));
#9648 = CARTESIAN_POINT('',(-0.6396302092,-0.15550878522));
#9649 = CARTESIAN_POINT('',(-0.636650200244,-0.234390689675));
#9650 = CARTESIAN_POINT('',(-0.631268106174,-0.384742428089));
#9651 = CARTESIAN_POINT('',(-0.628838409482,-0.456084526351));
#9652 = CARTESIAN_POINT('',(-0.626510307689,-0.527852826695));
#9653 = CARTESIAN_POINT('',(-0.624280107984,-0.6000006));
#9654 = ( GEOMETRIC_REPRESENTATION_CONTEXT(2) 
PARAMETRIC_REPRESENTATION_CONTEXT() REPRESENTATION_CONTEXT('2D SPACE',''
  ) );
#9655 = ORIENTED_EDGE('',*,*,#4020,.F.);
#9656 = ORIENTED_EDGE('',*,*,#9032,.F.);
#9657 = ADVANCED_FACE('',(#9658),#4160,.T.);
#9658 = FACE_BOUND('',#9659,.F.);
#9659 = EDGE_LOOP('',(#9660,#9696,#9697));
#9660 = ORIENTED_EDGE('',*,*,#9661,.T.);
#9661 = EDGE_CURVE('',#4111,#9208,#9662,.T.);
#9662 = SURFACE_CURVE('',#9663,(#9672,#9684),.PCURVE_S1.);
#9663 = B_SPLINE_CURVE_WITH_KNOTS('',4,(#9664,#9665,#9666,#9667,#9668,
    #9669,#9670,#9671),.UNSPECIFIED.,.F.,.F.,(5,3,5),(0.,0.513939737898,
    1.),.UNSPECIFIED.);
#9664 = CARTESIAN_POINT('',(50.986388065073,45.677611934927,
    -1.7763568394E-14));
#9665 = CARTESIAN_POINT('',(51.016964106275,45.76978454972,
    7.868503589426E-02));
#9666 = CARTESIAN_POINT('',(51.045132992274,45.864210393776,
    0.156918643555));
#9667 = CARTESIAN_POINT('',(51.070717603055,45.960958386192,
    0.234640421728));
#9668 = CARTESIAN_POINT('',(51.115014233676,46.153882535142,
    0.384705661781));
#9669 = CARTESIAN_POINT('',(51.134023073462,46.249804713615,
    0.457111581022));
#9670 = CARTESIAN_POINT('',(51.150311962281,46.347945467852,
    0.528910893833));
#9671 = CARTESIAN_POINT('',(51.163618289715,46.448381710285,0.6));
#9672 = PCURVE('',#4160,#9673);
#9673 = DEFINITIONAL_REPRESENTATION('',(#9674),#9683);
#9674 = B_SPLINE_CURVE_WITH_KNOTS('',4,(#9675,#9676,#9677,#9678,#9679,
    #9680,#9681,#9682),.UNSPECIFIED.,.F.,.F.,(5,3,5),(0.,0.513939737898,
    1.),.UNSPECIFIED.);
#9675 = CARTESIAN_POINT('',(-5.96288216315,1.7763568394E-14));
#9676 = CARTESIAN_POINT('',(-5.986004000083,-7.868503589426E-02));
#9677 = CARTESIAN_POINT('',(-6.00945465504,-0.156918643555));
#9678 = CARTESIAN_POINT('',(-6.033268956886,-0.234640421728));
#9679 = CARTESIAN_POINT('',(-6.080398535784,-0.384705661781));
#9680 = CARTESIAN_POINT('',(-6.103670842839,-0.457111581022));
#9681 = CARTESIAN_POINT('',(-6.127344724567,-0.528910893833));
#9682 = CARTESIAN_POINT('',(-6.151467070912,-0.6));
#9683 = ( GEOMETRIC_REPRESENTATION_CONTEXT(2) 
PARAMETRIC_REPRESENTATION_CONTEXT() REPRESENTATION_CONTEXT('2D SPACE',''
  ) );
#9684 = PCURVE('',#4131,#9685);
#9685 = DEFINITIONAL_REPRESENTATION('',(#9686),#9695);
#9686 = B_SPLINE_CURVE_WITH_KNOTS('',4,(#9687,#9688,#9689,#9690,#9691,
    #9692,#9693,#9694),.UNSPECIFIED.,.F.,.F.,(5,3,5),(0.,0.513939737898,
    1.),.UNSPECIFIED.);
#9687 = CARTESIAN_POINT('',(-0.946516200264,-0.6));
#9688 = CARTESIAN_POINT('',(-0.944083922875,-0.521314964106));
#9689 = CARTESIAN_POINT('',(-0.941535196871,-0.443081356445));
#9690 = CARTESIAN_POINT('',(-0.938865238988,-0.365359578272));
#9691 = CARTESIAN_POINT('',(-0.93342141409,-0.215294338219));
#9692 = CARTESIAN_POINT('',(-0.930661031857,-0.142888418978));
#9693 = CARTESIAN_POINT('',(-0.927780703954,-7.108910616714E-02));
#9694 = CARTESIAN_POINT('',(-0.924772948894,0.));
#9695 = ( GEOMETRIC_REPRESENTATION_CONTEXT(2) 
PARAMETRIC_REPRESENTATION_CONTEXT() REPRESENTATION_CONTEXT('2D SPACE',''
  ) );
#9696 = ORIENTED_EDGE('',*,*,#9207,.T.);
#9697 = ORIENTED_EDGE('',*,*,#4143,.F.);
#9698 = ADVANCED_FACE('',(#9699),#4070,.T.);
#9699 = FACE_BOUND('',#9700,.T.);
#9700 = EDGE_LOOP('',(#9701,#9720,#9721,#9722));
#9701 = ORIENTED_EDGE('',*,*,#9702,.F.);
#9702 = EDGE_CURVE('',#8981,#4050,#9703,.T.);
#9703 = SURFACE_CURVE('',#9704,(#9708,#9714),.PCURVE_S1.);
#9704 = LINE('',#9705,#9706);
#9705 = CARTESIAN_POINT('',(55.7,-32.,0.3));
#9706 = VECTOR('',#9707,1.);
#9707 = DIRECTION('',(-0.707106781187,0.,-0.707106781187));
#9708 = PCURVE('',#4070,#9709);
#9709 = DEFINITIONAL_REPRESENTATION('',(#9710),#9713);
#9710 = B_SPLINE_CURVE_WITH_KNOTS('',1,(#9711,#9712),.UNSPECIFIED.,.F.,
  .F.,(2,2),(-0.424264068712,0.424264068712),.PIECEWISE_BEZIER_KNOTS.);
#9711 = CARTESIAN_POINT('',(0.,0.));
#9712 = CARTESIAN_POINT('',(0.,-0.6));
#9713 = ( GEOMETRIC_REPRESENTATION_CONTEXT(2) 
PARAMETRIC_REPRESENTATION_CONTEXT() REPRESENTATION_CONTEXT('2D SPACE',''
  ) );
#9714 = PCURVE('',#4098,#9715);
#9715 = DEFINITIONAL_REPRESENTATION('',(#9716),#9719);
#9716 = B_SPLINE_CURVE_WITH_KNOTS('',1,(#9717,#9718),.UNSPECIFIED.,.F.,
  .F.,(2,2),(-0.424264068712,0.424264068712),.PIECEWISE_BEZIER_KNOTS.);
#9717 = CARTESIAN_POINT('',(64.,-0.424264068712));
#9718 = CARTESIAN_POINT('',(64.,0.424264068712));
#9719 = ( GEOMETRIC_REPRESENTATION_CONTEXT(2) 
PARAMETRIC_REPRESENTATION_CONTEXT() REPRESENTATION_CONTEXT('2D SPACE',''
  ) );
#9720 = ORIENTED_EDGE('',*,*,#9008,.T.);
#9721 = ORIENTED_EDGE('',*,*,#9620,.T.);
#9722 = ORIENTED_EDGE('',*,*,#4049,.F.);
#9723 = ADVANCED_FACE('',(#9724),#4131,.T.);
#9724 = FACE_BOUND('',#9725,.T.);
#9725 = EDGE_LOOP('',(#9726,#9727,#9728,#9747));
#9726 = ORIENTED_EDGE('',*,*,#9661,.T.);
#9727 = ORIENTED_EDGE('',*,*,#9228,.T.);
#9728 = ORIENTED_EDGE('',*,*,#9729,.T.);
#9729 = EDGE_CURVE('',#9229,#4083,#9730,.T.);
#9730 = SURFACE_CURVE('',#9731,(#9735,#9741),.PCURVE_S1.);
#9731 = LINE('',#9732,#9733);
#9732 = CARTESIAN_POINT('',(56.,32.,0.6));
#9733 = VECTOR('',#9734,1.);
#9734 = DIRECTION('',(-0.707106781187,-4.329780281177E-17,
    -0.707106781187));
#9735 = PCURVE('',#4131,#9736);
#9736 = DEFINITIONAL_REPRESENTATION('',(#9737),#9740);
#9737 = B_SPLINE_CURVE_WITH_KNOTS('',1,(#9738,#9739),.UNSPECIFIED.,.F.,
  .F.,(2,2),(0.,0.848528137424),.PIECEWISE_BEZIER_KNOTS.);
#9738 = CARTESIAN_POINT('',(-1.570796326795,0.));
#9739 = CARTESIAN_POINT('',(-1.570796326795,-0.6));
#9740 = ( GEOMETRIC_REPRESENTATION_CONTEXT(2) 
PARAMETRIC_REPRESENTATION_CONTEXT() REPRESENTATION_CONTEXT('2D SPACE',''
  ) );
#9741 = PCURVE('',#4098,#9742);
#9742 = DEFINITIONAL_REPRESENTATION('',(#9743),#9746);
#9743 = B_SPLINE_CURVE_WITH_KNOTS('',1,(#9744,#9745),.UNSPECIFIED.,.F.,
  .F.,(2,2),(0.,0.848528137424),.PIECEWISE_BEZIER_KNOTS.);
#9744 = CARTESIAN_POINT('',(0.,-0.424264068712));
#9745 = CARTESIAN_POINT('',(0.,0.424264068712));
#9746 = ( GEOMETRIC_REPRESENTATION_CONTEXT(2) 
PARAMETRIC_REPRESENTATION_CONTEXT() REPRESENTATION_CONTEXT('2D SPACE',''
  ) );
#9747 = ORIENTED_EDGE('',*,*,#4110,.F.);
#9748 = ADVANCED_FACE('',(#9749),#4098,.T.);
#9749 = FACE_BOUND('',#9750,.T.);
#9750 = EDGE_LOOP('',(#9751,#9752,#9773,#9774));
#9751 = ORIENTED_EDGE('',*,*,#9729,.F.);
#9752 = ORIENTED_EDGE('',*,*,#9753,.T.);
#9753 = EDGE_CURVE('',#9229,#8981,#9754,.T.);
#9754 = SURFACE_CURVE('',#9755,(#9759,#9766),.PCURVE_S1.);
#9755 = LINE('',#9756,#9757);
#9756 = CARTESIAN_POINT('',(56.,32.,0.6));
#9757 = VECTOR('',#9758,1.);
#9758 = DIRECTION('',(-0.,-1.,-0.));
#9759 = PCURVE('',#4098,#9760);
#9760 = DEFINITIONAL_REPRESENTATION('',(#9761),#9765);
#9761 = LINE('',#9762,#9763);
#9762 = CARTESIAN_POINT('',(0.,-0.424264068712));
#9763 = VECTOR('',#9764,1.);
#9764 = DIRECTION('',(1.,0.));
#9765 = ( GEOMETRIC_REPRESENTATION_CONTEXT(2) 
PARAMETRIC_REPRESENTATION_CONTEXT() REPRESENTATION_CONTEXT('2D SPACE',''
  ) );
#9766 = PCURVE('',#8996,#9767);
#9767 = DEFINITIONAL_REPRESENTATION('',(#9768),#9772);
#9768 = LINE('',#9769,#9770);
#9769 = CARTESIAN_POINT('',(64.,-0.6));
#9770 = VECTOR('',#9771,1.);
#9771 = DIRECTION('',(-1.,0.));
#9772 = ( GEOMETRIC_REPRESENTATION_CONTEXT(2) 
PARAMETRIC_REPRESENTATION_CONTEXT() REPRESENTATION_CONTEXT('2D SPACE',''
  ) );
#9773 = ORIENTED_EDGE('',*,*,#9702,.T.);
#9774 = ORIENTED_EDGE('',*,*,#4082,.F.);
#9775 = ADVANCED_FACE('',(#9776),#4491,.F.);
#9776 = FACE_BOUND('',#9777,.T.);
#9777 = EDGE_LOOP('',(#9778,#9779,#9802,#9829));
#9778 = ORIENTED_EDGE('',*,*,#4470,.T.);
#9779 = ORIENTED_EDGE('',*,*,#9780,.T.);
#9780 = EDGE_CURVE('',#4471,#9781,#9783,.T.);
#9781 = VERTEX_POINT('',#9782);
#9782 = CARTESIAN_POINT('',(-32.8,-38.,1.));
#9783 = SEAM_CURVE('',#9784,(#9788,#9795),.PCURVE_S1.);
#9784 = LINE('',#9785,#9786);
#9785 = CARTESIAN_POINT('',(-32.8,-38.,-1.));
#9786 = VECTOR('',#9787,1.);
#9787 = DIRECTION('',(0.,0.,1.));
#9788 = PCURVE('',#4491,#9789);
#9789 = DEFINITIONAL_REPRESENTATION('',(#9790),#9794);
#9790 = LINE('',#9791,#9792);
#9791 = CARTESIAN_POINT('',(-6.28318530718,0.));
#9792 = VECTOR('',#9793,1.);
#9793 = DIRECTION('',(-0.,-1.));
#9794 = ( GEOMETRIC_REPRESENTATION_CONTEXT(2) 
PARAMETRIC_REPRESENTATION_CONTEXT() REPRESENTATION_CONTEXT('2D SPACE',''
  ) );
#9795 = PCURVE('',#4491,#9796);
#9796 = DEFINITIONAL_REPRESENTATION('',(#9797),#9801);
#9797 = LINE('',#9798,#9799);
#9798 = CARTESIAN_POINT('',(-0.,0.));
#9799 = VECTOR('',#9800,1.);
#9800 = DIRECTION('',(-0.,-1.));
#9801 = ( GEOMETRIC_REPRESENTATION_CONTEXT(2) 
PARAMETRIC_REPRESENTATION_CONTEXT() REPRESENTATION_CONTEXT('2D SPACE',''
  ) );
#9802 = ORIENTED_EDGE('',*,*,#9803,.T.);
#9803 = EDGE_CURVE('',#9781,#9781,#9804,.T.);
#9804 = SURFACE_CURVE('',#9805,(#9810,#9817),.PCURVE_S1.);
#9805 = CIRCLE('',#9806,5.2);
#9806 = AXIS2_PLACEMENT_3D('',#9807,#9808,#9809);
#9807 = CARTESIAN_POINT('',(-38.,-38.,1.));
#9808 = DIRECTION('',(0.,0.,1.));
#9809 = DIRECTION('',(1.,0.,0.));
#9810 = PCURVE('',#4491,#9811);
#9811 = DEFINITIONAL_REPRESENTATION('',(#9812),#9816);
#9812 = LINE('',#9813,#9814);
#9813 = CARTESIAN_POINT('',(-0.,-2.));
#9814 = VECTOR('',#9815,1.);
#9815 = DIRECTION('',(-1.,0.));
#9816 = ( GEOMETRIC_REPRESENTATION_CONTEXT(2) 
PARAMETRIC_REPRESENTATION_CONTEXT() REPRESENTATION_CONTEXT('2D SPACE',''
  ) );
#9817 = PCURVE('',#9818,#9823);
#9818 = PLANE('',#9819);
#9819 = AXIS2_PLACEMENT_3D('',#9820,#9821,#9822);
#9820 = CARTESIAN_POINT('',(-38.,-38.,1.));
#9821 = DIRECTION('',(0.,0.,1.));
#9822 = DIRECTION('',(1.,0.,-0.));
#9823 = DEFINITIONAL_REPRESENTATION('',(#9824),#9828);
#9824 = CIRCLE('',#9825,5.2);
#9825 = AXIS2_PLACEMENT_2D('',#9826,#9827);
#9826 = CARTESIAN_POINT('',(-7.105427357601E-15,-7.105427357601E-15));
#9827 = DIRECTION('',(1.,0.));
#9828 = ( GEOMETRIC_REPRESENTATION_CONTEXT(2) 
PARAMETRIC_REPRESENTATION_CONTEXT() REPRESENTATION_CONTEXT('2D SPACE',''
  ) );
#9829 = ORIENTED_EDGE('',*,*,#9780,.F.);
#9830 = ADVANCED_FACE('',(#9831),#4526,.F.);
#9831 = FACE_BOUND('',#9832,.T.);
#9832 = EDGE_LOOP('',(#9833,#9834,#9857,#9884));
#9833 = ORIENTED_EDGE('',*,*,#4505,.T.);
#9834 = ORIENTED_EDGE('',*,*,#9835,.T.);
#9835 = EDGE_CURVE('',#4506,#9836,#9838,.T.);
#9836 = VERTEX_POINT('',#9837);
#9837 = CARTESIAN_POINT('',(43.2,-38.,1.));
#9838 = SEAM_CURVE('',#9839,(#9843,#9850),.PCURVE_S1.);
#9839 = LINE('',#9840,#9841);
#9840 = CARTESIAN_POINT('',(43.2,-38.,-1.));
#9841 = VECTOR('',#9842,1.);
#9842 = DIRECTION('',(0.,0.,1.));
#9843 = PCURVE('',#4526,#9844);
#9844 = DEFINITIONAL_REPRESENTATION('',(#9845),#9849);
#9845 = LINE('',#9846,#9847);
#9846 = CARTESIAN_POINT('',(-6.28318530718,0.));
#9847 = VECTOR('',#9848,1.);
#9848 = DIRECTION('',(-0.,-1.));
#9849 = ( GEOMETRIC_REPRESENTATION_CONTEXT(2) 
PARAMETRIC_REPRESENTATION_CONTEXT() REPRESENTATION_CONTEXT('2D SPACE',''
  ) );
#9850 = PCURVE('',#4526,#9851);
#9851 = DEFINITIONAL_REPRESENTATION('',(#9852),#9856);
#9852 = LINE('',#9853,#9854);
#9853 = CARTESIAN_POINT('',(-0.,0.));
#9854 = VECTOR('',#9855,1.);
#9855 = DIRECTION('',(-0.,-1.));
#9856 = ( GEOMETRIC_REPRESENTATION_CONTEXT(2) 
PARAMETRIC_REPRESENTATION_CONTEXT() REPRESENTATION_CONTEXT('2D SPACE',''
  ) );
#9857 = ORIENTED_EDGE('',*,*,#9858,.T.);
#9858 = EDGE_CURVE('',#9836,#9836,#9859,.T.);
#9859 = SURFACE_CURVE('',#9860,(#9865,#9872),.PCURVE_S1.);
#9860 = CIRCLE('',#9861,5.2);
#9861 = AXIS2_PLACEMENT_3D('',#9862,#9863,#9864);
#9862 = CARTESIAN_POINT('',(38.,-38.,1.));
#9863 = DIRECTION('',(0.,0.,1.));
#9864 = DIRECTION('',(1.,0.,0.));
#9865 = PCURVE('',#4526,#9866);
#9866 = DEFINITIONAL_REPRESENTATION('',(#9867),#9871);
#9867 = LINE('',#9868,#9869);
#9868 = CARTESIAN_POINT('',(-0.,-2.));
#9869 = VECTOR('',#9870,1.);
#9870 = DIRECTION('',(-1.,0.));
#9871 = ( GEOMETRIC_REPRESENTATION_CONTEXT(2) 
PARAMETRIC_REPRESENTATION_CONTEXT() REPRESENTATION_CONTEXT('2D SPACE',''
  ) );
#9872 = PCURVE('',#9873,#9878);
#9873 = PLANE('',#9874);
#9874 = AXIS2_PLACEMENT_3D('',#9875,#9876,#9877);
#9875 = CARTESIAN_POINT('',(38.,-38.,1.));
#9876 = DIRECTION('',(0.,0.,1.));
#9877 = DIRECTION('',(1.,0.,-0.));
#9878 = DEFINITIONAL_REPRESENTATION('',(#9879),#9883);
#9879 = CIRCLE('',#9880,5.2);
#9880 = AXIS2_PLACEMENT_2D('',#9881,#9882);
#9881 = CARTESIAN_POINT('',(7.105427357601E-15,-7.105427357601E-15));
#9882 = DIRECTION('',(1.,0.));
#9883 = ( GEOMETRIC_REPRESENTATION_CONTEXT(2) 
PARAMETRIC_REPRESENTATION_CONTEXT() REPRESENTATION_CONTEXT('2D SPACE',''
  ) );
#9884 = ORIENTED_EDGE('',*,*,#9835,.F.);
#9885 = ADVANCED_FACE('',(#9886),#4557,.F.);
#9886 = FACE_BOUND('',#9887,.F.);
#9887 = EDGE_LOOP('',(#9888,#9889,#9912,#9933));
#9888 = ORIENTED_EDGE('',*,*,#4540,.T.);
#9889 = ORIENTED_EDGE('',*,*,#9890,.T.);
#9890 = EDGE_CURVE('',#4543,#9891,#9893,.T.);
#9891 = VERTEX_POINT('',#9892);
#9892 = CARTESIAN_POINT('',(-10.8,-16.4,2.4));
#9893 = SURFACE_CURVE('',#9894,(#9898,#9905),.PCURVE_S1.);
#9894 = LINE('',#9895,#9896);
#9895 = CARTESIAN_POINT('',(-10.8,-16.4,-1.));
#9896 = VECTOR('',#9897,1.);
#9897 = DIRECTION('',(0.,0.,1.));
#9898 = PCURVE('',#4557,#9899);
#9899 = DEFINITIONAL_REPRESENTATION('',(#9900),#9904);
#9900 = LINE('',#9901,#9902);
#9901 = CARTESIAN_POINT('',(0.,0.));
#9902 = VECTOR('',#9903,1.);
#9903 = DIRECTION('',(0.,-1.));
#9904 = ( GEOMETRIC_REPRESENTATION_CONTEXT(2) 
PARAMETRIC_REPRESENTATION_CONTEXT() REPRESENTATION_CONTEXT('2D SPACE',''
  ) );
#9905 = PCURVE('',#4646,#9906);
#9906 = DEFINITIONAL_REPRESENTATION('',(#9907),#9911);
#9907 = LINE('',#9908,#9909);
#9908 = CARTESIAN_POINT('',(3.14159265359,0.));
#9909 = VECTOR('',#9910,1.);
#9910 = DIRECTION('',(0.,-1.));
#9911 = ( GEOMETRIC_REPRESENTATION_CONTEXT(2) 
PARAMETRIC_REPRESENTATION_CONTEXT() REPRESENTATION_CONTEXT('2D SPACE',''
  ) );
#9912 = ORIENTED_EDGE('',*,*,#9913,.F.);
#9913 = EDGE_CURVE('',#9914,#9891,#9916,.T.);
#9914 = VERTEX_POINT('',#9915);
#9915 = CARTESIAN_POINT('',(-10.8,31.,2.4));
#9916 = SURFACE_CURVE('',#9917,(#9921,#9927),.PCURVE_S1.);
#9917 = LINE('',#9918,#9919);
#9918 = CARTESIAN_POINT('',(-10.8,-8.2,2.4));
#9919 = VECTOR('',#9920,1.);
#9920 = DIRECTION('',(-1.110223024625E-16,-1.,0.));
#9921 = PCURVE('',#4557,#9922);
#9922 = DEFINITIONAL_REPRESENTATION('',(#9923),#9926);
#9923 = B_SPLINE_CURVE_WITH_KNOTS('',1,(#9924,#9925),.UNSPECIFIED.,.F.,
  .F.,(2,2),(-39.2,8.2),.PIECEWISE_BEZIER_KNOTS.);
#9924 = CARTESIAN_POINT('',(47.4,-3.4));
#9925 = CARTESIAN_POINT('',(0.,-3.4));
#9926 = ( GEOMETRIC_REPRESENTATION_CONTEXT(2) 
PARAMETRIC_REPRESENTATION_CONTEXT() REPRESENTATION_CONTEXT('2D SPACE',''
  ) );
#9927 = PCURVE('',#8518,#9928);
#9928 = DEFINITIONAL_REPRESENTATION('',(#9929),#9932);
#9929 = B_SPLINE_CURVE_WITH_KNOTS('',1,(#9930,#9931),.UNSPECIFIED.,.F.,
  .F.,(2,2),(-39.2,8.2),.PIECEWISE_BEZIER_KNOTS.);
#9930 = CARTESIAN_POINT('',(-10.8,31.));
#9931 = CARTESIAN_POINT('',(-10.8,-16.4));
#9932 = ( GEOMETRIC_REPRESENTATION_CONTEXT(2) 
PARAMETRIC_REPRESENTATION_CONTEXT() REPRESENTATION_CONTEXT('2D SPACE',''
  ) );
#9933 = ORIENTED_EDGE('',*,*,#9934,.F.);
#9934 = EDGE_CURVE('',#4541,#9914,#9935,.T.);
#9935 = SURFACE_CURVE('',#9936,(#9940,#9947),.PCURVE_S1.);
#9936 = LINE('',#9937,#9938);
#9937 = CARTESIAN_POINT('',(-10.8,31.,-1.));
#9938 = VECTOR('',#9939,1.);
#9939 = DIRECTION('',(0.,0.,1.));
#9940 = PCURVE('',#4557,#9941);
#9941 = DEFINITIONAL_REPRESENTATION('',(#9942),#9946);
#9942 = LINE('',#9943,#9944);
#9943 = CARTESIAN_POINT('',(47.4,0.));
#9944 = VECTOR('',#9945,1.);
#9945 = DIRECTION('',(0.,-1.));
#9946 = ( GEOMETRIC_REPRESENTATION_CONTEXT(2) 
PARAMETRIC_REPRESENTATION_CONTEXT() REPRESENTATION_CONTEXT('2D SPACE',''
  ) );
#9947 = PCURVE('',#4589,#9948);
#9948 = DEFINITIONAL_REPRESENTATION('',(#9949),#9953);
#9949 = LINE('',#9950,#9951);
#9950 = CARTESIAN_POINT('',(0.,0.));
#9951 = VECTOR('',#9952,1.);
#9952 = DIRECTION('',(0.,-1.));
#9953 = ( GEOMETRIC_REPRESENTATION_CONTEXT(2) 
PARAMETRIC_REPRESENTATION_CONTEXT() REPRESENTATION_CONTEXT('2D SPACE',''
  ) );
#9954 = ADVANCED_FACE('',(#9955),#4589,.F.);
#9955 = FACE_BOUND('',#9956,.F.);
#9956 = EDGE_LOOP('',(#9957,#9958,#9959,#9987));
#9957 = ORIENTED_EDGE('',*,*,#4568,.F.);
#9958 = ORIENTED_EDGE('',*,*,#9934,.T.);
#9959 = ORIENTED_EDGE('',*,*,#9960,.T.);
#9960 = EDGE_CURVE('',#9914,#9961,#9963,.T.);
#9961 = VERTEX_POINT('',#9962);
#9962 = CARTESIAN_POINT('',(-8.2,31.,2.4));
#9963 = SURFACE_CURVE('',#9964,(#9969,#9976),.PCURVE_S1.);
#9964 = CIRCLE('',#9965,1.3);
#9965 = AXIS2_PLACEMENT_3D('',#9966,#9967,#9968);
#9966 = CARTESIAN_POINT('',(-9.5,31.,2.4));
#9967 = DIRECTION('',(-0.,0.,-1.));
#9968 = DIRECTION('',(-1.,-2.621834373538E-15,0.));
#9969 = PCURVE('',#4589,#9970);
#9970 = DEFINITIONAL_REPRESENTATION('',(#9971),#9975);
#9971 = LINE('',#9972,#9973);
#9972 = CARTESIAN_POINT('',(0.,-3.4));
#9973 = VECTOR('',#9974,1.);
#9974 = DIRECTION('',(1.,0.));
#9975 = ( GEOMETRIC_REPRESENTATION_CONTEXT(2) 
PARAMETRIC_REPRESENTATION_CONTEXT() REPRESENTATION_CONTEXT('2D SPACE',''
  ) );
#9976 = PCURVE('',#8518,#9977);
#9977 = DEFINITIONAL_REPRESENTATION('',(#9978),#9986);
#9978 = ( BOUNDED_CURVE() B_SPLINE_CURVE(2,(#9979,#9980,#9981,#9982,
#9983,#9984,#9985),.UNSPECIFIED.,.T.,.F.) B_SPLINE_CURVE_WITH_KNOTS((1,2
    ,2,2,2,1),(-2.094395102393,0.,2.094395102393,4.188790204786,
6.28318530718,8.377580409573),.UNSPECIFIED.) CURVE() 
GEOMETRIC_REPRESENTATION_ITEM() RATIONAL_B_SPLINE_CURVE((1.,0.5,1.,0.5,
1.,0.5,1.)) REPRESENTATION_ITEM('') );
#9979 = CARTESIAN_POINT('',(-10.8,31.));
#9980 = CARTESIAN_POINT('',(-10.8,33.25166604984));
#9981 = CARTESIAN_POINT('',(-8.85,32.12583302492));
#9982 = CARTESIAN_POINT('',(-6.9,31.));
#9983 = CARTESIAN_POINT('',(-8.85,29.87416697508));
#9984 = CARTESIAN_POINT('',(-10.8,28.74833395016));
#9985 = CARTESIAN_POINT('',(-10.8,31.));
#9986 = ( GEOMETRIC_REPRESENTATION_CONTEXT(2) 
PARAMETRIC_REPRESENTATION_CONTEXT() REPRESENTATION_CONTEXT('2D SPACE',''
  ) );
#9987 = ORIENTED_EDGE('',*,*,#9988,.F.);
#9988 = EDGE_CURVE('',#4569,#9961,#9989,.T.);
#9989 = SURFACE_CURVE('',#9990,(#9994,#10001),.PCURVE_S1.);
#9990 = LINE('',#9991,#9992);
#9991 = CARTESIAN_POINT('',(-8.2,31.,-1.));
#9992 = VECTOR('',#9993,1.);
#9993 = DIRECTION('',(0.,0.,1.));
#9994 = PCURVE('',#4589,#9995);
#9995 = DEFINITIONAL_REPRESENTATION('',(#9996),#10000);
#9996 = LINE('',#9997,#9998);
#9997 = CARTESIAN_POINT('',(3.14159265359,0.));
#9998 = VECTOR('',#9999,1.);
#9999 = DIRECTION('',(0.,-1.));
#10000 = ( GEOMETRIC_REPRESENTATION_CONTEXT(2) 
PARAMETRIC_REPRESENTATION_CONTEXT() REPRESENTATION_CONTEXT('2D SPACE',''
  ) );
#10001 = PCURVE('',#4616,#10002);
#10002 = DEFINITIONAL_REPRESENTATION('',(#10003),#10007);
#10003 = LINE('',#10004,#10005);
#10004 = CARTESIAN_POINT('',(0.,0.));
#10005 = VECTOR('',#10006,1.);
#10006 = DIRECTION('',(0.,-1.));
#10007 = ( GEOMETRIC_REPRESENTATION_CONTEXT(2) 
PARAMETRIC_REPRESENTATION_CONTEXT() REPRESENTATION_CONTEXT('2D SPACE',''
  ) );
#10008 = ADVANCED_FACE('',(#10009),#4646,.F.);
#10009 = FACE_BOUND('',#10010,.F.);
#10010 = EDGE_LOOP('',(#10011,#10012,#10035,#10061));
#10011 = ORIENTED_EDGE('',*,*,#4627,.F.);
#10012 = ORIENTED_EDGE('',*,*,#10013,.T.);
#10013 = EDGE_CURVE('',#4602,#10014,#10016,.T.);
#10014 = VERTEX_POINT('',#10015);
#10015 = CARTESIAN_POINT('',(-8.2,-16.4,2.4));
#10016 = SURFACE_CURVE('',#10017,(#10021,#10028),.PCURVE_S1.);
#10017 = LINE('',#10018,#10019);
#10018 = CARTESIAN_POINT('',(-8.2,-16.4,-1.));
#10019 = VECTOR('',#10020,1.);
#10020 = DIRECTION('',(0.,0.,1.));
#10021 = PCURVE('',#4646,#10022);
#10022 = DEFINITIONAL_REPRESENTATION('',(#10023),#10027);
#10023 = LINE('',#10024,#10025);
#10024 = CARTESIAN_POINT('',(0.,0.));
#10025 = VECTOR('',#10026,1.);
#10026 = DIRECTION('',(0.,-1.));
#10027 = ( GEOMETRIC_REPRESENTATION_CONTEXT(2) 
PARAMETRIC_REPRESENTATION_CONTEXT() REPRESENTATION_CONTEXT('2D SPACE',''
  ) );
#10028 = PCURVE('',#4616,#10029);
#10029 = DEFINITIONAL_REPRESENTATION('',(#10030),#10034);
#10030 = LINE('',#10031,#10032);
#10031 = CARTESIAN_POINT('',(47.4,0.));
#10032 = VECTOR('',#10033,1.);
#10033 = DIRECTION('',(0.,-1.));
#10034 = ( GEOMETRIC_REPRESENTATION_CONTEXT(2) 
PARAMETRIC_REPRESENTATION_CONTEXT() REPRESENTATION_CONTEXT('2D SPACE',''
  ) );
#10035 = ORIENTED_EDGE('',*,*,#10036,.T.);
#10036 = EDGE_CURVE('',#10014,#9891,#10037,.T.);
#10037 = SURFACE_CURVE('',#10038,(#10043,#10050),.PCURVE_S1.);
#10038 = CIRCLE('',#10039,1.3);
#10039 = AXIS2_PLACEMENT_3D('',#10040,#10041,#10042);
#10040 = CARTESIAN_POINT('',(-9.5,-16.4,2.4));
#10041 = DIRECTION('',(0.,0.,-1.));
#10042 = DIRECTION('',(1.,2.621834373538E-15,0.));
#10043 = PCURVE('',#4646,#10044);
#10044 = DEFINITIONAL_REPRESENTATION('',(#10045),#10049);
#10045 = LINE('',#10046,#10047);
#10046 = CARTESIAN_POINT('',(0.,-3.4));
#10047 = VECTOR('',#10048,1.);
#10048 = DIRECTION('',(1.,0.));
#10049 = ( GEOMETRIC_REPRESENTATION_CONTEXT(2) 
PARAMETRIC_REPRESENTATION_CONTEXT() REPRESENTATION_CONTEXT('2D SPACE',''
  ) );
#10050 = PCURVE('',#8518,#10051);
#10051 = DEFINITIONAL_REPRESENTATION('',(#10052),#10060);
#10052 = ( BOUNDED_CURVE() B_SPLINE_CURVE(2,(#10053,#10054,#10055,#10056
    ,#10057,#10058,#10059),.UNSPECIFIED.,.T.,.F.) 
B_SPLINE_CURVE_WITH_KNOTS((1,2,2,2,2,1),(-2.094395102393,0.,
    2.094395102393,4.188790204786,6.28318530718,8.377580409573),
.UNSPECIFIED.) CURVE() GEOMETRIC_REPRESENTATION_ITEM() 
RATIONAL_B_SPLINE_CURVE((1.,0.5,1.,0.5,1.,0.5,1.)) REPRESENTATION_ITEM(
  '') );
#10053 = CARTESIAN_POINT('',(-8.2,-16.4));
#10054 = CARTESIAN_POINT('',(-8.2,-18.65166604984));
#10055 = CARTESIAN_POINT('',(-10.15,-17.52583302492));
#10056 = CARTESIAN_POINT('',(-12.1,-16.4));
#10057 = CARTESIAN_POINT('',(-10.15,-15.27416697508));
#10058 = CARTESIAN_POINT('',(-8.2,-14.14833395016));
#10059 = CARTESIAN_POINT('',(-8.2,-16.4));
#10060 = ( GEOMETRIC_REPRESENTATION_CONTEXT(2) 
PARAMETRIC_REPRESENTATION_CONTEXT() REPRESENTATION_CONTEXT('2D SPACE',''
  ) );
#10061 = ORIENTED_EDGE('',*,*,#9890,.F.);
#10062 = ADVANCED_FACE('',(#10063),#4616,.F.);
#10063 = FACE_BOUND('',#10064,.F.);
#10064 = EDGE_LOOP('',(#10065,#10066,#10067,#10086));
#10065 = ORIENTED_EDGE('',*,*,#4601,.T.);
#10066 = ORIENTED_EDGE('',*,*,#9988,.T.);
#10067 = ORIENTED_EDGE('',*,*,#10068,.F.);
#10068 = EDGE_CURVE('',#10014,#9961,#10069,.T.);
#10069 = SURFACE_CURVE('',#10070,(#10074,#10080),.PCURVE_S1.);
#10070 = LINE('',#10071,#10072);
#10071 = CARTESIAN_POINT('',(-8.2,15.5,2.4));
#10072 = VECTOR('',#10073,1.);
#10073 = DIRECTION('',(1.110223024625E-16,1.,-0.));
#10074 = PCURVE('',#4616,#10075);
#10075 = DEFINITIONAL_REPRESENTATION('',(#10076),#10079);
#10076 = B_SPLINE_CURVE_WITH_KNOTS('',1,(#10077,#10078),.UNSPECIFIED.,
  .F.,.F.,(2,2),(-31.9,15.5),.PIECEWISE_BEZIER_KNOTS.);
#10077 = CARTESIAN_POINT('',(47.4,-3.4));
#10078 = CARTESIAN_POINT('',(0.,-3.4));
#10079 = ( GEOMETRIC_REPRESENTATION_CONTEXT(2) 
PARAMETRIC_REPRESENTATION_CONTEXT() REPRESENTATION_CONTEXT('2D SPACE',''
  ) );
#10080 = PCURVE('',#8518,#10081);
#10081 = DEFINITIONAL_REPRESENTATION('',(#10082),#10085);
#10082 = B_SPLINE_CURVE_WITH_KNOTS('',1,(#10083,#10084),.UNSPECIFIED.,
  .F.,.F.,(2,2),(-31.9,15.5),.PIECEWISE_BEZIER_KNOTS.);
#10083 = CARTESIAN_POINT('',(-8.2,-16.4));
#10084 = CARTESIAN_POINT('',(-8.2,31.));
#10085 = ( GEOMETRIC_REPRESENTATION_CONTEXT(2) 
PARAMETRIC_REPRESENTATION_CONTEXT() REPRESENTATION_CONTEXT('2D SPACE',''
  ) );
#10086 = ORIENTED_EDGE('',*,*,#10013,.F.);
#10087 = ADVANCED_FACE('',(#10088),#4677,.F.);
#10088 = FACE_BOUND('',#10089,.F.);
#10089 = EDGE_LOOP('',(#10090,#10091,#10114,#10135));
#10090 = ORIENTED_EDGE('',*,*,#4660,.T.);
#10091 = ORIENTED_EDGE('',*,*,#10092,.T.);
#10092 = EDGE_CURVE('',#4663,#10093,#10095,.T.);
#10093 = VERTEX_POINT('',#10094);
#10094 = CARTESIAN_POINT('',(-4.3,-16.4,2.4));
#10095 = SURFACE_CURVE('',#10096,(#10100,#10107),.PCURVE_S1.);
#10096 = LINE('',#10097,#10098);
#10097 = CARTESIAN_POINT('',(-4.3,-16.4,-1.));
#10098 = VECTOR('',#10099,1.);
#10099 = DIRECTION('',(0.,0.,1.));
#10100 = PCURVE('',#4677,#10101);
#10101 = DEFINITIONAL_REPRESENTATION('',(#10102),#10106);
#10102 = LINE('',#10103,#10104);
#10103 = CARTESIAN_POINT('',(0.,0.));
#10104 = VECTOR('',#10105,1.);
#10105 = DIRECTION('',(0.,-1.));
#10106 = ( GEOMETRIC_REPRESENTATION_CONTEXT(2) 
PARAMETRIC_REPRESENTATION_CONTEXT() REPRESENTATION_CONTEXT('2D SPACE',''
  ) );
#10107 = PCURVE('',#4766,#10108);
#10108 = DEFINITIONAL_REPRESENTATION('',(#10109),#10113);
#10109 = LINE('',#10110,#10111);
#10110 = CARTESIAN_POINT('',(3.14159265359,0.));
#10111 = VECTOR('',#10112,1.);
#10112 = DIRECTION('',(0.,-1.));
#10113 = ( GEOMETRIC_REPRESENTATION_CONTEXT(2) 
PARAMETRIC_REPRESENTATION_CONTEXT() REPRESENTATION_CONTEXT('2D SPACE',''
  ) );
#10114 = ORIENTED_EDGE('',*,*,#10115,.F.);
#10115 = EDGE_CURVE('',#10116,#10093,#10118,.T.);
#10116 = VERTEX_POINT('',#10117);
#10117 = CARTESIAN_POINT('',(-4.3,31.,2.4));
#10118 = SURFACE_CURVE('',#10119,(#10123,#10129),.PCURVE_S1.);
#10119 = LINE('',#10120,#10121);
#10120 = CARTESIAN_POINT('',(-4.3,-8.2,2.4));
#10121 = VECTOR('',#10122,1.);
#10122 = DIRECTION('',(-1.110223024625E-16,-1.,0.));
#10123 = PCURVE('',#4677,#10124);
#10124 = DEFINITIONAL_REPRESENTATION('',(#10125),#10128);
#10125 = B_SPLINE_CURVE_WITH_KNOTS('',1,(#10126,#10127),.UNSPECIFIED.,
  .F.,.F.,(2,2),(-39.2,8.2),.PIECEWISE_BEZIER_KNOTS.);
#10126 = CARTESIAN_POINT('',(47.4,-3.4));
#10127 = CARTESIAN_POINT('',(0.,-3.4));
#10128 = ( GEOMETRIC_REPRESENTATION_CONTEXT(2) 
PARAMETRIC_REPRESENTATION_CONTEXT() REPRESENTATION_CONTEXT('2D SPACE',''
  ) );
#10129 = PCURVE('',#8518,#10130);
#10130 = DEFINITIONAL_REPRESENTATION('',(#10131),#10134);
#10131 = B_SPLINE_CURVE_WITH_KNOTS('',1,(#10132,#10133),.UNSPECIFIED.,
  .F.,.F.,(2,2),(-39.2,8.2),.PIECEWISE_BEZIER_KNOTS.);
#10132 = CARTESIAN_POINT('',(-4.3,31.));
#10133 = CARTESIAN_POINT('',(-4.3,-16.4));
#10134 = ( GEOMETRIC_REPRESENTATION_CONTEXT(2) 
PARAMETRIC_REPRESENTATION_CONTEXT() REPRESENTATION_CONTEXT('2D SPACE',''
  ) );
#10135 = ORIENTED_EDGE('',*,*,#10136,.F.);
#10136 = EDGE_CURVE('',#4661,#10116,#10137,.T.);
#10137 = SURFACE_CURVE('',#10138,(#10142,#10149),.PCURVE_S1.);
#10138 = LINE('',#10139,#10140);
#10139 = CARTESIAN_POINT('',(-4.3,31.,-1.));
#10140 = VECTOR('',#10141,1.);
#10141 = DIRECTION('',(0.,0.,1.));
#10142 = PCURVE('',#4677,#10143);
#10143 = DEFINITIONAL_REPRESENTATION('',(#10144),#10148);
#10144 = LINE('',#10145,#10146);
#10145 = CARTESIAN_POINT('',(47.4,0.));
#10146 = VECTOR('',#10147,1.);
#10147 = DIRECTION('',(0.,-1.));
#10148 = ( GEOMETRIC_REPRESENTATION_CONTEXT(2) 
PARAMETRIC_REPRESENTATION_CONTEXT() REPRESENTATION_CONTEXT('2D SPACE',''
  ) );
#10149 = PCURVE('',#4709,#10150);
#10150 = DEFINITIONAL_REPRESENTATION('',(#10151),#10155);
#10151 = LINE('',#10152,#10153);
#10152 = CARTESIAN_POINT('',(0.,0.));
#10153 = VECTOR('',#10154,1.);
#10154 = DIRECTION('',(0.,-1.));
#10155 = ( GEOMETRIC_REPRESENTATION_CONTEXT(2) 
PARAMETRIC_REPRESENTATION_CONTEXT() REPRESENTATION_CONTEXT('2D SPACE',''
  ) );
#10156 = ADVANCED_FACE('',(#10157),#4709,.F.);
#10157 = FACE_BOUND('',#10158,.F.);
#10158 = EDGE_LOOP('',(#10159,#10160,#10161,#10189));
#10159 = ORIENTED_EDGE('',*,*,#4688,.F.);
#10160 = ORIENTED_EDGE('',*,*,#10136,.T.);
#10161 = ORIENTED_EDGE('',*,*,#10162,.T.);
#10162 = EDGE_CURVE('',#10116,#10163,#10165,.T.);
#10163 = VERTEX_POINT('',#10164);
#10164 = CARTESIAN_POINT('',(-1.7,31.,2.4));
#10165 = SURFACE_CURVE('',#10166,(#10171,#10178),.PCURVE_S1.);
#10166 = CIRCLE('',#10167,1.3);
#10167 = AXIS2_PLACEMENT_3D('',#10168,#10169,#10170);
#10168 = CARTESIAN_POINT('',(-3.,31.,2.4));
#10169 = DIRECTION('',(-0.,0.,-1.));
#10170 = DIRECTION('',(-1.,-2.621834373538E-15,0.));
#10171 = PCURVE('',#4709,#10172);
#10172 = DEFINITIONAL_REPRESENTATION('',(#10173),#10177);
#10173 = LINE('',#10174,#10175);
#10174 = CARTESIAN_POINT('',(0.,-3.4));
#10175 = VECTOR('',#10176,1.);
#10176 = DIRECTION('',(1.,0.));
#10177 = ( GEOMETRIC_REPRESENTATION_CONTEXT(2) 
PARAMETRIC_REPRESENTATION_CONTEXT() REPRESENTATION_CONTEXT('2D SPACE',''
  ) );
#10178 = PCURVE('',#8518,#10179);
#10179 = DEFINITIONAL_REPRESENTATION('',(#10180),#10188);
#10180 = ( BOUNDED_CURVE() B_SPLINE_CURVE(2,(#10181,#10182,#10183,#10184
    ,#10185,#10186,#10187),.UNSPECIFIED.,.T.,.F.) 
B_SPLINE_CURVE_WITH_KNOTS((1,2,2,2,2,1),(-2.094395102393,0.,
    2.094395102393,4.188790204786,6.28318530718,8.377580409573),
.UNSPECIFIED.) CURVE() GEOMETRIC_REPRESENTATION_ITEM() 
RATIONAL_B_SPLINE_CURVE((1.,0.5,1.,0.5,1.,0.5,1.)) REPRESENTATION_ITEM(
  '') );
#10181 = CARTESIAN_POINT('',(-4.3,31.));
#10182 = CARTESIAN_POINT('',(-4.3,33.25166604984));
#10183 = CARTESIAN_POINT('',(-2.35,32.12583302492));
#10184 = CARTESIAN_POINT('',(-0.4,31.));
#10185 = CARTESIAN_POINT('',(-2.35,29.87416697508));
#10186 = CARTESIAN_POINT('',(-4.3,28.74833395016));
#10187 = CARTESIAN_POINT('',(-4.3,31.));
#10188 = ( GEOMETRIC_REPRESENTATION_CONTEXT(2) 
PARAMETRIC_REPRESENTATION_CONTEXT() REPRESENTATION_CONTEXT('2D SPACE',''
  ) );
#10189 = ORIENTED_EDGE('',*,*,#10190,.F.);
#10190 = EDGE_CURVE('',#4689,#10163,#10191,.T.);
#10191 = SURFACE_CURVE('',#10192,(#10196,#10203),.PCURVE_S1.);
#10192 = LINE('',#10193,#10194);
#10193 = CARTESIAN_POINT('',(-1.7,31.,-1.));
#10194 = VECTOR('',#10195,1.);
#10195 = DIRECTION('',(0.,0.,1.));
#10196 = PCURVE('',#4709,#10197);
#10197 = DEFINITIONAL_REPRESENTATION('',(#10198),#10202);
#10198 = LINE('',#10199,#10200);
#10199 = CARTESIAN_POINT('',(3.14159265359,0.));
#10200 = VECTOR('',#10201,1.);
#10201 = DIRECTION('',(0.,-1.));
#10202 = ( GEOMETRIC_REPRESENTATION_CONTEXT(2) 
PARAMETRIC_REPRESENTATION_CONTEXT() REPRESENTATION_CONTEXT('2D SPACE',''
  ) );
#10203 = PCURVE('',#4736,#10204);
#10204 = DEFINITIONAL_REPRESENTATION('',(#10205),#10209);
#10205 = LINE('',#10206,#10207);
#10206 = CARTESIAN_POINT('',(0.,0.));
#10207 = VECTOR('',#10208,1.);
#10208 = DIRECTION('',(0.,-1.));
#10209 = ( GEOMETRIC_REPRESENTATION_CONTEXT(2) 
PARAMETRIC_REPRESENTATION_CONTEXT() REPRESENTATION_CONTEXT('2D SPACE',''
  ) );
#10210 = ADVANCED_FACE('',(#10211),#4766,.F.);
#10211 = FACE_BOUND('',#10212,.F.);
#10212 = EDGE_LOOP('',(#10213,#10214,#10237,#10263));
#10213 = ORIENTED_EDGE('',*,*,#4747,.F.);
#10214 = ORIENTED_EDGE('',*,*,#10215,.T.);
#10215 = EDGE_CURVE('',#4722,#10216,#10218,.T.);
#10216 = VERTEX_POINT('',#10217);
#10217 = CARTESIAN_POINT('',(-1.7,-16.4,2.4));
#10218 = SURFACE_CURVE('',#10219,(#10223,#10230),.PCURVE_S1.);
#10219 = LINE('',#10220,#10221);
#10220 = CARTESIAN_POINT('',(-1.7,-16.4,-1.));
#10221 = VECTOR('',#10222,1.);
#10222 = DIRECTION('',(0.,0.,1.));
#10223 = PCURVE('',#4766,#10224);
#10224 = DEFINITIONAL_REPRESENTATION('',(#10225),#10229);
#10225 = LINE('',#10226,#10227);
#10226 = CARTESIAN_POINT('',(0.,0.));
#10227 = VECTOR('',#10228,1.);
#10228 = DIRECTION('',(0.,-1.));
#10229 = ( GEOMETRIC_REPRESENTATION_CONTEXT(2) 
PARAMETRIC_REPRESENTATION_CONTEXT() REPRESENTATION_CONTEXT('2D SPACE',''
  ) );
#10230 = PCURVE('',#4736,#10231);
#10231 = DEFINITIONAL_REPRESENTATION('',(#10232),#10236);
#10232 = LINE('',#10233,#10234);
#10233 = CARTESIAN_POINT('',(47.4,0.));
#10234 = VECTOR('',#10235,1.);
#10235 = DIRECTION('',(0.,-1.));
#10236 = ( GEOMETRIC_REPRESENTATION_CONTEXT(2) 
PARAMETRIC_REPRESENTATION_CONTEXT() REPRESENTATION_CONTEXT('2D SPACE',''
  ) );
#10237 = ORIENTED_EDGE('',*,*,#10238,.T.);
#10238 = EDGE_CURVE('',#10216,#10093,#10239,.T.);
#10239 = SURFACE_CURVE('',#10240,(#10245,#10252),.PCURVE_S1.);
#10240 = CIRCLE('',#10241,1.3);
#10241 = AXIS2_PLACEMENT_3D('',#10242,#10243,#10244);
#10242 = CARTESIAN_POINT('',(-3.,-16.4,2.4));
#10243 = DIRECTION('',(0.,0.,-1.));
#10244 = DIRECTION('',(1.,2.621834373538E-15,0.));
#10245 = PCURVE('',#4766,#10246);
#10246 = DEFINITIONAL_REPRESENTATION('',(#10247),#10251);
#10247 = LINE('',#10248,#10249);
#10248 = CARTESIAN_POINT('',(0.,-3.4));
#10249 = VECTOR('',#10250,1.);
#10250 = DIRECTION('',(1.,0.));
#10251 = ( GEOMETRIC_REPRESENTATION_CONTEXT(2) 
PARAMETRIC_REPRESENTATION_CONTEXT() REPRESENTATION_CONTEXT('2D SPACE',''
  ) );
#10252 = PCURVE('',#8518,#10253);
#10253 = DEFINITIONAL_REPRESENTATION('',(#10254),#10262);
#10254 = ( BOUNDED_CURVE() B_SPLINE_CURVE(2,(#10255,#10256,#10257,#10258
    ,#10259,#10260,#10261),.UNSPECIFIED.,.T.,.F.) 
B_SPLINE_CURVE_WITH_KNOTS((1,2,2,2,2,1),(-2.094395102393,0.,
    2.094395102393,4.188790204786,6.28318530718,8.377580409573),
.UNSPECIFIED.) CURVE() GEOMETRIC_REPRESENTATION_ITEM() 
RATIONAL_B_SPLINE_CURVE((1.,0.5,1.,0.5,1.,0.5,1.)) REPRESENTATION_ITEM(
  '') );
#10255 = CARTESIAN_POINT('',(-1.7,-16.4));
#10256 = CARTESIAN_POINT('',(-1.7,-18.65166604984));
#10257 = CARTESIAN_POINT('',(-3.65,-17.52583302492));
#10258 = CARTESIAN_POINT('',(-5.6,-16.4));
#10259 = CARTESIAN_POINT('',(-3.65,-15.27416697508));
#10260 = CARTESIAN_POINT('',(-1.7,-14.14833395016));
#10261 = CARTESIAN_POINT('',(-1.7,-16.4));
#10262 = ( GEOMETRIC_REPRESENTATION_CONTEXT(2) 
PARAMETRIC_REPRESENTATION_CONTEXT() REPRESENTATION_CONTEXT('2D SPACE',''
  ) );
#10263 = ORIENTED_EDGE('',*,*,#10092,.F.);
#10264 = ADVANCED_FACE('',(#10265),#4736,.F.);
#10265 = FACE_BOUND('',#10266,.F.);
#10266 = EDGE_LOOP('',(#10267,#10268,#10269,#10288));
#10267 = ORIENTED_EDGE('',*,*,#4721,.T.);
#10268 = ORIENTED_EDGE('',*,*,#10190,.T.);
#10269 = ORIENTED_EDGE('',*,*,#10270,.F.);
#10270 = EDGE_CURVE('',#10216,#10163,#10271,.T.);
#10271 = SURFACE_CURVE('',#10272,(#10276,#10282),.PCURVE_S1.);
#10272 = LINE('',#10273,#10274);
#10273 = CARTESIAN_POINT('',(-1.7,15.5,2.4));
#10274 = VECTOR('',#10275,1.);
#10275 = DIRECTION('',(1.110223024625E-16,1.,-0.));
#10276 = PCURVE('',#4736,#10277);
#10277 = DEFINITIONAL_REPRESENTATION('',(#10278),#10281);
#10278 = B_SPLINE_CURVE_WITH_KNOTS('',1,(#10279,#10280),.UNSPECIFIED.,
  .F.,.F.,(2,2),(-31.9,15.5),.PIECEWISE_BEZIER_KNOTS.);
#10279 = CARTESIAN_POINT('',(47.4,-3.4));
#10280 = CARTESIAN_POINT('',(0.,-3.4));
#10281 = ( GEOMETRIC_REPRESENTATION_CONTEXT(2) 
PARAMETRIC_REPRESENTATION_CONTEXT() REPRESENTATION_CONTEXT('2D SPACE',''
  ) );
#10282 = PCURVE('',#8518,#10283);
#10283 = DEFINITIONAL_REPRESENTATION('',(#10284),#10287);
#10284 = B_SPLINE_CURVE_WITH_KNOTS('',1,(#10285,#10286),.UNSPECIFIED.,
  .F.,.F.,(2,2),(-31.9,15.5),.PIECEWISE_BEZIER_KNOTS.);
#10285 = CARTESIAN_POINT('',(-1.7,-16.4));
#10286 = CARTESIAN_POINT('',(-1.7,31.));
#10287 = ( GEOMETRIC_REPRESENTATION_CONTEXT(2) 
PARAMETRIC_REPRESENTATION_CONTEXT() REPRESENTATION_CONTEXT('2D SPACE',''
  ) );
#10288 = ORIENTED_EDGE('',*,*,#10215,.F.);
#10289 = ADVANCED_FACE('',(#10290),#4801,.F.);
#10290 = FACE_BOUND('',#10291,.T.);
#10291 = EDGE_LOOP('',(#10292,#10293,#10316,#10343));
#10292 = ORIENTED_EDGE('',*,*,#4780,.T.);
#10293 = ORIENTED_EDGE('',*,*,#10294,.T.);
#10294 = EDGE_CURVE('',#4781,#10295,#10297,.T.);
#10295 = VERTEX_POINT('',#10296);
#10296 = CARTESIAN_POINT('',(-32.8,38.,1.));
#10297 = SEAM_CURVE('',#10298,(#10302,#10309),.PCURVE_S1.);
#10298 = LINE('',#10299,#10300);
#10299 = CARTESIAN_POINT('',(-32.8,38.,-1.));
#10300 = VECTOR('',#10301,1.);
#10301 = DIRECTION('',(0.,0.,1.));
#10302 = PCURVE('',#4801,#10303);
#10303 = DEFINITIONAL_REPRESENTATION('',(#10304),#10308);
#10304 = LINE('',#10305,#10306);
#10305 = CARTESIAN_POINT('',(-6.28318530718,0.));
#10306 = VECTOR('',#10307,1.);
#10307 = DIRECTION('',(-0.,-1.));
#10308 = ( GEOMETRIC_REPRESENTATION_CONTEXT(2) 
PARAMETRIC_REPRESENTATION_CONTEXT() REPRESENTATION_CONTEXT('2D SPACE',''
  ) );
#10309 = PCURVE('',#4801,#10310);
#10310 = DEFINITIONAL_REPRESENTATION('',(#10311),#10315);
#10311 = LINE('',#10312,#10313);
#10312 = CARTESIAN_POINT('',(-0.,0.));
#10313 = VECTOR('',#10314,1.);
#10314 = DIRECTION('',(-0.,-1.));
#10315 = ( GEOMETRIC_REPRESENTATION_CONTEXT(2) 
PARAMETRIC_REPRESENTATION_CONTEXT() REPRESENTATION_CONTEXT('2D SPACE',''
  ) );
#10316 = ORIENTED_EDGE('',*,*,#10317,.T.);
#10317 = EDGE_CURVE('',#10295,#10295,#10318,.T.);
#10318 = SURFACE_CURVE('',#10319,(#10324,#10331),.PCURVE_S1.);
#10319 = CIRCLE('',#10320,5.2);
#10320 = AXIS2_PLACEMENT_3D('',#10321,#10322,#10323);
#10321 = CARTESIAN_POINT('',(-38.,38.,1.));
#10322 = DIRECTION('',(0.,0.,1.));
#10323 = DIRECTION('',(1.,0.,0.));
#10324 = PCURVE('',#4801,#10325);
#10325 = DEFINITIONAL_REPRESENTATION('',(#10326),#10330);
#10326 = LINE('',#10327,#10328);
#10327 = CARTESIAN_POINT('',(-0.,-2.));
#10328 = VECTOR('',#10329,1.);
#10329 = DIRECTION('',(-1.,0.));
#10330 = ( GEOMETRIC_REPRESENTATION_CONTEXT(2) 
PARAMETRIC_REPRESENTATION_CONTEXT() REPRESENTATION_CONTEXT('2D SPACE',''
  ) );
#10331 = PCURVE('',#10332,#10337);
#10332 = PLANE('',#10333);
#10333 = AXIS2_PLACEMENT_3D('',#10334,#10335,#10336);
#10334 = CARTESIAN_POINT('',(-38.,38.,1.));
#10335 = DIRECTION('',(0.,0.,1.));
#10336 = DIRECTION('',(1.,0.,-0.));
#10337 = DEFINITIONAL_REPRESENTATION('',(#10338),#10342);
#10338 = CIRCLE('',#10339,5.2);
#10339 = AXIS2_PLACEMENT_2D('',#10340,#10341);
#10340 = CARTESIAN_POINT('',(-7.105427357601E-15,0.));
#10341 = DIRECTION('',(1.,0.));
#10342 = ( GEOMETRIC_REPRESENTATION_CONTEXT(2) 
PARAMETRIC_REPRESENTATION_CONTEXT() REPRESENTATION_CONTEXT('2D SPACE',''
  ) );
#10343 = ORIENTED_EDGE('',*,*,#10294,.F.);
#10344 = ADVANCED_FACE('',(#10345),#4832,.F.);
#10345 = FACE_BOUND('',#10346,.F.);
#10346 = EDGE_LOOP('',(#10347,#10348,#10371,#10392));
#10347 = ORIENTED_EDGE('',*,*,#4815,.T.);
#10348 = ORIENTED_EDGE('',*,*,#10349,.T.);
#10349 = EDGE_CURVE('',#4818,#10350,#10352,.T.);
#10350 = VERTEX_POINT('',#10351);
#10351 = CARTESIAN_POINT('',(2.2,-16.4,2.4));
#10352 = SURFACE_CURVE('',#10353,(#10357,#10364),.PCURVE_S1.);
#10353 = LINE('',#10354,#10355);
#10354 = CARTESIAN_POINT('',(2.2,-16.4,-1.));
#10355 = VECTOR('',#10356,1.);
#10356 = DIRECTION('',(0.,0.,1.));
#10357 = PCURVE('',#4832,#10358);
#10358 = DEFINITIONAL_REPRESENTATION('',(#10359),#10363);
#10359 = LINE('',#10360,#10361);
#10360 = CARTESIAN_POINT('',(0.,0.));
#10361 = VECTOR('',#10362,1.);
#10362 = DIRECTION('',(0.,-1.));
#10363 = ( GEOMETRIC_REPRESENTATION_CONTEXT(2) 
PARAMETRIC_REPRESENTATION_CONTEXT() REPRESENTATION_CONTEXT('2D SPACE',''
  ) );
#10364 = PCURVE('',#4921,#10365);
#10365 = DEFINITIONAL_REPRESENTATION('',(#10366),#10370);
#10366 = LINE('',#10367,#10368);
#10367 = CARTESIAN_POINT('',(3.14159265359,0.));
#10368 = VECTOR('',#10369,1.);
#10369 = DIRECTION('',(0.,-1.));
#10370 = ( GEOMETRIC_REPRESENTATION_CONTEXT(2) 
PARAMETRIC_REPRESENTATION_CONTEXT() REPRESENTATION_CONTEXT('2D SPACE',''
  ) );
#10371 = ORIENTED_EDGE('',*,*,#10372,.F.);
#10372 = EDGE_CURVE('',#10373,#10350,#10375,.T.);
#10373 = VERTEX_POINT('',#10374);
#10374 = CARTESIAN_POINT('',(2.2,31.,2.4));
#10375 = SURFACE_CURVE('',#10376,(#10380,#10386),.PCURVE_S1.);
#10376 = LINE('',#10377,#10378);
#10377 = CARTESIAN_POINT('',(2.2,-8.2,2.4));
#10378 = VECTOR('',#10379,1.);
#10379 = DIRECTION('',(-1.110223024625E-16,-1.,0.));
#10380 = PCURVE('',#4832,#10381);
#10381 = DEFINITIONAL_REPRESENTATION('',(#10382),#10385);
#10382 = B_SPLINE_CURVE_WITH_KNOTS('',1,(#10383,#10384),.UNSPECIFIED.,
  .F.,.F.,(2,2),(-39.2,8.2),.PIECEWISE_BEZIER_KNOTS.);
#10383 = CARTESIAN_POINT('',(47.4,-3.4));
#10384 = CARTESIAN_POINT('',(0.,-3.4));
#10385 = ( GEOMETRIC_REPRESENTATION_CONTEXT(2) 
PARAMETRIC_REPRESENTATION_CONTEXT() REPRESENTATION_CONTEXT('2D SPACE',''
  ) );
#10386 = PCURVE('',#8518,#10387);
#10387 = DEFINITIONAL_REPRESENTATION('',(#10388),#10391);
#10388 = B_SPLINE_CURVE_WITH_KNOTS('',1,(#10389,#10390),.UNSPECIFIED.,
  .F.,.F.,(2,2),(-39.2,8.2),.PIECEWISE_BEZIER_KNOTS.);
#10389 = CARTESIAN_POINT('',(2.2,31.));
#10390 = CARTESIAN_POINT('',(2.2,-16.4));
#10391 = ( GEOMETRIC_REPRESENTATION_CONTEXT(2) 
PARAMETRIC_REPRESENTATION_CONTEXT() REPRESENTATION_CONTEXT('2D SPACE',''
  ) );
#10392 = ORIENTED_EDGE('',*,*,#10393,.F.);
#10393 = EDGE_CURVE('',#4816,#10373,#10394,.T.);
#10394 = SURFACE_CURVE('',#10395,(#10399,#10406),.PCURVE_S1.);
#10395 = LINE('',#10396,#10397);
#10396 = CARTESIAN_POINT('',(2.2,31.,-1.));
#10397 = VECTOR('',#10398,1.);
#10398 = DIRECTION('',(0.,0.,1.));
#10399 = PCURVE('',#4832,#10400);
#10400 = DEFINITIONAL_REPRESENTATION('',(#10401),#10405);
#10401 = LINE('',#10402,#10403);
#10402 = CARTESIAN_POINT('',(47.4,0.));
#10403 = VECTOR('',#10404,1.);
#10404 = DIRECTION('',(0.,-1.));
#10405 = ( GEOMETRIC_REPRESENTATION_CONTEXT(2) 
PARAMETRIC_REPRESENTATION_CONTEXT() REPRESENTATION_CONTEXT('2D SPACE',''
  ) );
#10406 = PCURVE('',#4864,#10407);
#10407 = DEFINITIONAL_REPRESENTATION('',(#10408),#10412);
#10408 = LINE('',#10409,#10410);
#10409 = CARTESIAN_POINT('',(0.,0.));
#10410 = VECTOR('',#10411,1.);
#10411 = DIRECTION('',(0.,-1.));
#10412 = ( GEOMETRIC_REPRESENTATION_CONTEXT(2) 
PARAMETRIC_REPRESENTATION_CONTEXT() REPRESENTATION_CONTEXT('2D SPACE',''
  ) );
#10413 = ADVANCED_FACE('',(#10414),#4864,.F.);
#10414 = FACE_BOUND('',#10415,.F.);
#10415 = EDGE_LOOP('',(#10416,#10417,#10418,#10446));
#10416 = ORIENTED_EDGE('',*,*,#4843,.F.);
#10417 = ORIENTED_EDGE('',*,*,#10393,.T.);
#10418 = ORIENTED_EDGE('',*,*,#10419,.T.);
#10419 = EDGE_CURVE('',#10373,#10420,#10422,.T.);
#10420 = VERTEX_POINT('',#10421);
#10421 = CARTESIAN_POINT('',(4.8,31.,2.4));
#10422 = SURFACE_CURVE('',#10423,(#10428,#10435),.PCURVE_S1.);
#10423 = CIRCLE('',#10424,1.3);
#10424 = AXIS2_PLACEMENT_3D('',#10425,#10426,#10427);
#10425 = CARTESIAN_POINT('',(3.5,31.,2.4));
#10426 = DIRECTION('',(-0.,0.,-1.));
#10427 = DIRECTION('',(-1.,-2.621834373538E-15,0.));
#10428 = PCURVE('',#4864,#10429);
#10429 = DEFINITIONAL_REPRESENTATION('',(#10430),#10434);
#10430 = LINE('',#10431,#10432);
#10431 = CARTESIAN_POINT('',(0.,-3.4));
#10432 = VECTOR('',#10433,1.);
#10433 = DIRECTION('',(1.,0.));
#10434 = ( GEOMETRIC_REPRESENTATION_CONTEXT(2) 
PARAMETRIC_REPRESENTATION_CONTEXT() REPRESENTATION_CONTEXT('2D SPACE',''
  ) );
#10435 = PCURVE('',#8518,#10436);
#10436 = DEFINITIONAL_REPRESENTATION('',(#10437),#10445);
#10437 = ( BOUNDED_CURVE() B_SPLINE_CURVE(2,(#10438,#10439,#10440,#10441
    ,#10442,#10443,#10444),.UNSPECIFIED.,.T.,.F.) 
B_SPLINE_CURVE_WITH_KNOTS((1,2,2,2,2,1),(-2.094395102393,0.,
    2.094395102393,4.188790204786,6.28318530718,8.377580409573),
.UNSPECIFIED.) CURVE() GEOMETRIC_REPRESENTATION_ITEM() 
RATIONAL_B_SPLINE_CURVE((1.,0.5,1.,0.5,1.,0.5,1.)) REPRESENTATION_ITEM(
  '') );
#10438 = CARTESIAN_POINT('',(2.2,31.));
#10439 = CARTESIAN_POINT('',(2.2,33.25166604984));
#10440 = CARTESIAN_POINT('',(4.15,32.12583302492));
#10441 = CARTESIAN_POINT('',(6.1,31.));
#10442 = CARTESIAN_POINT('',(4.15,29.87416697508));
#10443 = CARTESIAN_POINT('',(2.2,28.74833395016));
#10444 = CARTESIAN_POINT('',(2.2,31.));
#10445 = ( GEOMETRIC_REPRESENTATION_CONTEXT(2) 
PARAMETRIC_REPRESENTATION_CONTEXT() REPRESENTATION_CONTEXT('2D SPACE',''
  ) );
#10446 = ORIENTED_EDGE('',*,*,#10447,.F.);
#10447 = EDGE_CURVE('',#4844,#10420,#10448,.T.);
#10448 = SURFACE_CURVE('',#10449,(#10453,#10460),.PCURVE_S1.);
#10449 = LINE('',#10450,#10451);
#10450 = CARTESIAN_POINT('',(4.8,31.,-1.));
#10451 = VECTOR('',#10452,1.);
#10452 = DIRECTION('',(0.,0.,1.));
#10453 = PCURVE('',#4864,#10454);
#10454 = DEFINITIONAL_REPRESENTATION('',(#10455),#10459);
#10455 = LINE('',#10456,#10457);
#10456 = CARTESIAN_POINT('',(3.14159265359,0.));
#10457 = VECTOR('',#10458,1.);
#10458 = DIRECTION('',(0.,-1.));
#10459 = ( GEOMETRIC_REPRESENTATION_CONTEXT(2) 
PARAMETRIC_REPRESENTATION_CONTEXT() REPRESENTATION_CONTEXT('2D SPACE',''
  ) );
#10460 = PCURVE('',#4891,#10461);
#10461 = DEFINITIONAL_REPRESENTATION('',(#10462),#10466);
#10462 = LINE('',#10463,#10464);
#10463 = CARTESIAN_POINT('',(0.,0.));
#10464 = VECTOR('',#10465,1.);
#10465 = DIRECTION('',(0.,-1.));
#10466 = ( GEOMETRIC_REPRESENTATION_CONTEXT(2) 
PARAMETRIC_REPRESENTATION_CONTEXT() REPRESENTATION_CONTEXT('2D SPACE',''
  ) );
#10467 = ADVANCED_FACE('',(#10468),#4921,.F.);
#10468 = FACE_BOUND('',#10469,.F.);
#10469 = EDGE_LOOP('',(#10470,#10471,#10494,#10520));
#10470 = ORIENTED_EDGE('',*,*,#4902,.F.);
#10471 = ORIENTED_EDGE('',*,*,#10472,.T.);
#10472 = EDGE_CURVE('',#4877,#10473,#10475,.T.);
#10473 = VERTEX_POINT('',#10474);
#10474 = CARTESIAN_POINT('',(4.8,-16.4,2.4));
#10475 = SURFACE_CURVE('',#10476,(#10480,#10487),.PCURVE_S1.);
#10476 = LINE('',#10477,#10478);
#10477 = CARTESIAN_POINT('',(4.8,-16.4,-1.));
#10478 = VECTOR('',#10479,1.);
#10479 = DIRECTION('',(0.,0.,1.));
#10480 = PCURVE('',#4921,#10481);
#10481 = DEFINITIONAL_REPRESENTATION('',(#10482),#10486);
#10482 = LINE('',#10483,#10484);
#10483 = CARTESIAN_POINT('',(0.,0.));
#10484 = VECTOR('',#10485,1.);
#10485 = DIRECTION('',(0.,-1.));
#10486 = ( GEOMETRIC_REPRESENTATION_CONTEXT(2) 
PARAMETRIC_REPRESENTATION_CONTEXT() REPRESENTATION_CONTEXT('2D SPACE',''
  ) );
#10487 = PCURVE('',#4891,#10488);
#10488 = DEFINITIONAL_REPRESENTATION('',(#10489),#10493);
#10489 = LINE('',#10490,#10491);
#10490 = CARTESIAN_POINT('',(47.4,0.));
#10491 = VECTOR('',#10492,1.);
#10492 = DIRECTION('',(0.,-1.));
#10493 = ( GEOMETRIC_REPRESENTATION_CONTEXT(2) 
PARAMETRIC_REPRESENTATION_CONTEXT() REPRESENTATION_CONTEXT('2D SPACE',''
  ) );
#10494 = ORIENTED_EDGE('',*,*,#10495,.T.);
#10495 = EDGE_CURVE('',#10473,#10350,#10496,.T.);
#10496 = SURFACE_CURVE('',#10497,(#10502,#10509),.PCURVE_S1.);
#10497 = CIRCLE('',#10498,1.3);
#10498 = AXIS2_PLACEMENT_3D('',#10499,#10500,#10501);
#10499 = CARTESIAN_POINT('',(3.5,-16.4,2.4));
#10500 = DIRECTION('',(0.,0.,-1.));
#10501 = DIRECTION('',(1.,2.621834373538E-15,0.));
#10502 = PCURVE('',#4921,#10503);
#10503 = DEFINITIONAL_REPRESENTATION('',(#10504),#10508);
#10504 = LINE('',#10505,#10506);
#10505 = CARTESIAN_POINT('',(0.,-3.4));
#10506 = VECTOR('',#10507,1.);
#10507 = DIRECTION('',(1.,0.));
#10508 = ( GEOMETRIC_REPRESENTATION_CONTEXT(2) 
PARAMETRIC_REPRESENTATION_CONTEXT() REPRESENTATION_CONTEXT('2D SPACE',''
  ) );
#10509 = PCURVE('',#8518,#10510);
#10510 = DEFINITIONAL_REPRESENTATION('',(#10511),#10519);
#10511 = ( BOUNDED_CURVE() B_SPLINE_CURVE(2,(#10512,#10513,#10514,#10515
    ,#10516,#10517,#10518),.UNSPECIFIED.,.T.,.F.) 
B_SPLINE_CURVE_WITH_KNOTS((1,2,2,2,2,1),(-2.094395102393,0.,
    2.094395102393,4.188790204786,6.28318530718,8.377580409573),
.UNSPECIFIED.) CURVE() GEOMETRIC_REPRESENTATION_ITEM() 
RATIONAL_B_SPLINE_CURVE((1.,0.5,1.,0.5,1.,0.5,1.)) REPRESENTATION_ITEM(
  '') );
#10512 = CARTESIAN_POINT('',(4.8,-16.4));
#10513 = CARTESIAN_POINT('',(4.8,-18.65166604984));
#10514 = CARTESIAN_POINT('',(2.85,-17.52583302492));
#10515 = CARTESIAN_POINT('',(0.9,-16.4));
#10516 = CARTESIAN_POINT('',(2.85,-15.27416697508));
#10517 = CARTESIAN_POINT('',(4.8,-14.14833395016));
#10518 = CARTESIAN_POINT('',(4.8,-16.4));
#10519 = ( GEOMETRIC_REPRESENTATION_CONTEXT(2) 
PARAMETRIC_REPRESENTATION_CONTEXT() REPRESENTATION_CONTEXT('2D SPACE',''
  ) );
#10520 = ORIENTED_EDGE('',*,*,#10349,.F.);
#10521 = ADVANCED_FACE('',(#10522),#4891,.F.);
#10522 = FACE_BOUND('',#10523,.F.);
#10523 = EDGE_LOOP('',(#10524,#10525,#10526,#10545));
#10524 = ORIENTED_EDGE('',*,*,#4876,.T.);
#10525 = ORIENTED_EDGE('',*,*,#10447,.T.);
#10526 = ORIENTED_EDGE('',*,*,#10527,.F.);
#10527 = EDGE_CURVE('',#10473,#10420,#10528,.T.);
#10528 = SURFACE_CURVE('',#10529,(#10533,#10539),.PCURVE_S1.);
#10529 = LINE('',#10530,#10531);
#10530 = CARTESIAN_POINT('',(4.8,15.5,2.4));
#10531 = VECTOR('',#10532,1.);
#10532 = DIRECTION('',(1.110223024625E-16,1.,-0.));
#10533 = PCURVE('',#4891,#10534);
#10534 = DEFINITIONAL_REPRESENTATION('',(#10535),#10538);
#10535 = B_SPLINE_CURVE_WITH_KNOTS('',1,(#10536,#10537),.UNSPECIFIED.,
  .F.,.F.,(2,2),(-31.9,15.5),.PIECEWISE_BEZIER_KNOTS.);
#10536 = CARTESIAN_POINT('',(47.4,-3.4));
#10537 = CARTESIAN_POINT('',(0.,-3.4));
#10538 = ( GEOMETRIC_REPRESENTATION_CONTEXT(2) 
PARAMETRIC_REPRESENTATION_CONTEXT() REPRESENTATION_CONTEXT('2D SPACE',''
  ) );
#10539 = PCURVE('',#8518,#10540);
#10540 = DEFINITIONAL_REPRESENTATION('',(#10541),#10544);
#10541 = B_SPLINE_CURVE_WITH_KNOTS('',1,(#10542,#10543),.UNSPECIFIED.,
  .F.,.F.,(2,2),(-31.9,15.5),.PIECEWISE_BEZIER_KNOTS.);
#10542 = CARTESIAN_POINT('',(4.8,-16.4));
#10543 = CARTESIAN_POINT('',(4.8,31.));
#10544 = ( GEOMETRIC_REPRESENTATION_CONTEXT(2) 
PARAMETRIC_REPRESENTATION_CONTEXT() REPRESENTATION_CONTEXT('2D SPACE',''
  ) );
#10545 = ORIENTED_EDGE('',*,*,#10472,.F.);
#10546 = ADVANCED_FACE('',(#10547),#4952,.F.);
#10547 = FACE_BOUND('',#10548,.F.);
#10548 = EDGE_LOOP('',(#10549,#10550,#10573,#10594));
#10549 = ORIENTED_EDGE('',*,*,#4935,.T.);
#10550 = ORIENTED_EDGE('',*,*,#10551,.T.);
#10551 = EDGE_CURVE('',#4938,#10552,#10554,.T.);
#10552 = VERTEX_POINT('',#10553);
#10553 = CARTESIAN_POINT('',(8.7,-16.4,2.4));
#10554 = SURFACE_CURVE('',#10555,(#10559,#10566),.PCURVE_S1.);
#10555 = LINE('',#10556,#10557);
#10556 = CARTESIAN_POINT('',(8.7,-16.4,-1.));
#10557 = VECTOR('',#10558,1.);
#10558 = DIRECTION('',(0.,0.,1.));
#10559 = PCURVE('',#4952,#10560);
#10560 = DEFINITIONAL_REPRESENTATION('',(#10561),#10565);
#10561 = LINE('',#10562,#10563);
#10562 = CARTESIAN_POINT('',(0.,0.));
#10563 = VECTOR('',#10564,1.);
#10564 = DIRECTION('',(0.,-1.));
#10565 = ( GEOMETRIC_REPRESENTATION_CONTEXT(2) 
PARAMETRIC_REPRESENTATION_CONTEXT() REPRESENTATION_CONTEXT('2D SPACE',''
  ) );
#10566 = PCURVE('',#5041,#10567);
#10567 = DEFINITIONAL_REPRESENTATION('',(#10568),#10572);
#10568 = LINE('',#10569,#10570);
#10569 = CARTESIAN_POINT('',(3.14159265359,0.));
#10570 = VECTOR('',#10571,1.);
#10571 = DIRECTION('',(0.,-1.));
#10572 = ( GEOMETRIC_REPRESENTATION_CONTEXT(2) 
PARAMETRIC_REPRESENTATION_CONTEXT() REPRESENTATION_CONTEXT('2D SPACE',''
  ) );
#10573 = ORIENTED_EDGE('',*,*,#10574,.F.);
#10574 = EDGE_CURVE('',#10575,#10552,#10577,.T.);
#10575 = VERTEX_POINT('',#10576);
#10576 = CARTESIAN_POINT('',(8.7,31.,2.4));
#10577 = SURFACE_CURVE('',#10578,(#10582,#10588),.PCURVE_S1.);
#10578 = LINE('',#10579,#10580);
#10579 = CARTESIAN_POINT('',(8.7,-8.2,2.4));
#10580 = VECTOR('',#10581,1.);
#10581 = DIRECTION('',(-1.110223024625E-16,-1.,0.));
#10582 = PCURVE('',#4952,#10583);
#10583 = DEFINITIONAL_REPRESENTATION('',(#10584),#10587);
#10584 = B_SPLINE_CURVE_WITH_KNOTS('',1,(#10585,#10586),.UNSPECIFIED.,
  .F.,.F.,(2,2),(-39.2,8.2),.PIECEWISE_BEZIER_KNOTS.);
#10585 = CARTESIAN_POINT('',(47.4,-3.4));
#10586 = CARTESIAN_POINT('',(0.,-3.4));
#10587 = ( GEOMETRIC_REPRESENTATION_CONTEXT(2) 
PARAMETRIC_REPRESENTATION_CONTEXT() REPRESENTATION_CONTEXT('2D SPACE',''
  ) );
#10588 = PCURVE('',#8518,#10589);
#10589 = DEFINITIONAL_REPRESENTATION('',(#10590),#10593);
#10590 = B_SPLINE_CURVE_WITH_KNOTS('',1,(#10591,#10592),.UNSPECIFIED.,
  .F.,.F.,(2,2),(-39.2,8.2),.PIECEWISE_BEZIER_KNOTS.);
#10591 = CARTESIAN_POINT('',(8.7,31.));
#10592 = CARTESIAN_POINT('',(8.7,-16.4));
#10593 = ( GEOMETRIC_REPRESENTATION_CONTEXT(2) 
PARAMETRIC_REPRESENTATION_CONTEXT() REPRESENTATION_CONTEXT('2D SPACE',''
  ) );
#10594 = ORIENTED_EDGE('',*,*,#10595,.F.);
#10595 = EDGE_CURVE('',#4936,#10575,#10596,.T.);
#10596 = SURFACE_CURVE('',#10597,(#10601,#10608),.PCURVE_S1.);
#10597 = LINE('',#10598,#10599);
#10598 = CARTESIAN_POINT('',(8.7,31.,-1.));
#10599 = VECTOR('',#10600,1.);
#10600 = DIRECTION('',(0.,0.,1.));
#10601 = PCURVE('',#4952,#10602);
#10602 = DEFINITIONAL_REPRESENTATION('',(#10603),#10607);
#10603 = LINE('',#10604,#10605);
#10604 = CARTESIAN_POINT('',(47.4,0.));
#10605 = VECTOR('',#10606,1.);
#10606 = DIRECTION('',(0.,-1.));
#10607 = ( GEOMETRIC_REPRESENTATION_CONTEXT(2) 
PARAMETRIC_REPRESENTATION_CONTEXT() REPRESENTATION_CONTEXT('2D SPACE',''
  ) );
#10608 = PCURVE('',#4984,#10609);
#10609 = DEFINITIONAL_REPRESENTATION('',(#10610),#10614);
#10610 = LINE('',#10611,#10612);
#10611 = CARTESIAN_POINT('',(0.,0.));
#10612 = VECTOR('',#10613,1.);
#10613 = DIRECTION('',(0.,-1.));
#10614 = ( GEOMETRIC_REPRESENTATION_CONTEXT(2) 
PARAMETRIC_REPRESENTATION_CONTEXT() REPRESENTATION_CONTEXT('2D SPACE',''
  ) );
#10615 = ADVANCED_FACE('',(#10616),#4984,.F.);
#10616 = FACE_BOUND('',#10617,.F.);
#10617 = EDGE_LOOP('',(#10618,#10619,#10620,#10648));
#10618 = ORIENTED_EDGE('',*,*,#4963,.F.);
#10619 = ORIENTED_EDGE('',*,*,#10595,.T.);
#10620 = ORIENTED_EDGE('',*,*,#10621,.T.);
#10621 = EDGE_CURVE('',#10575,#10622,#10624,.T.);
#10622 = VERTEX_POINT('',#10623);
#10623 = CARTESIAN_POINT('',(11.3,31.,2.4));
#10624 = SURFACE_CURVE('',#10625,(#10630,#10637),.PCURVE_S1.);
#10625 = CIRCLE('',#10626,1.3);
#10626 = AXIS2_PLACEMENT_3D('',#10627,#10628,#10629);
#10627 = CARTESIAN_POINT('',(10.,31.,2.4));
#10628 = DIRECTION('',(-0.,0.,-1.));
#10629 = DIRECTION('',(-1.,-2.621834373538E-15,0.));
#10630 = PCURVE('',#4984,#10631);
#10631 = DEFINITIONAL_REPRESENTATION('',(#10632),#10636);
#10632 = LINE('',#10633,#10634);
#10633 = CARTESIAN_POINT('',(0.,-3.4));
#10634 = VECTOR('',#10635,1.);
#10635 = DIRECTION('',(1.,0.));
#10636 = ( GEOMETRIC_REPRESENTATION_CONTEXT(2) 
PARAMETRIC_REPRESENTATION_CONTEXT() REPRESENTATION_CONTEXT('2D SPACE',''
  ) );
#10637 = PCURVE('',#8518,#10638);
#10638 = DEFINITIONAL_REPRESENTATION('',(#10639),#10647);
#10639 = ( BOUNDED_CURVE() B_SPLINE_CURVE(2,(#10640,#10641,#10642,#10643
    ,#10644,#10645,#10646),.UNSPECIFIED.,.T.,.F.) 
B_SPLINE_CURVE_WITH_KNOTS((1,2,2,2,2,1),(-2.094395102393,0.,
    2.094395102393,4.188790204786,6.28318530718,8.377580409573),
.UNSPECIFIED.) CURVE() GEOMETRIC_REPRESENTATION_ITEM() 
RATIONAL_B_SPLINE_CURVE((1.,0.5,1.,0.5,1.,0.5,1.)) REPRESENTATION_ITEM(
  '') );
#10640 = CARTESIAN_POINT('',(8.7,31.));
#10641 = CARTESIAN_POINT('',(8.7,33.25166604984));
#10642 = CARTESIAN_POINT('',(10.65,32.12583302492));
#10643 = CARTESIAN_POINT('',(12.6,31.));
#10644 = CARTESIAN_POINT('',(10.65,29.87416697508));
#10645 = CARTESIAN_POINT('',(8.7,28.74833395016));
#10646 = CARTESIAN_POINT('',(8.7,31.));
#10647 = ( GEOMETRIC_REPRESENTATION_CONTEXT(2) 
PARAMETRIC_REPRESENTATION_CONTEXT() REPRESENTATION_CONTEXT('2D SPACE',''
  ) );
#10648 = ORIENTED_EDGE('',*,*,#10649,.F.);
#10649 = EDGE_CURVE('',#4964,#10622,#10650,.T.);
#10650 = SURFACE_CURVE('',#10651,(#10655,#10662),.PCURVE_S1.);
#10651 = LINE('',#10652,#10653);
#10652 = CARTESIAN_POINT('',(11.3,31.,-1.));
#10653 = VECTOR('',#10654,1.);
#10654 = DIRECTION('',(0.,0.,1.));
#10655 = PCURVE('',#4984,#10656);
#10656 = DEFINITIONAL_REPRESENTATION('',(#10657),#10661);
#10657 = LINE('',#10658,#10659);
#10658 = CARTESIAN_POINT('',(3.14159265359,0.));
#10659 = VECTOR('',#10660,1.);
#10660 = DIRECTION('',(0.,-1.));
#10661 = ( GEOMETRIC_REPRESENTATION_CONTEXT(2) 
PARAMETRIC_REPRESENTATION_CONTEXT() REPRESENTATION_CONTEXT('2D SPACE',''
  ) );
#10662 = PCURVE('',#5011,#10663);
#10663 = DEFINITIONAL_REPRESENTATION('',(#10664),#10668);
#10664 = LINE('',#10665,#10666);
#10665 = CARTESIAN_POINT('',(0.,0.));
#10666 = VECTOR('',#10667,1.);
#10667 = DIRECTION('',(0.,-1.));
#10668 = ( GEOMETRIC_REPRESENTATION_CONTEXT(2) 
PARAMETRIC_REPRESENTATION_CONTEXT() REPRESENTATION_CONTEXT('2D SPACE',''
  ) );
#10669 = ADVANCED_FACE('',(#10670),#5041,.F.);
#10670 = FACE_BOUND('',#10671,.F.);
#10671 = EDGE_LOOP('',(#10672,#10673,#10696,#10722));
#10672 = ORIENTED_EDGE('',*,*,#5022,.F.);
#10673 = ORIENTED_EDGE('',*,*,#10674,.T.);
#10674 = EDGE_CURVE('',#4997,#10675,#10677,.T.);
#10675 = VERTEX_POINT('',#10676);
#10676 = CARTESIAN_POINT('',(11.3,-16.4,2.4));
#10677 = SURFACE_CURVE('',#10678,(#10682,#10689),.PCURVE_S1.);
#10678 = LINE('',#10679,#10680);
#10679 = CARTESIAN_POINT('',(11.3,-16.4,-1.));
#10680 = VECTOR('',#10681,1.);
#10681 = DIRECTION('',(0.,0.,1.));
#10682 = PCURVE('',#5041,#10683);
#10683 = DEFINITIONAL_REPRESENTATION('',(#10684),#10688);
#10684 = LINE('',#10685,#10686);
#10685 = CARTESIAN_POINT('',(0.,0.));
#10686 = VECTOR('',#10687,1.);
#10687 = DIRECTION('',(0.,-1.));
#10688 = ( GEOMETRIC_REPRESENTATION_CONTEXT(2) 
PARAMETRIC_REPRESENTATION_CONTEXT() REPRESENTATION_CONTEXT('2D SPACE',''
  ) );
#10689 = PCURVE('',#5011,#10690);
#10690 = DEFINITIONAL_REPRESENTATION('',(#10691),#10695);
#10691 = LINE('',#10692,#10693);
#10692 = CARTESIAN_POINT('',(47.4,0.));
#10693 = VECTOR('',#10694,1.);
#10694 = DIRECTION('',(0.,-1.));
#10695 = ( GEOMETRIC_REPRESENTATION_CONTEXT(2) 
PARAMETRIC_REPRESENTATION_CONTEXT() REPRESENTATION_CONTEXT('2D SPACE',''
  ) );
#10696 = ORIENTED_EDGE('',*,*,#10697,.T.);
#10697 = EDGE_CURVE('',#10675,#10552,#10698,.T.);
#10698 = SURFACE_CURVE('',#10699,(#10704,#10711),.PCURVE_S1.);
#10699 = CIRCLE('',#10700,1.3);
#10700 = AXIS2_PLACEMENT_3D('',#10701,#10702,#10703);
#10701 = CARTESIAN_POINT('',(10.,-16.4,2.4));
#10702 = DIRECTION('',(0.,0.,-1.));
#10703 = DIRECTION('',(1.,2.621834373538E-15,0.));
#10704 = PCURVE('',#5041,#10705);
#10705 = DEFINITIONAL_REPRESENTATION('',(#10706),#10710);
#10706 = LINE('',#10707,#10708);
#10707 = CARTESIAN_POINT('',(0.,-3.4));
#10708 = VECTOR('',#10709,1.);
#10709 = DIRECTION('',(1.,0.));
#10710 = ( GEOMETRIC_REPRESENTATION_CONTEXT(2) 
PARAMETRIC_REPRESENTATION_CONTEXT() REPRESENTATION_CONTEXT('2D SPACE',''
  ) );
#10711 = PCURVE('',#8518,#10712);
#10712 = DEFINITIONAL_REPRESENTATION('',(#10713),#10721);
#10713 = ( BOUNDED_CURVE() B_SPLINE_CURVE(2,(#10714,#10715,#10716,#10717
    ,#10718,#10719,#10720),.UNSPECIFIED.,.T.,.F.) 
B_SPLINE_CURVE_WITH_KNOTS((1,2,2,2,2,1),(-2.094395102393,0.,
    2.094395102393,4.188790204786,6.28318530718,8.377580409573),
.UNSPECIFIED.) CURVE() GEOMETRIC_REPRESENTATION_ITEM() 
RATIONAL_B_SPLINE_CURVE((1.,0.5,1.,0.5,1.,0.5,1.)) REPRESENTATION_ITEM(
  '') );
#10714 = CARTESIAN_POINT('',(11.3,-16.4));
#10715 = CARTESIAN_POINT('',(11.3,-18.65166604984));
#10716 = CARTESIAN_POINT('',(9.35,-17.52583302492));
#10717 = CARTESIAN_POINT('',(7.4,-16.4));
#10718 = CARTESIAN_POINT('',(9.35,-15.27416697508));
#10719 = CARTESIAN_POINT('',(11.3,-14.14833395016));
#10720 = CARTESIAN_POINT('',(11.3,-16.4));
#10721 = ( GEOMETRIC_REPRESENTATION_CONTEXT(2) 
PARAMETRIC_REPRESENTATION_CONTEXT() REPRESENTATION_CONTEXT('2D SPACE',''
  ) );
#10722 = ORIENTED_EDGE('',*,*,#10551,.F.);
#10723 = ADVANCED_FACE('',(#10724),#5011,.F.);
#10724 = FACE_BOUND('',#10725,.F.);
#10725 = EDGE_LOOP('',(#10726,#10727,#10728,#10747));
#10726 = ORIENTED_EDGE('',*,*,#4996,.T.);
#10727 = ORIENTED_EDGE('',*,*,#10649,.T.);
#10728 = ORIENTED_EDGE('',*,*,#10729,.F.);
#10729 = EDGE_CURVE('',#10675,#10622,#10730,.T.);
#10730 = SURFACE_CURVE('',#10731,(#10735,#10741),.PCURVE_S1.);
#10731 = LINE('',#10732,#10733);
#10732 = CARTESIAN_POINT('',(11.3,15.5,2.4));
#10733 = VECTOR('',#10734,1.);
#10734 = DIRECTION('',(1.110223024625E-16,1.,-0.));
#10735 = PCURVE('',#5011,#10736);
#10736 = DEFINITIONAL_REPRESENTATION('',(#10737),#10740);
#10737 = B_SPLINE_CURVE_WITH_KNOTS('',1,(#10738,#10739),.UNSPECIFIED.,
  .F.,.F.,(2,2),(-31.9,15.5),.PIECEWISE_BEZIER_KNOTS.);
#10738 = CARTESIAN_POINT('',(47.4,-3.4));
#10739 = CARTESIAN_POINT('',(0.,-3.4));
#10740 = ( GEOMETRIC_REPRESENTATION_CONTEXT(2) 
PARAMETRIC_REPRESENTATION_CONTEXT() REPRESENTATION_CONTEXT('2D SPACE',''
  ) );
#10741 = PCURVE('',#8518,#10742);
#10742 = DEFINITIONAL_REPRESENTATION('',(#10743),#10746);
#10743 = B_SPLINE_CURVE_WITH_KNOTS('',1,(#10744,#10745),.UNSPECIFIED.,
  .F.,.F.,(2,2),(-31.9,15.5),.PIECEWISE_BEZIER_KNOTS.);
#10744 = CARTESIAN_POINT('',(11.3,-16.4));
#10745 = CARTESIAN_POINT('',(11.3,31.));
#10746 = ( GEOMETRIC_REPRESENTATION_CONTEXT(2) 
PARAMETRIC_REPRESENTATION_CONTEXT() REPRESENTATION_CONTEXT('2D SPACE',''
  ) );
#10747 = ORIENTED_EDGE('',*,*,#10674,.F.);
#10748 = ADVANCED_FACE('',(#10749),#5072,.F.);
#10749 = FACE_BOUND('',#10750,.F.);
#10750 = EDGE_LOOP('',(#10751,#10752,#10775,#10796));
#10751 = ORIENTED_EDGE('',*,*,#5055,.T.);
#10752 = ORIENTED_EDGE('',*,*,#10753,.T.);
#10753 = EDGE_CURVE('',#5058,#10754,#10756,.T.);
#10754 = VERTEX_POINT('',#10755);
#10755 = CARTESIAN_POINT('',(15.2,-16.4,2.4));
#10756 = SURFACE_CURVE('',#10757,(#10761,#10768),.PCURVE_S1.);
#10757 = LINE('',#10758,#10759);
#10758 = CARTESIAN_POINT('',(15.2,-16.4,-1.));
#10759 = VECTOR('',#10760,1.);
#10760 = DIRECTION('',(0.,0.,1.));
#10761 = PCURVE('',#5072,#10762);
#10762 = DEFINITIONAL_REPRESENTATION('',(#10763),#10767);
#10763 = LINE('',#10764,#10765);
#10764 = CARTESIAN_POINT('',(0.,0.));
#10765 = VECTOR('',#10766,1.);
#10766 = DIRECTION('',(0.,-1.));
#10767 = ( GEOMETRIC_REPRESENTATION_CONTEXT(2) 
PARAMETRIC_REPRESENTATION_CONTEXT() REPRESENTATION_CONTEXT('2D SPACE',''
  ) );
#10768 = PCURVE('',#5161,#10769);
#10769 = DEFINITIONAL_REPRESENTATION('',(#10770),#10774);
#10770 = LINE('',#10771,#10772);
#10771 = CARTESIAN_POINT('',(3.14159265359,0.));
#10772 = VECTOR('',#10773,1.);
#10773 = DIRECTION('',(0.,-1.));
#10774 = ( GEOMETRIC_REPRESENTATION_CONTEXT(2) 
PARAMETRIC_REPRESENTATION_CONTEXT() REPRESENTATION_CONTEXT('2D SPACE',''
  ) );
#10775 = ORIENTED_EDGE('',*,*,#10776,.F.);
#10776 = EDGE_CURVE('',#10777,#10754,#10779,.T.);
#10777 = VERTEX_POINT('',#10778);
#10778 = CARTESIAN_POINT('',(15.2,31.,2.4));
#10779 = SURFACE_CURVE('',#10780,(#10784,#10790),.PCURVE_S1.);
#10780 = LINE('',#10781,#10782);
#10781 = CARTESIAN_POINT('',(15.2,-8.2,2.4));
#10782 = VECTOR('',#10783,1.);
#10783 = DIRECTION('',(-1.110223024625E-16,-1.,0.));
#10784 = PCURVE('',#5072,#10785);
#10785 = DEFINITIONAL_REPRESENTATION('',(#10786),#10789);
#10786 = B_SPLINE_CURVE_WITH_KNOTS('',1,(#10787,#10788),.UNSPECIFIED.,
  .F.,.F.,(2,2),(-39.2,8.2),.PIECEWISE_BEZIER_KNOTS.);
#10787 = CARTESIAN_POINT('',(47.4,-3.4));
#10788 = CARTESIAN_POINT('',(0.,-3.4));
#10789 = ( GEOMETRIC_REPRESENTATION_CONTEXT(2) 
PARAMETRIC_REPRESENTATION_CONTEXT() REPRESENTATION_CONTEXT('2D SPACE',''
  ) );
#10790 = PCURVE('',#8518,#10791);
#10791 = DEFINITIONAL_REPRESENTATION('',(#10792),#10795);
#10792 = B_SPLINE_CURVE_WITH_KNOTS('',1,(#10793,#10794),.UNSPECIFIED.,
  .F.,.F.,(2,2),(-39.2,8.2),.PIECEWISE_BEZIER_KNOTS.);
#10793 = CARTESIAN_POINT('',(15.2,31.));
#10794 = CARTESIAN_POINT('',(15.2,-16.4));
#10795 = ( GEOMETRIC_REPRESENTATION_CONTEXT(2) 
PARAMETRIC_REPRESENTATION_CONTEXT() REPRESENTATION_CONTEXT('2D SPACE',''
  ) );
#10796 = ORIENTED_EDGE('',*,*,#10797,.F.);
#10797 = EDGE_CURVE('',#5056,#10777,#10798,.T.);
#10798 = SURFACE_CURVE('',#10799,(#10803,#10810),.PCURVE_S1.);
#10799 = LINE('',#10800,#10801);
#10800 = CARTESIAN_POINT('',(15.2,31.,-1.));
#10801 = VECTOR('',#10802,1.);
#10802 = DIRECTION('',(0.,0.,1.));
#10803 = PCURVE('',#5072,#10804);
#10804 = DEFINITIONAL_REPRESENTATION('',(#10805),#10809);
#10805 = LINE('',#10806,#10807);
#10806 = CARTESIAN_POINT('',(47.4,0.));
#10807 = VECTOR('',#10808,1.);
#10808 = DIRECTION('',(0.,-1.));
#10809 = ( GEOMETRIC_REPRESENTATION_CONTEXT(2) 
PARAMETRIC_REPRESENTATION_CONTEXT() REPRESENTATION_CONTEXT('2D SPACE',''
  ) );
#10810 = PCURVE('',#5104,#10811);
#10811 = DEFINITIONAL_REPRESENTATION('',(#10812),#10816);
#10812 = LINE('',#10813,#10814);
#10813 = CARTESIAN_POINT('',(0.,0.));
#10814 = VECTOR('',#10815,1.);
#10815 = DIRECTION('',(0.,-1.));
#10816 = ( GEOMETRIC_REPRESENTATION_CONTEXT(2) 
PARAMETRIC_REPRESENTATION_CONTEXT() REPRESENTATION_CONTEXT('2D SPACE',''
  ) );
#10817 = ADVANCED_FACE('',(#10818),#5104,.F.);
#10818 = FACE_BOUND('',#10819,.F.);
#10819 = EDGE_LOOP('',(#10820,#10821,#10822,#10850));
#10820 = ORIENTED_EDGE('',*,*,#5083,.F.);
#10821 = ORIENTED_EDGE('',*,*,#10797,.T.);
#10822 = ORIENTED_EDGE('',*,*,#10823,.T.);
#10823 = EDGE_CURVE('',#10777,#10824,#10826,.T.);
#10824 = VERTEX_POINT('',#10825);
#10825 = CARTESIAN_POINT('',(17.8,31.,2.4));
#10826 = SURFACE_CURVE('',#10827,(#10832,#10839),.PCURVE_S1.);
#10827 = CIRCLE('',#10828,1.3);
#10828 = AXIS2_PLACEMENT_3D('',#10829,#10830,#10831);
#10829 = CARTESIAN_POINT('',(16.5,31.,2.4));
#10830 = DIRECTION('',(-0.,0.,-1.));
#10831 = DIRECTION('',(-1.,-2.621834373538E-15,0.));
#10832 = PCURVE('',#5104,#10833);
#10833 = DEFINITIONAL_REPRESENTATION('',(#10834),#10838);
#10834 = LINE('',#10835,#10836);
#10835 = CARTESIAN_POINT('',(0.,-3.4));
#10836 = VECTOR('',#10837,1.);
#10837 = DIRECTION('',(1.,0.));
#10838 = ( GEOMETRIC_REPRESENTATION_CONTEXT(2) 
PARAMETRIC_REPRESENTATION_CONTEXT() REPRESENTATION_CONTEXT('2D SPACE',''
  ) );
#10839 = PCURVE('',#8518,#10840);
#10840 = DEFINITIONAL_REPRESENTATION('',(#10841),#10849);
#10841 = ( BOUNDED_CURVE() B_SPLINE_CURVE(2,(#10842,#10843,#10844,#10845
    ,#10846,#10847,#10848),.UNSPECIFIED.,.T.,.F.) 
B_SPLINE_CURVE_WITH_KNOTS((1,2,2,2,2,1),(-2.094395102393,0.,
    2.094395102393,4.188790204786,6.28318530718,8.377580409573),
.UNSPECIFIED.) CURVE() GEOMETRIC_REPRESENTATION_ITEM() 
RATIONAL_B_SPLINE_CURVE((1.,0.5,1.,0.5,1.,0.5,1.)) REPRESENTATION_ITEM(
  '') );
#10842 = CARTESIAN_POINT('',(15.2,31.));
#10843 = CARTESIAN_POINT('',(15.2,33.25166604984));
#10844 = CARTESIAN_POINT('',(17.15,32.12583302492));
#10845 = CARTESIAN_POINT('',(19.1,31.));
#10846 = CARTESIAN_POINT('',(17.15,29.87416697508));
#10847 = CARTESIAN_POINT('',(15.2,28.74833395016));
#10848 = CARTESIAN_POINT('',(15.2,31.));
#10849 = ( GEOMETRIC_REPRESENTATION_CONTEXT(2) 
PARAMETRIC_REPRESENTATION_CONTEXT() REPRESENTATION_CONTEXT('2D SPACE',''
  ) );
#10850 = ORIENTED_EDGE('',*,*,#10851,.F.);
#10851 = EDGE_CURVE('',#5084,#10824,#10852,.T.);
#10852 = SURFACE_CURVE('',#10853,(#10857,#10864),.PCURVE_S1.);
#10853 = LINE('',#10854,#10855);
#10854 = CARTESIAN_POINT('',(17.8,31.,-1.));
#10855 = VECTOR('',#10856,1.);
#10856 = DIRECTION('',(0.,0.,1.));
#10857 = PCURVE('',#5104,#10858);
#10858 = DEFINITIONAL_REPRESENTATION('',(#10859),#10863);
#10859 = LINE('',#10860,#10861);
#10860 = CARTESIAN_POINT('',(3.14159265359,0.));
#10861 = VECTOR('',#10862,1.);
#10862 = DIRECTION('',(0.,-1.));
#10863 = ( GEOMETRIC_REPRESENTATION_CONTEXT(2) 
PARAMETRIC_REPRESENTATION_CONTEXT() REPRESENTATION_CONTEXT('2D SPACE',''
  ) );
#10864 = PCURVE('',#5131,#10865);
#10865 = DEFINITIONAL_REPRESENTATION('',(#10866),#10870);
#10866 = LINE('',#10867,#10868);
#10867 = CARTESIAN_POINT('',(0.,0.));
#10868 = VECTOR('',#10869,1.);
#10869 = DIRECTION('',(0.,-1.));
#10870 = ( GEOMETRIC_REPRESENTATION_CONTEXT(2) 
PARAMETRIC_REPRESENTATION_CONTEXT() REPRESENTATION_CONTEXT('2D SPACE',''
  ) );
#10871 = ADVANCED_FACE('',(#10872),#5161,.F.);
#10872 = FACE_BOUND('',#10873,.F.);
#10873 = EDGE_LOOP('',(#10874,#10875,#10898,#10924));
#10874 = ORIENTED_EDGE('',*,*,#5142,.F.);
#10875 = ORIENTED_EDGE('',*,*,#10876,.T.);
#10876 = EDGE_CURVE('',#5117,#10877,#10879,.T.);
#10877 = VERTEX_POINT('',#10878);
#10878 = CARTESIAN_POINT('',(17.8,-16.4,2.4));
#10879 = SURFACE_CURVE('',#10880,(#10884,#10891),.PCURVE_S1.);
#10880 = LINE('',#10881,#10882);
#10881 = CARTESIAN_POINT('',(17.8,-16.4,-1.));
#10882 = VECTOR('',#10883,1.);
#10883 = DIRECTION('',(0.,0.,1.));
#10884 = PCURVE('',#5161,#10885);
#10885 = DEFINITIONAL_REPRESENTATION('',(#10886),#10890);
#10886 = LINE('',#10887,#10888);
#10887 = CARTESIAN_POINT('',(0.,0.));
#10888 = VECTOR('',#10889,1.);
#10889 = DIRECTION('',(0.,-1.));
#10890 = ( GEOMETRIC_REPRESENTATION_CONTEXT(2) 
PARAMETRIC_REPRESENTATION_CONTEXT() REPRESENTATION_CONTEXT('2D SPACE',''
  ) );
#10891 = PCURVE('',#5131,#10892);
#10892 = DEFINITIONAL_REPRESENTATION('',(#10893),#10897);
#10893 = LINE('',#10894,#10895);
#10894 = CARTESIAN_POINT('',(47.4,0.));
#10895 = VECTOR('',#10896,1.);
#10896 = DIRECTION('',(0.,-1.));
#10897 = ( GEOMETRIC_REPRESENTATION_CONTEXT(2) 
PARAMETRIC_REPRESENTATION_CONTEXT() REPRESENTATION_CONTEXT('2D SPACE',''
  ) );
#10898 = ORIENTED_EDGE('',*,*,#10899,.T.);
#10899 = EDGE_CURVE('',#10877,#10754,#10900,.T.);
#10900 = SURFACE_CURVE('',#10901,(#10906,#10913),.PCURVE_S1.);
#10901 = CIRCLE('',#10902,1.3);
#10902 = AXIS2_PLACEMENT_3D('',#10903,#10904,#10905);
#10903 = CARTESIAN_POINT('',(16.5,-16.4,2.4));
#10904 = DIRECTION('',(0.,0.,-1.));
#10905 = DIRECTION('',(1.,2.621834373538E-15,0.));
#10906 = PCURVE('',#5161,#10907);
#10907 = DEFINITIONAL_REPRESENTATION('',(#10908),#10912);
#10908 = LINE('',#10909,#10910);
#10909 = CARTESIAN_POINT('',(0.,-3.4));
#10910 = VECTOR('',#10911,1.);
#10911 = DIRECTION('',(1.,0.));
#10912 = ( GEOMETRIC_REPRESENTATION_CONTEXT(2) 
PARAMETRIC_REPRESENTATION_CONTEXT() REPRESENTATION_CONTEXT('2D SPACE',''
  ) );
#10913 = PCURVE('',#8518,#10914);
#10914 = DEFINITIONAL_REPRESENTATION('',(#10915),#10923);
#10915 = ( BOUNDED_CURVE() B_SPLINE_CURVE(2,(#10916,#10917,#10918,#10919
    ,#10920,#10921,#10922),.UNSPECIFIED.,.T.,.F.) 
B_SPLINE_CURVE_WITH_KNOTS((1,2,2,2,2,1),(-2.094395102393,0.,
    2.094395102393,4.188790204786,6.28318530718,8.377580409573),
.UNSPECIFIED.) CURVE() GEOMETRIC_REPRESENTATION_ITEM() 
RATIONAL_B_SPLINE_CURVE((1.,0.5,1.,0.5,1.,0.5,1.)) REPRESENTATION_ITEM(
  '') );
#10916 = CARTESIAN_POINT('',(17.8,-16.4));
#10917 = CARTESIAN_POINT('',(17.8,-18.65166604984));
#10918 = CARTESIAN_POINT('',(15.85,-17.52583302492));
#10919 = CARTESIAN_POINT('',(13.9,-16.4));
#10920 = CARTESIAN_POINT('',(15.85,-15.27416697508));
#10921 = CARTESIAN_POINT('',(17.8,-14.14833395016));
#10922 = CARTESIAN_POINT('',(17.8,-16.4));
#10923 = ( GEOMETRIC_REPRESENTATION_CONTEXT(2) 
PARAMETRIC_REPRESENTATION_CONTEXT() REPRESENTATION_CONTEXT('2D SPACE',''
  ) );
#10924 = ORIENTED_EDGE('',*,*,#10753,.F.);
#10925 = ADVANCED_FACE('',(#10926),#5131,.F.);
#10926 = FACE_BOUND('',#10927,.F.);
#10927 = EDGE_LOOP('',(#10928,#10929,#10930,#10949));
#10928 = ORIENTED_EDGE('',*,*,#5116,.T.);
#10929 = ORIENTED_EDGE('',*,*,#10851,.T.);
#10930 = ORIENTED_EDGE('',*,*,#10931,.F.);
#10931 = EDGE_CURVE('',#10877,#10824,#10932,.T.);
#10932 = SURFACE_CURVE('',#10933,(#10937,#10943),.PCURVE_S1.);
#10933 = LINE('',#10934,#10935);
#10934 = CARTESIAN_POINT('',(17.8,15.5,2.4));
#10935 = VECTOR('',#10936,1.);
#10936 = DIRECTION('',(1.110223024625E-16,1.,-0.));
#10937 = PCURVE('',#5131,#10938);
#10938 = DEFINITIONAL_REPRESENTATION('',(#10939),#10942);
#10939 = B_SPLINE_CURVE_WITH_KNOTS('',1,(#10940,#10941),.UNSPECIFIED.,
  .F.,.F.,(2,2),(-31.9,15.5),.PIECEWISE_BEZIER_KNOTS.);
#10940 = CARTESIAN_POINT('',(47.4,-3.4));
#10941 = CARTESIAN_POINT('',(0.,-3.4));
#10942 = ( GEOMETRIC_REPRESENTATION_CONTEXT(2) 
PARAMETRIC_REPRESENTATION_CONTEXT() REPRESENTATION_CONTEXT('2D SPACE',''
  ) );
#10943 = PCURVE('',#8518,#10944);
#10944 = DEFINITIONAL_REPRESENTATION('',(#10945),#10948);
#10945 = B_SPLINE_CURVE_WITH_KNOTS('',1,(#10946,#10947),.UNSPECIFIED.,
  .F.,.F.,(2,2),(-31.9,15.5),.PIECEWISE_BEZIER_KNOTS.);
#10946 = CARTESIAN_POINT('',(17.8,-16.4));
#10947 = CARTESIAN_POINT('',(17.8,31.));
#10948 = ( GEOMETRIC_REPRESENTATION_CONTEXT(2) 
PARAMETRIC_REPRESENTATION_CONTEXT() REPRESENTATION_CONTEXT('2D SPACE',''
  ) );
#10949 = ORIENTED_EDGE('',*,*,#10876,.F.);
#10950 = ADVANCED_FACE('',(#10951),#5192,.F.);
#10951 = FACE_BOUND('',#10952,.F.);
#10952 = EDGE_LOOP('',(#10953,#10954,#10977,#10998));
#10953 = ORIENTED_EDGE('',*,*,#5175,.T.);
#10954 = ORIENTED_EDGE('',*,*,#10955,.T.);
#10955 = EDGE_CURVE('',#5178,#10956,#10958,.T.);
#10956 = VERTEX_POINT('',#10957);
#10957 = CARTESIAN_POINT('',(21.7,-16.4,2.4));
#10958 = SURFACE_CURVE('',#10959,(#10963,#10970),.PCURVE_S1.);
#10959 = LINE('',#10960,#10961);
#10960 = CARTESIAN_POINT('',(21.7,-16.4,-1.));
#10961 = VECTOR('',#10962,1.);
#10962 = DIRECTION('',(0.,0.,1.));
#10963 = PCURVE('',#5192,#10964);
#10964 = DEFINITIONAL_REPRESENTATION('',(#10965),#10969);
#10965 = LINE('',#10966,#10967);
#10966 = CARTESIAN_POINT('',(0.,0.));
#10967 = VECTOR('',#10968,1.);
#10968 = DIRECTION('',(0.,-1.));
#10969 = ( GEOMETRIC_REPRESENTATION_CONTEXT(2) 
PARAMETRIC_REPRESENTATION_CONTEXT() REPRESENTATION_CONTEXT('2D SPACE',''
  ) );
#10970 = PCURVE('',#5281,#10971);
#10971 = DEFINITIONAL_REPRESENTATION('',(#10972),#10976);
#10972 = LINE('',#10973,#10974);
#10973 = CARTESIAN_POINT('',(3.14159265359,0.));
#10974 = VECTOR('',#10975,1.);
#10975 = DIRECTION('',(0.,-1.));
#10976 = ( GEOMETRIC_REPRESENTATION_CONTEXT(2) 
PARAMETRIC_REPRESENTATION_CONTEXT() REPRESENTATION_CONTEXT('2D SPACE',''
  ) );
#10977 = ORIENTED_EDGE('',*,*,#10978,.F.);
#10978 = EDGE_CURVE('',#10979,#10956,#10981,.T.);
#10979 = VERTEX_POINT('',#10980);
#10980 = CARTESIAN_POINT('',(21.7,31.,2.4));
#10981 = SURFACE_CURVE('',#10982,(#10986,#10992),.PCURVE_S1.);
#10982 = LINE('',#10983,#10984);
#10983 = CARTESIAN_POINT('',(21.7,-8.2,2.4));
#10984 = VECTOR('',#10985,1.);
#10985 = DIRECTION('',(-1.110223024625E-16,-1.,0.));
#10986 = PCURVE('',#5192,#10987);
#10987 = DEFINITIONAL_REPRESENTATION('',(#10988),#10991);
#10988 = B_SPLINE_CURVE_WITH_KNOTS('',1,(#10989,#10990),.UNSPECIFIED.,
  .F.,.F.,(2,2),(-39.2,8.2),.PIECEWISE_BEZIER_KNOTS.);
#10989 = CARTESIAN_POINT('',(47.4,-3.4));
#10990 = CARTESIAN_POINT('',(0.,-3.4));
#10991 = ( GEOMETRIC_REPRESENTATION_CONTEXT(2) 
PARAMETRIC_REPRESENTATION_CONTEXT() REPRESENTATION_CONTEXT('2D SPACE',''
  ) );
#10992 = PCURVE('',#8518,#10993);
#10993 = DEFINITIONAL_REPRESENTATION('',(#10994),#10997);
#10994 = B_SPLINE_CURVE_WITH_KNOTS('',1,(#10995,#10996),.UNSPECIFIED.,
  .F.,.F.,(2,2),(-39.2,8.2),.PIECEWISE_BEZIER_KNOTS.);
#10995 = CARTESIAN_POINT('',(21.7,31.));
#10996 = CARTESIAN_POINT('',(21.7,-16.4));
#10997 = ( GEOMETRIC_REPRESENTATION_CONTEXT(2) 
PARAMETRIC_REPRESENTATION_CONTEXT() REPRESENTATION_CONTEXT('2D SPACE',''
  ) );
#10998 = ORIENTED_EDGE('',*,*,#10999,.F.);
#10999 = EDGE_CURVE('',#5176,#10979,#11000,.T.);
#11000 = SURFACE_CURVE('',#11001,(#11005,#11012),.PCURVE_S1.);
#11001 = LINE('',#11002,#11003);
#11002 = CARTESIAN_POINT('',(21.7,31.,-1.));
#11003 = VECTOR('',#11004,1.);
#11004 = DIRECTION('',(0.,0.,1.));
#11005 = PCURVE('',#5192,#11006);
#11006 = DEFINITIONAL_REPRESENTATION('',(#11007),#11011);
#11007 = LINE('',#11008,#11009);
#11008 = CARTESIAN_POINT('',(47.4,0.));
#11009 = VECTOR('',#11010,1.);
#11010 = DIRECTION('',(0.,-1.));
#11011 = ( GEOMETRIC_REPRESENTATION_CONTEXT(2) 
PARAMETRIC_REPRESENTATION_CONTEXT() REPRESENTATION_CONTEXT('2D SPACE',''
  ) );
#11012 = PCURVE('',#5224,#11013);
#11013 = DEFINITIONAL_REPRESENTATION('',(#11014),#11018);
#11014 = LINE('',#11015,#11016);
#11015 = CARTESIAN_POINT('',(0.,0.));
#11016 = VECTOR('',#11017,1.);
#11017 = DIRECTION('',(0.,-1.));
#11018 = ( GEOMETRIC_REPRESENTATION_CONTEXT(2) 
PARAMETRIC_REPRESENTATION_CONTEXT() REPRESENTATION_CONTEXT('2D SPACE',''
  ) );
#11019 = ADVANCED_FACE('',(#11020),#5224,.F.);
#11020 = FACE_BOUND('',#11021,.F.);
#11021 = EDGE_LOOP('',(#11022,#11023,#11024,#11052));
#11022 = ORIENTED_EDGE('',*,*,#5203,.F.);
#11023 = ORIENTED_EDGE('',*,*,#10999,.T.);
#11024 = ORIENTED_EDGE('',*,*,#11025,.T.);
#11025 = EDGE_CURVE('',#10979,#11026,#11028,.T.);
#11026 = VERTEX_POINT('',#11027);
#11027 = CARTESIAN_POINT('',(24.3,31.,2.4));
#11028 = SURFACE_CURVE('',#11029,(#11034,#11041),.PCURVE_S1.);
#11029 = CIRCLE('',#11030,1.3);
#11030 = AXIS2_PLACEMENT_3D('',#11031,#11032,#11033);
#11031 = CARTESIAN_POINT('',(23.,31.,2.4));
#11032 = DIRECTION('',(-0.,0.,-1.));
#11033 = DIRECTION('',(-1.,-2.621834373538E-15,0.));
#11034 = PCURVE('',#5224,#11035);
#11035 = DEFINITIONAL_REPRESENTATION('',(#11036),#11040);
#11036 = LINE('',#11037,#11038);
#11037 = CARTESIAN_POINT('',(0.,-3.4));
#11038 = VECTOR('',#11039,1.);
#11039 = DIRECTION('',(1.,0.));
#11040 = ( GEOMETRIC_REPRESENTATION_CONTEXT(2) 
PARAMETRIC_REPRESENTATION_CONTEXT() REPRESENTATION_CONTEXT('2D SPACE',''
  ) );
#11041 = PCURVE('',#8518,#11042);
#11042 = DEFINITIONAL_REPRESENTATION('',(#11043),#11051);
#11043 = ( BOUNDED_CURVE() B_SPLINE_CURVE(2,(#11044,#11045,#11046,#11047
    ,#11048,#11049,#11050),.UNSPECIFIED.,.T.,.F.) 
B_SPLINE_CURVE_WITH_KNOTS((1,2,2,2,2,1),(-2.094395102393,0.,
    2.094395102393,4.188790204786,6.28318530718,8.377580409573),
.UNSPECIFIED.) CURVE() GEOMETRIC_REPRESENTATION_ITEM() 
RATIONAL_B_SPLINE_CURVE((1.,0.5,1.,0.5,1.,0.5,1.)) REPRESENTATION_ITEM(
  '') );
#11044 = CARTESIAN_POINT('',(21.7,31.));
#11045 = CARTESIAN_POINT('',(21.7,33.25166604984));
#11046 = CARTESIAN_POINT('',(23.65,32.12583302492));
#11047 = CARTESIAN_POINT('',(25.6,31.));
#11048 = CARTESIAN_POINT('',(23.65,29.87416697508));
#11049 = CARTESIAN_POINT('',(21.7,28.74833395016));
#11050 = CARTESIAN_POINT('',(21.7,31.));
#11051 = ( GEOMETRIC_REPRESENTATION_CONTEXT(2) 
PARAMETRIC_REPRESENTATION_CONTEXT() REPRESENTATION_CONTEXT('2D SPACE',''
  ) );
#11052 = ORIENTED_EDGE('',*,*,#11053,.F.);
#11053 = EDGE_CURVE('',#5204,#11026,#11054,.T.);
#11054 = SURFACE_CURVE('',#11055,(#11059,#11066),.PCURVE_S1.);
#11055 = LINE('',#11056,#11057);
#11056 = CARTESIAN_POINT('',(24.3,31.,-1.));
#11057 = VECTOR('',#11058,1.);
#11058 = DIRECTION('',(0.,0.,1.));
#11059 = PCURVE('',#5224,#11060);
#11060 = DEFINITIONAL_REPRESENTATION('',(#11061),#11065);
#11061 = LINE('',#11062,#11063);
#11062 = CARTESIAN_POINT('',(3.14159265359,0.));
#11063 = VECTOR('',#11064,1.);
#11064 = DIRECTION('',(0.,-1.));
#11065 = ( GEOMETRIC_REPRESENTATION_CONTEXT(2) 
PARAMETRIC_REPRESENTATION_CONTEXT() REPRESENTATION_CONTEXT('2D SPACE',''
  ) );
#11066 = PCURVE('',#5251,#11067);
#11067 = DEFINITIONAL_REPRESENTATION('',(#11068),#11072);
#11068 = LINE('',#11069,#11070);
#11069 = CARTESIAN_POINT('',(0.,0.));
#11070 = VECTOR('',#11071,1.);
#11071 = DIRECTION('',(0.,-1.));
#11072 = ( GEOMETRIC_REPRESENTATION_CONTEXT(2) 
PARAMETRIC_REPRESENTATION_CONTEXT() REPRESENTATION_CONTEXT('2D SPACE',''
  ) );
#11073 = ADVANCED_FACE('',(#11074),#5281,.F.);
#11074 = FACE_BOUND('',#11075,.F.);
#11075 = EDGE_LOOP('',(#11076,#11077,#11100,#11126));
#11076 = ORIENTED_EDGE('',*,*,#5262,.F.);
#11077 = ORIENTED_EDGE('',*,*,#11078,.T.);
#11078 = EDGE_CURVE('',#5237,#11079,#11081,.T.);
#11079 = VERTEX_POINT('',#11080);
#11080 = CARTESIAN_POINT('',(24.3,-16.4,2.4));
#11081 = SURFACE_CURVE('',#11082,(#11086,#11093),.PCURVE_S1.);
#11082 = LINE('',#11083,#11084);
#11083 = CARTESIAN_POINT('',(24.3,-16.4,-1.));
#11084 = VECTOR('',#11085,1.);
#11085 = DIRECTION('',(0.,0.,1.));
#11086 = PCURVE('',#5281,#11087);
#11087 = DEFINITIONAL_REPRESENTATION('',(#11088),#11092);
#11088 = LINE('',#11089,#11090);
#11089 = CARTESIAN_POINT('',(0.,0.));
#11090 = VECTOR('',#11091,1.);
#11091 = DIRECTION('',(0.,-1.));
#11092 = ( GEOMETRIC_REPRESENTATION_CONTEXT(2) 
PARAMETRIC_REPRESENTATION_CONTEXT() REPRESENTATION_CONTEXT('2D SPACE',''
  ) );
#11093 = PCURVE('',#5251,#11094);
#11094 = DEFINITIONAL_REPRESENTATION('',(#11095),#11099);
#11095 = LINE('',#11096,#11097);
#11096 = CARTESIAN_POINT('',(47.4,0.));
#11097 = VECTOR('',#11098,1.);
#11098 = DIRECTION('',(0.,-1.));
#11099 = ( GEOMETRIC_REPRESENTATION_CONTEXT(2) 
PARAMETRIC_REPRESENTATION_CONTEXT() REPRESENTATION_CONTEXT('2D SPACE',''
  ) );
#11100 = ORIENTED_EDGE('',*,*,#11101,.T.);
#11101 = EDGE_CURVE('',#11079,#10956,#11102,.T.);
#11102 = SURFACE_CURVE('',#11103,(#11108,#11115),.PCURVE_S1.);
#11103 = CIRCLE('',#11104,1.3);
#11104 = AXIS2_PLACEMENT_3D('',#11105,#11106,#11107);
#11105 = CARTESIAN_POINT('',(23.,-16.4,2.4));
#11106 = DIRECTION('',(0.,0.,-1.));
#11107 = DIRECTION('',(1.,2.621834373538E-15,0.));
#11108 = PCURVE('',#5281,#11109);
#11109 = DEFINITIONAL_REPRESENTATION('',(#11110),#11114);
#11110 = LINE('',#11111,#11112);
#11111 = CARTESIAN_POINT('',(0.,-3.4));
#11112 = VECTOR('',#11113,1.);
#11113 = DIRECTION('',(1.,0.));
#11114 = ( GEOMETRIC_REPRESENTATION_CONTEXT(2) 
PARAMETRIC_REPRESENTATION_CONTEXT() REPRESENTATION_CONTEXT('2D SPACE',''
  ) );
#11115 = PCURVE('',#8518,#11116);
#11116 = DEFINITIONAL_REPRESENTATION('',(#11117),#11125);
#11117 = ( BOUNDED_CURVE() B_SPLINE_CURVE(2,(#11118,#11119,#11120,#11121
    ,#11122,#11123,#11124),.UNSPECIFIED.,.T.,.F.) 
B_SPLINE_CURVE_WITH_KNOTS((1,2,2,2,2,1),(-2.094395102393,0.,
    2.094395102393,4.188790204786,6.28318530718,8.377580409573),
.UNSPECIFIED.) CURVE() GEOMETRIC_REPRESENTATION_ITEM() 
RATIONAL_B_SPLINE_CURVE((1.,0.5,1.,0.5,1.,0.5,1.)) REPRESENTATION_ITEM(
  '') );
#11118 = CARTESIAN_POINT('',(24.3,-16.4));
#11119 = CARTESIAN_POINT('',(24.3,-18.65166604984));
#11120 = CARTESIAN_POINT('',(22.35,-17.52583302492));
#11121 = CARTESIAN_POINT('',(20.4,-16.4));
#11122 = CARTESIAN_POINT('',(22.35,-15.27416697508));
#11123 = CARTESIAN_POINT('',(24.3,-14.14833395016));
#11124 = CARTESIAN_POINT('',(24.3,-16.4));
#11125 = ( GEOMETRIC_REPRESENTATION_CONTEXT(2) 
PARAMETRIC_REPRESENTATION_CONTEXT() REPRESENTATION_CONTEXT('2D SPACE',''
  ) );
#11126 = ORIENTED_EDGE('',*,*,#10955,.F.);
#11127 = ADVANCED_FACE('',(#11128),#5251,.F.);
#11128 = FACE_BOUND('',#11129,.F.);
#11129 = EDGE_LOOP('',(#11130,#11131,#11132,#11151));
#11130 = ORIENTED_EDGE('',*,*,#5236,.T.);
#11131 = ORIENTED_EDGE('',*,*,#11053,.T.);
#11132 = ORIENTED_EDGE('',*,*,#11133,.F.);
#11133 = EDGE_CURVE('',#11079,#11026,#11134,.T.);
#11134 = SURFACE_CURVE('',#11135,(#11139,#11145),.PCURVE_S1.);
#11135 = LINE('',#11136,#11137);
#11136 = CARTESIAN_POINT('',(24.3,15.5,2.4));
#11137 = VECTOR('',#11138,1.);
#11138 = DIRECTION('',(1.110223024625E-16,1.,-0.));
#11139 = PCURVE('',#5251,#11140);
#11140 = DEFINITIONAL_REPRESENTATION('',(#11141),#11144);
#11141 = B_SPLINE_CURVE_WITH_KNOTS('',1,(#11142,#11143),.UNSPECIFIED.,
  .F.,.F.,(2,2),(-31.9,15.5),.PIECEWISE_BEZIER_KNOTS.);
#11142 = CARTESIAN_POINT('',(47.4,-3.4));
#11143 = CARTESIAN_POINT('',(0.,-3.4));
#11144 = ( GEOMETRIC_REPRESENTATION_CONTEXT(2) 
PARAMETRIC_REPRESENTATION_CONTEXT() REPRESENTATION_CONTEXT('2D SPACE',''
  ) );
#11145 = PCURVE('',#8518,#11146);
#11146 = DEFINITIONAL_REPRESENTATION('',(#11147),#11150);
#11147 = B_SPLINE_CURVE_WITH_KNOTS('',1,(#11148,#11149),.UNSPECIFIED.,
  .F.,.F.,(2,2),(-31.9,15.5),.PIECEWISE_BEZIER_KNOTS.);
#11148 = CARTESIAN_POINT('',(24.3,-16.4));
#11149 = CARTESIAN_POINT('',(24.3,31.));
#11150 = ( GEOMETRIC_REPRESENTATION_CONTEXT(2) 
PARAMETRIC_REPRESENTATION_CONTEXT() REPRESENTATION_CONTEXT('2D SPACE',''
  ) );
#11151 = ORIENTED_EDGE('',*,*,#11078,.F.);
#11152 = ADVANCED_FACE('',(#11153),#5312,.F.);
#11153 = FACE_BOUND('',#11154,.F.);
#11154 = EDGE_LOOP('',(#11155,#11156,#11179,#11200));
#11155 = ORIENTED_EDGE('',*,*,#5295,.T.);
#11156 = ORIENTED_EDGE('',*,*,#11157,.T.);
#11157 = EDGE_CURVE('',#5298,#11158,#11160,.T.);
#11158 = VERTEX_POINT('',#11159);
#11159 = CARTESIAN_POINT('',(28.2,-16.4,2.4));
#11160 = SURFACE_CURVE('',#11161,(#11165,#11172),.PCURVE_S1.);
#11161 = LINE('',#11162,#11163);
#11162 = CARTESIAN_POINT('',(28.2,-16.4,-1.));
#11163 = VECTOR('',#11164,1.);
#11164 = DIRECTION('',(0.,0.,1.));
#11165 = PCURVE('',#5312,#11166);
#11166 = DEFINITIONAL_REPRESENTATION('',(#11167),#11171);
#11167 = LINE('',#11168,#11169);
#11168 = CARTESIAN_POINT('',(0.,0.));
#11169 = VECTOR('',#11170,1.);
#11170 = DIRECTION('',(0.,-1.));
#11171 = ( GEOMETRIC_REPRESENTATION_CONTEXT(2) 
PARAMETRIC_REPRESENTATION_CONTEXT() REPRESENTATION_CONTEXT('2D SPACE',''
  ) );
#11172 = PCURVE('',#5401,#11173);
#11173 = DEFINITIONAL_REPRESENTATION('',(#11174),#11178);
#11174 = LINE('',#11175,#11176);
#11175 = CARTESIAN_POINT('',(3.14159265359,0.));
#11176 = VECTOR('',#11177,1.);
#11177 = DIRECTION('',(0.,-1.));
#11178 = ( GEOMETRIC_REPRESENTATION_CONTEXT(2) 
PARAMETRIC_REPRESENTATION_CONTEXT() REPRESENTATION_CONTEXT('2D SPACE',''
  ) );
#11179 = ORIENTED_EDGE('',*,*,#11180,.F.);
#11180 = EDGE_CURVE('',#11181,#11158,#11183,.T.);
#11181 = VERTEX_POINT('',#11182);
#11182 = CARTESIAN_POINT('',(28.2,31.,2.4));
#11183 = SURFACE_CURVE('',#11184,(#11188,#11194),.PCURVE_S1.);
#11184 = LINE('',#11185,#11186);
#11185 = CARTESIAN_POINT('',(28.2,-8.2,2.4));
#11186 = VECTOR('',#11187,1.);
#11187 = DIRECTION('',(-1.110223024625E-16,-1.,0.));
#11188 = PCURVE('',#5312,#11189);
#11189 = DEFINITIONAL_REPRESENTATION('',(#11190),#11193);
#11190 = B_SPLINE_CURVE_WITH_KNOTS('',1,(#11191,#11192),.UNSPECIFIED.,
  .F.,.F.,(2,2),(-39.2,8.2),.PIECEWISE_BEZIER_KNOTS.);
#11191 = CARTESIAN_POINT('',(47.4,-3.4));
#11192 = CARTESIAN_POINT('',(0.,-3.4));
#11193 = ( GEOMETRIC_REPRESENTATION_CONTEXT(2) 
PARAMETRIC_REPRESENTATION_CONTEXT() REPRESENTATION_CONTEXT('2D SPACE',''
  ) );
#11194 = PCURVE('',#8518,#11195);
#11195 = DEFINITIONAL_REPRESENTATION('',(#11196),#11199);
#11196 = B_SPLINE_CURVE_WITH_KNOTS('',1,(#11197,#11198),.UNSPECIFIED.,
  .F.,.F.,(2,2),(-39.2,8.2),.PIECEWISE_BEZIER_KNOTS.);
#11197 = CARTESIAN_POINT('',(28.2,31.));
#11198 = CARTESIAN_POINT('',(28.2,-16.4));
#11199 = ( GEOMETRIC_REPRESENTATION_CONTEXT(2) 
PARAMETRIC_REPRESENTATION_CONTEXT() REPRESENTATION_CONTEXT('2D SPACE',''
  ) );
#11200 = ORIENTED_EDGE('',*,*,#11201,.F.);
#11201 = EDGE_CURVE('',#5296,#11181,#11202,.T.);
#11202 = SURFACE_CURVE('',#11203,(#11207,#11214),.PCURVE_S1.);
#11203 = LINE('',#11204,#11205);
#11204 = CARTESIAN_POINT('',(28.2,31.,-1.));
#11205 = VECTOR('',#11206,1.);
#11206 = DIRECTION('',(0.,0.,1.));
#11207 = PCURVE('',#5312,#11208);
#11208 = DEFINITIONAL_REPRESENTATION('',(#11209),#11213);
#11209 = LINE('',#11210,#11211);
#11210 = CARTESIAN_POINT('',(47.4,0.));
#11211 = VECTOR('',#11212,1.);
#11212 = DIRECTION('',(0.,-1.));
#11213 = ( GEOMETRIC_REPRESENTATION_CONTEXT(2) 
PARAMETRIC_REPRESENTATION_CONTEXT() REPRESENTATION_CONTEXT('2D SPACE',''
  ) );
#11214 = PCURVE('',#5344,#11215);
#11215 = DEFINITIONAL_REPRESENTATION('',(#11216),#11220);
#11216 = LINE('',#11217,#11218);
#11217 = CARTESIAN_POINT('',(0.,0.));
#11218 = VECTOR('',#11219,1.);
#11219 = DIRECTION('',(0.,-1.));
#11220 = ( GEOMETRIC_REPRESENTATION_CONTEXT(2) 
PARAMETRIC_REPRESENTATION_CONTEXT() REPRESENTATION_CONTEXT('2D SPACE',''
  ) );
#11221 = ADVANCED_FACE('',(#11222),#5344,.F.);
#11222 = FACE_BOUND('',#11223,.F.);
#11223 = EDGE_LOOP('',(#11224,#11225,#11226,#11254));
#11224 = ORIENTED_EDGE('',*,*,#5323,.F.);
#11225 = ORIENTED_EDGE('',*,*,#11201,.T.);
#11226 = ORIENTED_EDGE('',*,*,#11227,.T.);
#11227 = EDGE_CURVE('',#11181,#11228,#11230,.T.);
#11228 = VERTEX_POINT('',#11229);
#11229 = CARTESIAN_POINT('',(30.8,31.,2.4));
#11230 = SURFACE_CURVE('',#11231,(#11236,#11243),.PCURVE_S1.);
#11231 = CIRCLE('',#11232,1.3);
#11232 = AXIS2_PLACEMENT_3D('',#11233,#11234,#11235);
#11233 = CARTESIAN_POINT('',(29.5,31.,2.4));
#11234 = DIRECTION('',(-0.,0.,-1.));
#11235 = DIRECTION('',(-1.,-2.621834373538E-15,0.));
#11236 = PCURVE('',#5344,#11237);
#11237 = DEFINITIONAL_REPRESENTATION('',(#11238),#11242);
#11238 = LINE('',#11239,#11240);
#11239 = CARTESIAN_POINT('',(0.,-3.4));
#11240 = VECTOR('',#11241,1.);
#11241 = DIRECTION('',(1.,0.));
#11242 = ( GEOMETRIC_REPRESENTATION_CONTEXT(2) 
PARAMETRIC_REPRESENTATION_CONTEXT() REPRESENTATION_CONTEXT('2D SPACE',''
  ) );
#11243 = PCURVE('',#8518,#11244);
#11244 = DEFINITIONAL_REPRESENTATION('',(#11245),#11253);
#11245 = ( BOUNDED_CURVE() B_SPLINE_CURVE(2,(#11246,#11247,#11248,#11249
    ,#11250,#11251,#11252),.UNSPECIFIED.,.T.,.F.) 
B_SPLINE_CURVE_WITH_KNOTS((1,2,2,2,2,1),(-2.094395102393,0.,
    2.094395102393,4.188790204786,6.28318530718,8.377580409573),
.UNSPECIFIED.) CURVE() GEOMETRIC_REPRESENTATION_ITEM() 
RATIONAL_B_SPLINE_CURVE((1.,0.5,1.,0.5,1.,0.5,1.)) REPRESENTATION_ITEM(
  '') );
#11246 = CARTESIAN_POINT('',(28.2,31.));
#11247 = CARTESIAN_POINT('',(28.2,33.25166604984));
#11248 = CARTESIAN_POINT('',(30.15,32.12583302492));
#11249 = CARTESIAN_POINT('',(32.1,31.));
#11250 = CARTESIAN_POINT('',(30.15,29.87416697508));
#11251 = CARTESIAN_POINT('',(28.2,28.74833395016));
#11252 = CARTESIAN_POINT('',(28.2,31.));
#11253 = ( GEOMETRIC_REPRESENTATION_CONTEXT(2) 
PARAMETRIC_REPRESENTATION_CONTEXT() REPRESENTATION_CONTEXT('2D SPACE',''
  ) );
#11254 = ORIENTED_EDGE('',*,*,#11255,.F.);
#11255 = EDGE_CURVE('',#5324,#11228,#11256,.T.);
#11256 = SURFACE_CURVE('',#11257,(#11261,#11268),.PCURVE_S1.);
#11257 = LINE('',#11258,#11259);
#11258 = CARTESIAN_POINT('',(30.8,31.,-1.));
#11259 = VECTOR('',#11260,1.);
#11260 = DIRECTION('',(0.,0.,1.));
#11261 = PCURVE('',#5344,#11262);
#11262 = DEFINITIONAL_REPRESENTATION('',(#11263),#11267);
#11263 = LINE('',#11264,#11265);
#11264 = CARTESIAN_POINT('',(3.14159265359,0.));
#11265 = VECTOR('',#11266,1.);
#11266 = DIRECTION('',(0.,-1.));
#11267 = ( GEOMETRIC_REPRESENTATION_CONTEXT(2) 
PARAMETRIC_REPRESENTATION_CONTEXT() REPRESENTATION_CONTEXT('2D SPACE',''
  ) );
#11268 = PCURVE('',#5371,#11269);
#11269 = DEFINITIONAL_REPRESENTATION('',(#11270),#11274);
#11270 = LINE('',#11271,#11272);
#11271 = CARTESIAN_POINT('',(0.,0.));
#11272 = VECTOR('',#11273,1.);
#11273 = DIRECTION('',(0.,-1.));
#11274 = ( GEOMETRIC_REPRESENTATION_CONTEXT(2) 
PARAMETRIC_REPRESENTATION_CONTEXT() REPRESENTATION_CONTEXT('2D SPACE',''
  ) );
#11275 = ADVANCED_FACE('',(#11276),#5401,.F.);
#11276 = FACE_BOUND('',#11277,.F.);
#11277 = EDGE_LOOP('',(#11278,#11279,#11302,#11328));
#11278 = ORIENTED_EDGE('',*,*,#5382,.F.);
#11279 = ORIENTED_EDGE('',*,*,#11280,.T.);
#11280 = EDGE_CURVE('',#5357,#11281,#11283,.T.);
#11281 = VERTEX_POINT('',#11282);
#11282 = CARTESIAN_POINT('',(30.8,-16.4,2.4));
#11283 = SURFACE_CURVE('',#11284,(#11288,#11295),.PCURVE_S1.);
#11284 = LINE('',#11285,#11286);
#11285 = CARTESIAN_POINT('',(30.8,-16.4,-1.));
#11286 = VECTOR('',#11287,1.);
#11287 = DIRECTION('',(0.,0.,1.));
#11288 = PCURVE('',#5401,#11289);
#11289 = DEFINITIONAL_REPRESENTATION('',(#11290),#11294);
#11290 = LINE('',#11291,#11292);
#11291 = CARTESIAN_POINT('',(0.,0.));
#11292 = VECTOR('',#11293,1.);
#11293 = DIRECTION('',(0.,-1.));
#11294 = ( GEOMETRIC_REPRESENTATION_CONTEXT(2) 
PARAMETRIC_REPRESENTATION_CONTEXT() REPRESENTATION_CONTEXT('2D SPACE',''
  ) );
#11295 = PCURVE('',#5371,#11296);
#11296 = DEFINITIONAL_REPRESENTATION('',(#11297),#11301);
#11297 = LINE('',#11298,#11299);
#11298 = CARTESIAN_POINT('',(47.4,0.));
#11299 = VECTOR('',#11300,1.);
#11300 = DIRECTION('',(0.,-1.));
#11301 = ( GEOMETRIC_REPRESENTATION_CONTEXT(2) 
PARAMETRIC_REPRESENTATION_CONTEXT() REPRESENTATION_CONTEXT('2D SPACE',''
  ) );
#11302 = ORIENTED_EDGE('',*,*,#11303,.T.);
#11303 = EDGE_CURVE('',#11281,#11158,#11304,.T.);
#11304 = SURFACE_CURVE('',#11305,(#11310,#11317),.PCURVE_S1.);
#11305 = CIRCLE('',#11306,1.3);
#11306 = AXIS2_PLACEMENT_3D('',#11307,#11308,#11309);
#11307 = CARTESIAN_POINT('',(29.5,-16.4,2.4));
#11308 = DIRECTION('',(0.,0.,-1.));
#11309 = DIRECTION('',(1.,2.621834373538E-15,0.));
#11310 = PCURVE('',#5401,#11311);
#11311 = DEFINITIONAL_REPRESENTATION('',(#11312),#11316);
#11312 = LINE('',#11313,#11314);
#11313 = CARTESIAN_POINT('',(0.,-3.4));
#11314 = VECTOR('',#11315,1.);
#11315 = DIRECTION('',(1.,0.));
#11316 = ( GEOMETRIC_REPRESENTATION_CONTEXT(2) 
PARAMETRIC_REPRESENTATION_CONTEXT() REPRESENTATION_CONTEXT('2D SPACE',''
  ) );
#11317 = PCURVE('',#8518,#11318);
#11318 = DEFINITIONAL_REPRESENTATION('',(#11319),#11327);
#11319 = ( BOUNDED_CURVE() B_SPLINE_CURVE(2,(#11320,#11321,#11322,#11323
    ,#11324,#11325,#11326),.UNSPECIFIED.,.T.,.F.) 
B_SPLINE_CURVE_WITH_KNOTS((1,2,2,2,2,1),(-2.094395102393,0.,
    2.094395102393,4.188790204786,6.28318530718,8.377580409573),
.UNSPECIFIED.) CURVE() GEOMETRIC_REPRESENTATION_ITEM() 
RATIONAL_B_SPLINE_CURVE((1.,0.5,1.,0.5,1.,0.5,1.)) REPRESENTATION_ITEM(
  '') );
#11320 = CARTESIAN_POINT('',(30.8,-16.4));
#11321 = CARTESIAN_POINT('',(30.8,-18.65166604984));
#11322 = CARTESIAN_POINT('',(28.85,-17.52583302492));
#11323 = CARTESIAN_POINT('',(26.9,-16.4));
#11324 = CARTESIAN_POINT('',(28.85,-15.27416697508));
#11325 = CARTESIAN_POINT('',(30.8,-14.14833395016));
#11326 = CARTESIAN_POINT('',(30.8,-16.4));
#11327 = ( GEOMETRIC_REPRESENTATION_CONTEXT(2) 
PARAMETRIC_REPRESENTATION_CONTEXT() REPRESENTATION_CONTEXT('2D SPACE',''
  ) );
#11328 = ORIENTED_EDGE('',*,*,#11157,.F.);
#11329 = ADVANCED_FACE('',(#11330),#5371,.F.);
#11330 = FACE_BOUND('',#11331,.F.);
#11331 = EDGE_LOOP('',(#11332,#11333,#11334,#11353));
#11332 = ORIENTED_EDGE('',*,*,#5356,.T.);
#11333 = ORIENTED_EDGE('',*,*,#11255,.T.);
#11334 = ORIENTED_EDGE('',*,*,#11335,.F.);
#11335 = EDGE_CURVE('',#11281,#11228,#11336,.T.);
#11336 = SURFACE_CURVE('',#11337,(#11341,#11347),.PCURVE_S1.);
#11337 = LINE('',#11338,#11339);
#11338 = CARTESIAN_POINT('',(30.8,15.5,2.4));
#11339 = VECTOR('',#11340,1.);
#11340 = DIRECTION('',(1.110223024625E-16,1.,-0.));
#11341 = PCURVE('',#5371,#11342);
#11342 = DEFINITIONAL_REPRESENTATION('',(#11343),#11346);
#11343 = B_SPLINE_CURVE_WITH_KNOTS('',1,(#11344,#11345),.UNSPECIFIED.,
  .F.,.F.,(2,2),(-31.9,15.5),.PIECEWISE_BEZIER_KNOTS.);
#11344 = CARTESIAN_POINT('',(47.4,-3.4));
#11345 = CARTESIAN_POINT('',(0.,-3.4));
#11346 = ( GEOMETRIC_REPRESENTATION_CONTEXT(2) 
PARAMETRIC_REPRESENTATION_CONTEXT() REPRESENTATION_CONTEXT('2D SPACE',''
  ) );
#11347 = PCURVE('',#8518,#11348);
#11348 = DEFINITIONAL_REPRESENTATION('',(#11349),#11352);
#11349 = B_SPLINE_CURVE_WITH_KNOTS('',1,(#11350,#11351),.UNSPECIFIED.,
  .F.,.F.,(2,2),(-31.9,15.5),.PIECEWISE_BEZIER_KNOTS.);
#11350 = CARTESIAN_POINT('',(30.8,-16.4));
#11351 = CARTESIAN_POINT('',(30.8,31.));
#11352 = ( GEOMETRIC_REPRESENTATION_CONTEXT(2) 
PARAMETRIC_REPRESENTATION_CONTEXT() REPRESENTATION_CONTEXT('2D SPACE',''
  ) );
#11353 = ORIENTED_EDGE('',*,*,#11280,.F.);
#11354 = ADVANCED_FACE('',(#11355),#5436,.F.);
#11355 = FACE_BOUND('',#11356,.T.);
#11356 = EDGE_LOOP('',(#11357,#11358,#11381,#11408));
#11357 = ORIENTED_EDGE('',*,*,#5415,.T.);
#11358 = ORIENTED_EDGE('',*,*,#11359,.T.);
#11359 = EDGE_CURVE('',#5416,#11360,#11362,.T.);
#11360 = VERTEX_POINT('',#11361);
#11361 = CARTESIAN_POINT('',(43.2,38.,1.));
#11362 = SEAM_CURVE('',#11363,(#11367,#11374),.PCURVE_S1.);
#11363 = LINE('',#11364,#11365);
#11364 = CARTESIAN_POINT('',(43.2,38.,-1.));
#11365 = VECTOR('',#11366,1.);
#11366 = DIRECTION('',(0.,0.,1.));
#11367 = PCURVE('',#5436,#11368);
#11368 = DEFINITIONAL_REPRESENTATION('',(#11369),#11373);
#11369 = LINE('',#11370,#11371);
#11370 = CARTESIAN_POINT('',(-6.28318530718,0.));
#11371 = VECTOR('',#11372,1.);
#11372 = DIRECTION('',(-0.,-1.));
#11373 = ( GEOMETRIC_REPRESENTATION_CONTEXT(2) 
PARAMETRIC_REPRESENTATION_CONTEXT() REPRESENTATION_CONTEXT('2D SPACE',''
  ) );
#11374 = PCURVE('',#5436,#11375);
#11375 = DEFINITIONAL_REPRESENTATION('',(#11376),#11380);
#11376 = LINE('',#11377,#11378);
#11377 = CARTESIAN_POINT('',(-0.,0.));
#11378 = VECTOR('',#11379,1.);
#11379 = DIRECTION('',(-0.,-1.));
#11380 = ( GEOMETRIC_REPRESENTATION_CONTEXT(2) 
PARAMETRIC_REPRESENTATION_CONTEXT() REPRESENTATION_CONTEXT('2D SPACE',''
  ) );
#11381 = ORIENTED_EDGE('',*,*,#11382,.T.);
#11382 = EDGE_CURVE('',#11360,#11360,#11383,.T.);
#11383 = SURFACE_CURVE('',#11384,(#11389,#11396),.PCURVE_S1.);
#11384 = CIRCLE('',#11385,5.2);
#11385 = AXIS2_PLACEMENT_3D('',#11386,#11387,#11388);
#11386 = CARTESIAN_POINT('',(38.,38.,1.));
#11387 = DIRECTION('',(0.,0.,1.));
#11388 = DIRECTION('',(1.,0.,0.));
#11389 = PCURVE('',#5436,#11390);
#11390 = DEFINITIONAL_REPRESENTATION('',(#11391),#11395);
#11391 = LINE('',#11392,#11393);
#11392 = CARTESIAN_POINT('',(-0.,-2.));
#11393 = VECTOR('',#11394,1.);
#11394 = DIRECTION('',(-1.,0.));
#11395 = ( GEOMETRIC_REPRESENTATION_CONTEXT(2) 
PARAMETRIC_REPRESENTATION_CONTEXT() REPRESENTATION_CONTEXT('2D SPACE',''
  ) );
#11396 = PCURVE('',#11397,#11402);
#11397 = PLANE('',#11398);
#11398 = AXIS2_PLACEMENT_3D('',#11399,#11400,#11401);
#11399 = CARTESIAN_POINT('',(38.,38.,1.));
#11400 = DIRECTION('',(0.,0.,1.));
#11401 = DIRECTION('',(1.,0.,-0.));
#11402 = DEFINITIONAL_REPRESENTATION('',(#11403),#11407);
#11403 = CIRCLE('',#11404,5.2);
#11404 = AXIS2_PLACEMENT_2D('',#11405,#11406);
#11405 = CARTESIAN_POINT('',(7.105427357601E-15,0.));
#11406 = DIRECTION('',(1.,0.));
#11407 = ( GEOMETRIC_REPRESENTATION_CONTEXT(2) 
PARAMETRIC_REPRESENTATION_CONTEXT() REPRESENTATION_CONTEXT('2D SPACE',''
  ) );
#11408 = ORIENTED_EDGE('',*,*,#11359,.F.);
#11409 = ADVANCED_FACE('',(#11410),#5504,.F.);
#11410 = FACE_BOUND('',#11411,.T.);
#11411 = EDGE_LOOP('',(#11412,#11413,#11434,#11435));
#11412 = ORIENTED_EDGE('',*,*,#5483,.T.);
#11413 = ORIENTED_EDGE('',*,*,#11414,.T.);
#11414 = EDGE_CURVE('',#5484,#7309,#11415,.T.);
#11415 = SEAM_CURVE('',#11416,(#11420,#11427),.PCURVE_S1.);
#11416 = LINE('',#11417,#11418);
#11417 = CARTESIAN_POINT('',(-45.3,-47.,-1.));
#11418 = VECTOR('',#11419,1.);
#11419 = DIRECTION('',(0.,0.,1.));
#11420 = PCURVE('',#5504,#11421);
#11421 = DEFINITIONAL_REPRESENTATION('',(#11422),#11426);
#11422 = LINE('',#11423,#11424);
#11423 = CARTESIAN_POINT('',(-6.28318530718,0.));
#11424 = VECTOR('',#11425,1.);
#11425 = DIRECTION('',(-0.,-1.));
#11426 = ( GEOMETRIC_REPRESENTATION_CONTEXT(2) 
PARAMETRIC_REPRESENTATION_CONTEXT() REPRESENTATION_CONTEXT('2D SPACE',''
  ) );
#11427 = PCURVE('',#5504,#11428);
#11428 = DEFINITIONAL_REPRESENTATION('',(#11429),#11433);
#11429 = LINE('',#11430,#11431);
#11430 = CARTESIAN_POINT('',(-0.,0.));
#11431 = VECTOR('',#11432,1.);
#11432 = DIRECTION('',(-0.,-1.));
#11433 = ( GEOMETRIC_REPRESENTATION_CONTEXT(2) 
PARAMETRIC_REPRESENTATION_CONTEXT() REPRESENTATION_CONTEXT('2D SPACE',''
  ) );
#11434 = ORIENTED_EDGE('',*,*,#7308,.F.);
#11435 = ORIENTED_EDGE('',*,*,#11414,.F.);
#11436 = ADVANCED_FACE('',(#11437),#5596,.F.);
#11437 = FACE_BOUND('',#11438,.F.);
#11438 = EDGE_LOOP('',(#11439,#11458,#11459,#11460));
#11439 = ORIENTED_EDGE('',*,*,#11440,.F.);
#11440 = EDGE_CURVE('',#5581,#6823,#11441,.T.);
#11441 = SURFACE_CURVE('',#11442,(#11446,#11452),.PCURVE_S1.);
#11442 = LINE('',#11443,#11444);
#11443 = CARTESIAN_POINT('',(32.,-56.,29.2));
#11444 = VECTOR('',#11445,1.);
#11445 = DIRECTION('',(1.660478583461E-16,0.707106781187,0.707106781187)
  );
#11446 = PCURVE('',#5596,#11447);
#11447 = DEFINITIONAL_REPRESENTATION('',(#11448),#11451);
#11448 = B_SPLINE_CURVE_WITH_KNOTS('',1,(#11449,#11450),.UNSPECIFIED.,
  .F.,.F.,(2,2),(0.,1.131370849898),.PIECEWISE_BEZIER_KNOTS.);
#11449 = CARTESIAN_POINT('',(0.,-0.565685424949));
#11450 = CARTESIAN_POINT('',(0.,0.565685424949));
#11451 = ( GEOMETRIC_REPRESENTATION_CONTEXT(2) 
PARAMETRIC_REPRESENTATION_CONTEXT() REPRESENTATION_CONTEXT('2D SPACE',''
  ) );
#11452 = PCURVE('',#6866,#11453);
#11453 = DEFINITIONAL_REPRESENTATION('',(#11454),#11457);
#11454 = B_SPLINE_CURVE_WITH_KNOTS('',1,(#11455,#11456),.UNSPECIFIED.,
  .F.,.F.,(2,2),(0.,1.131370849898),.PIECEWISE_BEZIER_KNOTS.);
#11455 = CARTESIAN_POINT('',(1.570796326795,0.));
#11456 = CARTESIAN_POINT('',(1.570796326795,-0.8));
#11457 = ( GEOMETRIC_REPRESENTATION_CONTEXT(2) 
PARAMETRIC_REPRESENTATION_CONTEXT() REPRESENTATION_CONTEXT('2D SPACE',''
  ) );
#11458 = ORIENTED_EDGE('',*,*,#5580,.T.);
#11459 = ORIENTED_EDGE('',*,*,#6647,.T.);
#11460 = ORIENTED_EDGE('',*,*,#6822,.F.);
#11461 = ADVANCED_FACE('',(#11462),#5671,.F.);
#11462 = FACE_BOUND('',#11463,.T.);
#11463 = EDGE_LOOP('',(#11464,#11488,#11509,#11510));
#11464 = ORIENTED_EDGE('',*,*,#11465,.T.);
#11465 = EDGE_CURVE('',#11466,#11466,#11468,.T.);
#11466 = VERTEX_POINT('',#11467);
#11467 = CARTESIAN_POINT('',(-28.4,-53.,22.));
#11468 = SURFACE_CURVE('',#11469,(#11474,#11481),.PCURVE_S1.);
#11469 = CIRCLE('',#11470,1.6);
#11470 = AXIS2_PLACEMENT_3D('',#11471,#11472,#11473);
#11471 = CARTESIAN_POINT('',(-30.,-53.,22.));
#11472 = DIRECTION('',(-0.,1.,0.));
#11473 = DIRECTION('',(1.,0.,0.));
#11474 = PCURVE('',#5671,#11475);
#11475 = DEFINITIONAL_REPRESENTATION('',(#11476),#11480);
#11476 = LINE('',#11477,#11478);
#11477 = CARTESIAN_POINT('',(-6.28318530718,-1.));
#11478 = VECTOR('',#11479,1.);
#11479 = DIRECTION('',(1.,-0.));
#11480 = ( GEOMETRIC_REPRESENTATION_CONTEXT(2) 
PARAMETRIC_REPRESENTATION_CONTEXT() REPRESENTATION_CONTEXT('2D SPACE',''
  ) );
#11481 = PCURVE('',#7643,#11482);
#11482 = DEFINITIONAL_REPRESENTATION('',(#11483),#11487);
#11483 = CIRCLE('',#11484,1.6);
#11484 = AXIS2_PLACEMENT_2D('',#11485,#11486);
#11485 = CARTESIAN_POINT('',(2.,-19.6));
#11486 = DIRECTION('',(1.,0.));
#11487 = ( GEOMETRIC_REPRESENTATION_CONTEXT(2) 
PARAMETRIC_REPRESENTATION_CONTEXT() REPRESENTATION_CONTEXT('2D SPACE',''
  ) );
#11488 = ORIENTED_EDGE('',*,*,#11489,.T.);
#11489 = EDGE_CURVE('',#11466,#5655,#11490,.T.);
#11490 = SEAM_CURVE('',#11491,(#11495,#11502),.PCURVE_S1.);
#11491 = LINE('',#11492,#11493);
#11492 = CARTESIAN_POINT('',(-28.4,-52.,22.));
#11493 = VECTOR('',#11494,1.);
#11494 = DIRECTION('',(0.,-1.,0.));
#11495 = PCURVE('',#5671,#11496);
#11496 = DEFINITIONAL_REPRESENTATION('',(#11497),#11501);
#11497 = LINE('',#11498,#11499);
#11498 = CARTESIAN_POINT('',(-6.28318530718,0.));
#11499 = VECTOR('',#11500,1.);
#11500 = DIRECTION('',(-0.,-1.));
#11501 = ( GEOMETRIC_REPRESENTATION_CONTEXT(2) 
PARAMETRIC_REPRESENTATION_CONTEXT() REPRESENTATION_CONTEXT('2D SPACE',''
  ) );
#11502 = PCURVE('',#5671,#11503);
#11503 = DEFINITIONAL_REPRESENTATION('',(#11504),#11508);
#11504 = LINE('',#11505,#11506);
#11505 = CARTESIAN_POINT('',(-0.,0.));
#11506 = VECTOR('',#11507,1.);
#11507 = DIRECTION('',(-0.,-1.));
#11508 = ( GEOMETRIC_REPRESENTATION_CONTEXT(2) 
PARAMETRIC_REPRESENTATION_CONTEXT() REPRESENTATION_CONTEXT('2D SPACE',''
  ) );
#11509 = ORIENTED_EDGE('',*,*,#5654,.F.);
#11510 = ORIENTED_EDGE('',*,*,#11489,.F.);
#11511 = ADVANCED_FACE('',(#11512),#5702,.F.);
#11512 = FACE_BOUND('',#11513,.T.);
#11513 = EDGE_LOOP('',(#11514,#11538,#11559,#11560));
#11514 = ORIENTED_EDGE('',*,*,#11515,.T.);
#11515 = EDGE_CURVE('',#11516,#11516,#11518,.T.);
#11516 = VERTEX_POINT('',#11517);
#11517 = CARTESIAN_POINT('',(-22.4,-53.,22.));
#11518 = SURFACE_CURVE('',#11519,(#11524,#11531),.PCURVE_S1.);
#11519 = CIRCLE('',#11520,1.6);
#11520 = AXIS2_PLACEMENT_3D('',#11521,#11522,#11523);
#11521 = CARTESIAN_POINT('',(-24.,-53.,22.));
#11522 = DIRECTION('',(-0.,1.,0.));
#11523 = DIRECTION('',(1.,0.,0.));
#11524 = PCURVE('',#5702,#11525);
#11525 = DEFINITIONAL_REPRESENTATION('',(#11526),#11530);
#11526 = LINE('',#11527,#11528);
#11527 = CARTESIAN_POINT('',(-6.28318530718,-1.));
#11528 = VECTOR('',#11529,1.);
#11529 = DIRECTION('',(1.,-0.));
#11530 = ( GEOMETRIC_REPRESENTATION_CONTEXT(2) 
PARAMETRIC_REPRESENTATION_CONTEXT() REPRESENTATION_CONTEXT('2D SPACE',''
  ) );
#11531 = PCURVE('',#7643,#11532);
#11532 = DEFINITIONAL_REPRESENTATION('',(#11533),#11537);
#11533 = CIRCLE('',#11534,1.6);
#11534 = AXIS2_PLACEMENT_2D('',#11535,#11536);
#11535 = CARTESIAN_POINT('',(8.,-19.6));
#11536 = DIRECTION('',(1.,0.));
#11537 = ( GEOMETRIC_REPRESENTATION_CONTEXT(2) 
PARAMETRIC_REPRESENTATION_CONTEXT() REPRESENTATION_CONTEXT('2D SPACE',''
  ) );
#11538 = ORIENTED_EDGE('',*,*,#11539,.T.);
#11539 = EDGE_CURVE('',#11516,#5686,#11540,.T.);
#11540 = SEAM_CURVE('',#11541,(#11545,#11552),.PCURVE_S1.);
#11541 = LINE('',#11542,#11543);
#11542 = CARTESIAN_POINT('',(-22.4,-52.,22.));
#11543 = VECTOR('',#11544,1.);
#11544 = DIRECTION('',(0.,-1.,0.));
#11545 = PCURVE('',#5702,#11546);
#11546 = DEFINITIONAL_REPRESENTATION('',(#11547),#11551);
#11547 = LINE('',#11548,#11549);
#11548 = CARTESIAN_POINT('',(-6.28318530718,0.));
#11549 = VECTOR('',#11550,1.);
#11550 = DIRECTION('',(-0.,-1.));
#11551 = ( GEOMETRIC_REPRESENTATION_CONTEXT(2) 
PARAMETRIC_REPRESENTATION_CONTEXT() REPRESENTATION_CONTEXT('2D SPACE',''
  ) );
#11552 = PCURVE('',#5702,#11553);
#11553 = DEFINITIONAL_REPRESENTATION('',(#11554),#11558);
#11554 = LINE('',#11555,#11556);
#11555 = CARTESIAN_POINT('',(-0.,0.));
#11556 = VECTOR('',#11557,1.);
#11557 = DIRECTION('',(-0.,-1.));
#11558 = ( GEOMETRIC_REPRESENTATION_CONTEXT(2) 
PARAMETRIC_REPRESENTATION_CONTEXT() REPRESENTATION_CONTEXT('2D SPACE',''
  ) );
#11559 = ORIENTED_EDGE('',*,*,#5685,.F.);
#11560 = ORIENTED_EDGE('',*,*,#11539,.F.);
#11561 = ADVANCED_FACE('',(#11562),#5733,.F.);
#11562 = FACE_BOUND('',#11563,.T.);
#11563 = EDGE_LOOP('',(#11564,#11588,#11609,#11610));
#11564 = ORIENTED_EDGE('',*,*,#11565,.T.);
#11565 = EDGE_CURVE('',#11566,#11566,#11568,.T.);
#11566 = VERTEX_POINT('',#11567);
#11567 = CARTESIAN_POINT('',(-16.4,-53.,22.));
#11568 = SURFACE_CURVE('',#11569,(#11574,#11581),.PCURVE_S1.);
#11569 = CIRCLE('',#11570,1.6);
#11570 = AXIS2_PLACEMENT_3D('',#11571,#11572,#11573);
#11571 = CARTESIAN_POINT('',(-18.,-53.,22.));
#11572 = DIRECTION('',(-0.,1.,0.));
#11573 = DIRECTION('',(1.,0.,0.));
#11574 = PCURVE('',#5733,#11575);
#11575 = DEFINITIONAL_REPRESENTATION('',(#11576),#11580);
#11576 = LINE('',#11577,#11578);
#11577 = CARTESIAN_POINT('',(-6.28318530718,-1.));
#11578 = VECTOR('',#11579,1.);
#11579 = DIRECTION('',(1.,-0.));
#11580 = ( GEOMETRIC_REPRESENTATION_CONTEXT(2) 
PARAMETRIC_REPRESENTATION_CONTEXT() REPRESENTATION_CONTEXT('2D SPACE',''
  ) );
#11581 = PCURVE('',#7643,#11582);
#11582 = DEFINITIONAL_REPRESENTATION('',(#11583),#11587);
#11583 = CIRCLE('',#11584,1.6);
#11584 = AXIS2_PLACEMENT_2D('',#11585,#11586);
#11585 = CARTESIAN_POINT('',(14.,-19.6));
#11586 = DIRECTION('',(1.,0.));
#11587 = ( GEOMETRIC_REPRESENTATION_CONTEXT(2) 
PARAMETRIC_REPRESENTATION_CONTEXT() REPRESENTATION_CONTEXT('2D SPACE',''
  ) );
#11588 = ORIENTED_EDGE('',*,*,#11589,.T.);
#11589 = EDGE_CURVE('',#11566,#5717,#11590,.T.);
#11590 = SEAM_CURVE('',#11591,(#11595,#11602),.PCURVE_S1.);
#11591 = LINE('',#11592,#11593);
#11592 = CARTESIAN_POINT('',(-16.4,-52.,22.));
#11593 = VECTOR('',#11594,1.);
#11594 = DIRECTION('',(0.,-1.,0.));
#11595 = PCURVE('',#5733,#11596);
#11596 = DEFINITIONAL_REPRESENTATION('',(#11597),#11601);
#11597 = LINE('',#11598,#11599);
#11598 = CARTESIAN_POINT('',(-6.28318530718,0.));
#11599 = VECTOR('',#11600,1.);
#11600 = DIRECTION('',(-0.,-1.));
#11601 = ( GEOMETRIC_REPRESENTATION_CONTEXT(2) 
PARAMETRIC_REPRESENTATION_CONTEXT() REPRESENTATION_CONTEXT('2D SPACE',''
  ) );
#11602 = PCURVE('',#5733,#11603);
#11603 = DEFINITIONAL_REPRESENTATION('',(#11604),#11608);
#11604 = LINE('',#11605,#11606);
#11605 = CARTESIAN_POINT('',(-0.,0.));
#11606 = VECTOR('',#11607,1.);
#11607 = DIRECTION('',(-0.,-1.));
#11608 = ( GEOMETRIC_REPRESENTATION_CONTEXT(2) 
PARAMETRIC_REPRESENTATION_CONTEXT() REPRESENTATION_CONTEXT('2D SPACE',''
  ) );
#11609 = ORIENTED_EDGE('',*,*,#5716,.F.);
#11610 = ORIENTED_EDGE('',*,*,#11589,.F.);
#11611 = ADVANCED_FACE('',(#11612),#5764,.F.);
#11612 = FACE_BOUND('',#11613,.T.);
#11613 = EDGE_LOOP('',(#11614,#11638,#11659,#11660));
#11614 = ORIENTED_EDGE('',*,*,#11615,.T.);
#11615 = EDGE_CURVE('',#11616,#11616,#11618,.T.);
#11616 = VERTEX_POINT('',#11617);
#11617 = CARTESIAN_POINT('',(-10.4,-53.,22.));
#11618 = SURFACE_CURVE('',#11619,(#11624,#11631),.PCURVE_S1.);
#11619 = CIRCLE('',#11620,1.6);
#11620 = AXIS2_PLACEMENT_3D('',#11621,#11622,#11623);
#11621 = CARTESIAN_POINT('',(-12.,-53.,22.));
#11622 = DIRECTION('',(-0.,1.,0.));
#11623 = DIRECTION('',(1.,0.,0.));
#11624 = PCURVE('',#5764,#11625);
#11625 = DEFINITIONAL_REPRESENTATION('',(#11626),#11630);
#11626 = LINE('',#11627,#11628);
#11627 = CARTESIAN_POINT('',(-6.28318530718,-1.));
#11628 = VECTOR('',#11629,1.);
#11629 = DIRECTION('',(1.,-0.));
#11630 = ( GEOMETRIC_REPRESENTATION_CONTEXT(2) 
PARAMETRIC_REPRESENTATION_CONTEXT() REPRESENTATION_CONTEXT('2D SPACE',''
  ) );
#11631 = PCURVE('',#7643,#11632);
#11632 = DEFINITIONAL_REPRESENTATION('',(#11633),#11637);
#11633 = CIRCLE('',#11634,1.6);
#11634 = AXIS2_PLACEMENT_2D('',#11635,#11636);
#11635 = CARTESIAN_POINT('',(20.,-19.6));
#11636 = DIRECTION('',(1.,0.));
#11637 = ( GEOMETRIC_REPRESENTATION_CONTEXT(2) 
PARAMETRIC_REPRESENTATION_CONTEXT() REPRESENTATION_CONTEXT('2D SPACE',''
  ) );
#11638 = ORIENTED_EDGE('',*,*,#11639,.T.);
#11639 = EDGE_CURVE('',#11616,#5748,#11640,.T.);
#11640 = SEAM_CURVE('',#11641,(#11645,#11652),.PCURVE_S1.);
#11641 = LINE('',#11642,#11643);
#11642 = CARTESIAN_POINT('',(-10.4,-52.,22.));
#11643 = VECTOR('',#11644,1.);
#11644 = DIRECTION('',(0.,-1.,0.));
#11645 = PCURVE('',#5764,#11646);
#11646 = DEFINITIONAL_REPRESENTATION('',(#11647),#11651);
#11647 = LINE('',#11648,#11649);
#11648 = CARTESIAN_POINT('',(-6.28318530718,0.));
#11649 = VECTOR('',#11650,1.);
#11650 = DIRECTION('',(-0.,-1.));
#11651 = ( GEOMETRIC_REPRESENTATION_CONTEXT(2) 
PARAMETRIC_REPRESENTATION_CONTEXT() REPRESENTATION_CONTEXT('2D SPACE',''
  ) );
#11652 = PCURVE('',#5764,#11653);
#11653 = DEFINITIONAL_REPRESENTATION('',(#11654),#11658);
#11654 = LINE('',#11655,#11656);
#11655 = CARTESIAN_POINT('',(-0.,0.));
#11656 = VECTOR('',#11657,1.);
#11657 = DIRECTION('',(-0.,-1.));
#11658 = ( GEOMETRIC_REPRESENTATION_CONTEXT(2) 
PARAMETRIC_REPRESENTATION_CONTEXT() REPRESENTATION_CONTEXT('2D SPACE',''
  ) );
#11659 = ORIENTED_EDGE('',*,*,#5747,.F.);
#11660 = ORIENTED_EDGE('',*,*,#11639,.F.);
#11661 = ADVANCED_FACE('',(#11662),#5795,.F.);
#11662 = FACE_BOUND('',#11663,.T.);
#11663 = EDGE_LOOP('',(#11664,#11688,#11709,#11710));
#11664 = ORIENTED_EDGE('',*,*,#11665,.T.);
#11665 = EDGE_CURVE('',#11666,#11666,#11668,.T.);
#11666 = VERTEX_POINT('',#11667);
#11667 = CARTESIAN_POINT('',(-4.4,-53.,22.));
#11668 = SURFACE_CURVE('',#11669,(#11674,#11681),.PCURVE_S1.);
#11669 = CIRCLE('',#11670,1.6);
#11670 = AXIS2_PLACEMENT_3D('',#11671,#11672,#11673);
#11671 = CARTESIAN_POINT('',(-6.,-53.,22.));
#11672 = DIRECTION('',(-0.,1.,0.));
#11673 = DIRECTION('',(1.,0.,0.));
#11674 = PCURVE('',#5795,#11675);
#11675 = DEFINITIONAL_REPRESENTATION('',(#11676),#11680);
#11676 = LINE('',#11677,#11678);
#11677 = CARTESIAN_POINT('',(-6.28318530718,-1.));
#11678 = VECTOR('',#11679,1.);
#11679 = DIRECTION('',(1.,-0.));
#11680 = ( GEOMETRIC_REPRESENTATION_CONTEXT(2) 
PARAMETRIC_REPRESENTATION_CONTEXT() REPRESENTATION_CONTEXT('2D SPACE',''
  ) );
#11681 = PCURVE('',#7643,#11682);
#11682 = DEFINITIONAL_REPRESENTATION('',(#11683),#11687);
#11683 = CIRCLE('',#11684,1.6);
#11684 = AXIS2_PLACEMENT_2D('',#11685,#11686);
#11685 = CARTESIAN_POINT('',(26.,-19.6));
#11686 = DIRECTION('',(1.,0.));
#11687 = ( GEOMETRIC_REPRESENTATION_CONTEXT(2) 
PARAMETRIC_REPRESENTATION_CONTEXT() REPRESENTATION_CONTEXT('2D SPACE',''
  ) );
#11688 = ORIENTED_EDGE('',*,*,#11689,.T.);
#11689 = EDGE_CURVE('',#11666,#5779,#11690,.T.);
#11690 = SEAM_CURVE('',#11691,(#11695,#11702),.PCURVE_S1.);
#11691 = LINE('',#11692,#11693);
#11692 = CARTESIAN_POINT('',(-4.4,-52.,22.));
#11693 = VECTOR('',#11694,1.);
#11694 = DIRECTION('',(0.,-1.,0.));
#11695 = PCURVE('',#5795,#11696);
#11696 = DEFINITIONAL_REPRESENTATION('',(#11697),#11701);
#11697 = LINE('',#11698,#11699);
#11698 = CARTESIAN_POINT('',(-6.28318530718,0.));
#11699 = VECTOR('',#11700,1.);
#11700 = DIRECTION('',(-0.,-1.));
#11701 = ( GEOMETRIC_REPRESENTATION_CONTEXT(2) 
PARAMETRIC_REPRESENTATION_CONTEXT() REPRESENTATION_CONTEXT('2D SPACE',''
  ) );
#11702 = PCURVE('',#5795,#11703);
#11703 = DEFINITIONAL_REPRESENTATION('',(#11704),#11708);
#11704 = LINE('',#11705,#11706);
#11705 = CARTESIAN_POINT('',(-0.,0.));
#11706 = VECTOR('',#11707,1.);
#11707 = DIRECTION('',(-0.,-1.));
#11708 = ( GEOMETRIC_REPRESENTATION_CONTEXT(2) 
PARAMETRIC_REPRESENTATION_CONTEXT() REPRESENTATION_CONTEXT('2D SPACE',''
  ) );
#11709 = ORIENTED_EDGE('',*,*,#5778,.F.);
#11710 = ORIENTED_EDGE('',*,*,#11689,.F.);
#11711 = ADVANCED_FACE('',(#11712),#5826,.F.);
#11712 = FACE_BOUND('',#11713,.T.);
#11713 = EDGE_LOOP('',(#11714,#11738,#11759,#11760));
#11714 = ORIENTED_EDGE('',*,*,#11715,.T.);
#11715 = EDGE_CURVE('',#11716,#11716,#11718,.T.);
#11716 = VERTEX_POINT('',#11717);
#11717 = CARTESIAN_POINT('',(1.6,-53.,22.));
#11718 = SURFACE_CURVE('',#11719,(#11724,#11731),.PCURVE_S1.);
#11719 = CIRCLE('',#11720,1.6);
#11720 = AXIS2_PLACEMENT_3D('',#11721,#11722,#11723);
#11721 = CARTESIAN_POINT('',(0.,-53.,22.));
#11722 = DIRECTION('',(-0.,1.,0.));
#11723 = DIRECTION('',(1.,0.,0.));
#11724 = PCURVE('',#5826,#11725);
#11725 = DEFINITIONAL_REPRESENTATION('',(#11726),#11730);
#11726 = LINE('',#11727,#11728);
#11727 = CARTESIAN_POINT('',(-6.28318530718,-1.));
#11728 = VECTOR('',#11729,1.);
#11729 = DIRECTION('',(1.,-0.));
#11730 = ( GEOMETRIC_REPRESENTATION_CONTEXT(2) 
PARAMETRIC_REPRESENTATION_CONTEXT() REPRESENTATION_CONTEXT('2D SPACE',''
  ) );
#11731 = PCURVE('',#7643,#11732);
#11732 = DEFINITIONAL_REPRESENTATION('',(#11733),#11737);
#11733 = CIRCLE('',#11734,1.6);
#11734 = AXIS2_PLACEMENT_2D('',#11735,#11736);
#11735 = CARTESIAN_POINT('',(32.,-19.6));
#11736 = DIRECTION('',(1.,0.));
#11737 = ( GEOMETRIC_REPRESENTATION_CONTEXT(2) 
PARAMETRIC_REPRESENTATION_CONTEXT() REPRESENTATION_CONTEXT('2D SPACE',''
  ) );
#11738 = ORIENTED_EDGE('',*,*,#11739,.T.);
#11739 = EDGE_CURVE('',#11716,#5810,#11740,.T.);
#11740 = SEAM_CURVE('',#11741,(#11745,#11752),.PCURVE_S1.);
#11741 = LINE('',#11742,#11743);
#11742 = CARTESIAN_POINT('',(1.6,-52.,22.));
#11743 = VECTOR('',#11744,1.);
#11744 = DIRECTION('',(0.,-1.,0.));
#11745 = PCURVE('',#5826,#11746);
#11746 = DEFINITIONAL_REPRESENTATION('',(#11747),#11751);
#11747 = LINE('',#11748,#11749);
#11748 = CARTESIAN_POINT('',(-6.28318530718,0.));
#11749 = VECTOR('',#11750,1.);
#11750 = DIRECTION('',(-0.,-1.));
#11751 = ( GEOMETRIC_REPRESENTATION_CONTEXT(2) 
PARAMETRIC_REPRESENTATION_CONTEXT() REPRESENTATION_CONTEXT('2D SPACE',''
  ) );
#11752 = PCURVE('',#5826,#11753);
#11753 = DEFINITIONAL_REPRESENTATION('',(#11754),#11758);
#11754 = LINE('',#11755,#11756);
#11755 = CARTESIAN_POINT('',(-0.,0.));
#11756 = VECTOR('',#11757,1.);
#11757 = DIRECTION('',(-0.,-1.));
#11758 = ( GEOMETRIC_REPRESENTATION_CONTEXT(2) 
PARAMETRIC_REPRESENTATION_CONTEXT() REPRESENTATION_CONTEXT('2D SPACE',''
  ) );
#11759 = ORIENTED_EDGE('',*,*,#5809,.F.);
#11760 = ORIENTED_EDGE('',*,*,#11739,.F.);
#11761 = ADVANCED_FACE('',(#11762),#5857,.F.);
#11762 = FACE_BOUND('',#11763,.T.);
#11763 = EDGE_LOOP('',(#11764,#11788,#11809,#11810));
#11764 = ORIENTED_EDGE('',*,*,#11765,.T.);
#11765 = EDGE_CURVE('',#11766,#11766,#11768,.T.);
#11766 = VERTEX_POINT('',#11767);
#11767 = CARTESIAN_POINT('',(7.6,-53.,22.));
#11768 = SURFACE_CURVE('',#11769,(#11774,#11781),.PCURVE_S1.);
#11769 = CIRCLE('',#11770,1.6);
#11770 = AXIS2_PLACEMENT_3D('',#11771,#11772,#11773);
#11771 = CARTESIAN_POINT('',(6.,-53.,22.));
#11772 = DIRECTION('',(-0.,1.,0.));
#11773 = DIRECTION('',(1.,0.,0.));
#11774 = PCURVE('',#5857,#11775);
#11775 = DEFINITIONAL_REPRESENTATION('',(#11776),#11780);
#11776 = LINE('',#11777,#11778);
#11777 = CARTESIAN_POINT('',(-6.28318530718,-1.));
#11778 = VECTOR('',#11779,1.);
#11779 = DIRECTION('',(1.,-0.));
#11780 = ( GEOMETRIC_REPRESENTATION_CONTEXT(2) 
PARAMETRIC_REPRESENTATION_CONTEXT() REPRESENTATION_CONTEXT('2D SPACE',''
  ) );
#11781 = PCURVE('',#7643,#11782);
#11782 = DEFINITIONAL_REPRESENTATION('',(#11783),#11787);
#11783 = CIRCLE('',#11784,1.6);
#11784 = AXIS2_PLACEMENT_2D('',#11785,#11786);
#11785 = CARTESIAN_POINT('',(38.,-19.6));
#11786 = DIRECTION('',(1.,0.));
#11787 = ( GEOMETRIC_REPRESENTATION_CONTEXT(2) 
PARAMETRIC_REPRESENTATION_CONTEXT() REPRESENTATION_CONTEXT('2D SPACE',''
  ) );
#11788 = ORIENTED_EDGE('',*,*,#11789,.T.);
#11789 = EDGE_CURVE('',#11766,#5841,#11790,.T.);
#11790 = SEAM_CURVE('',#11791,(#11795,#11802),.PCURVE_S1.);
#11791 = LINE('',#11792,#11793);
#11792 = CARTESIAN_POINT('',(7.6,-52.,22.));
#11793 = VECTOR('',#11794,1.);
#11794 = DIRECTION('',(0.,-1.,0.));
#11795 = PCURVE('',#5857,#11796);
#11796 = DEFINITIONAL_REPRESENTATION('',(#11797),#11801);
#11797 = LINE('',#11798,#11799);
#11798 = CARTESIAN_POINT('',(-6.28318530718,0.));
#11799 = VECTOR('',#11800,1.);
#11800 = DIRECTION('',(-0.,-1.));
#11801 = ( GEOMETRIC_REPRESENTATION_CONTEXT(2) 
PARAMETRIC_REPRESENTATION_CONTEXT() REPRESENTATION_CONTEXT('2D SPACE',''
  ) );
#11802 = PCURVE('',#5857,#11803);
#11803 = DEFINITIONAL_REPRESENTATION('',(#11804),#11808);
#11804 = LINE('',#11805,#11806);
#11805 = CARTESIAN_POINT('',(-0.,0.));
#11806 = VECTOR('',#11807,1.);
#11807 = DIRECTION('',(-0.,-1.));
#11808 = ( GEOMETRIC_REPRESENTATION_CONTEXT(2) 
PARAMETRIC_REPRESENTATION_CONTEXT() REPRESENTATION_CONTEXT('2D SPACE',''
  ) );
#11809 = ORIENTED_EDGE('',*,*,#5840,.F.);
#11810 = ORIENTED_EDGE('',*,*,#11789,.F.);
#11811 = ADVANCED_FACE('',(#11812),#5888,.F.);
#11812 = FACE_BOUND('',#11813,.T.);
#11813 = EDGE_LOOP('',(#11814,#11838,#11859,#11860));
#11814 = ORIENTED_EDGE('',*,*,#11815,.T.);
#11815 = EDGE_CURVE('',#11816,#11816,#11818,.T.);
#11816 = VERTEX_POINT('',#11817);
#11817 = CARTESIAN_POINT('',(13.6,-53.,22.));
#11818 = SURFACE_CURVE('',#11819,(#11824,#11831),.PCURVE_S1.);
#11819 = CIRCLE('',#11820,1.6);
#11820 = AXIS2_PLACEMENT_3D('',#11821,#11822,#11823);
#11821 = CARTESIAN_POINT('',(12.,-53.,22.));
#11822 = DIRECTION('',(-0.,1.,0.));
#11823 = DIRECTION('',(1.,0.,0.));
#11824 = PCURVE('',#5888,#11825);
#11825 = DEFINITIONAL_REPRESENTATION('',(#11826),#11830);
#11826 = LINE('',#11827,#11828);
#11827 = CARTESIAN_POINT('',(-6.28318530718,-1.));
#11828 = VECTOR('',#11829,1.);
#11829 = DIRECTION('',(1.,-0.));
#11830 = ( GEOMETRIC_REPRESENTATION_CONTEXT(2) 
PARAMETRIC_REPRESENTATION_CONTEXT() REPRESENTATION_CONTEXT('2D SPACE',''
  ) );
#11831 = PCURVE('',#7643,#11832);
#11832 = DEFINITIONAL_REPRESENTATION('',(#11833),#11837);
#11833 = CIRCLE('',#11834,1.6);
#11834 = AXIS2_PLACEMENT_2D('',#11835,#11836);
#11835 = CARTESIAN_POINT('',(44.,-19.6));
#11836 = DIRECTION('',(1.,0.));
#11837 = ( GEOMETRIC_REPRESENTATION_CONTEXT(2) 
PARAMETRIC_REPRESENTATION_CONTEXT() REPRESENTATION_CONTEXT('2D SPACE',''
  ) );
#11838 = ORIENTED_EDGE('',*,*,#11839,.T.);
#11839 = EDGE_CURVE('',#11816,#5872,#11840,.T.);
#11840 = SEAM_CURVE('',#11841,(#11845,#11852),.PCURVE_S1.);
#11841 = LINE('',#11842,#11843);
#11842 = CARTESIAN_POINT('',(13.6,-52.,22.));
#11843 = VECTOR('',#11844,1.);
#11844 = DIRECTION('',(0.,-1.,0.));
#11845 = PCURVE('',#5888,#11846);
#11846 = DEFINITIONAL_REPRESENTATION('',(#11847),#11851);
#11847 = LINE('',#11848,#11849);
#11848 = CARTESIAN_POINT('',(-6.28318530718,0.));
#11849 = VECTOR('',#11850,1.);
#11850 = DIRECTION('',(-0.,-1.));
#11851 = ( GEOMETRIC_REPRESENTATION_CONTEXT(2) 
PARAMETRIC_REPRESENTATION_CONTEXT() REPRESENTATION_CONTEXT('2D SPACE',''
  ) );
#11852 = PCURVE('',#5888,#11853);
#11853 = DEFINITIONAL_REPRESENTATION('',(#11854),#11858);
#11854 = LINE('',#11855,#11856);
#11855 = CARTESIAN_POINT('',(-0.,0.));
#11856 = VECTOR('',#11857,1.);
#11857 = DIRECTION('',(-0.,-1.));
#11858 = ( GEOMETRIC_REPRESENTATION_CONTEXT(2) 
PARAMETRIC_REPRESENTATION_CONTEXT() REPRESENTATION_CONTEXT('2D SPACE',''
  ) );
#11859 = ORIENTED_EDGE('',*,*,#5871,.F.);
#11860 = ORIENTED_EDGE('',*,*,#11839,.F.);
#11861 = ADVANCED_FACE('',(#11862),#5919,.F.);
#11862 = FACE_BOUND('',#11863,.T.);
#11863 = EDGE_LOOP('',(#11864,#11888,#11909,#11910));
#11864 = ORIENTED_EDGE('',*,*,#11865,.T.);
#11865 = EDGE_CURVE('',#11866,#11866,#11868,.T.);
#11866 = VERTEX_POINT('',#11867);
#11867 = CARTESIAN_POINT('',(19.6,-53.,22.));
#11868 = SURFACE_CURVE('',#11869,(#11874,#11881),.PCURVE_S1.);
#11869 = CIRCLE('',#11870,1.6);
#11870 = AXIS2_PLACEMENT_3D('',#11871,#11872,#11873);
#11871 = CARTESIAN_POINT('',(18.,-53.,22.));
#11872 = DIRECTION('',(-0.,1.,0.));
#11873 = DIRECTION('',(1.,0.,0.));
#11874 = PCURVE('',#5919,#11875);
#11875 = DEFINITIONAL_REPRESENTATION('',(#11876),#11880);
#11876 = LINE('',#11877,#11878);
#11877 = CARTESIAN_POINT('',(-6.28318530718,-1.));
#11878 = VECTOR('',#11879,1.);
#11879 = DIRECTION('',(1.,-0.));
#11880 = ( GEOMETRIC_REPRESENTATION_CONTEXT(2) 
PARAMETRIC_REPRESENTATION_CONTEXT() REPRESENTATION_CONTEXT('2D SPACE',''
  ) );
#11881 = PCURVE('',#7643,#11882);
#11882 = DEFINITIONAL_REPRESENTATION('',(#11883),#11887);
#11883 = CIRCLE('',#11884,1.6);
#11884 = AXIS2_PLACEMENT_2D('',#11885,#11886);
#11885 = CARTESIAN_POINT('',(50.,-19.6));
#11886 = DIRECTION('',(1.,0.));
#11887 = ( GEOMETRIC_REPRESENTATION_CONTEXT(2) 
PARAMETRIC_REPRESENTATION_CONTEXT() REPRESENTATION_CONTEXT('2D SPACE',''
  ) );
#11888 = ORIENTED_EDGE('',*,*,#11889,.T.);
#11889 = EDGE_CURVE('',#11866,#5903,#11890,.T.);
#11890 = SEAM_CURVE('',#11891,(#11895,#11902),.PCURVE_S1.);
#11891 = LINE('',#11892,#11893);
#11892 = CARTESIAN_POINT('',(19.6,-52.,22.));
#11893 = VECTOR('',#11894,1.);
#11894 = DIRECTION('',(0.,-1.,0.));
#11895 = PCURVE('',#5919,#11896);
#11896 = DEFINITIONAL_REPRESENTATION('',(#11897),#11901);
#11897 = LINE('',#11898,#11899);
#11898 = CARTESIAN_POINT('',(-6.28318530718,0.));
#11899 = VECTOR('',#11900,1.);
#11900 = DIRECTION('',(-0.,-1.));
#11901 = ( GEOMETRIC_REPRESENTATION_CONTEXT(2) 
PARAMETRIC_REPRESENTATION_CONTEXT() REPRESENTATION_CONTEXT('2D SPACE',''
  ) );
#11902 = PCURVE('',#5919,#11903);
#11903 = DEFINITIONAL_REPRESENTATION('',(#11904),#11908);
#11904 = LINE('',#11905,#11906);
#11905 = CARTESIAN_POINT('',(-0.,0.));
#11906 = VECTOR('',#11907,1.);
#11907 = DIRECTION('',(-0.,-1.));
#11908 = ( GEOMETRIC_REPRESENTATION_CONTEXT(2) 
PARAMETRIC_REPRESENTATION_CONTEXT() REPRESENTATION_CONTEXT('2D SPACE',''
  ) );
#11909 = ORIENTED_EDGE('',*,*,#5902,.F.);
#11910 = ORIENTED_EDGE('',*,*,#11889,.F.);
#11911 = ADVANCED_FACE('',(#11912),#5950,.F.);
#11912 = FACE_BOUND('',#11913,.T.);
#11913 = EDGE_LOOP('',(#11914,#11938,#11959,#11960));
#11914 = ORIENTED_EDGE('',*,*,#11915,.T.);
#11915 = EDGE_CURVE('',#11916,#11916,#11918,.T.);
#11916 = VERTEX_POINT('',#11917);
#11917 = CARTESIAN_POINT('',(25.6,-53.,22.));
#11918 = SURFACE_CURVE('',#11919,(#11924,#11931),.PCURVE_S1.);
#11919 = CIRCLE('',#11920,1.6);
#11920 = AXIS2_PLACEMENT_3D('',#11921,#11922,#11923);
#11921 = CARTESIAN_POINT('',(24.,-53.,22.));
#11922 = DIRECTION('',(-0.,1.,0.));
#11923 = DIRECTION('',(1.,0.,0.));
#11924 = PCURVE('',#5950,#11925);
#11925 = DEFINITIONAL_REPRESENTATION('',(#11926),#11930);
#11926 = LINE('',#11927,#11928);
#11927 = CARTESIAN_POINT('',(-6.28318530718,-1.));
#11928 = VECTOR('',#11929,1.);
#11929 = DIRECTION('',(1.,-0.));
#11930 = ( GEOMETRIC_REPRESENTATION_CONTEXT(2) 
PARAMETRIC_REPRESENTATION_CONTEXT() REPRESENTATION_CONTEXT('2D SPACE',''
  ) );
#11931 = PCURVE('',#7643,#11932);
#11932 = DEFINITIONAL_REPRESENTATION('',(#11933),#11937);
#11933 = CIRCLE('',#11934,1.6);
#11934 = AXIS2_PLACEMENT_2D('',#11935,#11936);
#11935 = CARTESIAN_POINT('',(56.,-19.6));
#11936 = DIRECTION('',(1.,0.));
#11937 = ( GEOMETRIC_REPRESENTATION_CONTEXT(2) 
PARAMETRIC_REPRESENTATION_CONTEXT() REPRESENTATION_CONTEXT('2D SPACE',''
  ) );
#11938 = ORIENTED_EDGE('',*,*,#11939,.T.);
#11939 = EDGE_CURVE('',#11916,#5934,#11940,.T.);
#11940 = SEAM_CURVE('',#11941,(#11945,#11952),.PCURVE_S1.);
#11941 = LINE('',#11942,#11943);
#11942 = CARTESIAN_POINT('',(25.6,-52.,22.));
#11943 = VECTOR('',#11944,1.);
#11944 = DIRECTION('',(0.,-1.,0.));
#11945 = PCURVE('',#5950,#11946);
#11946 = DEFINITIONAL_REPRESENTATION('',(#11947),#11951);
#11947 = LINE('',#11948,#11949);
#11948 = CARTESIAN_POINT('',(-6.28318530718,0.));
#11949 = VECTOR('',#11950,1.);
#11950 = DIRECTION('',(-0.,-1.));
#11951 = ( GEOMETRIC_REPRESENTATION_CONTEXT(2) 
PARAMETRIC_REPRESENTATION_CONTEXT() REPRESENTATION_CONTEXT('2D SPACE',''
  ) );
#11952 = PCURVE('',#5950,#11953);
#11953 = DEFINITIONAL_REPRESENTATION('',(#11954),#11958);
#11954 = LINE('',#11955,#11956);
#11955 = CARTESIAN_POINT('',(-0.,0.));
#11956 = VECTOR('',#11957,1.);
#11957 = DIRECTION('',(-0.,-1.));
#11958 = ( GEOMETRIC_REPRESENTATION_CONTEXT(2) 
PARAMETRIC_REPRESENTATION_CONTEXT() REPRESENTATION_CONTEXT('2D SPACE',''
  ) );
#11959 = ORIENTED_EDGE('',*,*,#5933,.F.);
#11960 = ORIENTED_EDGE('',*,*,#11939,.F.);
#11961 = ADVANCED_FACE('',(#11962),#5981,.F.);
#11962 = FACE_BOUND('',#11963,.T.);
#11963 = EDGE_LOOP('',(#11964,#11988,#12009,#12010));
#11964 = ORIENTED_EDGE('',*,*,#11965,.T.);
#11965 = EDGE_CURVE('',#11966,#11966,#11968,.T.);
#11966 = VERTEX_POINT('',#11967);
#11967 = CARTESIAN_POINT('',(31.6,-53.,22.));
#11968 = SURFACE_CURVE('',#11969,(#11974,#11981),.PCURVE_S1.);
#11969 = CIRCLE('',#11970,1.6);
#11970 = AXIS2_PLACEMENT_3D('',#11971,#11972,#11973);
#11971 = CARTESIAN_POINT('',(30.,-53.,22.));
#11972 = DIRECTION('',(-0.,1.,0.));
#11973 = DIRECTION('',(1.,0.,0.));
#11974 = PCURVE('',#5981,#11975);
#11975 = DEFINITIONAL_REPRESENTATION('',(#11976),#11980);
#11976 = LINE('',#11977,#11978);
#11977 = CARTESIAN_POINT('',(-6.28318530718,-1.));
#11978 = VECTOR('',#11979,1.);
#11979 = DIRECTION('',(1.,-0.));
#11980 = ( GEOMETRIC_REPRESENTATION_CONTEXT(2) 
PARAMETRIC_REPRESENTATION_CONTEXT() REPRESENTATION_CONTEXT('2D SPACE',''
  ) );
#11981 = PCURVE('',#7643,#11982);
#11982 = DEFINITIONAL_REPRESENTATION('',(#11983),#11987);
#11983 = CIRCLE('',#11984,1.6);
#11984 = AXIS2_PLACEMENT_2D('',#11985,#11986);
#11985 = CARTESIAN_POINT('',(62.,-19.6));
#11986 = DIRECTION('',(1.,0.));
#11987 = ( GEOMETRIC_REPRESENTATION_CONTEXT(2) 
PARAMETRIC_REPRESENTATION_CONTEXT() REPRESENTATION_CONTEXT('2D SPACE',''
  ) );
#11988 = ORIENTED_EDGE('',*,*,#11989,.T.);
#11989 = EDGE_CURVE('',#11966,#5965,#11990,.T.);
#11990 = SEAM_CURVE('',#11991,(#11995,#12002),.PCURVE_S1.);
#11991 = LINE('',#11992,#11993);
#11992 = CARTESIAN_POINT('',(31.6,-52.,22.));
#11993 = VECTOR('',#11994,1.);
#11994 = DIRECTION('',(0.,-1.,0.));
#11995 = PCURVE('',#5981,#11996);
#11996 = DEFINITIONAL_REPRESENTATION('',(#11997),#12001);
#11997 = LINE('',#11998,#11999);
#11998 = CARTESIAN_POINT('',(-6.28318530718,0.));
#11999 = VECTOR('',#12000,1.);
#12000 = DIRECTION('',(-0.,-1.));
#12001 = ( GEOMETRIC_REPRESENTATION_CONTEXT(2) 
PARAMETRIC_REPRESENTATION_CONTEXT() REPRESENTATION_CONTEXT('2D SPACE',''
  ) );
#12002 = PCURVE('',#5981,#12003);
#12003 = DEFINITIONAL_REPRESENTATION('',(#12004),#12008);
#12004 = LINE('',#12005,#12006);
#12005 = CARTESIAN_POINT('',(-0.,0.));
#12006 = VECTOR('',#12007,1.);
#12007 = DIRECTION('',(-0.,-1.));
#12008 = ( GEOMETRIC_REPRESENTATION_CONTEXT(2) 
PARAMETRIC_REPRESENTATION_CONTEXT() REPRESENTATION_CONTEXT('2D SPACE',''
  ) );
#12009 = ORIENTED_EDGE('',*,*,#5964,.F.);
#12010 = ORIENTED_EDGE('',*,*,#11989,.F.);
#12011 = ADVANCED_FACE('',(#12012),#6012,.F.);
#12012 = FACE_BOUND('',#12013,.T.);
#12013 = EDGE_LOOP('',(#12014,#12038,#12059,#12060));
#12014 = ORIENTED_EDGE('',*,*,#12015,.T.);
#12015 = EDGE_CURVE('',#12016,#12016,#12018,.T.);
#12016 = VERTEX_POINT('',#12017);
#12017 = CARTESIAN_POINT('',(-25.4,-53.,16.));
#12018 = SURFACE_CURVE('',#12019,(#12024,#12031),.PCURVE_S1.);
#12019 = CIRCLE('',#12020,1.6);
#12020 = AXIS2_PLACEMENT_3D('',#12021,#12022,#12023);
#12021 = CARTESIAN_POINT('',(-27.,-53.,16.));
#12022 = DIRECTION('',(-0.,1.,0.));
#12023 = DIRECTION('',(1.,0.,0.));
#12024 = PCURVE('',#6012,#12025);
#12025 = DEFINITIONAL_REPRESENTATION('',(#12026),#12030);
#12026 = LINE('',#12027,#12028);
#12027 = CARTESIAN_POINT('',(-6.28318530718,-1.));
#12028 = VECTOR('',#12029,1.);
#12029 = DIRECTION('',(1.,-0.));
#12030 = ( GEOMETRIC_REPRESENTATION_CONTEXT(2) 
PARAMETRIC_REPRESENTATION_CONTEXT() REPRESENTATION_CONTEXT('2D SPACE',''
  ) );
#12031 = PCURVE('',#7643,#12032);
#12032 = DEFINITIONAL_REPRESENTATION('',(#12033),#12037);
#12033 = CIRCLE('',#12034,1.6);
#12034 = AXIS2_PLACEMENT_2D('',#12035,#12036);
#12035 = CARTESIAN_POINT('',(5.,-13.6));
#12036 = DIRECTION('',(1.,0.));
#12037 = ( GEOMETRIC_REPRESENTATION_CONTEXT(2) 
PARAMETRIC_REPRESENTATION_CONTEXT() REPRESENTATION_CONTEXT('2D SPACE',''
  ) );
#12038 = ORIENTED_EDGE('',*,*,#12039,.T.);
#12039 = EDGE_CURVE('',#12016,#5996,#12040,.T.);
#12040 = SEAM_CURVE('',#12041,(#12045,#12052),.PCURVE_S1.);
#12041 = LINE('',#12042,#12043);
#12042 = CARTESIAN_POINT('',(-25.4,-52.,16.));
#12043 = VECTOR('',#12044,1.);
#12044 = DIRECTION('',(0.,-1.,0.));
#12045 = PCURVE('',#6012,#12046);
#12046 = DEFINITIONAL_REPRESENTATION('',(#12047),#12051);
#12047 = LINE('',#12048,#12049);
#12048 = CARTESIAN_POINT('',(-6.28318530718,0.));
#12049 = VECTOR('',#12050,1.);
#12050 = DIRECTION('',(-0.,-1.));
#12051 = ( GEOMETRIC_REPRESENTATION_CONTEXT(2) 
PARAMETRIC_REPRESENTATION_CONTEXT() REPRESENTATION_CONTEXT('2D SPACE',''
  ) );
#12052 = PCURVE('',#6012,#12053);
#12053 = DEFINITIONAL_REPRESENTATION('',(#12054),#12058);
#12054 = LINE('',#12055,#12056);
#12055 = CARTESIAN_POINT('',(-0.,0.));
#12056 = VECTOR('',#12057,1.);
#12057 = DIRECTION('',(-0.,-1.));
#12058 = ( GEOMETRIC_REPRESENTATION_CONTEXT(2) 
PARAMETRIC_REPRESENTATION_CONTEXT() REPRESENTATION_CONTEXT('2D SPACE',''
  ) );
#12059 = ORIENTED_EDGE('',*,*,#5995,.F.);
#12060 = ORIENTED_EDGE('',*,*,#12039,.F.);
#12061 = ADVANCED_FACE('',(#12062),#6043,.F.);
#12062 = FACE_BOUND('',#12063,.T.);
#12063 = EDGE_LOOP('',(#12064,#12088,#12109,#12110));
#12064 = ORIENTED_EDGE('',*,*,#12065,.T.);
#12065 = EDGE_CURVE('',#12066,#12066,#12068,.T.);
#12066 = VERTEX_POINT('',#12067);
#12067 = CARTESIAN_POINT('',(-19.4,-53.,16.));
#12068 = SURFACE_CURVE('',#12069,(#12074,#12081),.PCURVE_S1.);
#12069 = CIRCLE('',#12070,1.6);
#12070 = AXIS2_PLACEMENT_3D('',#12071,#12072,#12073);
#12071 = CARTESIAN_POINT('',(-21.,-53.,16.));
#12072 = DIRECTION('',(-0.,1.,0.));
#12073 = DIRECTION('',(1.,0.,0.));
#12074 = PCURVE('',#6043,#12075);
#12075 = DEFINITIONAL_REPRESENTATION('',(#12076),#12080);
#12076 = LINE('',#12077,#12078);
#12077 = CARTESIAN_POINT('',(-6.28318530718,-1.));
#12078 = VECTOR('',#12079,1.);
#12079 = DIRECTION('',(1.,-0.));
#12080 = ( GEOMETRIC_REPRESENTATION_CONTEXT(2) 
PARAMETRIC_REPRESENTATION_CONTEXT() REPRESENTATION_CONTEXT('2D SPACE',''
  ) );
#12081 = PCURVE('',#7643,#12082);
#12082 = DEFINITIONAL_REPRESENTATION('',(#12083),#12087);
#12083 = CIRCLE('',#12084,1.6);
#12084 = AXIS2_PLACEMENT_2D('',#12085,#12086);
#12085 = CARTESIAN_POINT('',(11.,-13.6));
#12086 = DIRECTION('',(1.,0.));
#12087 = ( GEOMETRIC_REPRESENTATION_CONTEXT(2) 
PARAMETRIC_REPRESENTATION_CONTEXT() REPRESENTATION_CONTEXT('2D SPACE',''
  ) );
#12088 = ORIENTED_EDGE('',*,*,#12089,.T.);
#12089 = EDGE_CURVE('',#12066,#6027,#12090,.T.);
#12090 = SEAM_CURVE('',#12091,(#12095,#12102),.PCURVE_S1.);
#12091 = LINE('',#12092,#12093);
#12092 = CARTESIAN_POINT('',(-19.4,-52.,16.));
#12093 = VECTOR('',#12094,1.);
#12094 = DIRECTION('',(0.,-1.,0.));
#12095 = PCURVE('',#6043,#12096);
#12096 = DEFINITIONAL_REPRESENTATION('',(#12097),#12101);
#12097 = LINE('',#12098,#12099);
#12098 = CARTESIAN_POINT('',(-6.28318530718,0.));
#12099 = VECTOR('',#12100,1.);
#12100 = DIRECTION('',(-0.,-1.));
#12101 = ( GEOMETRIC_REPRESENTATION_CONTEXT(2) 
PARAMETRIC_REPRESENTATION_CONTEXT() REPRESENTATION_CONTEXT('2D SPACE',''
  ) );
#12102 = PCURVE('',#6043,#12103);
#12103 = DEFINITIONAL_REPRESENTATION('',(#12104),#12108);
#12104 = LINE('',#12105,#12106);
#12105 = CARTESIAN_POINT('',(-0.,0.));
#12106 = VECTOR('',#12107,1.);
#12107 = DIRECTION('',(-0.,-1.));
#12108 = ( GEOMETRIC_REPRESENTATION_CONTEXT(2) 
PARAMETRIC_REPRESENTATION_CONTEXT() REPRESENTATION_CONTEXT('2D SPACE',''
  ) );
#12109 = ORIENTED_EDGE('',*,*,#6026,.F.);
#12110 = ORIENTED_EDGE('',*,*,#12089,.F.);
#12111 = ADVANCED_FACE('',(#12112),#6074,.F.);
#12112 = FACE_BOUND('',#12113,.T.);
#12113 = EDGE_LOOP('',(#12114,#12138,#12159,#12160));
#12114 = ORIENTED_EDGE('',*,*,#12115,.T.);
#12115 = EDGE_CURVE('',#12116,#12116,#12118,.T.);
#12116 = VERTEX_POINT('',#12117);
#12117 = CARTESIAN_POINT('',(-13.4,-53.,16.));
#12118 = SURFACE_CURVE('',#12119,(#12124,#12131),.PCURVE_S1.);
#12119 = CIRCLE('',#12120,1.6);
#12120 = AXIS2_PLACEMENT_3D('',#12121,#12122,#12123);
#12121 = CARTESIAN_POINT('',(-15.,-53.,16.));
#12122 = DIRECTION('',(-0.,1.,0.));
#12123 = DIRECTION('',(1.,0.,0.));
#12124 = PCURVE('',#6074,#12125);
#12125 = DEFINITIONAL_REPRESENTATION('',(#12126),#12130);
#12126 = LINE('',#12127,#12128);
#12127 = CARTESIAN_POINT('',(-6.28318530718,-1.));
#12128 = VECTOR('',#12129,1.);
#12129 = DIRECTION('',(1.,-0.));
#12130 = ( GEOMETRIC_REPRESENTATION_CONTEXT(2) 
PARAMETRIC_REPRESENTATION_CONTEXT() REPRESENTATION_CONTEXT('2D SPACE',''
  ) );
#12131 = PCURVE('',#7643,#12132);
#12132 = DEFINITIONAL_REPRESENTATION('',(#12133),#12137);
#12133 = CIRCLE('',#12134,1.6);
#12134 = AXIS2_PLACEMENT_2D('',#12135,#12136);
#12135 = CARTESIAN_POINT('',(17.,-13.6));
#12136 = DIRECTION('',(1.,0.));
#12137 = ( GEOMETRIC_REPRESENTATION_CONTEXT(2) 
PARAMETRIC_REPRESENTATION_CONTEXT() REPRESENTATION_CONTEXT('2D SPACE',''
  ) );
#12138 = ORIENTED_EDGE('',*,*,#12139,.T.);
#12139 = EDGE_CURVE('',#12116,#6058,#12140,.T.);
#12140 = SEAM_CURVE('',#12141,(#12145,#12152),.PCURVE_S1.);
#12141 = LINE('',#12142,#12143);
#12142 = CARTESIAN_POINT('',(-13.4,-52.,16.));
#12143 = VECTOR('',#12144,1.);
#12144 = DIRECTION('',(0.,-1.,0.));
#12145 = PCURVE('',#6074,#12146);
#12146 = DEFINITIONAL_REPRESENTATION('',(#12147),#12151);
#12147 = LINE('',#12148,#12149);
#12148 = CARTESIAN_POINT('',(-6.28318530718,0.));
#12149 = VECTOR('',#12150,1.);
#12150 = DIRECTION('',(-0.,-1.));
#12151 = ( GEOMETRIC_REPRESENTATION_CONTEXT(2) 
PARAMETRIC_REPRESENTATION_CONTEXT() REPRESENTATION_CONTEXT('2D SPACE',''
  ) );
#12152 = PCURVE('',#6074,#12153);
#12153 = DEFINITIONAL_REPRESENTATION('',(#12154),#12158);
#12154 = LINE('',#12155,#12156);
#12155 = CARTESIAN_POINT('',(-0.,0.));
#12156 = VECTOR('',#12157,1.);
#12157 = DIRECTION('',(-0.,-1.));
#12158 = ( GEOMETRIC_REPRESENTATION_CONTEXT(2) 
PARAMETRIC_REPRESENTATION_CONTEXT() REPRESENTATION_CONTEXT('2D SPACE',''
  ) );
#12159 = ORIENTED_EDGE('',*,*,#6057,.F.);
#12160 = ORIENTED_EDGE('',*,*,#12139,.F.);
#12161 = ADVANCED_FACE('',(#12162),#6105,.F.);
#12162 = FACE_BOUND('',#12163,.T.);
#12163 = EDGE_LOOP('',(#12164,#12188,#12209,#12210));
#12164 = ORIENTED_EDGE('',*,*,#12165,.T.);
#12165 = EDGE_CURVE('',#12166,#12166,#12168,.T.);
#12166 = VERTEX_POINT('',#12167);
#12167 = CARTESIAN_POINT('',(-7.4,-53.,16.));
#12168 = SURFACE_CURVE('',#12169,(#12174,#12181),.PCURVE_S1.);
#12169 = CIRCLE('',#12170,1.6);
#12170 = AXIS2_PLACEMENT_3D('',#12171,#12172,#12173);
#12171 = CARTESIAN_POINT('',(-9.,-53.,16.));
#12172 = DIRECTION('',(-0.,1.,0.));
#12173 = DIRECTION('',(1.,0.,0.));
#12174 = PCURVE('',#6105,#12175);
#12175 = DEFINITIONAL_REPRESENTATION('',(#12176),#12180);
#12176 = LINE('',#12177,#12178);
#12177 = CARTESIAN_POINT('',(-6.28318530718,-1.));
#12178 = VECTOR('',#12179,1.);
#12179 = DIRECTION('',(1.,-0.));
#12180 = ( GEOMETRIC_REPRESENTATION_CONTEXT(2) 
PARAMETRIC_REPRESENTATION_CONTEXT() REPRESENTATION_CONTEXT('2D SPACE',''
  ) );
#12181 = PCURVE('',#7643,#12182);
#12182 = DEFINITIONAL_REPRESENTATION('',(#12183),#12187);
#12183 = CIRCLE('',#12184,1.6);
#12184 = AXIS2_PLACEMENT_2D('',#12185,#12186);
#12185 = CARTESIAN_POINT('',(23.,-13.6));
#12186 = DIRECTION('',(1.,0.));
#12187 = ( GEOMETRIC_REPRESENTATION_CONTEXT(2) 
PARAMETRIC_REPRESENTATION_CONTEXT() REPRESENTATION_CONTEXT('2D SPACE',''
  ) );
#12188 = ORIENTED_EDGE('',*,*,#12189,.T.);
#12189 = EDGE_CURVE('',#12166,#6089,#12190,.T.);
#12190 = SEAM_CURVE('',#12191,(#12195,#12202),.PCURVE_S1.);
#12191 = LINE('',#12192,#12193);
#12192 = CARTESIAN_POINT('',(-7.4,-52.,16.));
#12193 = VECTOR('',#12194,1.);
#12194 = DIRECTION('',(0.,-1.,0.));
#12195 = PCURVE('',#6105,#12196);
#12196 = DEFINITIONAL_REPRESENTATION('',(#12197),#12201);
#12197 = LINE('',#12198,#12199);
#12198 = CARTESIAN_POINT('',(-6.28318530718,0.));
#12199 = VECTOR('',#12200,1.);
#12200 = DIRECTION('',(-0.,-1.));
#12201 = ( GEOMETRIC_REPRESENTATION_CONTEXT(2) 
PARAMETRIC_REPRESENTATION_CONTEXT() REPRESENTATION_CONTEXT('2D SPACE',''
  ) );
#12202 = PCURVE('',#6105,#12203);
#12203 = DEFINITIONAL_REPRESENTATION('',(#12204),#12208);
#12204 = LINE('',#12205,#12206);
#12205 = CARTESIAN_POINT('',(-0.,0.));
#12206 = VECTOR('',#12207,1.);
#12207 = DIRECTION('',(-0.,-1.));
#12208 = ( GEOMETRIC_REPRESENTATION_CONTEXT(2) 
PARAMETRIC_REPRESENTATION_CONTEXT() REPRESENTATION_CONTEXT('2D SPACE',''
  ) );
#12209 = ORIENTED_EDGE('',*,*,#6088,.F.);
#12210 = ORIENTED_EDGE('',*,*,#12189,.F.);
#12211 = ADVANCED_FACE('',(#12212),#6136,.F.);
#12212 = FACE_BOUND('',#12213,.T.);
#12213 = EDGE_LOOP('',(#12214,#12238,#12259,#12260));
#12214 = ORIENTED_EDGE('',*,*,#12215,.T.);
#12215 = EDGE_CURVE('',#12216,#12216,#12218,.T.);
#12216 = VERTEX_POINT('',#12217);
#12217 = CARTESIAN_POINT('',(-1.4,-53.,16.));
#12218 = SURFACE_CURVE('',#12219,(#12224,#12231),.PCURVE_S1.);
#12219 = CIRCLE('',#12220,1.6);
#12220 = AXIS2_PLACEMENT_3D('',#12221,#12222,#12223);
#12221 = CARTESIAN_POINT('',(-3.,-53.,16.));
#12222 = DIRECTION('',(-0.,1.,0.));
#12223 = DIRECTION('',(1.,0.,0.));
#12224 = PCURVE('',#6136,#12225);
#12225 = DEFINITIONAL_REPRESENTATION('',(#12226),#12230);
#12226 = LINE('',#12227,#12228);
#12227 = CARTESIAN_POINT('',(-6.28318530718,-1.));
#12228 = VECTOR('',#12229,1.);
#12229 = DIRECTION('',(1.,-0.));
#12230 = ( GEOMETRIC_REPRESENTATION_CONTEXT(2) 
PARAMETRIC_REPRESENTATION_CONTEXT() REPRESENTATION_CONTEXT('2D SPACE',''
  ) );
#12231 = PCURVE('',#7643,#12232);
#12232 = DEFINITIONAL_REPRESENTATION('',(#12233),#12237);
#12233 = CIRCLE('',#12234,1.6);
#12234 = AXIS2_PLACEMENT_2D('',#12235,#12236);
#12235 = CARTESIAN_POINT('',(29.,-13.6));
#12236 = DIRECTION('',(1.,0.));
#12237 = ( GEOMETRIC_REPRESENTATION_CONTEXT(2) 
PARAMETRIC_REPRESENTATION_CONTEXT() REPRESENTATION_CONTEXT('2D SPACE',''
  ) );
#12238 = ORIENTED_EDGE('',*,*,#12239,.T.);
#12239 = EDGE_CURVE('',#12216,#6120,#12240,.T.);
#12240 = SEAM_CURVE('',#12241,(#12245,#12252),.PCURVE_S1.);
#12241 = LINE('',#12242,#12243);
#12242 = CARTESIAN_POINT('',(-1.4,-52.,16.));
#12243 = VECTOR('',#12244,1.);
#12244 = DIRECTION('',(0.,-1.,0.));
#12245 = PCURVE('',#6136,#12246);
#12246 = DEFINITIONAL_REPRESENTATION('',(#12247),#12251);
#12247 = LINE('',#12248,#12249);
#12248 = CARTESIAN_POINT('',(-6.28318530718,0.));
#12249 = VECTOR('',#12250,1.);
#12250 = DIRECTION('',(-0.,-1.));
#12251 = ( GEOMETRIC_REPRESENTATION_CONTEXT(2) 
PARAMETRIC_REPRESENTATION_CONTEXT() REPRESENTATION_CONTEXT('2D SPACE',''
  ) );
#12252 = PCURVE('',#6136,#12253);
#12253 = DEFINITIONAL_REPRESENTATION('',(#12254),#12258);
#12254 = LINE('',#12255,#12256);
#12255 = CARTESIAN_POINT('',(-0.,0.));
#12256 = VECTOR('',#12257,1.);
#12257 = DIRECTION('',(-0.,-1.));
#12258 = ( GEOMETRIC_REPRESENTATION_CONTEXT(2) 
PARAMETRIC_REPRESENTATION_CONTEXT() REPRESENTATION_CONTEXT('2D SPACE',''
  ) );
#12259 = ORIENTED_EDGE('',*,*,#6119,.F.);
#12260 = ORIENTED_EDGE('',*,*,#12239,.F.);
#12261 = ADVANCED_FACE('',(#12262),#6167,.F.);
#12262 = FACE_BOUND('',#12263,.T.);
#12263 = EDGE_LOOP('',(#12264,#12288,#12309,#12310));
#12264 = ORIENTED_EDGE('',*,*,#12265,.T.);
#12265 = EDGE_CURVE('',#12266,#12266,#12268,.T.);
#12266 = VERTEX_POINT('',#12267);
#12267 = CARTESIAN_POINT('',(-28.4,-53.,10.));
#12268 = SURFACE_CURVE('',#12269,(#12274,#12281),.PCURVE_S1.);
#12269 = CIRCLE('',#12270,1.6);
#12270 = AXIS2_PLACEMENT_3D('',#12271,#12272,#12273);
#12271 = CARTESIAN_POINT('',(-30.,-53.,10.));
#12272 = DIRECTION('',(-0.,1.,0.));
#12273 = DIRECTION('',(1.,0.,0.));
#12274 = PCURVE('',#6167,#12275);
#12275 = DEFINITIONAL_REPRESENTATION('',(#12276),#12280);
#12276 = LINE('',#12277,#12278);
#12277 = CARTESIAN_POINT('',(-6.28318530718,-1.));
#12278 = VECTOR('',#12279,1.);
#12279 = DIRECTION('',(1.,-0.));
#12280 = ( GEOMETRIC_REPRESENTATION_CONTEXT(2) 
PARAMETRIC_REPRESENTATION_CONTEXT() REPRESENTATION_CONTEXT('2D SPACE',''
  ) );
#12281 = PCURVE('',#7643,#12282);
#12282 = DEFINITIONAL_REPRESENTATION('',(#12283),#12287);
#12283 = CIRCLE('',#12284,1.6);
#12284 = AXIS2_PLACEMENT_2D('',#12285,#12286);
#12285 = CARTESIAN_POINT('',(2.,-7.6));
#12286 = DIRECTION('',(1.,0.));
#12287 = ( GEOMETRIC_REPRESENTATION_CONTEXT(2) 
PARAMETRIC_REPRESENTATION_CONTEXT() REPRESENTATION_CONTEXT('2D SPACE',''
  ) );
#12288 = ORIENTED_EDGE('',*,*,#12289,.T.);
#12289 = EDGE_CURVE('',#12266,#6151,#12290,.T.);
#12290 = SEAM_CURVE('',#12291,(#12295,#12302),.PCURVE_S1.);
#12291 = LINE('',#12292,#12293);
#12292 = CARTESIAN_POINT('',(-28.4,-52.,10.));
#12293 = VECTOR('',#12294,1.);
#12294 = DIRECTION('',(0.,-1.,0.));
#12295 = PCURVE('',#6167,#12296);
#12296 = DEFINITIONAL_REPRESENTATION('',(#12297),#12301);
#12297 = LINE('',#12298,#12299);
#12298 = CARTESIAN_POINT('',(-6.28318530718,0.));
#12299 = VECTOR('',#12300,1.);
#12300 = DIRECTION('',(-0.,-1.));
#12301 = ( GEOMETRIC_REPRESENTATION_CONTEXT(2) 
PARAMETRIC_REPRESENTATION_CONTEXT() REPRESENTATION_CONTEXT('2D SPACE',''
  ) );
#12302 = PCURVE('',#6167,#12303);
#12303 = DEFINITIONAL_REPRESENTATION('',(#12304),#12308);
#12304 = LINE('',#12305,#12306);
#12305 = CARTESIAN_POINT('',(-0.,0.));
#12306 = VECTOR('',#12307,1.);
#12307 = DIRECTION('',(-0.,-1.));
#12308 = ( GEOMETRIC_REPRESENTATION_CONTEXT(2) 
PARAMETRIC_REPRESENTATION_CONTEXT() REPRESENTATION_CONTEXT('2D SPACE',''
  ) );
#12309 = ORIENTED_EDGE('',*,*,#6150,.F.);
#12310 = ORIENTED_EDGE('',*,*,#12289,.F.);
#12311 = ADVANCED_FACE('',(#12312),#6198,.F.);
#12312 = FACE_BOUND('',#12313,.T.);
#12313 = EDGE_LOOP('',(#12314,#12338,#12359,#12360));
#12314 = ORIENTED_EDGE('',*,*,#12315,.T.);
#12315 = EDGE_CURVE('',#12316,#12316,#12318,.T.);
#12316 = VERTEX_POINT('',#12317);
#12317 = CARTESIAN_POINT('',(-22.4,-53.,10.));
#12318 = SURFACE_CURVE('',#12319,(#12324,#12331),.PCURVE_S1.);
#12319 = CIRCLE('',#12320,1.6);
#12320 = AXIS2_PLACEMENT_3D('',#12321,#12322,#12323);
#12321 = CARTESIAN_POINT('',(-24.,-53.,10.));
#12322 = DIRECTION('',(-0.,1.,0.));
#12323 = DIRECTION('',(1.,0.,0.));
#12324 = PCURVE('',#6198,#12325);
#12325 = DEFINITIONAL_REPRESENTATION('',(#12326),#12330);
#12326 = LINE('',#12327,#12328);
#12327 = CARTESIAN_POINT('',(-6.28318530718,-1.));
#12328 = VECTOR('',#12329,1.);
#12329 = DIRECTION('',(1.,-0.));
#12330 = ( GEOMETRIC_REPRESENTATION_CONTEXT(2) 
PARAMETRIC_REPRESENTATION_CONTEXT() REPRESENTATION_CONTEXT('2D SPACE',''
  ) );
#12331 = PCURVE('',#7643,#12332);
#12332 = DEFINITIONAL_REPRESENTATION('',(#12333),#12337);
#12333 = CIRCLE('',#12334,1.6);
#12334 = AXIS2_PLACEMENT_2D('',#12335,#12336);
#12335 = CARTESIAN_POINT('',(8.,-7.6));
#12336 = DIRECTION('',(1.,0.));
#12337 = ( GEOMETRIC_REPRESENTATION_CONTEXT(2) 
PARAMETRIC_REPRESENTATION_CONTEXT() REPRESENTATION_CONTEXT('2D SPACE',''
  ) );
#12338 = ORIENTED_EDGE('',*,*,#12339,.T.);
#12339 = EDGE_CURVE('',#12316,#6182,#12340,.T.);
#12340 = SEAM_CURVE('',#12341,(#12345,#12352),.PCURVE_S1.);
#12341 = LINE('',#12342,#12343);
#12342 = CARTESIAN_POINT('',(-22.4,-52.,10.));
#12343 = VECTOR('',#12344,1.);
#12344 = DIRECTION('',(0.,-1.,0.));
#12345 = PCURVE('',#6198,#12346);
#12346 = DEFINITIONAL_REPRESENTATION('',(#12347),#12351);
#12347 = LINE('',#12348,#12349);
#12348 = CARTESIAN_POINT('',(-6.28318530718,0.));
#12349 = VECTOR('',#12350,1.);
#12350 = DIRECTION('',(-0.,-1.));
#12351 = ( GEOMETRIC_REPRESENTATION_CONTEXT(2) 
PARAMETRIC_REPRESENTATION_CONTEXT() REPRESENTATION_CONTEXT('2D SPACE',''
  ) );
#12352 = PCURVE('',#6198,#12353);
#12353 = DEFINITIONAL_REPRESENTATION('',(#12354),#12358);
#12354 = LINE('',#12355,#12356);
#12355 = CARTESIAN_POINT('',(-0.,0.));
#12356 = VECTOR('',#12357,1.);
#12357 = DIRECTION('',(-0.,-1.));
#12358 = ( GEOMETRIC_REPRESENTATION_CONTEXT(2) 
PARAMETRIC_REPRESENTATION_CONTEXT() REPRESENTATION_CONTEXT('2D SPACE',''
  ) );
#12359 = ORIENTED_EDGE('',*,*,#6181,.F.);
#12360 = ORIENTED_EDGE('',*,*,#12339,.F.);
#12361 = ADVANCED_FACE('',(#12362),#6229,.F.);
#12362 = FACE_BOUND('',#12363,.T.);
#12363 = EDGE_LOOP('',(#12364,#12388,#12409,#12410));
#12364 = ORIENTED_EDGE('',*,*,#12365,.T.);
#12365 = EDGE_CURVE('',#12366,#12366,#12368,.T.);
#12366 = VERTEX_POINT('',#12367);
#12367 = CARTESIAN_POINT('',(-16.4,-53.,10.));
#12368 = SURFACE_CURVE('',#12369,(#12374,#12381),.PCURVE_S1.);
#12369 = CIRCLE('',#12370,1.6);
#12370 = AXIS2_PLACEMENT_3D('',#12371,#12372,#12373);
#12371 = CARTESIAN_POINT('',(-18.,-53.,10.));
#12372 = DIRECTION('',(-0.,1.,0.));
#12373 = DIRECTION('',(1.,0.,0.));
#12374 = PCURVE('',#6229,#12375);
#12375 = DEFINITIONAL_REPRESENTATION('',(#12376),#12380);
#12376 = LINE('',#12377,#12378);
#12377 = CARTESIAN_POINT('',(-6.28318530718,-1.));
#12378 = VECTOR('',#12379,1.);
#12379 = DIRECTION('',(1.,-0.));
#12380 = ( GEOMETRIC_REPRESENTATION_CONTEXT(2) 
PARAMETRIC_REPRESENTATION_CONTEXT() REPRESENTATION_CONTEXT('2D SPACE',''
  ) );
#12381 = PCURVE('',#7643,#12382);
#12382 = DEFINITIONAL_REPRESENTATION('',(#12383),#12387);
#12383 = CIRCLE('',#12384,1.6);
#12384 = AXIS2_PLACEMENT_2D('',#12385,#12386);
#12385 = CARTESIAN_POINT('',(14.,-7.6));
#12386 = DIRECTION('',(1.,0.));
#12387 = ( GEOMETRIC_REPRESENTATION_CONTEXT(2) 
PARAMETRIC_REPRESENTATION_CONTEXT() REPRESENTATION_CONTEXT('2D SPACE',''
  ) );
#12388 = ORIENTED_EDGE('',*,*,#12389,.T.);
#12389 = EDGE_CURVE('',#12366,#6213,#12390,.T.);
#12390 = SEAM_CURVE('',#12391,(#12395,#12402),.PCURVE_S1.);
#12391 = LINE('',#12392,#12393);
#12392 = CARTESIAN_POINT('',(-16.4,-52.,10.));
#12393 = VECTOR('',#12394,1.);
#12394 = DIRECTION('',(0.,-1.,0.));
#12395 = PCURVE('',#6229,#12396);
#12396 = DEFINITIONAL_REPRESENTATION('',(#12397),#12401);
#12397 = LINE('',#12398,#12399);
#12398 = CARTESIAN_POINT('',(-6.28318530718,0.));
#12399 = VECTOR('',#12400,1.);
#12400 = DIRECTION('',(-0.,-1.));
#12401 = ( GEOMETRIC_REPRESENTATION_CONTEXT(2) 
PARAMETRIC_REPRESENTATION_CONTEXT() REPRESENTATION_CONTEXT('2D SPACE',''
  ) );
#12402 = PCURVE('',#6229,#12403);
#12403 = DEFINITIONAL_REPRESENTATION('',(#12404),#12408);
#12404 = LINE('',#12405,#12406);
#12405 = CARTESIAN_POINT('',(-0.,0.));
#12406 = VECTOR('',#12407,1.);
#12407 = DIRECTION('',(-0.,-1.));
#12408 = ( GEOMETRIC_REPRESENTATION_CONTEXT(2) 
PARAMETRIC_REPRESENTATION_CONTEXT() REPRESENTATION_CONTEXT('2D SPACE',''
  ) );
#12409 = ORIENTED_EDGE('',*,*,#6212,.F.);
#12410 = ORIENTED_EDGE('',*,*,#12389,.F.);
#12411 = ADVANCED_FACE('',(#12412),#6260,.F.);
#12412 = FACE_BOUND('',#12413,.T.);
#12413 = EDGE_LOOP('',(#12414,#12438,#12459,#12460));
#12414 = ORIENTED_EDGE('',*,*,#12415,.T.);
#12415 = EDGE_CURVE('',#12416,#12416,#12418,.T.);
#12416 = VERTEX_POINT('',#12417);
#12417 = CARTESIAN_POINT('',(-10.4,-53.,10.));
#12418 = SURFACE_CURVE('',#12419,(#12424,#12431),.PCURVE_S1.);
#12419 = CIRCLE('',#12420,1.6);
#12420 = AXIS2_PLACEMENT_3D('',#12421,#12422,#12423);
#12421 = CARTESIAN_POINT('',(-12.,-53.,10.));
#12422 = DIRECTION('',(-0.,1.,0.));
#12423 = DIRECTION('',(1.,0.,0.));
#12424 = PCURVE('',#6260,#12425);
#12425 = DEFINITIONAL_REPRESENTATION('',(#12426),#12430);
#12426 = LINE('',#12427,#12428);
#12427 = CARTESIAN_POINT('',(-6.28318530718,-1.));
#12428 = VECTOR('',#12429,1.);
#12429 = DIRECTION('',(1.,-0.));
#12430 = ( GEOMETRIC_REPRESENTATION_CONTEXT(2) 
PARAMETRIC_REPRESENTATION_CONTEXT() REPRESENTATION_CONTEXT('2D SPACE',''
  ) );
#12431 = PCURVE('',#7643,#12432);
#12432 = DEFINITIONAL_REPRESENTATION('',(#12433),#12437);
#12433 = CIRCLE('',#12434,1.6);
#12434 = AXIS2_PLACEMENT_2D('',#12435,#12436);
#12435 = CARTESIAN_POINT('',(20.,-7.6));
#12436 = DIRECTION('',(1.,0.));
#12437 = ( GEOMETRIC_REPRESENTATION_CONTEXT(2) 
PARAMETRIC_REPRESENTATION_CONTEXT() REPRESENTATION_CONTEXT('2D SPACE',''
  ) );
#12438 = ORIENTED_EDGE('',*,*,#12439,.T.);
#12439 = EDGE_CURVE('',#12416,#6244,#12440,.T.);
#12440 = SEAM_CURVE('',#12441,(#12445,#12452),.PCURVE_S1.);
#12441 = LINE('',#12442,#12443);
#12442 = CARTESIAN_POINT('',(-10.4,-52.,10.));
#12443 = VECTOR('',#12444,1.);
#12444 = DIRECTION('',(0.,-1.,0.));
#12445 = PCURVE('',#6260,#12446);
#12446 = DEFINITIONAL_REPRESENTATION('',(#12447),#12451);
#12447 = LINE('',#12448,#12449);
#12448 = CARTESIAN_POINT('',(-6.28318530718,0.));
#12449 = VECTOR('',#12450,1.);
#12450 = DIRECTION('',(-0.,-1.));
#12451 = ( GEOMETRIC_REPRESENTATION_CONTEXT(2) 
PARAMETRIC_REPRESENTATION_CONTEXT() REPRESENTATION_CONTEXT('2D SPACE',''
  ) );
#12452 = PCURVE('',#6260,#12453);
#12453 = DEFINITIONAL_REPRESENTATION('',(#12454),#12458);
#12454 = LINE('',#12455,#12456);
#12455 = CARTESIAN_POINT('',(-0.,0.));
#12456 = VECTOR('',#12457,1.);
#12457 = DIRECTION('',(-0.,-1.));
#12458 = ( GEOMETRIC_REPRESENTATION_CONTEXT(2) 
PARAMETRIC_REPRESENTATION_CONTEXT() REPRESENTATION_CONTEXT('2D SPACE',''
  ) );
#12459 = ORIENTED_EDGE('',*,*,#6243,.F.);
#12460 = ORIENTED_EDGE('',*,*,#12439,.F.);
#12461 = ADVANCED_FACE('',(#12462),#6291,.F.);
#12462 = FACE_BOUND('',#12463,.T.);
#12463 = EDGE_LOOP('',(#12464,#12488,#12509,#12510));
#12464 = ORIENTED_EDGE('',*,*,#12465,.T.);
#12465 = EDGE_CURVE('',#12466,#12466,#12468,.T.);
#12466 = VERTEX_POINT('',#12467);
#12467 = CARTESIAN_POINT('',(-4.4,-53.,10.));
#12468 = SURFACE_CURVE('',#12469,(#12474,#12481),.PCURVE_S1.);
#12469 = CIRCLE('',#12470,1.6);
#12470 = AXIS2_PLACEMENT_3D('',#12471,#12472,#12473);
#12471 = CARTESIAN_POINT('',(-6.,-53.,10.));
#12472 = DIRECTION('',(-0.,1.,0.));
#12473 = DIRECTION('',(1.,0.,0.));
#12474 = PCURVE('',#6291,#12475);
#12475 = DEFINITIONAL_REPRESENTATION('',(#12476),#12480);
#12476 = LINE('',#12477,#12478);
#12477 = CARTESIAN_POINT('',(-6.28318530718,-1.));
#12478 = VECTOR('',#12479,1.);
#12479 = DIRECTION('',(1.,-0.));
#12480 = ( GEOMETRIC_REPRESENTATION_CONTEXT(2) 
PARAMETRIC_REPRESENTATION_CONTEXT() REPRESENTATION_CONTEXT('2D SPACE',''
  ) );
#12481 = PCURVE('',#7643,#12482);
#12482 = DEFINITIONAL_REPRESENTATION('',(#12483),#12487);
#12483 = CIRCLE('',#12484,1.6);
#12484 = AXIS2_PLACEMENT_2D('',#12485,#12486);
#12485 = CARTESIAN_POINT('',(26.,-7.6));
#12486 = DIRECTION('',(1.,0.));
#12487 = ( GEOMETRIC_REPRESENTATION_CONTEXT(2) 
PARAMETRIC_REPRESENTATION_CONTEXT() REPRESENTATION_CONTEXT('2D SPACE',''
  ) );
#12488 = ORIENTED_EDGE('',*,*,#12489,.T.);
#12489 = EDGE_CURVE('',#12466,#6275,#12490,.T.);
#12490 = SEAM_CURVE('',#12491,(#12495,#12502),.PCURVE_S1.);
#12491 = LINE('',#12492,#12493);
#12492 = CARTESIAN_POINT('',(-4.4,-52.,10.));
#12493 = VECTOR('',#12494,1.);
#12494 = DIRECTION('',(0.,-1.,0.));
#12495 = PCURVE('',#6291,#12496);
#12496 = DEFINITIONAL_REPRESENTATION('',(#12497),#12501);
#12497 = LINE('',#12498,#12499);
#12498 = CARTESIAN_POINT('',(-6.28318530718,0.));
#12499 = VECTOR('',#12500,1.);
#12500 = DIRECTION('',(-0.,-1.));
#12501 = ( GEOMETRIC_REPRESENTATION_CONTEXT(2) 
PARAMETRIC_REPRESENTATION_CONTEXT() REPRESENTATION_CONTEXT('2D SPACE',''
  ) );
#12502 = PCURVE('',#6291,#12503);
#12503 = DEFINITIONAL_REPRESENTATION('',(#12504),#12508);
#12504 = LINE('',#12505,#12506);
#12505 = CARTESIAN_POINT('',(-0.,0.));
#12506 = VECTOR('',#12507,1.);
#12507 = DIRECTION('',(-0.,-1.));
#12508 = ( GEOMETRIC_REPRESENTATION_CONTEXT(2) 
PARAMETRIC_REPRESENTATION_CONTEXT() REPRESENTATION_CONTEXT('2D SPACE',''
  ) );
#12509 = ORIENTED_EDGE('',*,*,#6274,.F.);
#12510 = ORIENTED_EDGE('',*,*,#12489,.F.);
#12511 = ADVANCED_FACE('',(#12512),#6322,.F.);
#12512 = FACE_BOUND('',#12513,.T.);
#12513 = EDGE_LOOP('',(#12514,#12538,#12559,#12560));
#12514 = ORIENTED_EDGE('',*,*,#12515,.T.);
#12515 = EDGE_CURVE('',#12516,#12516,#12518,.T.);
#12516 = VERTEX_POINT('',#12517);
#12517 = CARTESIAN_POINT('',(1.6,-53.,10.));
#12518 = SURFACE_CURVE('',#12519,(#12524,#12531),.PCURVE_S1.);
#12519 = CIRCLE('',#12520,1.6);
#12520 = AXIS2_PLACEMENT_3D('',#12521,#12522,#12523);
#12521 = CARTESIAN_POINT('',(0.,-53.,10.));
#12522 = DIRECTION('',(-0.,1.,0.));
#12523 = DIRECTION('',(1.,0.,0.));
#12524 = PCURVE('',#6322,#12525);
#12525 = DEFINITIONAL_REPRESENTATION('',(#12526),#12530);
#12526 = LINE('',#12527,#12528);
#12527 = CARTESIAN_POINT('',(-6.28318530718,-1.));
#12528 = VECTOR('',#12529,1.);
#12529 = DIRECTION('',(1.,-0.));
#12530 = ( GEOMETRIC_REPRESENTATION_CONTEXT(2) 
PARAMETRIC_REPRESENTATION_CONTEXT() REPRESENTATION_CONTEXT('2D SPACE',''
  ) );
#12531 = PCURVE('',#7643,#12532);
#12532 = DEFINITIONAL_REPRESENTATION('',(#12533),#12537);
#12533 = CIRCLE('',#12534,1.6);
#12534 = AXIS2_PLACEMENT_2D('',#12535,#12536);
#12535 = CARTESIAN_POINT('',(32.,-7.6));
#12536 = DIRECTION('',(1.,0.));
#12537 = ( GEOMETRIC_REPRESENTATION_CONTEXT(2) 
PARAMETRIC_REPRESENTATION_CONTEXT() REPRESENTATION_CONTEXT('2D SPACE',''
  ) );
#12538 = ORIENTED_EDGE('',*,*,#12539,.T.);
#12539 = EDGE_CURVE('',#12516,#6306,#12540,.T.);
#12540 = SEAM_CURVE('',#12541,(#12545,#12552),.PCURVE_S1.);
#12541 = LINE('',#12542,#12543);
#12542 = CARTESIAN_POINT('',(1.6,-52.,10.));
#12543 = VECTOR('',#12544,1.);
#12544 = DIRECTION('',(0.,-1.,0.));
#12545 = PCURVE('',#6322,#12546);
#12546 = DEFINITIONAL_REPRESENTATION('',(#12547),#12551);
#12547 = LINE('',#12548,#12549);
#12548 = CARTESIAN_POINT('',(-6.28318530718,0.));
#12549 = VECTOR('',#12550,1.);
#12550 = DIRECTION('',(-0.,-1.));
#12551 = ( GEOMETRIC_REPRESENTATION_CONTEXT(2) 
PARAMETRIC_REPRESENTATION_CONTEXT() REPRESENTATION_CONTEXT('2D SPACE',''
  ) );
#12552 = PCURVE('',#6322,#12553);
#12553 = DEFINITIONAL_REPRESENTATION('',(#12554),#12558);
#12554 = LINE('',#12555,#12556);
#12555 = CARTESIAN_POINT('',(-0.,0.));
#12556 = VECTOR('',#12557,1.);
#12557 = DIRECTION('',(-0.,-1.));
#12558 = ( GEOMETRIC_REPRESENTATION_CONTEXT(2) 
PARAMETRIC_REPRESENTATION_CONTEXT() REPRESENTATION_CONTEXT('2D SPACE',''
  ) );
#12559 = ORIENTED_EDGE('',*,*,#6305,.F.);
#12560 = ORIENTED_EDGE('',*,*,#12539,.F.);
#12561 = ADVANCED_FACE('',(#12562),#6353,.F.);
#12562 = FACE_BOUND('',#12563,.T.);
#12563 = EDGE_LOOP('',(#12564,#12588,#12609,#12610));
#12564 = ORIENTED_EDGE('',*,*,#12565,.T.);
#12565 = EDGE_CURVE('',#12566,#12566,#12568,.T.);
#12566 = VERTEX_POINT('',#12567);
#12567 = CARTESIAN_POINT('',(4.6,-53.,16.));
#12568 = SURFACE_CURVE('',#12569,(#12574,#12581),.PCURVE_S1.);
#12569 = CIRCLE('',#12570,1.6);
#12570 = AXIS2_PLACEMENT_3D('',#12571,#12572,#12573);
#12571 = CARTESIAN_POINT('',(3.,-53.,16.));
#12572 = DIRECTION('',(-0.,1.,0.));
#12573 = DIRECTION('',(1.,0.,0.));
#12574 = PCURVE('',#6353,#12575);
#12575 = DEFINITIONAL_REPRESENTATION('',(#12576),#12580);
#12576 = LINE('',#12577,#12578);
#12577 = CARTESIAN_POINT('',(-6.28318530718,-1.));
#12578 = VECTOR('',#12579,1.);
#12579 = DIRECTION('',(1.,-0.));
#12580 = ( GEOMETRIC_REPRESENTATION_CONTEXT(2) 
PARAMETRIC_REPRESENTATION_CONTEXT() REPRESENTATION_CONTEXT('2D SPACE',''
  ) );
#12581 = PCURVE('',#7643,#12582);
#12582 = DEFINITIONAL_REPRESENTATION('',(#12583),#12587);
#12583 = CIRCLE('',#12584,1.6);
#12584 = AXIS2_PLACEMENT_2D('',#12585,#12586);
#12585 = CARTESIAN_POINT('',(35.,-13.6));
#12586 = DIRECTION('',(1.,0.));
#12587 = ( GEOMETRIC_REPRESENTATION_CONTEXT(2) 
PARAMETRIC_REPRESENTATION_CONTEXT() REPRESENTATION_CONTEXT('2D SPACE',''
  ) );
#12588 = ORIENTED_EDGE('',*,*,#12589,.T.);
#12589 = EDGE_CURVE('',#12566,#6337,#12590,.T.);
#12590 = SEAM_CURVE('',#12591,(#12595,#12602),.PCURVE_S1.);
#12591 = LINE('',#12592,#12593);
#12592 = CARTESIAN_POINT('',(4.6,-52.,16.));
#12593 = VECTOR('',#12594,1.);
#12594 = DIRECTION('',(0.,-1.,0.));
#12595 = PCURVE('',#6353,#12596);
#12596 = DEFINITIONAL_REPRESENTATION('',(#12597),#12601);
#12597 = LINE('',#12598,#12599);
#12598 = CARTESIAN_POINT('',(-6.28318530718,0.));
#12599 = VECTOR('',#12600,1.);
#12600 = DIRECTION('',(-0.,-1.));
#12601 = ( GEOMETRIC_REPRESENTATION_CONTEXT(2) 
PARAMETRIC_REPRESENTATION_CONTEXT() REPRESENTATION_CONTEXT('2D SPACE',''
  ) );
#12602 = PCURVE('',#6353,#12603);
#12603 = DEFINITIONAL_REPRESENTATION('',(#12604),#12608);
#12604 = LINE('',#12605,#12606);
#12605 = CARTESIAN_POINT('',(-0.,0.));
#12606 = VECTOR('',#12607,1.);
#12607 = DIRECTION('',(-0.,-1.));
#12608 = ( GEOMETRIC_REPRESENTATION_CONTEXT(2) 
PARAMETRIC_REPRESENTATION_CONTEXT() REPRESENTATION_CONTEXT('2D SPACE',''
  ) );
#12609 = ORIENTED_EDGE('',*,*,#6336,.F.);
#12610 = ORIENTED_EDGE('',*,*,#12589,.F.);
#12611 = ADVANCED_FACE('',(#12612),#6384,.F.);
#12612 = FACE_BOUND('',#12613,.T.);
#12613 = EDGE_LOOP('',(#12614,#12638,#12659,#12660));
#12614 = ORIENTED_EDGE('',*,*,#12615,.T.);
#12615 = EDGE_CURVE('',#12616,#12616,#12618,.T.);
#12616 = VERTEX_POINT('',#12617);
#12617 = CARTESIAN_POINT('',(10.6,-53.,16.));
#12618 = SURFACE_CURVE('',#12619,(#12624,#12631),.PCURVE_S1.);
#12619 = CIRCLE('',#12620,1.6);
#12620 = AXIS2_PLACEMENT_3D('',#12621,#12622,#12623);
#12621 = CARTESIAN_POINT('',(9.,-53.,16.));
#12622 = DIRECTION('',(-0.,1.,0.));
#12623 = DIRECTION('',(1.,0.,0.));
#12624 = PCURVE('',#6384,#12625);
#12625 = DEFINITIONAL_REPRESENTATION('',(#12626),#12630);
#12626 = LINE('',#12627,#12628);
#12627 = CARTESIAN_POINT('',(-6.28318530718,-1.));
#12628 = VECTOR('',#12629,1.);
#12629 = DIRECTION('',(1.,-0.));
#12630 = ( GEOMETRIC_REPRESENTATION_CONTEXT(2) 
PARAMETRIC_REPRESENTATION_CONTEXT() REPRESENTATION_CONTEXT('2D SPACE',''
  ) );
#12631 = PCURVE('',#7643,#12632);
#12632 = DEFINITIONAL_REPRESENTATION('',(#12633),#12637);
#12633 = CIRCLE('',#12634,1.6);
#12634 = AXIS2_PLACEMENT_2D('',#12635,#12636);
#12635 = CARTESIAN_POINT('',(41.,-13.6));
#12636 = DIRECTION('',(1.,0.));
#12637 = ( GEOMETRIC_REPRESENTATION_CONTEXT(2) 
PARAMETRIC_REPRESENTATION_CONTEXT() REPRESENTATION_CONTEXT('2D SPACE',''
  ) );
#12638 = ORIENTED_EDGE('',*,*,#12639,.T.);
#12639 = EDGE_CURVE('',#12616,#6368,#12640,.T.);
#12640 = SEAM_CURVE('',#12641,(#12645,#12652),.PCURVE_S1.);
#12641 = LINE('',#12642,#12643);
#12642 = CARTESIAN_POINT('',(10.6,-52.,16.));
#12643 = VECTOR('',#12644,1.);
#12644 = DIRECTION('',(0.,-1.,0.));
#12645 = PCURVE('',#6384,#12646);
#12646 = DEFINITIONAL_REPRESENTATION('',(#12647),#12651);
#12647 = LINE('',#12648,#12649);
#12648 = CARTESIAN_POINT('',(-6.28318530718,0.));
#12649 = VECTOR('',#12650,1.);
#12650 = DIRECTION('',(-0.,-1.));
#12651 = ( GEOMETRIC_REPRESENTATION_CONTEXT(2) 
PARAMETRIC_REPRESENTATION_CONTEXT() REPRESENTATION_CONTEXT('2D SPACE',''
  ) );
#12652 = PCURVE('',#6384,#12653);
#12653 = DEFINITIONAL_REPRESENTATION('',(#12654),#12658);
#12654 = LINE('',#12655,#12656);
#12655 = CARTESIAN_POINT('',(-0.,0.));
#12656 = VECTOR('',#12657,1.);
#12657 = DIRECTION('',(-0.,-1.));
#12658 = ( GEOMETRIC_REPRESENTATION_CONTEXT(2) 
PARAMETRIC_REPRESENTATION_CONTEXT() REPRESENTATION_CONTEXT('2D SPACE',''
  ) );
#12659 = ORIENTED_EDGE('',*,*,#6367,.F.);
#12660 = ORIENTED_EDGE('',*,*,#12639,.F.);
#12661 = ADVANCED_FACE('',(#12662),#6415,.F.);
#12662 = FACE_BOUND('',#12663,.T.);
#12663 = EDGE_LOOP('',(#12664,#12688,#12709,#12710));
#12664 = ORIENTED_EDGE('',*,*,#12665,.T.);
#12665 = EDGE_CURVE('',#12666,#12666,#12668,.T.);
#12666 = VERTEX_POINT('',#12667);
#12667 = CARTESIAN_POINT('',(16.6,-53.,16.));
#12668 = SURFACE_CURVE('',#12669,(#12674,#12681),.PCURVE_S1.);
#12669 = CIRCLE('',#12670,1.6);
#12670 = AXIS2_PLACEMENT_3D('',#12671,#12672,#12673);
#12671 = CARTESIAN_POINT('',(15.,-53.,16.));
#12672 = DIRECTION('',(-0.,1.,0.));
#12673 = DIRECTION('',(1.,0.,0.));
#12674 = PCURVE('',#6415,#12675);
#12675 = DEFINITIONAL_REPRESENTATION('',(#12676),#12680);
#12676 = LINE('',#12677,#12678);
#12677 = CARTESIAN_POINT('',(-6.28318530718,-1.));
#12678 = VECTOR('',#12679,1.);
#12679 = DIRECTION('',(1.,-0.));
#12680 = ( GEOMETRIC_REPRESENTATION_CONTEXT(2) 
PARAMETRIC_REPRESENTATION_CONTEXT() REPRESENTATION_CONTEXT('2D SPACE',''
  ) );
#12681 = PCURVE('',#7643,#12682);
#12682 = DEFINITIONAL_REPRESENTATION('',(#12683),#12687);
#12683 = CIRCLE('',#12684,1.6);
#12684 = AXIS2_PLACEMENT_2D('',#12685,#12686);
#12685 = CARTESIAN_POINT('',(47.,-13.6));
#12686 = DIRECTION('',(1.,0.));
#12687 = ( GEOMETRIC_REPRESENTATION_CONTEXT(2) 
PARAMETRIC_REPRESENTATION_CONTEXT() REPRESENTATION_CONTEXT('2D SPACE',''
  ) );
#12688 = ORIENTED_EDGE('',*,*,#12689,.T.);
#12689 = EDGE_CURVE('',#12666,#6399,#12690,.T.);
#12690 = SEAM_CURVE('',#12691,(#12695,#12702),.PCURVE_S1.);
#12691 = LINE('',#12692,#12693);
#12692 = CARTESIAN_POINT('',(16.6,-52.,16.));
#12693 = VECTOR('',#12694,1.);
#12694 = DIRECTION('',(0.,-1.,0.));
#12695 = PCURVE('',#6415,#12696);
#12696 = DEFINITIONAL_REPRESENTATION('',(#12697),#12701);
#12697 = LINE('',#12698,#12699);
#12698 = CARTESIAN_POINT('',(-6.28318530718,0.));
#12699 = VECTOR('',#12700,1.);
#12700 = DIRECTION('',(-0.,-1.));
#12701 = ( GEOMETRIC_REPRESENTATION_CONTEXT(2) 
PARAMETRIC_REPRESENTATION_CONTEXT() REPRESENTATION_CONTEXT('2D SPACE',''
  ) );
#12702 = PCURVE('',#6415,#12703);
#12703 = DEFINITIONAL_REPRESENTATION('',(#12704),#12708);
#12704 = LINE('',#12705,#12706);
#12705 = CARTESIAN_POINT('',(-0.,0.));
#12706 = VECTOR('',#12707,1.);
#12707 = DIRECTION('',(-0.,-1.));
#12708 = ( GEOMETRIC_REPRESENTATION_CONTEXT(2) 
PARAMETRIC_REPRESENTATION_CONTEXT() REPRESENTATION_CONTEXT('2D SPACE',''
  ) );
#12709 = ORIENTED_EDGE('',*,*,#6398,.F.);
#12710 = ORIENTED_EDGE('',*,*,#12689,.F.);
#12711 = ADVANCED_FACE('',(#12712),#6446,.F.);
#12712 = FACE_BOUND('',#12713,.T.);
#12713 = EDGE_LOOP('',(#12714,#12738,#12759,#12760));
#12714 = ORIENTED_EDGE('',*,*,#12715,.T.);
#12715 = EDGE_CURVE('',#12716,#12716,#12718,.T.);
#12716 = VERTEX_POINT('',#12717);
#12717 = CARTESIAN_POINT('',(22.6,-53.,16.));
#12718 = SURFACE_CURVE('',#12719,(#12724,#12731),.PCURVE_S1.);
#12719 = CIRCLE('',#12720,1.6);
#12720 = AXIS2_PLACEMENT_3D('',#12721,#12722,#12723);
#12721 = CARTESIAN_POINT('',(21.,-53.,16.));
#12722 = DIRECTION('',(-0.,1.,0.));
#12723 = DIRECTION('',(1.,0.,0.));
#12724 = PCURVE('',#6446,#12725);
#12725 = DEFINITIONAL_REPRESENTATION('',(#12726),#12730);
#12726 = LINE('',#12727,#12728);
#12727 = CARTESIAN_POINT('',(-6.28318530718,-1.));
#12728 = VECTOR('',#12729,1.);
#12729 = DIRECTION('',(1.,-0.));
#12730 = ( GEOMETRIC_REPRESENTATION_CONTEXT(2) 
PARAMETRIC_REPRESENTATION_CONTEXT() REPRESENTATION_CONTEXT('2D SPACE',''
  ) );
#12731 = PCURVE('',#7643,#12732);
#12732 = DEFINITIONAL_REPRESENTATION('',(#12733),#12737);
#12733 = CIRCLE('',#12734,1.6);
#12734 = AXIS2_PLACEMENT_2D('',#12735,#12736);
#12735 = CARTESIAN_POINT('',(53.,-13.6));
#12736 = DIRECTION('',(1.,0.));
#12737 = ( GEOMETRIC_REPRESENTATION_CONTEXT(2) 
PARAMETRIC_REPRESENTATION_CONTEXT() REPRESENTATION_CONTEXT('2D SPACE',''
  ) );
#12738 = ORIENTED_EDGE('',*,*,#12739,.T.);
#12739 = EDGE_CURVE('',#12716,#6430,#12740,.T.);
#12740 = SEAM_CURVE('',#12741,(#12745,#12752),.PCURVE_S1.);
#12741 = LINE('',#12742,#12743);
#12742 = CARTESIAN_POINT('',(22.6,-52.,16.));
#12743 = VECTOR('',#12744,1.);
#12744 = DIRECTION('',(0.,-1.,0.));
#12745 = PCURVE('',#6446,#12746);
#12746 = DEFINITIONAL_REPRESENTATION('',(#12747),#12751);
#12747 = LINE('',#12748,#12749);
#12748 = CARTESIAN_POINT('',(-6.28318530718,0.));
#12749 = VECTOR('',#12750,1.);
#12750 = DIRECTION('',(-0.,-1.));
#12751 = ( GEOMETRIC_REPRESENTATION_CONTEXT(2) 
PARAMETRIC_REPRESENTATION_CONTEXT() REPRESENTATION_CONTEXT('2D SPACE',''
  ) );
#12752 = PCURVE('',#6446,#12753);
#12753 = DEFINITIONAL_REPRESENTATION('',(#12754),#12758);
#12754 = LINE('',#12755,#12756);
#12755 = CARTESIAN_POINT('',(-0.,0.));
#12756 = VECTOR('',#12757,1.);
#12757 = DIRECTION('',(-0.,-1.));
#12758 = ( GEOMETRIC_REPRESENTATION_CONTEXT(2) 
PARAMETRIC_REPRESENTATION_CONTEXT() REPRESENTATION_CONTEXT('2D SPACE',''
  ) );
#12759 = ORIENTED_EDGE('',*,*,#6429,.F.);
#12760 = ORIENTED_EDGE('',*,*,#12739,.F.);
#12761 = ADVANCED_FACE('',(#12762),#6477,.F.);
#12762 = FACE_BOUND('',#12763,.T.);
#12763 = EDGE_LOOP('',(#12764,#12788,#12809,#12810));
#12764 = ORIENTED_EDGE('',*,*,#12765,.T.);
#12765 = EDGE_CURVE('',#12766,#12766,#12768,.T.);
#12766 = VERTEX_POINT('',#12767);
#12767 = CARTESIAN_POINT('',(28.6,-53.,16.));
#12768 = SURFACE_CURVE('',#12769,(#12774,#12781),.PCURVE_S1.);
#12769 = CIRCLE('',#12770,1.6);
#12770 = AXIS2_PLACEMENT_3D('',#12771,#12772,#12773);
#12771 = CARTESIAN_POINT('',(27.,-53.,16.));
#12772 = DIRECTION('',(-0.,1.,0.));
#12773 = DIRECTION('',(1.,0.,0.));
#12774 = PCURVE('',#6477,#12775);
#12775 = DEFINITIONAL_REPRESENTATION('',(#12776),#12780);
#12776 = LINE('',#12777,#12778);
#12777 = CARTESIAN_POINT('',(-6.28318530718,-1.));
#12778 = VECTOR('',#12779,1.);
#12779 = DIRECTION('',(1.,-0.));
#12780 = ( GEOMETRIC_REPRESENTATION_CONTEXT(2) 
PARAMETRIC_REPRESENTATION_CONTEXT() REPRESENTATION_CONTEXT('2D SPACE',''
  ) );
#12781 = PCURVE('',#7643,#12782);
#12782 = DEFINITIONAL_REPRESENTATION('',(#12783),#12787);
#12783 = CIRCLE('',#12784,1.6);
#12784 = AXIS2_PLACEMENT_2D('',#12785,#12786);
#12785 = CARTESIAN_POINT('',(59.,-13.6));
#12786 = DIRECTION('',(1.,0.));
#12787 = ( GEOMETRIC_REPRESENTATION_CONTEXT(2) 
PARAMETRIC_REPRESENTATION_CONTEXT() REPRESENTATION_CONTEXT('2D SPACE',''
  ) );
#12788 = ORIENTED_EDGE('',*,*,#12789,.T.);
#12789 = EDGE_CURVE('',#12766,#6461,#12790,.T.);
#12790 = SEAM_CURVE('',#12791,(#12795,#12802),.PCURVE_S1.);
#12791 = LINE('',#12792,#12793);
#12792 = CARTESIAN_POINT('',(28.6,-52.,16.));
#12793 = VECTOR('',#12794,1.);
#12794 = DIRECTION('',(0.,-1.,0.));
#12795 = PCURVE('',#6477,#12796);
#12796 = DEFINITIONAL_REPRESENTATION('',(#12797),#12801);
#12797 = LINE('',#12798,#12799);
#12798 = CARTESIAN_POINT('',(-6.28318530718,0.));
#12799 = VECTOR('',#12800,1.);
#12800 = DIRECTION('',(-0.,-1.));
#12801 = ( GEOMETRIC_REPRESENTATION_CONTEXT(2) 
PARAMETRIC_REPRESENTATION_CONTEXT() REPRESENTATION_CONTEXT('2D SPACE',''
  ) );
#12802 = PCURVE('',#6477,#12803);
#12803 = DEFINITIONAL_REPRESENTATION('',(#12804),#12808);
#12804 = LINE('',#12805,#12806);
#12805 = CARTESIAN_POINT('',(-0.,0.));
#12806 = VECTOR('',#12807,1.);
#12807 = DIRECTION('',(-0.,-1.));
#12808 = ( GEOMETRIC_REPRESENTATION_CONTEXT(2) 
PARAMETRIC_REPRESENTATION_CONTEXT() REPRESENTATION_CONTEXT('2D SPACE',''
  ) );
#12809 = ORIENTED_EDGE('',*,*,#6460,.F.);
#12810 = ORIENTED_EDGE('',*,*,#12789,.F.);
#12811 = ADVANCED_FACE('',(#12812),#6508,.F.);
#12812 = FACE_BOUND('',#12813,.T.);
#12813 = EDGE_LOOP('',(#12814,#12838,#12859,#12860));
#12814 = ORIENTED_EDGE('',*,*,#12815,.T.);
#12815 = EDGE_CURVE('',#12816,#12816,#12818,.T.);
#12816 = VERTEX_POINT('',#12817);
#12817 = CARTESIAN_POINT('',(7.6,-53.,10.));
#12818 = SURFACE_CURVE('',#12819,(#12824,#12831),.PCURVE_S1.);
#12819 = CIRCLE('',#12820,1.6);
#12820 = AXIS2_PLACEMENT_3D('',#12821,#12822,#12823);
#12821 = CARTESIAN_POINT('',(6.,-53.,10.));
#12822 = DIRECTION('',(-0.,1.,0.));
#12823 = DIRECTION('',(1.,0.,0.));
#12824 = PCURVE('',#6508,#12825);
#12825 = DEFINITIONAL_REPRESENTATION('',(#12826),#12830);
#12826 = LINE('',#12827,#12828);
#12827 = CARTESIAN_POINT('',(-6.28318530718,-1.));
#12828 = VECTOR('',#12829,1.);
#12829 = DIRECTION('',(1.,-0.));
#12830 = ( GEOMETRIC_REPRESENTATION_CONTEXT(2) 
PARAMETRIC_REPRESENTATION_CONTEXT() REPRESENTATION_CONTEXT('2D SPACE',''
  ) );
#12831 = PCURVE('',#7643,#12832);
#12832 = DEFINITIONAL_REPRESENTATION('',(#12833),#12837);
#12833 = CIRCLE('',#12834,1.6);
#12834 = AXIS2_PLACEMENT_2D('',#12835,#12836);
#12835 = CARTESIAN_POINT('',(38.,-7.6));
#12836 = DIRECTION('',(1.,0.));
#12837 = ( GEOMETRIC_REPRESENTATION_CONTEXT(2) 
PARAMETRIC_REPRESENTATION_CONTEXT() REPRESENTATION_CONTEXT('2D SPACE',''
  ) );
#12838 = ORIENTED_EDGE('',*,*,#12839,.T.);
#12839 = EDGE_CURVE('',#12816,#6492,#12840,.T.);
#12840 = SEAM_CURVE('',#12841,(#12845,#12852),.PCURVE_S1.);
#12841 = LINE('',#12842,#12843);
#12842 = CARTESIAN_POINT('',(7.6,-52.,10.));
#12843 = VECTOR('',#12844,1.);
#12844 = DIRECTION('',(0.,-1.,0.));
#12845 = PCURVE('',#6508,#12846);
#12846 = DEFINITIONAL_REPRESENTATION('',(#12847),#12851);
#12847 = LINE('',#12848,#12849);
#12848 = CARTESIAN_POINT('',(-6.28318530718,0.));
#12849 = VECTOR('',#12850,1.);
#12850 = DIRECTION('',(-0.,-1.));
#12851 = ( GEOMETRIC_REPRESENTATION_CONTEXT(2) 
PARAMETRIC_REPRESENTATION_CONTEXT() REPRESENTATION_CONTEXT('2D SPACE',''
  ) );
#12852 = PCURVE('',#6508,#12853);
#12853 = DEFINITIONAL_REPRESENTATION('',(#12854),#12858);
#12854 = LINE('',#12855,#12856);
#12855 = CARTESIAN_POINT('',(-0.,0.));
#12856 = VECTOR('',#12857,1.);
#12857 = DIRECTION('',(-0.,-1.));
#12858 = ( GEOMETRIC_REPRESENTATION_CONTEXT(2) 
PARAMETRIC_REPRESENTATION_CONTEXT() REPRESENTATION_CONTEXT('2D SPACE',''
  ) );
#12859 = ORIENTED_EDGE('',*,*,#6491,.F.);
#12860 = ORIENTED_EDGE('',*,*,#12839,.F.);
#12861 = ADVANCED_FACE('',(#12862),#6539,.F.);
#12862 = FACE_BOUND('',#12863,.T.);
#12863 = EDGE_LOOP('',(#12864,#12888,#12909,#12910));
#12864 = ORIENTED_EDGE('',*,*,#12865,.T.);
#12865 = EDGE_CURVE('',#12866,#12866,#12868,.T.);
#12866 = VERTEX_POINT('',#12867);
#12867 = CARTESIAN_POINT('',(13.6,-53.,10.));
#12868 = SURFACE_CURVE('',#12869,(#12874,#12881),.PCURVE_S1.);
#12869 = CIRCLE('',#12870,1.6);
#12870 = AXIS2_PLACEMENT_3D('',#12871,#12872,#12873);
#12871 = CARTESIAN_POINT('',(12.,-53.,10.));
#12872 = DIRECTION('',(-0.,1.,0.));
#12873 = DIRECTION('',(1.,0.,0.));
#12874 = PCURVE('',#6539,#12875);
#12875 = DEFINITIONAL_REPRESENTATION('',(#12876),#12880);
#12876 = LINE('',#12877,#12878);
#12877 = CARTESIAN_POINT('',(-6.28318530718,-1.));
#12878 = VECTOR('',#12879,1.);
#12879 = DIRECTION('',(1.,-0.));
#12880 = ( GEOMETRIC_REPRESENTATION_CONTEXT(2) 
PARAMETRIC_REPRESENTATION_CONTEXT() REPRESENTATION_CONTEXT('2D SPACE',''
  ) );
#12881 = PCURVE('',#7643,#12882);
#12882 = DEFINITIONAL_REPRESENTATION('',(#12883),#12887);
#12883 = CIRCLE('',#12884,1.6);
#12884 = AXIS2_PLACEMENT_2D('',#12885,#12886);
#12885 = CARTESIAN_POINT('',(44.,-7.6));
#12886 = DIRECTION('',(1.,0.));
#12887 = ( GEOMETRIC_REPRESENTATION_CONTEXT(2) 
PARAMETRIC_REPRESENTATION_CONTEXT() REPRESENTATION_CONTEXT('2D SPACE',''
  ) );
#12888 = ORIENTED_EDGE('',*,*,#12889,.T.);
#12889 = EDGE_CURVE('',#12866,#6523,#12890,.T.);
#12890 = SEAM_CURVE('',#12891,(#12895,#12902),.PCURVE_S1.);
#12891 = LINE('',#12892,#12893);
#12892 = CARTESIAN_POINT('',(13.6,-52.,10.));
#12893 = VECTOR('',#12894,1.);
#12894 = DIRECTION('',(0.,-1.,0.));
#12895 = PCURVE('',#6539,#12896);
#12896 = DEFINITIONAL_REPRESENTATION('',(#12897),#12901);
#12897 = LINE('',#12898,#12899);
#12898 = CARTESIAN_POINT('',(-6.28318530718,0.));
#12899 = VECTOR('',#12900,1.);
#12900 = DIRECTION('',(-0.,-1.));
#12901 = ( GEOMETRIC_REPRESENTATION_CONTEXT(2) 
PARAMETRIC_REPRESENTATION_CONTEXT() REPRESENTATION_CONTEXT('2D SPACE',''
  ) );
#12902 = PCURVE('',#6539,#12903);
#12903 = DEFINITIONAL_REPRESENTATION('',(#12904),#12908);
#12904 = LINE('',#12905,#12906);
#12905 = CARTESIAN_POINT('',(-0.,0.));
#12906 = VECTOR('',#12907,1.);
#12907 = DIRECTION('',(-0.,-1.));
#12908 = ( GEOMETRIC_REPRESENTATION_CONTEXT(2) 
PARAMETRIC_REPRESENTATION_CONTEXT() REPRESENTATION_CONTEXT('2D SPACE',''
  ) );
#12909 = ORIENTED_EDGE('',*,*,#6522,.F.);
#12910 = ORIENTED_EDGE('',*,*,#12889,.F.);
#12911 = ADVANCED_FACE('',(#12912),#6570,.F.);
#12912 = FACE_BOUND('',#12913,.T.);
#12913 = EDGE_LOOP('',(#12914,#12938,#12959,#12960));
#12914 = ORIENTED_EDGE('',*,*,#12915,.T.);
#12915 = EDGE_CURVE('',#12916,#12916,#12918,.T.);
#12916 = VERTEX_POINT('',#12917);
#12917 = CARTESIAN_POINT('',(19.6,-53.,10.));
#12918 = SURFACE_CURVE('',#12919,(#12924,#12931),.PCURVE_S1.);
#12919 = CIRCLE('',#12920,1.6);
#12920 = AXIS2_PLACEMENT_3D('',#12921,#12922,#12923);
#12921 = CARTESIAN_POINT('',(18.,-53.,10.));
#12922 = DIRECTION('',(-0.,1.,0.));
#12923 = DIRECTION('',(1.,0.,0.));
#12924 = PCURVE('',#6570,#12925);
#12925 = DEFINITIONAL_REPRESENTATION('',(#12926),#12930);
#12926 = LINE('',#12927,#12928);
#12927 = CARTESIAN_POINT('',(-6.28318530718,-1.));
#12928 = VECTOR('',#12929,1.);
#12929 = DIRECTION('',(1.,-0.));
#12930 = ( GEOMETRIC_REPRESENTATION_CONTEXT(2) 
PARAMETRIC_REPRESENTATION_CONTEXT() REPRESENTATION_CONTEXT('2D SPACE',''
  ) );
#12931 = PCURVE('',#7643,#12932);
#12932 = DEFINITIONAL_REPRESENTATION('',(#12933),#12937);
#12933 = CIRCLE('',#12934,1.6);
#12934 = AXIS2_PLACEMENT_2D('',#12935,#12936);
#12935 = CARTESIAN_POINT('',(50.,-7.6));
#12936 = DIRECTION('',(1.,0.));
#12937 = ( GEOMETRIC_REPRESENTATION_CONTEXT(2) 
PARAMETRIC_REPRESENTATION_CONTEXT() REPRESENTATION_CONTEXT('2D SPACE',''
  ) );
#12938 = ORIENTED_EDGE('',*,*,#12939,.T.);
#12939 = EDGE_CURVE('',#12916,#6554,#12940,.T.);
#12940 = SEAM_CURVE('',#12941,(#12945,#12952),.PCURVE_S1.);
#12941 = LINE('',#12942,#12943);
#12942 = CARTESIAN_POINT('',(19.6,-52.,10.));
#12943 = VECTOR('',#12944,1.);
#12944 = DIRECTION('',(0.,-1.,0.));
#12945 = PCURVE('',#6570,#12946);
#12946 = DEFINITIONAL_REPRESENTATION('',(#12947),#12951);
#12947 = LINE('',#12948,#12949);
#12948 = CARTESIAN_POINT('',(-6.28318530718,0.));
#12949 = VECTOR('',#12950,1.);
#12950 = DIRECTION('',(-0.,-1.));
#12951 = ( GEOMETRIC_REPRESENTATION_CONTEXT(2) 
PARAMETRIC_REPRESENTATION_CONTEXT() REPRESENTATION_CONTEXT('2D SPACE',''
  ) );
#12952 = PCURVE('',#6570,#12953);
#12953 = DEFINITIONAL_REPRESENTATION('',(#12954),#12958);
#12954 = LINE('',#12955,#12956);
#12955 = CARTESIAN_POINT('',(-0.,0.));
#12956 = VECTOR('',#12957,1.);
#12957 = DIRECTION('',(-0.,-1.));
#12958 = ( GEOMETRIC_REPRESENTATION_CONTEXT(2) 
PARAMETRIC_REPRESENTATION_CONTEXT() REPRESENTATION_CONTEXT('2D SPACE',''
  ) );
#12959 = ORIENTED_EDGE('',*,*,#6553,.F.);
#12960 = ORIENTED_EDGE('',*,*,#12939,.F.);
#12961 = ADVANCED_FACE('',(#12962),#6601,.F.);
#12962 = FACE_BOUND('',#12963,.T.);
#12963 = EDGE_LOOP('',(#12964,#12988,#13009,#13010));
#12964 = ORIENTED_EDGE('',*,*,#12965,.T.);
#12965 = EDGE_CURVE('',#12966,#12966,#12968,.T.);
#12966 = VERTEX_POINT('',#12967);
#12967 = CARTESIAN_POINT('',(25.6,-53.,10.));
#12968 = SURFACE_CURVE('',#12969,(#12974,#12981),.PCURVE_S1.);
#12969 = CIRCLE('',#12970,1.6);
#12970 = AXIS2_PLACEMENT_3D('',#12971,#12972,#12973);
#12971 = CARTESIAN_POINT('',(24.,-53.,10.));
#12972 = DIRECTION('',(-0.,1.,0.));
#12973 = DIRECTION('',(1.,0.,0.));
#12974 = PCURVE('',#6601,#12975);
#12975 = DEFINITIONAL_REPRESENTATION('',(#12976),#12980);
#12976 = LINE('',#12977,#12978);
#12977 = CARTESIAN_POINT('',(-6.28318530718,-1.));
#12978 = VECTOR('',#12979,1.);
#12979 = DIRECTION('',(1.,-0.));
#12980 = ( GEOMETRIC_REPRESENTATION_CONTEXT(2) 
PARAMETRIC_REPRESENTATION_CONTEXT() REPRESENTATION_CONTEXT('2D SPACE',''
  ) );
#12981 = PCURVE('',#7643,#12982);
#12982 = DEFINITIONAL_REPRESENTATION('',(#12983),#12987);
#12983 = CIRCLE('',#12984,1.6);
#12984 = AXIS2_PLACEMENT_2D('',#12985,#12986);
#12985 = CARTESIAN_POINT('',(56.,-7.6));
#12986 = DIRECTION('',(1.,0.));
#12987 = ( GEOMETRIC_REPRESENTATION_CONTEXT(2) 
PARAMETRIC_REPRESENTATION_CONTEXT() REPRESENTATION_CONTEXT('2D SPACE',''
  ) );
#12988 = ORIENTED_EDGE('',*,*,#12989,.T.);
#12989 = EDGE_CURVE('',#12966,#6585,#12990,.T.);
#12990 = SEAM_CURVE('',#12991,(#12995,#13002),.PCURVE_S1.);
#12991 = LINE('',#12992,#12993);
#12992 = CARTESIAN_POINT('',(25.6,-52.,10.));
#12993 = VECTOR('',#12994,1.);
#12994 = DIRECTION('',(0.,-1.,0.));
#12995 = PCURVE('',#6601,#12996);
#12996 = DEFINITIONAL_REPRESENTATION('',(#12997),#13001);
#12997 = LINE('',#12998,#12999);
#12998 = CARTESIAN_POINT('',(-6.28318530718,0.));
#12999 = VECTOR('',#13000,1.);
#13000 = DIRECTION('',(-0.,-1.));
#13001 = ( GEOMETRIC_REPRESENTATION_CONTEXT(2) 
PARAMETRIC_REPRESENTATION_CONTEXT() REPRESENTATION_CONTEXT('2D SPACE',''
  ) );
#13002 = PCURVE('',#6601,#13003);
#13003 = DEFINITIONAL_REPRESENTATION('',(#13004),#13008);
#13004 = LINE('',#13005,#13006);
#13005 = CARTESIAN_POINT('',(-0.,0.));
#13006 = VECTOR('',#13007,1.);
#13007 = DIRECTION('',(-0.,-1.));
#13008 = ( GEOMETRIC_REPRESENTATION_CONTEXT(2) 
PARAMETRIC_REPRESENTATION_CONTEXT() REPRESENTATION_CONTEXT('2D SPACE',''
  ) );
#13009 = ORIENTED_EDGE('',*,*,#6584,.F.);
#13010 = ORIENTED_EDGE('',*,*,#12989,.F.);
#13011 = ADVANCED_FACE('',(#13012),#6632,.F.);
#13012 = FACE_BOUND('',#13013,.T.);
#13013 = EDGE_LOOP('',(#13014,#13038,#13059,#13060));
#13014 = ORIENTED_EDGE('',*,*,#13015,.T.);
#13015 = EDGE_CURVE('',#13016,#13016,#13018,.T.);
#13016 = VERTEX_POINT('',#13017);
#13017 = CARTESIAN_POINT('',(31.6,-53.,10.));
#13018 = SURFACE_CURVE('',#13019,(#13024,#13031),.PCURVE_S1.);
#13019 = CIRCLE('',#13020,1.6);
#13020 = AXIS2_PLACEMENT_3D('',#13021,#13022,#13023);
#13021 = CARTESIAN_POINT('',(30.,-53.,10.));
#13022 = DIRECTION('',(-0.,1.,0.));
#13023 = DIRECTION('',(1.,0.,0.));
#13024 = PCURVE('',#6632,#13025);
#13025 = DEFINITIONAL_REPRESENTATION('',(#13026),#13030);
#13026 = LINE('',#13027,#13028);
#13027 = CARTESIAN_POINT('',(-6.28318530718,-1.));
#13028 = VECTOR('',#13029,1.);
#13029 = DIRECTION('',(1.,-0.));
#13030 = ( GEOMETRIC_REPRESENTATION_CONTEXT(2) 
PARAMETRIC_REPRESENTATION_CONTEXT() REPRESENTATION_CONTEXT('2D SPACE',''
  ) );
#13031 = PCURVE('',#7643,#13032);
#13032 = DEFINITIONAL_REPRESENTATION('',(#13033),#13037);
#13033 = CIRCLE('',#13034,1.6);
#13034 = AXIS2_PLACEMENT_2D('',#13035,#13036);
#13035 = CARTESIAN_POINT('',(62.,-7.6));
#13036 = DIRECTION('',(1.,0.));
#13037 = ( GEOMETRIC_REPRESENTATION_CONTEXT(2) 
PARAMETRIC_REPRESENTATION_CONTEXT() REPRESENTATION_CONTEXT('2D SPACE',''
  ) );
#13038 = ORIENTED_EDGE('',*,*,#13039,.T.);
#13039 = EDGE_CURVE('',#13016,#6616,#13040,.T.);
#13040 = SEAM_CURVE('',#13041,(#13045,#13052),.PCURVE_S1.);
#13041 = LINE('',#13042,#13043);
#13042 = CARTESIAN_POINT('',(31.6,-52.,10.));
#13043 = VECTOR('',#13044,1.);
#13044 = DIRECTION('',(0.,-1.,0.));
#13045 = PCURVE('',#6632,#13046);
#13046 = DEFINITIONAL_REPRESENTATION('',(#13047),#13051);
#13047 = LINE('',#13048,#13049);
#13048 = CARTESIAN_POINT('',(-6.28318530718,0.));
#13049 = VECTOR('',#13050,1.);
#13050 = DIRECTION('',(-0.,-1.));
#13051 = ( GEOMETRIC_REPRESENTATION_CONTEXT(2) 
PARAMETRIC_REPRESENTATION_CONTEXT() REPRESENTATION_CONTEXT('2D SPACE',''
  ) );
#13052 = PCURVE('',#6632,#13053);
#13053 = DEFINITIONAL_REPRESENTATION('',(#13054),#13058);
#13054 = LINE('',#13055,#13056);
#13055 = CARTESIAN_POINT('',(-0.,0.));
#13056 = VECTOR('',#13057,1.);
#13057 = DIRECTION('',(-0.,-1.));
#13058 = ( GEOMETRIC_REPRESENTATION_CONTEXT(2) 
PARAMETRIC_REPRESENTATION_CONTEXT() REPRESENTATION_CONTEXT('2D SPACE',''
  ) );
#13059 = ORIENTED_EDGE('',*,*,#6615,.F.);
#13060 = ORIENTED_EDGE('',*,*,#13039,.F.);
#13061 = ADVANCED_FACE('',(#13062),#7185,.T.);
#13062 = FACE_BOUND('',#13063,.F.);
#13063 = EDGE_LOOP('',(#13064,#13065,#13066,#13085));
#13064 = ORIENTED_EDGE('',*,*,#8110,.F.);
#13065 = ORIENTED_EDGE('',*,*,#8157,.T.);
#13066 = ORIENTED_EDGE('',*,*,#13067,.T.);
#13067 = EDGE_CURVE('',#8158,#7137,#13068,.T.);
#13068 = SURFACE_CURVE('',#13069,(#13073,#13079),.PCURVE_S1.);
#13069 = LINE('',#13070,#13071);
#13070 = CARTESIAN_POINT('',(32.,55.6,29.6));
#13071 = VECTOR('',#13072,1.);
#13072 = DIRECTION('',(-0.,-0.707106781187,0.707106781187));
#13073 = PCURVE('',#7185,#13074);
#13074 = DEFINITIONAL_REPRESENTATION('',(#13075),#13078);
#13075 = B_SPLINE_CURVE_WITH_KNOTS('',1,(#13076,#13077),.UNSPECIFIED.,
  .F.,.F.,(2,2),(-0.565685424949,0.565685424949),
  .PIECEWISE_BEZIER_KNOTS.);
#13076 = CARTESIAN_POINT('',(-64.,-0.565685424949));
#13077 = CARTESIAN_POINT('',(-64.,0.565685424949));
#13078 = ( GEOMETRIC_REPRESENTATION_CONTEXT(2) 
PARAMETRIC_REPRESENTATION_CONTEXT() REPRESENTATION_CONTEXT('2D SPACE',''
  ) );
#13079 = PCURVE('',#7157,#13080);
#13080 = DEFINITIONAL_REPRESENTATION('',(#13081),#13084);
#13081 = B_SPLINE_CURVE_WITH_KNOTS('',1,(#13082,#13083),.UNSPECIFIED.,
  .F.,.F.,(2,2),(-0.565685424949,0.565685424949),
  .PIECEWISE_BEZIER_KNOTS.);
#13082 = CARTESIAN_POINT('',(0.,0.));
#13083 = CARTESIAN_POINT('',(0.,-0.8));
#13084 = ( GEOMETRIC_REPRESENTATION_CONTEXT(2) 
PARAMETRIC_REPRESENTATION_CONTEXT() REPRESENTATION_CONTEXT('2D SPACE',''
  ) );
#13085 = ORIENTED_EDGE('',*,*,#7169,.F.);
#13086 = ADVANCED_FACE('',(#13087),#6866,.T.);
#13087 = FACE_BOUND('',#13088,.F.);
#13088 = EDGE_LOOP('',(#13089,#13122,#13123,#13124));
#13089 = ORIENTED_EDGE('',*,*,#13090,.T.);
#13090 = EDGE_CURVE('',#6846,#8892,#13091,.T.);
#13091 = SURFACE_CURVE('',#13092,(#13100,#13111),.PCURVE_S1.);
#13092 = B_SPLINE_CURVE_WITH_KNOTS('',6,(#13093,#13094,#13095,#13096,
    #13097,#13098,#13099),.UNSPECIFIED.,.F.,.F.,(7,7),(0.,1.),
  .PIECEWISE_BEZIER_KNOTS.);
#13093 = CARTESIAN_POINT('',(45.4498634916,-50.90346984173,30.));
#13094 = CARTESIAN_POINT('',(45.601069793343,-50.96351652279,
    29.863414019737));
#13095 = CARTESIAN_POINT('',(45.758035438609,-51.01771302849,
    29.727851715264));
#13096 = CARTESIAN_POINT('',(45.920992204883,-51.06555416505,
    29.593462766573));
#13097 = CARTESIAN_POINT('',(46.090184161688,-51.10639307243,
    29.46047368773));
#13098 = CARTESIAN_POINT('',(46.265864311424,-51.13943741423,
    29.329186421462));
#13099 = CARTESIAN_POINT('',(46.448381710285,-51.16361828971,29.2));
#13100 = PCURVE('',#6866,#13101);
#13101 = DEFINITIONAL_REPRESENTATION('',(#13102),#13110);
#13102 = B_SPLINE_CURVE_WITH_KNOTS('',6,(#13103,#13104,#13105,#13106,
    #13107,#13108,#13109),.UNSPECIFIED.,.F.,.F.,(7,7),(0.,1.),
  .PIECEWISE_BEZIER_KNOTS.);
#13103 = CARTESIAN_POINT('',(0.952392297013,-0.8));
#13104 = CARTESIAN_POINT('',(0.948582278989,-0.663414019737));
#13105 = CARTESIAN_POINT('',(0.944477634589,-0.527851715264));
#13106 = CARTESIAN_POINT('',(0.940064544523,-0.393462766573));
#13107 = CARTESIAN_POINT('',(0.935325416016,-0.26047368773));
#13108 = CARTESIAN_POINT('',(0.930238780915,-0.129186421462));
#13109 = CARTESIAN_POINT('',(0.924772948894,0.));
#13110 = ( GEOMETRIC_REPRESENTATION_CONTEXT(2) 
PARAMETRIC_REPRESENTATION_CONTEXT() REPRESENTATION_CONTEXT('2D SPACE',''
  ) );
#13111 = PCURVE('',#6895,#13112);
#13112 = DEFINITIONAL_REPRESENTATION('',(#13113),#13121);
#13113 = B_SPLINE_CURVE_WITH_KNOTS('',6,(#13114,#13115,#13116,#13117,
    #13118,#13119,#13120),.UNSPECIFIED.,.F.,.F.,(7,7),(0.,1.),
  .PIECEWISE_BEZIER_KNOTS.);
#13114 = CARTESIAN_POINT('',(-4.33436991272,-30.));
#13115 = CARTESIAN_POINT('',(-4.373106295445,-29.86341401973));
#13116 = CARTESIAN_POINT('',(-4.412603088558,-29.72785171526));
#13117 = CARTESIAN_POINT('',(-4.45297151438,-29.59346276657));
#13118 = CARTESIAN_POINT('',(-4.494334859359,-29.46047368773));
#13119 = CARTESIAN_POINT('',(-4.536834497333,-29.32918642146));
#13120 = CARTESIAN_POINT('',(-4.580670744117,-29.2));
#13121 = ( GEOMETRIC_REPRESENTATION_CONTEXT(2) 
PARAMETRIC_REPRESENTATION_CONTEXT() REPRESENTATION_CONTEXT('2D SPACE',''
  ) );
#13122 = ORIENTED_EDGE('',*,*,#8891,.T.);
#13123 = ORIENTED_EDGE('',*,*,#11440,.T.);
#13124 = ORIENTED_EDGE('',*,*,#6845,.F.);
#13125 = ADVANCED_FACE('',(#13126),#7157,.T.);
#13126 = FACE_BOUND('',#13127,.F.);
#13127 = EDGE_LOOP('',(#13128,#13129,#13130,#13172));
#13128 = ORIENTED_EDGE('',*,*,#13067,.F.);
#13129 = ORIENTED_EDGE('',*,*,#9340,.T.);
#13130 = ORIENTED_EDGE('',*,*,#13131,.T.);
#13131 = EDGE_CURVE('',#9320,#7108,#13132,.T.);
#13132 = SURFACE_CURVE('',#13133,(#13144,#13158),.PCURVE_S1.);
#13133 = B_SPLINE_CURVE_WITH_KNOTS('',5,(#13134,#13135,#13136,#13137,
    #13138,#13139,#13140,#13141,#13142,#13143),.UNSPECIFIED.,.F.,.F.,(6,
    4,6),(0.,0.726547866229,1.),.UNSPECIFIED.);
#13134 = CARTESIAN_POINT('',(46.448381710285,51.163618289715,29.2));
#13135 = CARTESIAN_POINT('',(46.289254902758,51.142536324149,
    29.312630483183));
#13136 = CARTESIAN_POINT('',(46.135534830466,51.114435882126,
    29.426929014971));
#13137 = CARTESIAN_POINT('',(45.986968110166,51.080134891024,
    29.542581892187));
#13138 = CARTESIAN_POINT('',(45.843357957041,51.040233410201,
    29.659362648066));
#13139 = CARTESIAN_POINT('',(45.652247092678,50.978263482317,
    29.821435428224));
#13140 = CARTESIAN_POINT('',(45.600662314844,50.960592212552,
    29.865891781389));
#13141 = CARTESIAN_POINT('',(45.549742675096,50.942220968911,
    29.910476557904));
#13142 = CARTESIAN_POINT('',(45.499479025393,50.923173052361,
    29.95518184512));
#13143 = CARTESIAN_POINT('',(45.449862827375,50.903469577958,30.0000006)
  );
#13144 = PCURVE('',#7157,#13145);
#13145 = DEFINITIONAL_REPRESENTATION('',(#13146),#13157);
#13146 = B_SPLINE_CURVE_WITH_KNOTS('',5,(#13147,#13148,#13149,#13150,
    #13151,#13152,#13153,#13154,#13155,#13156),.UNSPECIFIED.,.F.,.F.,(6,
    4,6),(0.,0.726547866229,1.),.UNSPECIFIED.);
#13147 = CARTESIAN_POINT('',(0.646023377901,-2.6645352591E-14));
#13148 = CARTESIAN_POINT('',(0.641258021801,-0.112630483183));
#13149 = CARTESIAN_POINT('',(0.636792691209,-0.226929014971));
#13150 = CARTESIAN_POINT('',(0.632603598898,-0.342581892187));
#13151 = CARTESIAN_POINT('',(0.628674402058,-0.459362648066));
#13152 = CARTESIAN_POINT('',(0.623605565028,-0.621435428224));
#13153 = CARTESIAN_POINT('',(0.622254412553,-0.665891781389));
#13154 = CARTESIAN_POINT('',(0.620937501722,-0.710476557904));
#13155 = CARTESIAN_POINT('',(0.619654216108,-0.75518184512));
#13156 = CARTESIAN_POINT('',(0.618404013045,-0.8000006));
#13157 = ( GEOMETRIC_REPRESENTATION_CONTEXT(2) 
PARAMETRIC_REPRESENTATION_CONTEXT() REPRESENTATION_CONTEXT('2D SPACE',''
  ) );
#13158 = PCURVE('',#7124,#13159);
#13159 = DEFINITIONAL_REPRESENTATION('',(#13160),#13171);
#13160 = B_SPLINE_CURVE_WITH_KNOTS('',5,(#13161,#13162,#13163,#13164,
    #13165,#13166,#13167,#13168,#13169,#13170),.UNSPECIFIED.,.F.,.F.,(6,
    4,6),(0.,0.726547866229,1.),.UNSPECIFIED.);
#13161 = CARTESIAN_POINT('',(-1.702514563063,-29.2));
#13162 = CARTESIAN_POINT('',(-1.740732957847,-29.31263048318));
#13163 = CARTESIAN_POINT('',(-1.77789473898,-29.42692901497));
#13164 = CARTESIAN_POINT('',(-1.814149903603,-29.54258189218));
#13165 = CARTESIAN_POINT('',(-1.849605863814,-29.65936264806));
#13166 = CARTESIAN_POINT('',(-1.8974408708,-29.82143542822));
#13167 = CARTESIAN_POINT('',(-1.910421885204,-29.86589178138));
#13168 = CARTESIAN_POINT('',(-1.923308307218,-29.9104765579));
#13169 = CARTESIAN_POINT('',(-1.936104770538,-29.95518184512));
#13170 = CARTESIAN_POINT('',(-1.948815564622,-30.0000006));
#13171 = ( GEOMETRIC_REPRESENTATION_CONTEXT(2) 
PARAMETRIC_REPRESENTATION_CONTEXT() REPRESENTATION_CONTEXT('2D SPACE',''
  ) );
#13172 = ORIENTED_EDGE('',*,*,#7136,.F.);
#13173 = ADVANCED_FACE('',(#13174),#6895,.T.);
#13174 = FACE_BOUND('',#13175,.F.);
#13175 = EDGE_LOOP('',(#13176,#13177,#13178));
#13176 = ORIENTED_EDGE('',*,*,#8915,.T.);
#13177 = ORIENTED_EDGE('',*,*,#13090,.F.);
#13178 = ORIENTED_EDGE('',*,*,#6878,.T.);
#13179 = ADVANCED_FACE('',(#13180),#7124,.T.);
#13180 = FACE_BOUND('',#13181,.F.);
#13181 = EDGE_LOOP('',(#13182,#13183,#13184));
#13182 = ORIENTED_EDGE('',*,*,#7107,.T.);
#13183 = ORIENTED_EDGE('',*,*,#13131,.F.);
#13184 = ORIENTED_EDGE('',*,*,#9319,.F.);
#13185 = ADVANCED_FACE('',(#13186),#6948,.T.);
#13186 = FACE_BOUND('',#13187,.F.);
#13187 = EDGE_LOOP('',(#13188,#13221,#13222));
#13188 = ORIENTED_EDGE('',*,*,#13189,.F.);
#13189 = EDGE_CURVE('',#8936,#6932,#13190,.T.);
#13190 = SURFACE_CURVE('',#13191,(#13199,#13210),.PCURVE_S1.);
#13191 = B_SPLINE_CURVE_WITH_KNOTS('',6,(#13192,#13193,#13194,#13195,
    #13196,#13197,#13198),.UNSPECIFIED.,.F.,.F.,(7,7),(0.,1.),
  .PIECEWISE_BEZIER_KNOTS.);
#13192 = CARTESIAN_POINT('',(51.163618289715,-46.44838171028,29.2));
#13193 = CARTESIAN_POINT('',(51.139437395543,-46.26586417031,
    29.329186521337));
#13194 = CARTESIAN_POINT('',(51.106393021993,-46.09018389493,
    29.460473887267));
#13195 = CARTESIAN_POINT('',(51.065554072789,-45.92099182372,
    29.593463066373));
#13196 = CARTESIAN_POINT('',(51.017712885698,-45.75803495313,
    29.727852115832));
#13197 = CARTESIAN_POINT('',(50.963516322238,-45.60106921329,
    29.863414520908));
#13198 = CARTESIAN_POINT('',(50.903469577958,-45.44986282737,30.0000006)
  );
#13199 = PCURVE('',#6948,#13200);
#13200 = DEFINITIONAL_REPRESENTATION('',(#13201),#13209);
#13201 = B_SPLINE_CURVE_WITH_KNOTS('',6,(#13202,#13203,#13204,#13205,
    #13206,#13207,#13208),.UNSPECIFIED.,.F.,.F.,(7,7),(0.,1.),
  .PIECEWISE_BEZIER_KNOTS.);
#13202 = CARTESIAN_POINT('',(-0.131718236268,-29.2));
#13203 = CARTESIAN_POINT('',(-0.175554516942,-29.32918652133));
#13204 = CARTESIAN_POINT('',(-0.218054185566,-29.46047388726));
#13205 = CARTESIAN_POINT('',(-0.259417559206,-29.59346306637));
#13206 = CARTESIAN_POINT('',(-0.299786012109,-29.72785211583));
#13207 = CARTESIAN_POINT('',(-0.339282830921,-29.8634145209));
#13208 = CARTESIAN_POINT('',(-0.378019237827,-30.0000006));
#13209 = ( GEOMETRIC_REPRESENTATION_CONTEXT(2) 
PARAMETRIC_REPRESENTATION_CONTEXT() REPRESENTATION_CONTEXT('2D SPACE',''
  ) );
#13210 = PCURVE('',#6981,#13211);
#13211 = DEFINITIONAL_REPRESENTATION('',(#13212),#13220);
#13212 = B_SPLINE_CURVE_WITH_KNOTS('',6,(#13213,#13214,#13215,#13216,
    #13217,#13218,#13219),.UNSPECIFIED.,.F.,.F.,(7,7),(0.,1.),
  .PIECEWISE_BEZIER_KNOTS.);
#13213 = CARTESIAN_POINT('',(0.646023377901,-3.730349362741E-14));
#13214 = CARTESIAN_POINT('',(0.640557541654,-0.129186521337));
#13215 = CARTESIAN_POINT('',(0.63547090306,-0.260473887267));
#13216 = CARTESIAN_POINT('',(0.6307317716,-0.393463066373));
#13217 = CARTESIAN_POINT('',(0.626318679064,-0.527852115832));
#13218 = CARTESIAN_POINT('',(0.622214032643,-0.663414520908));
#13219 = CARTESIAN_POINT('',(0.618404013045,-0.8000006));
#13220 = ( GEOMETRIC_REPRESENTATION_CONTEXT(2) 
PARAMETRIC_REPRESENTATION_CONTEXT() REPRESENTATION_CONTEXT('2D SPACE',''
  ) );
#13221 = ORIENTED_EDGE('',*,*,#8935,.F.);
#13222 = ORIENTED_EDGE('',*,*,#6931,.T.);
#13223 = ADVANCED_FACE('',(#13224),#7071,.T.);
#13224 = FACE_BOUND('',#13225,.F.);
#13225 = EDGE_LOOP('',(#13226,#13227,#13228));
#13226 = ORIENTED_EDGE('',*,*,#7054,.T.);
#13227 = ORIENTED_EDGE('',*,*,#9299,.T.);
#13228 = ORIENTED_EDGE('',*,*,#13229,.F.);
#13229 = EDGE_CURVE('',#7022,#9276,#13230,.T.);
#13230 = SURFACE_CURVE('',#13231,(#13242,#13256),.PCURVE_S1.);
#13231 = B_SPLINE_CURVE_WITH_KNOTS('',5,(#13232,#13233,#13234,#13235,
    #13236,#13237,#13238,#13239,#13240,#13241),.UNSPECIFIED.,.F.,.F.,(6,
    4,6),(0.,0.517948557285,1.),.UNSPECIFIED.);
#13232 = CARTESIAN_POINT('',(50.903469841734,45.4498634916,30.));
#13233 = CARTESIAN_POINT('',(50.940790184846,45.54384155936,
    29.915108786074));
#13234 = CARTESIAN_POINT('',(50.975758563153,45.640141902505,
    29.830625050273));
#13235 = CARTESIAN_POINT('',(51.008231211793,45.738824088752,
    29.746595774401));
#13236 = CARTESIAN_POINT('',(51.038038757029,45.839951885158,
    29.663080139747));
#13237 = CARTESIAN_POINT('',(51.090044103208,46.040066014637,
    29.502969372963));
#13238 = CARTESIAN_POINT('',(51.112625810359,46.138713717701,
    29.426296787291));
#13239 = CARTESIAN_POINT('',(51.132553425967,46.239605630757,
    29.350191437155));
#13240 = CARTESIAN_POINT('',(51.149630841514,46.342804364061,
    29.274727996515));
#13241 = CARTESIAN_POINT('',(51.163618289715,46.448381710285,29.2));
#13242 = PCURVE('',#7071,#13243);
#13243 = DEFINITIONAL_REPRESENTATION('',(#13244),#13255);
#13244 = B_SPLINE_CURVE_WITH_KNOTS('',5,(#13245,#13246,#13247,#13248,
    #13249,#13250,#13251,#13252,#13253,#13254),.UNSPECIFIED.,.F.,.F.,(6,
    4,6),(0.,0.517948557285,1.),.UNSPECIFIED.);
#13245 = CARTESIAN_POINT('',(-5.905166239515,-30.));
#13246 = CARTESIAN_POINT('',(-5.929241759903,-29.91510878607));
#13247 = CARTESIAN_POINT('',(-5.953624476228,-29.83062505027));
#13248 = CARTESIAN_POINT('',(-5.978344054723,-29.7465957744));
#13249 = CARTESIAN_POINT('',(-6.00343309882,-29.66308013974));
#13250 = CARTESIAN_POINT('',(-6.052661971522,-29.50296937296));
#13251 = CARTESIAN_POINT('',(-6.076746754885,-29.42629678729));
#13252 = CARTESIAN_POINT('',(-6.101217638337,-29.35019143715));
#13253 = CARTESIAN_POINT('',(-6.126109956287,-29.27472799651));
#13254 = CARTESIAN_POINT('',(-6.151467070912,-29.2));
#13255 = ( GEOMETRIC_REPRESENTATION_CONTEXT(2) 
PARAMETRIC_REPRESENTATION_CONTEXT() REPRESENTATION_CONTEXT('2D SPACE',''
  ) );
#13256 = PCURVE('',#7042,#13257);
#13257 = DEFINITIONAL_REPRESENTATION('',(#13258),#13269);
#13258 = B_SPLINE_CURVE_WITH_KNOTS('',5,(#13259,#13260,#13261,#13262,
    #13263,#13264,#13265,#13266,#13267,#13268),.UNSPECIFIED.,.F.,.F.,(6,
    4,6),(0.,0.517948557285,1.),.UNSPECIFIED.);
#13259 = CARTESIAN_POINT('',(0.952392297013,-0.8));
#13260 = CARTESIAN_POINT('',(0.950024286368,-0.715108786074));
#13261 = CARTESIAN_POINT('',(0.947537604985,-0.630625050273));
#13262 = CARTESIAN_POINT('',(0.944928504098,-0.546595774401));
#13263 = CARTESIAN_POINT('',(0.94219247613,-0.463080139747));
#13264 = CARTESIAN_POINT('',(0.936653769906,-0.302969372963));
#13265 = CARTESIAN_POINT('',(0.933868889284,-0.226296787291));
#13266 = CARTESIAN_POINT('',(0.930964345105,-0.150191437155));
#13267 = CARTESIAN_POINT('',(0.927934664124,-7.472799651516E-02));
#13268 = CARTESIAN_POINT('',(0.924772948894,0.));
#13269 = ( GEOMETRIC_REPRESENTATION_CONTEXT(2) 
PARAMETRIC_REPRESENTATION_CONTEXT() REPRESENTATION_CONTEXT('2D SPACE',''
  ) );
#13270 = ADVANCED_FACE('',(#13271),#6981,.T.);
#13271 = FACE_BOUND('',#13272,.F.);
#13272 = EDGE_LOOP('',(#13273,#13292,#13293,#13294));
#13273 = ORIENTED_EDGE('',*,*,#13274,.F.);
#13274 = EDGE_CURVE('',#8957,#6961,#13275,.T.);
#13275 = SURFACE_CURVE('',#13276,(#13280,#13286),.PCURVE_S1.);
#13276 = LINE('',#13277,#13278);
#13277 = CARTESIAN_POINT('',(55.6,-32.,29.6));
#13278 = VECTOR('',#13279,1.);
#13279 = DIRECTION('',(-0.707106781187,0.,0.707106781187));
#13280 = PCURVE('',#6981,#13281);
#13281 = DEFINITIONAL_REPRESENTATION('',(#13282),#13285);
#13282 = B_SPLINE_CURVE_WITH_KNOTS('',1,(#13283,#13284),.UNSPECIFIED.,
  .F.,.F.,(2,2),(-0.565685424949,0.565685424949),
  .PIECEWISE_BEZIER_KNOTS.);
#13283 = CARTESIAN_POINT('',(0.,0.));
#13284 = CARTESIAN_POINT('',(0.,-0.8));
#13285 = ( GEOMETRIC_REPRESENTATION_CONTEXT(2) 
PARAMETRIC_REPRESENTATION_CONTEXT() REPRESENTATION_CONTEXT('2D SPACE',''
  ) );
#13286 = PCURVE('',#7009,#13287);
#13287 = DEFINITIONAL_REPRESENTATION('',(#13288),#13291);
#13288 = B_SPLINE_CURVE_WITH_KNOTS('',1,(#13289,#13290),.UNSPECIFIED.,
  .F.,.F.,(2,2),(-0.565685424949,0.565685424949),
  .PIECEWISE_BEZIER_KNOTS.);
#13289 = CARTESIAN_POINT('',(64.,-0.565685424949));
#13290 = CARTESIAN_POINT('',(64.,0.565685424949));
#13291 = ( GEOMETRIC_REPRESENTATION_CONTEXT(2) 
PARAMETRIC_REPRESENTATION_CONTEXT() REPRESENTATION_CONTEXT('2D SPACE',''
  ) );
#13292 = ORIENTED_EDGE('',*,*,#8956,.T.);
#13293 = ORIENTED_EDGE('',*,*,#13189,.T.);
#13294 = ORIENTED_EDGE('',*,*,#6960,.F.);
#13295 = ADVANCED_FACE('',(#13296),#7042,.T.);
#13296 = FACE_BOUND('',#13297,.F.);
#13297 = EDGE_LOOP('',(#13298,#13299,#13300,#13319));
#13298 = ORIENTED_EDGE('',*,*,#13229,.T.);
#13299 = ORIENTED_EDGE('',*,*,#9275,.T.);
#13300 = ORIENTED_EDGE('',*,*,#13301,.T.);
#13301 = EDGE_CURVE('',#9253,#6994,#13302,.T.);
#13302 = SURFACE_CURVE('',#13303,(#13307,#13313),.PCURVE_S1.);
#13303 = LINE('',#13304,#13305);
#13304 = CARTESIAN_POINT('',(56.,32.,29.2));
#13305 = VECTOR('',#13306,1.);
#13306 = DIRECTION('',(-0.707106781187,-4.329780281177E-17,
    0.707106781187));
#13307 = PCURVE('',#7042,#13308);
#13308 = DEFINITIONAL_REPRESENTATION('',(#13309),#13312);
#13309 = B_SPLINE_CURVE_WITH_KNOTS('',1,(#13310,#13311),.UNSPECIFIED.,
  .F.,.F.,(2,2),(0.,1.131370849898),.PIECEWISE_BEZIER_KNOTS.);
#13310 = CARTESIAN_POINT('',(1.570796326795,0.));
#13311 = CARTESIAN_POINT('',(1.570796326795,-0.8));
#13312 = ( GEOMETRIC_REPRESENTATION_CONTEXT(2) 
PARAMETRIC_REPRESENTATION_CONTEXT() REPRESENTATION_CONTEXT('2D SPACE',''
  ) );
#13313 = PCURVE('',#7009,#13314);
#13314 = DEFINITIONAL_REPRESENTATION('',(#13315),#13318);
#13315 = B_SPLINE_CURVE_WITH_KNOTS('',1,(#13316,#13317),.UNSPECIFIED.,
  .F.,.F.,(2,2),(0.,1.131370849898),.PIECEWISE_BEZIER_KNOTS.);
#13316 = CARTESIAN_POINT('',(0.,-0.565685424949));
#13317 = CARTESIAN_POINT('',(0.,0.565685424949));
#13318 = ( GEOMETRIC_REPRESENTATION_CONTEXT(2) 
PARAMETRIC_REPRESENTATION_CONTEXT() REPRESENTATION_CONTEXT('2D SPACE',''
  ) );
#13319 = ORIENTED_EDGE('',*,*,#7021,.F.);
#13320 = ADVANCED_FACE('',(#13321),#7009,.F.);
#13321 = FACE_BOUND('',#13322,.F.);
#13322 = EDGE_LOOP('',(#13323,#13324,#13345,#13346));
#13323 = ORIENTED_EDGE('',*,*,#13301,.F.);
#13324 = ORIENTED_EDGE('',*,*,#13325,.T.);
#13325 = EDGE_CURVE('',#9253,#8957,#13326,.T.);
#13326 = SURFACE_CURVE('',#13327,(#13331,#13338),.PCURVE_S1.);
#13327 = LINE('',#13328,#13329);
#13328 = CARTESIAN_POINT('',(56.,32.,29.2));
#13329 = VECTOR('',#13330,1.);
#13330 = DIRECTION('',(-0.,-1.,-0.));
#13331 = PCURVE('',#7009,#13332);
#13332 = DEFINITIONAL_REPRESENTATION('',(#13333),#13337);
#13333 = LINE('',#13334,#13335);
#13334 = CARTESIAN_POINT('',(0.,-0.565685424949));
#13335 = VECTOR('',#13336,1.);
#13336 = DIRECTION('',(1.,0.));
#13337 = ( GEOMETRIC_REPRESENTATION_CONTEXT(2) 
PARAMETRIC_REPRESENTATION_CONTEXT() REPRESENTATION_CONTEXT('2D SPACE',''
  ) );
#13338 = PCURVE('',#8996,#13339);
#13339 = DEFINITIONAL_REPRESENTATION('',(#13340),#13344);
#13340 = LINE('',#13341,#13342);
#13341 = CARTESIAN_POINT('',(64.,-29.2));
#13342 = VECTOR('',#13343,1.);
#13343 = DIRECTION('',(-1.,0.));
#13344 = ( GEOMETRIC_REPRESENTATION_CONTEXT(2) 
PARAMETRIC_REPRESENTATION_CONTEXT() REPRESENTATION_CONTEXT('2D SPACE',''
  ) );
#13345 = ORIENTED_EDGE('',*,*,#13274,.T.);
#13346 = ORIENTED_EDGE('',*,*,#6993,.F.);
#13347 = ADVANCED_FACE('',(#13348),#7359,.F.);
#13348 = FACE_BOUND('',#13349,.T.);
#13349 = EDGE_LOOP('',(#13350,#13378,#13399,#13400));
#13350 = ORIENTED_EDGE('',*,*,#13351,.T.);
#13351 = EDGE_CURVE('',#13352,#13352,#13354,.T.);
#13352 = VERTEX_POINT('',#13353);
#13353 = CARTESIAN_POINT('',(48.7,-47.,25.));
#13354 = SURFACE_CURVE('',#13355,(#13360,#13367),.PCURVE_S1.);
#13355 = CIRCLE('',#13356,1.7);
#13356 = AXIS2_PLACEMENT_3D('',#13357,#13358,#13359);
#13357 = CARTESIAN_POINT('',(47.,-47.,25.));
#13358 = DIRECTION('',(0.,0.,-1.));
#13359 = DIRECTION('',(1.,0.,0.));
#13360 = PCURVE('',#7359,#13361);
#13361 = DEFINITIONAL_REPRESENTATION('',(#13362),#13366);
#13362 = LINE('',#13363,#13364);
#13363 = CARTESIAN_POINT('',(-6.28318530718,-26.));
#13364 = VECTOR('',#13365,1.);
#13365 = DIRECTION('',(1.,-0.));
#13366 = ( GEOMETRIC_REPRESENTATION_CONTEXT(2) 
PARAMETRIC_REPRESENTATION_CONTEXT() REPRESENTATION_CONTEXT('2D SPACE',''
  ) );
#13367 = PCURVE('',#9090,#13368);
#13368 = DEFINITIONAL_REPRESENTATION('',(#13369),#13377);
#13369 = ( BOUNDED_CURVE() B_SPLINE_CURVE(2,(#13370,#13371,#13372,#13373
    ,#13374,#13375,#13376),.UNSPECIFIED.,.T.,.F.) 
B_SPLINE_CURVE_WITH_KNOTS((1,2,2,2,2,1),(-2.094395102393,0.,
    2.094395102393,4.188790204786,6.28318530718,8.377580409573),
.UNSPECIFIED.) CURVE() GEOMETRIC_REPRESENTATION_ITEM() 
RATIONAL_B_SPLINE_CURVE((1.,0.5,1.,0.5,1.,0.5,1.)) REPRESENTATION_ITEM(
  '') );
#13370 = CARTESIAN_POINT('',(1.7,-7.105427357601E-15));
#13371 = CARTESIAN_POINT('',(1.7,-2.944486372867));
#13372 = CARTESIAN_POINT('',(-0.85,-1.472243186434));
#13373 = CARTESIAN_POINT('',(-3.4,-7.521807269311E-15));
#13374 = CARTESIAN_POINT('',(-0.85,1.472243186434));
#13375 = CARTESIAN_POINT('',(1.7,2.944486372867));
#13376 = CARTESIAN_POINT('',(1.7,-7.105427357601E-15));
#13377 = ( GEOMETRIC_REPRESENTATION_CONTEXT(2) 
PARAMETRIC_REPRESENTATION_CONTEXT() REPRESENTATION_CONTEXT('2D SPACE',''
  ) );
#13378 = ORIENTED_EDGE('',*,*,#13379,.T.);
#13379 = EDGE_CURVE('',#13352,#7339,#13380,.T.);
#13380 = SEAM_CURVE('',#13381,(#13385,#13392),.PCURVE_S1.);
#13381 = LINE('',#13382,#13383);
#13382 = CARTESIAN_POINT('',(48.7,-47.,-1.));
#13383 = VECTOR('',#13384,1.);
#13384 = DIRECTION('',(0.,0.,1.));
#13385 = PCURVE('',#7359,#13386);
#13386 = DEFINITIONAL_REPRESENTATION('',(#13387),#13391);
#13387 = LINE('',#13388,#13389);
#13388 = CARTESIAN_POINT('',(-6.28318530718,0.));
#13389 = VECTOR('',#13390,1.);
#13390 = DIRECTION('',(-0.,-1.));
#13391 = ( GEOMETRIC_REPRESENTATION_CONTEXT(2) 
PARAMETRIC_REPRESENTATION_CONTEXT() REPRESENTATION_CONTEXT('2D SPACE',''
  ) );
#13392 = PCURVE('',#7359,#13393);
#13393 = DEFINITIONAL_REPRESENTATION('',(#13394),#13398);
#13394 = LINE('',#13395,#13396);
#13395 = CARTESIAN_POINT('',(-0.,0.));
#13396 = VECTOR('',#13397,1.);
#13397 = DIRECTION('',(-0.,-1.));
#13398 = ( GEOMETRIC_REPRESENTATION_CONTEXT(2) 
PARAMETRIC_REPRESENTATION_CONTEXT() REPRESENTATION_CONTEXT('2D SPACE',''
  ) );
#13399 = ORIENTED_EDGE('',*,*,#7338,.F.);
#13400 = ORIENTED_EDGE('',*,*,#13379,.F.);
#13401 = ADVANCED_FACE('',(#13402),#7394,.F.);
#13402 = FACE_BOUND('',#13403,.T.);
#13403 = EDGE_LOOP('',(#13404,#13405,#13426,#13427));
#13404 = ORIENTED_EDGE('',*,*,#8463,.T.);
#13405 = ORIENTED_EDGE('',*,*,#13406,.T.);
#13406 = EDGE_CURVE('',#8464,#7374,#13407,.T.);
#13407 = SEAM_CURVE('',#13408,(#13412,#13419),.PCURVE_S1.);
#13408 = LINE('',#13409,#13410);
#13409 = CARTESIAN_POINT('',(-45.3,47.,-1.));
#13410 = VECTOR('',#13411,1.);
#13411 = DIRECTION('',(0.,0.,1.));
#13412 = PCURVE('',#7394,#13413);
#13413 = DEFINITIONAL_REPRESENTATION('',(#13414),#13418);
#13414 = LINE('',#13415,#13416);
#13415 = CARTESIAN_POINT('',(-6.28318530718,0.));
#13416 = VECTOR('',#13417,1.);
#13417 = DIRECTION('',(-0.,-1.));
#13418 = ( GEOMETRIC_REPRESENTATION_CONTEXT(2) 
PARAMETRIC_REPRESENTATION_CONTEXT() REPRESENTATION_CONTEXT('2D SPACE',''
  ) );
#13419 = PCURVE('',#7394,#13420);
#13420 = DEFINITIONAL_REPRESENTATION('',(#13421),#13425);
#13421 = LINE('',#13422,#13423);
#13422 = CARTESIAN_POINT('',(-0.,0.));
#13423 = VECTOR('',#13424,1.);
#13424 = DIRECTION('',(-0.,-1.));
#13425 = ( GEOMETRIC_REPRESENTATION_CONTEXT(2) 
PARAMETRIC_REPRESENTATION_CONTEXT() REPRESENTATION_CONTEXT('2D SPACE',''
  ) );
#13426 = ORIENTED_EDGE('',*,*,#7373,.F.);
#13427 = ORIENTED_EDGE('',*,*,#13406,.F.);
#13428 = ADVANCED_FACE('',(#13429),#7431,.F.);
#13429 = FACE_BOUND('',#13430,.T.);
#13430 = EDGE_LOOP('',(#13431,#13457,#13476,#13477,#13500,#13524,#13580,
    #13601,#13657,#13685));
#13431 = ORIENTED_EDGE('',*,*,#13432,.F.);
#13432 = EDGE_CURVE('',#13433,#13435,#13437,.T.);
#13433 = VERTEX_POINT('',#13434);
#13434 = CARTESIAN_POINT('',(43.61952864819,49.49247135181,2.4));
#13435 = VERTEX_POINT('',#13436);
#13436 = CARTESIAN_POINT('',(32.,53.,2.4));
#13437 = SURFACE_CURVE('',#13438,(#13443,#13450),.PCURVE_S1.);
#13438 = CIRCLE('',#13439,21.);
#13439 = AXIS2_PLACEMENT_3D('',#13440,#13441,#13442);
#13440 = CARTESIAN_POINT('',(32.,32.,2.4));
#13441 = DIRECTION('',(0.,0.,1.));
#13442 = DIRECTION('',(1.,0.,0.));
#13443 = PCURVE('',#7431,#13444);
#13444 = DEFINITIONAL_REPRESENTATION('',(#13445),#13449);
#13445 = LINE('',#13446,#13447);
#13446 = CARTESIAN_POINT('',(-0.,0.));
#13447 = VECTOR('',#13448,1.);
#13448 = DIRECTION('',(-1.,0.));
#13449 = ( GEOMETRIC_REPRESENTATION_CONTEXT(2) 
PARAMETRIC_REPRESENTATION_CONTEXT() REPRESENTATION_CONTEXT('2D SPACE',''
  ) );
#13450 = PCURVE('',#8518,#13451);
#13451 = DEFINITIONAL_REPRESENTATION('',(#13452),#13456);
#13452 = CIRCLE('',#13453,21.);
#13453 = AXIS2_PLACEMENT_2D('',#13454,#13455);
#13454 = CARTESIAN_POINT('',(32.,32.));
#13455 = DIRECTION('',(1.,0.));
#13456 = ( GEOMETRIC_REPRESENTATION_CONTEXT(2) 
PARAMETRIC_REPRESENTATION_CONTEXT() REPRESENTATION_CONTEXT('2D SPACE',''
  ) );
#13457 = ORIENTED_EDGE('',*,*,#13458,.F.);
#13458 = EDGE_CURVE('',#7411,#13433,#13459,.T.);
#13459 = SURFACE_CURVE('',#13460,(#13464,#13470),.PCURVE_S1.);
#13460 = LINE('',#13461,#13462);
#13461 = CARTESIAN_POINT('',(43.61952864819,49.49247135181,2.4));
#13462 = VECTOR('',#13463,1.);
#13463 = DIRECTION('',(-0.,-0.,-1.));
#13464 = PCURVE('',#7431,#13465);
#13465 = DEFINITIONAL_REPRESENTATION('',(#13466),#13469);
#13466 = B_SPLINE_CURVE_WITH_KNOTS('',1,(#13467,#13468),.UNSPECIFIED.,
  .F.,.F.,(2,2),(-27.6000006,5.999999999062E-07),
  .PIECEWISE_BEZIER_KNOTS.);
#13467 = CARTESIAN_POINT('',(-0.98446253638,-27.6000006));
#13468 = CARTESIAN_POINT('',(-0.98446253638,5.999999999062E-07));
#13469 = ( GEOMETRIC_REPRESENTATION_CONTEXT(2) 
PARAMETRIC_REPRESENTATION_CONTEXT() REPRESENTATION_CONTEXT('2D SPACE',''
  ) );
#13470 = PCURVE('',#7460,#13471);
#13471 = DEFINITIONAL_REPRESENTATION('',(#13472),#13475);
#13472 = B_SPLINE_CURVE_WITH_KNOTS('',1,(#13473,#13474),.UNSPECIFIED.,
  .F.,.F.,(2,2),(-27.6000006,5.999999999062E-07),
  .PIECEWISE_BEZIER_KNOTS.);
#13473 = CARTESIAN_POINT('',(-2.506259666489,-30.0000006));
#13474 = CARTESIAN_POINT('',(-2.506259666489,-2.3999994));
#13475 = ( GEOMETRIC_REPRESENTATION_CONTEXT(2) 
PARAMETRIC_REPRESENTATION_CONTEXT() REPRESENTATION_CONTEXT('2D SPACE',''
  ) );
#13476 = ORIENTED_EDGE('',*,*,#7408,.F.);
#13477 = ORIENTED_EDGE('',*,*,#13478,.F.);
#13478 = EDGE_CURVE('',#13479,#7409,#13481,.T.);
#13479 = VERTEX_POINT('',#13480);
#13480 = CARTESIAN_POINT('',(32.,53.,24.75));
#13481 = SURFACE_CURVE('',#13482,(#13486,#13493),.PCURVE_S1.);
#13482 = LINE('',#13483,#13484);
#13483 = CARTESIAN_POINT('',(32.,53.,2.4));
#13484 = VECTOR('',#13485,1.);
#13485 = DIRECTION('',(0.,0.,1.));
#13486 = PCURVE('',#7431,#13487);
#13487 = DEFINITIONAL_REPRESENTATION('',(#13488),#13492);
#13488 = LINE('',#13489,#13490);
#13489 = CARTESIAN_POINT('',(-1.570796326795,0.));
#13490 = VECTOR('',#13491,1.);
#13491 = DIRECTION('',(-0.,-1.));
#13492 = ( GEOMETRIC_REPRESENTATION_CONTEXT(2) 
PARAMETRIC_REPRESENTATION_CONTEXT() REPRESENTATION_CONTEXT('2D SPACE',''
  ) );
#13493 = PCURVE('',#7888,#13494);
#13494 = DEFINITIONAL_REPRESENTATION('',(#13495),#13499);
#13495 = LINE('',#13496,#13497);
#13496 = CARTESIAN_POINT('',(64.,0.));
#13497 = VECTOR('',#13498,1.);
#13498 = DIRECTION('',(0.,-1.));
#13499 = ( GEOMETRIC_REPRESENTATION_CONTEXT(2) 
PARAMETRIC_REPRESENTATION_CONTEXT() REPRESENTATION_CONTEXT('2D SPACE',''
  ) );
#13500 = ORIENTED_EDGE('',*,*,#13501,.T.);
#13501 = EDGE_CURVE('',#13479,#13502,#13504,.T.);
#13502 = VERTEX_POINT('',#13503);
#13503 = CARTESIAN_POINT('',(35.,52.784609690827,24.75));
#13504 = SURFACE_CURVE('',#13505,(#13510,#13517),.PCURVE_S1.);
#13505 = CIRCLE('',#13506,21.);
#13506 = AXIS2_PLACEMENT_3D('',#13507,#13508,#13509);
#13507 = CARTESIAN_POINT('',(32.,32.,24.75));
#13508 = DIRECTION('',(0.,0.,-1.));
#13509 = DIRECTION('',(1.,0.,0.));
#13510 = PCURVE('',#7431,#13511);
#13511 = DEFINITIONAL_REPRESENTATION('',(#13512),#13516);
#13512 = LINE('',#13513,#13514);
#13513 = CARTESIAN_POINT('',(-6.28318530718,-22.35));
#13514 = VECTOR('',#13515,1.);
#13515 = DIRECTION('',(1.,-0.));
#13516 = ( GEOMETRIC_REPRESENTATION_CONTEXT(2) 
PARAMETRIC_REPRESENTATION_CONTEXT() REPRESENTATION_CONTEXT('2D SPACE',''
  ) );
#13517 = PCURVE('',#8218,#13518);
#13518 = DEFINITIONAL_REPRESENTATION('',(#13519),#13523);
#13519 = CIRCLE('',#13520,21.);
#13520 = AXIS2_PLACEMENT_2D('',#13521,#13522);
#13521 = CARTESIAN_POINT('',(5.5,-25.));
#13522 = DIRECTION('',(-1.,0.));
#13523 = ( GEOMETRIC_REPRESENTATION_CONTEXT(2) 
PARAMETRIC_REPRESENTATION_CONTEXT() REPRESENTATION_CONTEXT('2D SPACE',''
  ) );
#13524 = ORIENTED_EDGE('',*,*,#13525,.F.);
#13525 = EDGE_CURVE('',#13526,#13502,#13528,.T.);
#13526 = VERTEX_POINT('',#13527);
#13527 = CARTESIAN_POINT('',(37.5,52.266968199511,22.25));
#13528 = SURFACE_CURVE('',#13529,(#13544,#13562),.PCURVE_S1.);
#13529 = B_SPLINE_CURVE_WITH_KNOTS('',7,(#13530,#13531,#13532,#13533,
    #13534,#13535,#13536,#13537,#13538,#13539,#13540,#13541,#13542,
    #13543),.UNSPECIFIED.,.F.,.F.,(8,6,8),(0.,0.527256552628,1.),
  .UNSPECIFIED.);
#13530 = CARTESIAN_POINT('',(37.5,52.266968199511,22.25));
#13531 = CARTESIAN_POINT('',(37.5,52.266968199511,22.5098752509));
#13532 = CARTESIAN_POINT('',(37.468484336381,52.275520798623,
    22.76955271882));
#13533 = CARTESIAN_POINT('',(37.405534033593,52.292604329554,
    23.026512141041));
#13534 = CARTESIAN_POINT('',(37.310584949646,52.318039279253,
    23.278033069519));
#13535 = CARTESIAN_POINT('',(37.182611280662,52.351448395173,
    23.52084178122));
#13536 = CARTESIAN_POINT('',(37.020301906626,52.392103992409,
    23.750646607448));
#13537 = CARTESIAN_POINT('',(36.645000097504,52.480654405278,
    24.150302441641));
#13538 = CARTESIAN_POINT('',(36.435271464047,52.528241837844,
    24.327847644843));
#13539 = CARTESIAN_POINT('',(36.193891232573,52.58017359316,
    24.484511851567));
#13540 = CARTESIAN_POINT('',(35.923894563549,52.634233266352,
    24.611795096214));
#13541 = CARTESIAN_POINT('',(35.630264228225,52.687785605191,
    24.702330992031));
#13542 = CARTESIAN_POINT('',(35.319607628676,52.738478303214,24.75));
#13543 = CARTESIAN_POINT('',(35.,52.784609690827,24.75));
#13544 = PCURVE('',#7431,#13545);
#13545 = DEFINITIONAL_REPRESENTATION('',(#13546),#13561);
#13546 = B_SPLINE_CURVE_WITH_KNOTS('',7,(#13547,#13548,#13549,#13550,
    #13551,#13552,#13553,#13554,#13555,#13556,#13557,#13558,#13559,
    #13560),.UNSPECIFIED.,.F.,.F.,(8,6,8),(0.,0.527256552628,1.),
  .UNSPECIFIED.);
#13547 = CARTESIAN_POINT('',(-1.305800996028,-19.85));
#13548 = CARTESIAN_POINT('',(-1.305800996028,-20.1098752509));
#13549 = CARTESIAN_POINT('',(-1.307356021414,-20.36955271882));
#13550 = CARTESIAN_POINT('',(-1.310462079415,-20.62651214104));
#13551 = CARTESIAN_POINT('',(-1.315142852082,-20.87803306952));
#13552 = CARTESIAN_POINT('',(-1.321440797568,-21.12084178122));
#13553 = CARTESIAN_POINT('',(-1.329407840844,-21.35064660744));
#13554 = CARTESIAN_POINT('',(-1.347770070609,-21.75030244164));
#13555 = CARTESIAN_POINT('',(-1.358010625451,-21.92784764484));
#13556 = CARTESIAN_POINT('',(-1.369766723373,-22.08451185156));
#13557 = CARTESIAN_POINT('',(-1.382876138142,-22.21179509621));
#13558 = CARTESIAN_POINT('',(-1.397085332459,-22.30233099203));
#13559 = CARTESIAN_POINT('',(-1.412071628685,-22.35));
#13560 = CARTESIAN_POINT('',(-1.42744875789,-22.35));
#13561 = ( GEOMETRIC_REPRESENTATION_CONTEXT(2) 
PARAMETRIC_REPRESENTATION_CONTEXT() REPRESENTATION_CONTEXT('2D SPACE',''
  ) );
#13562 = PCURVE('',#9425,#13563);
#13563 = DEFINITIONAL_REPRESENTATION('',(#13564),#13579);
#13564 = B_SPLINE_CURVE_WITH_KNOTS('',7,(#13565,#13566,#13567,#13568,
    #13569,#13570,#13571,#13572,#13573,#13574,#13575,#13576,#13577,
    #13578),.UNSPECIFIED.,.F.,.F.,(8,6,8),(0.,0.527256552628,1.),
  .UNSPECIFIED.);
#13565 = CARTESIAN_POINT('',(0.,4.733031800489));
#13566 = CARTESIAN_POINT('',(0.10395010036,4.733031800489));
#13567 = CARTESIAN_POINT('',(0.207820865837,4.724479201377));
#13568 = CARTESIAN_POINT('',(0.312440286363,4.707395670446));
#13569 = CARTESIAN_POINT('',(0.418538038276,4.681960720747));
#13570 = CARTESIAN_POINT('',(0.526903502847,4.648551604827));
#13571 = CARTESIAN_POINT('',(0.638355226619,4.607896007591));
#13572 = CARTESIAN_POINT('',(0.857654559489,4.519345594722));
#13573 = CARTESIAN_POINT('',(0.966852124955,4.471758162156));
#13574 = CARTESIAN_POINT('',(1.080447919674,4.41982640684));
#13575 = CARTESIAN_POINT('',(1.197825863433,4.365766733647));
#13576 = CARTESIAN_POINT('',(1.318690641593,4.312214394809));
#13577 = CARTESIAN_POINT('',(1.442953275325,4.261521696786));
#13578 = CARTESIAN_POINT('',(1.570796326795,4.215390309173));
#13579 = ( GEOMETRIC_REPRESENTATION_CONTEXT(2) 
PARAMETRIC_REPRESENTATION_CONTEXT() REPRESENTATION_CONTEXT('2D SPACE',''
  ) );
#13580 = ORIENTED_EDGE('',*,*,#13581,.T.);
#13581 = EDGE_CURVE('',#13526,#13582,#13584,.T.);
#13582 = VERTEX_POINT('',#13583);
#13583 = CARTESIAN_POINT('',(37.5,52.266968199511,9.25));
#13584 = SURFACE_CURVE('',#13585,(#13589,#13595),.PCURVE_S1.);
#13585 = LINE('',#13586,#13587);
#13586 = CARTESIAN_POINT('',(37.5,52.266968199511,2.4));
#13587 = VECTOR('',#13588,1.);
#13588 = DIRECTION('',(-0.,-0.,-1.));
#13589 = PCURVE('',#7431,#13590);
#13590 = DEFINITIONAL_REPRESENTATION('',(#13591),#13594);
#13591 = B_SPLINE_CURVE_WITH_KNOTS('',1,(#13592,#13593),.UNSPECIFIED.,
  .F.,.F.,(2,2),(-21.15,-5.55),.PIECEWISE_BEZIER_KNOTS.);
#13592 = CARTESIAN_POINT('',(-1.305800996028,-21.15));
#13593 = CARTESIAN_POINT('',(-1.305800996028,-5.55));
#13594 = ( GEOMETRIC_REPRESENTATION_CONTEXT(2) 
PARAMETRIC_REPRESENTATION_CONTEXT() REPRESENTATION_CONTEXT('2D SPACE',''
  ) );
#13595 = PCURVE('',#9463,#13596);
#13596 = DEFINITIONAL_REPRESENTATION('',(#13597),#13600);
#13597 = B_SPLINE_CURVE_WITH_KNOTS('',1,(#13598,#13599),.UNSPECIFIED.,
  .F.,.F.,(2,2),(-21.15,-5.55),.PIECEWISE_BEZIER_KNOTS.);
#13598 = CARTESIAN_POINT('',(16.8,-4.733031800489));
#13599 = CARTESIAN_POINT('',(1.2,-4.733031800489));
#13600 = ( GEOMETRIC_REPRESENTATION_CONTEXT(2) 
PARAMETRIC_REPRESENTATION_CONTEXT() REPRESENTATION_CONTEXT('2D SPACE',''
  ) );
#13601 = ORIENTED_EDGE('',*,*,#13602,.F.);
#13602 = EDGE_CURVE('',#13603,#13582,#13605,.T.);
#13603 = VERTEX_POINT('',#13604);
#13604 = CARTESIAN_POINT('',(35.,52.784609690827,6.75));
#13605 = SURFACE_CURVE('',#13606,(#13621,#13639),.PCURVE_S1.);
#13606 = B_SPLINE_CURVE_WITH_KNOTS('',7,(#13607,#13608,#13609,#13610,
    #13611,#13612,#13613,#13614,#13615,#13616,#13617,#13618,#13619,
    #13620),.UNSPECIFIED.,.F.,.F.,(8,6,8),(0.,0.452688310173,1.),
  .UNSPECIFIED.);
#13607 = CARTESIAN_POINT('',(35.,52.784609690827,6.75));
#13608 = CARTESIAN_POINT('',(35.305613469263,52.74049818614,6.75));
#13609 = CARTESIAN_POINT('',(35.603466874274,52.692154824257,
    6.793586074073));
#13610 = CARTESIAN_POINT('',(35.886282544187,52.641072056611,
    6.876776930919));
#13611 = CARTESIAN_POINT('',(36.14795293691,52.589318595803,
    6.994289123118));
#13612 = CARTESIAN_POINT('',(36.383757480709,52.539246756039,
    7.139618249594));
#13613 = CARTESIAN_POINT('',(36.590674433213,52.492895706173,
    7.305140527281));
#13614 = CARTESIAN_POINT('',(36.9818763171,52.401697051894,
    7.696342411167));
#13615 = CARTESIAN_POINT('',(37.157386661275,52.358024002295,
    7.932360462198));
#13616 = CARTESIAN_POINT('',(37.295624626756,52.322044585526,
    8.18313700882));
#13617 = CARTESIAN_POINT('',(37.398095716889,52.294623025022,
    8.443715940259));
#13618 = CARTESIAN_POINT('',(37.465998442317,52.276195390113,
    8.710375622635));
#13619 = CARTESIAN_POINT('',(37.5,52.266968199511,8.980069265316));
#13620 = CARTESIAN_POINT('',(37.5,52.266968199511,9.25));
#13621 = PCURVE('',#7431,#13622);
#13622 = DEFINITIONAL_REPRESENTATION('',(#13623),#13638);
#13623 = B_SPLINE_CURVE_WITH_KNOTS('',7,(#13624,#13625,#13626,#13627,
    #13628,#13629,#13630,#13631,#13632,#13633,#13634,#13635,#13636,
    #13637),.UNSPECIFIED.,.F.,.F.,(8,6,8),(0.,0.452688310173,1.),
  .UNSPECIFIED.);
#13624 = CARTESIAN_POINT('',(-1.42744875789,-4.35));
#13625 = CARTESIAN_POINT('',(-1.412744922994,-4.35));
#13626 = CARTESIAN_POINT('',(-1.398378032232,-4.393586074073));
#13627 = CARTESIAN_POINT('',(-1.384696080991,-4.476776930919));
#13628 = CARTESIAN_POINT('',(-1.371996745403,-4.594289123118));
#13629 = CARTESIAN_POINT('',(-1.360518762359,-4.739618249594));
#13630 = CARTESIAN_POINT('',(-1.350421768471,-4.905140527281));
#13631 = CARTESIAN_POINT('',(-1.331293598999,-5.296342411167));
#13632 = CARTESIAN_POINT('',(-1.322682052143,-5.532360462198));
#13633 = CARTESIAN_POINT('',(-1.315880334123,-5.78313700882));
#13634 = CARTESIAN_POINT('',(-1.310829097229,-6.043715940259));
#13635 = CARTESIAN_POINT('',(-1.307478678609,-6.310375622635));
#13636 = CARTESIAN_POINT('',(-1.305800996028,-6.580069265316));
#13637 = CARTESIAN_POINT('',(-1.305800996028,-6.85));
#13638 = ( GEOMETRIC_REPRESENTATION_CONTEXT(2) 
PARAMETRIC_REPRESENTATION_CONTEXT() REPRESENTATION_CONTEXT('2D SPACE',''
  ) );
#13639 = PCURVE('',#9512,#13640);
#13640 = DEFINITIONAL_REPRESENTATION('',(#13641),#13656);
#13641 = B_SPLINE_CURVE_WITH_KNOTS('',7,(#13642,#13643,#13644,#13645,
    #13646,#13647,#13648,#13649,#13650,#13651,#13652,#13653,#13654,
    #13655),.UNSPECIFIED.,.F.,.F.,(8,6,8),(0.,0.452688310173,1.),
  .UNSPECIFIED.);
#13642 = CARTESIAN_POINT('',(0.,4.215390309173));
#13643 = CARTESIAN_POINT('',(0.122245387705,4.25950181386));
#13644 = CARTESIAN_POINT('',(0.241386711431,4.307845175743));
#13645 = CARTESIAN_POINT('',(0.357496898455,4.358927943389));
#13646 = CARTESIAN_POINT('',(0.470434922579,4.410681404197));
#13647 = CARTESIAN_POINT('',(0.579877781983,4.460753243961));
#13648 = CARTESIAN_POINT('',(0.685219506106,4.507104293827));
#13649 = CARTESIAN_POINT('',(0.906516710033,4.598302948106));
#13650 = CARTESIAN_POINT('',(1.022914738895,4.641975997705));
#13651 = CARTESIAN_POINT('',(1.135845207739,4.677955414474));
#13652 = CARTESIAN_POINT('',(1.246225643095,4.705376974978));
#13653 = CARTESIAN_POINT('',(1.354946887184,4.723804609887));
#13654 = CARTESIAN_POINT('',(1.462824032921,4.733031800489));
#13655 = CARTESIAN_POINT('',(1.570796326795,4.733031800489));
#13656 = ( GEOMETRIC_REPRESENTATION_CONTEXT(2) 
PARAMETRIC_REPRESENTATION_CONTEXT() REPRESENTATION_CONTEXT('2D SPACE',''
  ) );
#13657 = ORIENTED_EDGE('',*,*,#13658,.F.);
#13658 = EDGE_CURVE('',#13659,#13603,#13661,.T.);
#13659 = VERTEX_POINT('',#13660);
#13660 = CARTESIAN_POINT('',(32.,53.,6.75));
#13661 = SURFACE_CURVE('',#13662,(#13667,#13674),.PCURVE_S1.);
#13662 = CIRCLE('',#13663,21.);
#13663 = AXIS2_PLACEMENT_3D('',#13664,#13665,#13666);
#13664 = CARTESIAN_POINT('',(32.,32.,6.75));
#13665 = DIRECTION('',(0.,0.,-1.));
#13666 = DIRECTION('',(1.,0.,0.));
#13667 = PCURVE('',#7431,#13668);
#13668 = DEFINITIONAL_REPRESENTATION('',(#13669),#13673);
#13669 = LINE('',#13670,#13671);
#13670 = CARTESIAN_POINT('',(-6.28318530718,-4.35));
#13671 = VECTOR('',#13672,1.);
#13672 = DIRECTION('',(1.,-0.));
#13673 = ( GEOMETRIC_REPRESENTATION_CONTEXT(2) 
PARAMETRIC_REPRESENTATION_CONTEXT() REPRESENTATION_CONTEXT('2D SPACE',''
  ) );
#13674 = PCURVE('',#8336,#13675);
#13675 = DEFINITIONAL_REPRESENTATION('',(#13676),#13684);
#13676 = ( BOUNDED_CURVE() B_SPLINE_CURVE(2,(#13677,#13678,#13679,#13680
    ,#13681,#13682,#13683),.UNSPECIFIED.,.T.,.F.) 
B_SPLINE_CURVE_WITH_KNOTS((1,2,2,2,2,1),(-2.094395102393,0.,
    2.094395102393,4.188790204786,6.28318530718,8.377580409573),
.UNSPECIFIED.) CURVE() GEOMETRIC_REPRESENTATION_ITEM() 
RATIONAL_B_SPLINE_CURVE((1.,0.5,1.,0.5,1.,0.5,1.)) REPRESENTATION_ITEM(
  '') );
#13677 = CARTESIAN_POINT('',(69.5,-25.));
#13678 = CARTESIAN_POINT('',(69.5,-61.37306695894));
#13679 = CARTESIAN_POINT('',(38.,-43.18653347947));
#13680 = CARTESIAN_POINT('',(6.5,-25.));
#13681 = CARTESIAN_POINT('',(38.,-6.813466520527));
#13682 = CARTESIAN_POINT('',(69.5,11.373066958946));
#13683 = CARTESIAN_POINT('',(69.5,-25.));
#13684 = ( GEOMETRIC_REPRESENTATION_CONTEXT(2) 
PARAMETRIC_REPRESENTATION_CONTEXT() REPRESENTATION_CONTEXT('2D SPACE',''
  ) );
#13685 = ORIENTED_EDGE('',*,*,#13686,.F.);
#13686 = EDGE_CURVE('',#13435,#13659,#13687,.T.);
#13687 = SURFACE_CURVE('',#13688,(#13692,#13699),.PCURVE_S1.);
#13688 = LINE('',#13689,#13690);
#13689 = CARTESIAN_POINT('',(32.,53.,2.4));
#13690 = VECTOR('',#13691,1.);
#13691 = DIRECTION('',(0.,0.,1.));
#13692 = PCURVE('',#7431,#13693);
#13693 = DEFINITIONAL_REPRESENTATION('',(#13694),#13698);
#13694 = LINE('',#13695,#13696);
#13695 = CARTESIAN_POINT('',(-1.570796326795,0.));
#13696 = VECTOR('',#13697,1.);
#13697 = DIRECTION('',(-0.,-1.));
#13698 = ( GEOMETRIC_REPRESENTATION_CONTEXT(2) 
PARAMETRIC_REPRESENTATION_CONTEXT() REPRESENTATION_CONTEXT('2D SPACE',''
  ) );
#13699 = PCURVE('',#7888,#13700);
#13700 = DEFINITIONAL_REPRESENTATION('',(#13701),#13705);
#13701 = LINE('',#13702,#13703);
#13702 = CARTESIAN_POINT('',(64.,0.));
#13703 = VECTOR('',#13704,1.);
#13704 = DIRECTION('',(0.,-1.));
#13705 = ( GEOMETRIC_REPRESENTATION_CONTEXT(2) 
PARAMETRIC_REPRESENTATION_CONTEXT() REPRESENTATION_CONTEXT('2D SPACE',''
  ) );
#13706 = ADVANCED_FACE('',(#13707),#7888,.F.);
#13707 = FACE_BOUND('',#13708,.F.);
#13708 = EDGE_LOOP('',(#13709,#13732,#13753,#13754,#13755,#13776,#13804,
    #13825,#13853,#13872));
#13709 = ORIENTED_EDGE('',*,*,#13710,.F.);
#13710 = EDGE_CURVE('',#13711,#13435,#13713,.T.);
#13711 = VERTEX_POINT('',#13712);
#13712 = CARTESIAN_POINT('',(-32.,53.,2.4));
#13713 = SURFACE_CURVE('',#13714,(#13718,#13725),.PCURVE_S1.);
#13714 = LINE('',#13715,#13716);
#13715 = CARTESIAN_POINT('',(0.,53.,2.4));
#13716 = VECTOR('',#13717,1.);
#13717 = DIRECTION('',(1.,0.,0.));
#13718 = PCURVE('',#7888,#13719);
#13719 = DEFINITIONAL_REPRESENTATION('',(#13720),#13724);
#13720 = LINE('',#13721,#13722);
#13721 = CARTESIAN_POINT('',(32.,0.));
#13722 = VECTOR('',#13723,1.);
#13723 = DIRECTION('',(1.,0.));
#13724 = ( GEOMETRIC_REPRESENTATION_CONTEXT(2) 
PARAMETRIC_REPRESENTATION_CONTEXT() REPRESENTATION_CONTEXT('2D SPACE',''
  ) );
#13725 = PCURVE('',#8518,#13726);
#13726 = DEFINITIONAL_REPRESENTATION('',(#13727),#13731);
#13727 = LINE('',#13728,#13729);
#13728 = CARTESIAN_POINT('',(0.,53.));
#13729 = VECTOR('',#13730,1.);
#13730 = DIRECTION('',(1.,0.));
#13731 = ( GEOMETRIC_REPRESENTATION_CONTEXT(2) 
PARAMETRIC_REPRESENTATION_CONTEXT() REPRESENTATION_CONTEXT('2D SPACE',''
  ) );
#13732 = ORIENTED_EDGE('',*,*,#13733,.T.);
#13733 = EDGE_CURVE('',#13711,#7842,#13734,.T.);
#13734 = SURFACE_CURVE('',#13735,(#13739,#13746),.PCURVE_S1.);
#13735 = LINE('',#13736,#13737);
#13736 = CARTESIAN_POINT('',(-32.,53.,2.4));
#13737 = VECTOR('',#13738,1.);
#13738 = DIRECTION('',(0.,0.,1.));
#13739 = PCURVE('',#7888,#13740);
#13740 = DEFINITIONAL_REPRESENTATION('',(#13741),#13745);
#13741 = LINE('',#13742,#13743);
#13742 = CARTESIAN_POINT('',(0.,0.));
#13743 = VECTOR('',#13744,1.);
#13744 = DIRECTION('',(0.,-1.));
#13745 = ( GEOMETRIC_REPRESENTATION_CONTEXT(2) 
PARAMETRIC_REPRESENTATION_CONTEXT() REPRESENTATION_CONTEXT('2D SPACE',''
  ) );
#13746 = PCURVE('',#7862,#13747);
#13747 = DEFINITIONAL_REPRESENTATION('',(#13748),#13752);
#13748 = LINE('',#13749,#13750);
#13749 = CARTESIAN_POINT('',(-1.570796326795,0.));
#13750 = VECTOR('',#13751,1.);
#13751 = DIRECTION('',(-0.,-1.));
#13752 = ( GEOMETRIC_REPRESENTATION_CONTEXT(2) 
PARAMETRIC_REPRESENTATION_CONTEXT() REPRESENTATION_CONTEXT('2D SPACE',''
  ) );
#13753 = ORIENTED_EDGE('',*,*,#7874,.F.);
#13754 = ORIENTED_EDGE('',*,*,#13478,.F.);
#13755 = ORIENTED_EDGE('',*,*,#13756,.T.);
#13756 = EDGE_CURVE('',#13479,#13757,#13759,.T.);
#13757 = VERTEX_POINT('',#13758);
#13758 = CARTESIAN_POINT('',(-14.,53.,24.75));
#13759 = SURFACE_CURVE('',#13760,(#13764,#13770),.PCURVE_S1.);
#13760 = LINE('',#13761,#13762);
#13761 = CARTESIAN_POINT('',(2.75,53.,24.75));
#13762 = VECTOR('',#13763,1.);
#13763 = DIRECTION('',(-1.,0.,0.));
#13764 = PCURVE('',#7888,#13765);
#13765 = DEFINITIONAL_REPRESENTATION('',(#13766),#13769);
#13766 = B_SPLINE_CURVE_WITH_KNOTS('',1,(#13767,#13768),.UNSPECIFIED.,
  .F.,.F.,(2,2),(-29.25,16.75),.PIECEWISE_BEZIER_KNOTS.);
#13767 = CARTESIAN_POINT('',(64.,-22.35));
#13768 = CARTESIAN_POINT('',(18.,-22.35));
#13769 = ( GEOMETRIC_REPRESENTATION_CONTEXT(2) 
PARAMETRIC_REPRESENTATION_CONTEXT() REPRESENTATION_CONTEXT('2D SPACE',''
  ) );
#13770 = PCURVE('',#8218,#13771);
#13771 = DEFINITIONAL_REPRESENTATION('',(#13772),#13775);
#13772 = B_SPLINE_CURVE_WITH_KNOTS('',1,(#13773,#13774),.UNSPECIFIED.,
  .F.,.F.,(2,2),(-29.25,16.75),.PIECEWISE_BEZIER_KNOTS.);
#13773 = CARTESIAN_POINT('',(5.5,-4.));
#13774 = CARTESIAN_POINT('',(51.5,-4.));
#13775 = ( GEOMETRIC_REPRESENTATION_CONTEXT(2) 
PARAMETRIC_REPRESENTATION_CONTEXT() REPRESENTATION_CONTEXT('2D SPACE',''
  ) );
#13776 = ORIENTED_EDGE('',*,*,#13777,.T.);
#13777 = EDGE_CURVE('',#13757,#13778,#13780,.T.);
#13778 = VERTEX_POINT('',#13779);
#13779 = CARTESIAN_POINT('',(-16.5,53.,22.25));
#13780 = SURFACE_CURVE('',#13781,(#13786,#13797),.PCURVE_S1.);
#13781 = CIRCLE('',#13782,2.5);
#13782 = AXIS2_PLACEMENT_3D('',#13783,#13784,#13785);
#13783 = CARTESIAN_POINT('',(-14.,53.,22.25));
#13784 = DIRECTION('',(0.,-1.,0.));
#13785 = DIRECTION('',(-0.,0.,1.));
#13786 = PCURVE('',#7888,#13787);
#13787 = DEFINITIONAL_REPRESENTATION('',(#13788),#13796);
#13788 = ( BOUNDED_CURVE() B_SPLINE_CURVE(2,(#13789,#13790,#13791,#13792
    ,#13793,#13794,#13795),.UNSPECIFIED.,.T.,.F.) 
B_SPLINE_CURVE_WITH_KNOTS((1,2,2,2,2,1),(-2.094395102393,0.,
    2.094395102393,4.188790204786,6.28318530718,8.377580409573),
.UNSPECIFIED.) CURVE() GEOMETRIC_REPRESENTATION_ITEM() 
RATIONAL_B_SPLINE_CURVE((1.,0.5,1.,0.5,1.,0.5,1.)) REPRESENTATION_ITEM(
  '') );
#13789 = CARTESIAN_POINT('',(18.,-22.35));
#13790 = CARTESIAN_POINT('',(13.669872981078,-22.35));
#13791 = CARTESIAN_POINT('',(15.834936490539,-18.6));
#13792 = CARTESIAN_POINT('',(18.,-14.85));
#13793 = CARTESIAN_POINT('',(20.165063509461,-18.6));
#13794 = CARTESIAN_POINT('',(22.330127018922,-22.35));
#13795 = CARTESIAN_POINT('',(18.,-22.35));
#13796 = ( GEOMETRIC_REPRESENTATION_CONTEXT(2) 
PARAMETRIC_REPRESENTATION_CONTEXT() REPRESENTATION_CONTEXT('2D SPACE',''
  ) );
#13797 = PCURVE('',#8250,#13798);
#13798 = DEFINITIONAL_REPRESENTATION('',(#13799),#13803);
#13799 = LINE('',#13800,#13801);
#13800 = CARTESIAN_POINT('',(0.,4.));
#13801 = VECTOR('',#13802,1.);
#13802 = DIRECTION('',(1.,0.));
#13803 = ( GEOMETRIC_REPRESENTATION_CONTEXT(2) 
PARAMETRIC_REPRESENTATION_CONTEXT() REPRESENTATION_CONTEXT('2D SPACE',''
  ) );
#13804 = ORIENTED_EDGE('',*,*,#13805,.T.);
#13805 = EDGE_CURVE('',#13778,#13806,#13808,.T.);
#13806 = VERTEX_POINT('',#13807);
#13807 = CARTESIAN_POINT('',(-16.5,53.,9.25));
#13808 = SURFACE_CURVE('',#13809,(#13813,#13819),.PCURVE_S1.);
#13809 = LINE('',#13810,#13811);
#13810 = CARTESIAN_POINT('',(-16.5,53.,13.575));
#13811 = VECTOR('',#13812,1.);
#13812 = DIRECTION('',(0.,0.,-1.));
#13813 = PCURVE('',#7888,#13814);
#13814 = DEFINITIONAL_REPRESENTATION('',(#13815),#13818);
#13815 = B_SPLINE_CURVE_WITH_KNOTS('',1,(#13816,#13817),.UNSPECIFIED.,
  .F.,.F.,(2,2),(-8.675,4.325),.PIECEWISE_BEZIER_KNOTS.);
#13816 = CARTESIAN_POINT('',(15.5,-19.85));
#13817 = CARTESIAN_POINT('',(15.5,-6.85));
#13818 = ( GEOMETRIC_REPRESENTATION_CONTEXT(2) 
PARAMETRIC_REPRESENTATION_CONTEXT() REPRESENTATION_CONTEXT('2D SPACE',''
  ) );
#13819 = PCURVE('',#8277,#13820);
#13820 = DEFINITIONAL_REPRESENTATION('',(#13821),#13824);
#13821 = B_SPLINE_CURVE_WITH_KNOTS('',1,(#13822,#13823),.UNSPECIFIED.,
  .F.,.F.,(2,2),(-8.675,4.325),.PIECEWISE_BEZIER_KNOTS.);
#13822 = CARTESIAN_POINT('',(2.5,-4.));
#13823 = CARTESIAN_POINT('',(15.5,-4.));
#13824 = ( GEOMETRIC_REPRESENTATION_CONTEXT(2) 
PARAMETRIC_REPRESENTATION_CONTEXT() REPRESENTATION_CONTEXT('2D SPACE',''
  ) );
#13825 = ORIENTED_EDGE('',*,*,#13826,.T.);
#13826 = EDGE_CURVE('',#13806,#13827,#13829,.T.);
#13827 = VERTEX_POINT('',#13828);
#13828 = CARTESIAN_POINT('',(-14.,53.,6.75));
#13829 = SURFACE_CURVE('',#13830,(#13835,#13846),.PCURVE_S1.);
#13830 = CIRCLE('',#13831,2.5);
#13831 = AXIS2_PLACEMENT_3D('',#13832,#13833,#13834);
#13832 = CARTESIAN_POINT('',(-14.,53.,9.25));
#13833 = DIRECTION('',(0.,-1.,0.));
#13834 = DIRECTION('',(0.,-0.,-1.));
#13835 = PCURVE('',#7888,#13836);
#13836 = DEFINITIONAL_REPRESENTATION('',(#13837),#13845);
#13837 = ( BOUNDED_CURVE() B_SPLINE_CURVE(2,(#13838,#13839,#13840,#13841
    ,#13842,#13843,#13844),.UNSPECIFIED.,.T.,.F.) 
B_SPLINE_CURVE_WITH_KNOTS((1,2,2,2,2,1),(-2.094395102393,0.,
    2.094395102393,4.188790204786,6.28318530718,8.377580409573),
.UNSPECIFIED.) CURVE() GEOMETRIC_REPRESENTATION_ITEM() 
RATIONAL_B_SPLINE_CURVE((1.,0.5,1.,0.5,1.,0.5,1.)) REPRESENTATION_ITEM(
  '') );
#13838 = CARTESIAN_POINT('',(18.,-4.35));
#13839 = CARTESIAN_POINT('',(22.330127018922,-4.35));
#13840 = CARTESIAN_POINT('',(20.165063509461,-8.1));
#13841 = CARTESIAN_POINT('',(18.,-11.85));
#13842 = CARTESIAN_POINT('',(15.834936490539,-8.1));
#13843 = CARTESIAN_POINT('',(13.669872981078,-4.35));
#13844 = CARTESIAN_POINT('',(18.,-4.35));
#13845 = ( GEOMETRIC_REPRESENTATION_CONTEXT(2) 
PARAMETRIC_REPRESENTATION_CONTEXT() REPRESENTATION_CONTEXT('2D SPACE',''
  ) );
#13846 = PCURVE('',#8309,#13847);
#13847 = DEFINITIONAL_REPRESENTATION('',(#13848),#13852);
#13848 = LINE('',#13849,#13850);
#13849 = CARTESIAN_POINT('',(-6.28318530718,4.));
#13850 = VECTOR('',#13851,1.);
#13851 = DIRECTION('',(1.,-0.));
#13852 = ( GEOMETRIC_REPRESENTATION_CONTEXT(2) 
PARAMETRIC_REPRESENTATION_CONTEXT() REPRESENTATION_CONTEXT('2D SPACE',''
  ) );
#13853 = ORIENTED_EDGE('',*,*,#13854,.T.);
#13854 = EDGE_CURVE('',#13827,#13659,#13855,.T.);
#13855 = SURFACE_CURVE('',#13856,(#13860,#13866),.PCURVE_S1.);
#13856 = LINE('',#13857,#13858);
#13857 = CARTESIAN_POINT('',(-24.25,53.,6.75));
#13858 = VECTOR('',#13859,1.);
#13859 = DIRECTION('',(1.,-0.,0.));
#13860 = PCURVE('',#7888,#13861);
#13861 = DEFINITIONAL_REPRESENTATION('',(#13862),#13865);
#13862 = B_SPLINE_CURVE_WITH_KNOTS('',1,(#13863,#13864),.UNSPECIFIED.,
  .F.,.F.,(2,2),(10.25,56.25),.PIECEWISE_BEZIER_KNOTS.);
#13863 = CARTESIAN_POINT('',(18.,-4.35));
#13864 = CARTESIAN_POINT('',(64.,-4.35));
#13865 = ( GEOMETRIC_REPRESENTATION_CONTEXT(2) 
PARAMETRIC_REPRESENTATION_CONTEXT() REPRESENTATION_CONTEXT('2D SPACE',''
  ) );
#13866 = PCURVE('',#8336,#13867);
#13867 = DEFINITIONAL_REPRESENTATION('',(#13868),#13871);
#13868 = B_SPLINE_CURVE_WITH_KNOTS('',1,(#13869,#13870),.UNSPECIFIED.,
  .F.,.F.,(2,2),(10.25,56.25),.PIECEWISE_BEZIER_KNOTS.);
#13869 = CARTESIAN_POINT('',(2.5,-4.));
#13870 = CARTESIAN_POINT('',(48.5,-4.));
#13871 = ( GEOMETRIC_REPRESENTATION_CONTEXT(2) 
PARAMETRIC_REPRESENTATION_CONTEXT() REPRESENTATION_CONTEXT('2D SPACE',''
  ) );
#13872 = ORIENTED_EDGE('',*,*,#13686,.F.);
#13873 = ADVANCED_FACE('',(#13874),#7460,.T.);
#13874 = FACE_BOUND('',#13875,.F.);
#13875 = EDGE_LOOP('',(#13876,#13877,#13898,#13924));
#13876 = ORIENTED_EDGE('',*,*,#7443,.T.);
#13877 = ORIENTED_EDGE('',*,*,#13878,.T.);
#13878 = EDGE_CURVE('',#7444,#13879,#13881,.T.);
#13879 = VERTEX_POINT('',#13880);
#13880 = CARTESIAN_POINT('',(49.49247135181,43.61952864819,2.4));
#13881 = SURFACE_CURVE('',#13882,(#13886,#13892),.PCURVE_S1.);
#13882 = LINE('',#13883,#13884);
#13883 = CARTESIAN_POINT('',(49.49247135181,43.61952864819,2.4));
#13884 = VECTOR('',#13885,1.);
#13885 = DIRECTION('',(-0.,-0.,-1.));
#13886 = PCURVE('',#7460,#13887);
#13887 = DEFINITIONAL_REPRESENTATION('',(#13888),#13891);
#13888 = B_SPLINE_CURVE_WITH_KNOTS('',1,(#13889,#13890),.UNSPECIFIED.,
  .F.,.F.,(2,2),(-27.6000006,5.999999999062E-07),
  .PIECEWISE_BEZIER_KNOTS.);
#13889 = CARTESIAN_POINT('',(-5.347721967485,-30.0000006));
#13890 = CARTESIAN_POINT('',(-5.347721967485,-2.3999994));
#13891 = ( GEOMETRIC_REPRESENTATION_CONTEXT(2) 
PARAMETRIC_REPRESENTATION_CONTEXT() REPRESENTATION_CONTEXT('2D SPACE',''
  ) );
#13892 = PCURVE('',#7493,#13893);
#13893 = DEFINITIONAL_REPRESENTATION('',(#13894),#13897);
#13894 = B_SPLINE_CURVE_WITH_KNOTS('',1,(#13895,#13896),.UNSPECIFIED.,
  .F.,.F.,(2,2),(-27.6000006,5.999999999062E-07),
  .PIECEWISE_BEZIER_KNOTS.);
#13895 = CARTESIAN_POINT('',(-0.586333790415,-27.6000006));
#13896 = CARTESIAN_POINT('',(-0.586333790415,5.999999999062E-07));
#13897 = ( GEOMETRIC_REPRESENTATION_CONTEXT(2) 
PARAMETRIC_REPRESENTATION_CONTEXT() REPRESENTATION_CONTEXT('2D SPACE',''
  ) );
#13898 = ORIENTED_EDGE('',*,*,#13899,.T.);
#13899 = EDGE_CURVE('',#13879,#13433,#13900,.T.);
#13900 = SURFACE_CURVE('',#13901,(#13906,#13913),.PCURVE_S1.);
#13901 = CIRCLE('',#13902,4.2);
#13902 = AXIS2_PLACEMENT_3D('',#13903,#13904,#13905);
#13903 = CARTESIAN_POINT('',(47.,47.,2.4));
#13904 = DIRECTION('',(0.,0.,-1.));
#13905 = DIRECTION('',(1.,0.,0.));
#13906 = PCURVE('',#7460,#13907);
#13907 = DEFINITIONAL_REPRESENTATION('',(#13908),#13912);
#13908 = LINE('',#13909,#13910);
#13909 = CARTESIAN_POINT('',(-6.28318530718,-2.4));
#13910 = VECTOR('',#13911,1.);
#13911 = DIRECTION('',(1.,-0.));
#13912 = ( GEOMETRIC_REPRESENTATION_CONTEXT(2) 
PARAMETRIC_REPRESENTATION_CONTEXT() REPRESENTATION_CONTEXT('2D SPACE',''
  ) );
#13913 = PCURVE('',#8518,#13914);
#13914 = DEFINITIONAL_REPRESENTATION('',(#13915),#13923);
#13915 = ( BOUNDED_CURVE() B_SPLINE_CURVE(2,(#13916,#13917,#13918,#13919
    ,#13920,#13921,#13922),.UNSPECIFIED.,.T.,.F.) 
B_SPLINE_CURVE_WITH_KNOTS((1,2,2,2,2,1),(-2.094395102393,0.,
    2.094395102393,4.188790204786,6.28318530718,8.377580409573),
.UNSPECIFIED.) CURVE() GEOMETRIC_REPRESENTATION_ITEM() 
RATIONAL_B_SPLINE_CURVE((1.,0.5,1.,0.5,1.,0.5,1.)) REPRESENTATION_ITEM(
  '') );
#13916 = CARTESIAN_POINT('',(51.2,47.));
#13917 = CARTESIAN_POINT('',(51.2,39.725386608211));
#13918 = CARTESIAN_POINT('',(44.9,43.362693304105));
#13919 = CARTESIAN_POINT('',(38.6,47.));
#13920 = CARTESIAN_POINT('',(44.9,50.637306695895));
#13921 = CARTESIAN_POINT('',(51.2,54.274613391789));
#13922 = CARTESIAN_POINT('',(51.2,47.));
#13923 = ( GEOMETRIC_REPRESENTATION_CONTEXT(2) 
PARAMETRIC_REPRESENTATION_CONTEXT() REPRESENTATION_CONTEXT('2D SPACE',''
  ) );
#13924 = ORIENTED_EDGE('',*,*,#13458,.F.);
#13925 = ADVANCED_FACE('',(#13926),#7862,.F.);
#13926 = FACE_BOUND('',#13927,.T.);
#13927 = EDGE_LOOP('',(#13928,#13952,#13953,#13954));
#13928 = ORIENTED_EDGE('',*,*,#13929,.F.);
#13929 = EDGE_CURVE('',#13711,#13930,#13932,.T.);
#13930 = VERTEX_POINT('',#13931);
#13931 = CARTESIAN_POINT('',(-43.61952864819,49.49247135181,2.4));
#13932 = SURFACE_CURVE('',#13933,(#13938,#13945),.PCURVE_S1.);
#13933 = CIRCLE('',#13934,21.);
#13934 = AXIS2_PLACEMENT_3D('',#13935,#13936,#13937);
#13935 = CARTESIAN_POINT('',(-32.,32.,2.4));
#13936 = DIRECTION('',(0.,0.,1.));
#13937 = DIRECTION('',(1.,0.,0.));
#13938 = PCURVE('',#7862,#13939);
#13939 = DEFINITIONAL_REPRESENTATION('',(#13940),#13944);
#13940 = LINE('',#13941,#13942);
#13941 = CARTESIAN_POINT('',(-0.,0.));
#13942 = VECTOR('',#13943,1.);
#13943 = DIRECTION('',(-1.,0.));
#13944 = ( GEOMETRIC_REPRESENTATION_CONTEXT(2) 
PARAMETRIC_REPRESENTATION_CONTEXT() REPRESENTATION_CONTEXT('2D SPACE',''
  ) );
#13945 = PCURVE('',#8518,#13946);
#13946 = DEFINITIONAL_REPRESENTATION('',(#13947),#13951);
#13947 = CIRCLE('',#13948,21.);
#13948 = AXIS2_PLACEMENT_2D('',#13949,#13950);
#13949 = CARTESIAN_POINT('',(-32.,32.));
#13950 = DIRECTION('',(1.,0.));
#13951 = ( GEOMETRIC_REPRESENTATION_CONTEXT(2) 
PARAMETRIC_REPRESENTATION_CONTEXT() REPRESENTATION_CONTEXT('2D SPACE',''
  ) );
#13952 = ORIENTED_EDGE('',*,*,#13733,.T.);
#13953 = ORIENTED_EDGE('',*,*,#7841,.F.);
#13954 = ORIENTED_EDGE('',*,*,#13955,.T.);
#13955 = EDGE_CURVE('',#7809,#13930,#13956,.T.);
#13956 = SURFACE_CURVE('',#13957,(#13961,#13967),.PCURVE_S1.);
#13957 = LINE('',#13958,#13959);
#13958 = CARTESIAN_POINT('',(-43.61952864819,49.49247135181,2.4));
#13959 = VECTOR('',#13960,1.);
#13960 = DIRECTION('',(-0.,-0.,-1.));
#13961 = PCURVE('',#7862,#13962);
#13962 = DEFINITIONAL_REPRESENTATION('',(#13963),#13966);
#13963 = B_SPLINE_CURVE_WITH_KNOTS('',1,(#13964,#13965),.UNSPECIFIED.,
  .F.,.F.,(2,2),(-27.6000006,5.999999999062E-07),
  .PIECEWISE_BEZIER_KNOTS.);
#13964 = CARTESIAN_POINT('',(-2.15713011721,-27.6000006));
#13965 = CARTESIAN_POINT('',(-2.15713011721,5.999999999062E-07));
#13966 = ( GEOMETRIC_REPRESENTATION_CONTEXT(2) 
PARAMETRIC_REPRESENTATION_CONTEXT() REPRESENTATION_CONTEXT('2D SPACE',''
  ) );
#13967 = PCURVE('',#7829,#13968);
#13968 = DEFINITIONAL_REPRESENTATION('',(#13969),#13972);
#13969 = B_SPLINE_CURVE_WITH_KNOTS('',1,(#13970,#13971),.UNSPECIFIED.,
  .F.,.F.,(2,2),(-27.6000006,5.999999999062E-07),
  .PIECEWISE_BEZIER_KNOTS.);
#13970 = CARTESIAN_POINT('',(-6.91851829428,-30.0000006));
#13971 = CARTESIAN_POINT('',(-6.91851829428,-2.3999994));
#13972 = ( GEOMETRIC_REPRESENTATION_CONTEXT(2) 
PARAMETRIC_REPRESENTATION_CONTEXT() REPRESENTATION_CONTEXT('2D SPACE',''
  ) );
#13973 = ADVANCED_FACE('',(#13974),#7493,.F.);
#13974 = FACE_BOUND('',#13975,.T.);
#13975 = EDGE_LOOP('',(#13976,#14000,#14021,#14022));
#13976 = ORIENTED_EDGE('',*,*,#13977,.F.);
#13977 = EDGE_CURVE('',#13978,#13879,#13980,.T.);
#13978 = VERTEX_POINT('',#13979);
#13979 = CARTESIAN_POINT('',(53.,32.,2.4));
#13980 = SURFACE_CURVE('',#13981,(#13986,#13993),.PCURVE_S1.);
#13981 = CIRCLE('',#13982,21.);
#13982 = AXIS2_PLACEMENT_3D('',#13983,#13984,#13985);
#13983 = CARTESIAN_POINT('',(32.,32.,2.4));
#13984 = DIRECTION('',(0.,0.,1.));
#13985 = DIRECTION('',(1.,0.,0.));
#13986 = PCURVE('',#7493,#13987);
#13987 = DEFINITIONAL_REPRESENTATION('',(#13988),#13992);
#13988 = LINE('',#13989,#13990);
#13989 = CARTESIAN_POINT('',(-0.,0.));
#13990 = VECTOR('',#13991,1.);
#13991 = DIRECTION('',(-1.,0.));
#13992 = ( GEOMETRIC_REPRESENTATION_CONTEXT(2) 
PARAMETRIC_REPRESENTATION_CONTEXT() REPRESENTATION_CONTEXT('2D SPACE',''
  ) );
#13993 = PCURVE('',#8518,#13994);
#13994 = DEFINITIONAL_REPRESENTATION('',(#13995),#13999);
#13995 = CIRCLE('',#13996,21.);
#13996 = AXIS2_PLACEMENT_2D('',#13997,#13998);
#13997 = CARTESIAN_POINT('',(32.,32.));
#13998 = DIRECTION('',(1.,0.));
#13999 = ( GEOMETRIC_REPRESENTATION_CONTEXT(2) 
PARAMETRIC_REPRESENTATION_CONTEXT() REPRESENTATION_CONTEXT('2D SPACE',''
  ) );
#14000 = ORIENTED_EDGE('',*,*,#14001,.T.);
#14001 = EDGE_CURVE('',#13978,#7473,#14002,.T.);
#14002 = SURFACE_CURVE('',#14003,(#14007,#14014),.PCURVE_S1.);
#14003 = LINE('',#14004,#14005);
#14004 = CARTESIAN_POINT('',(53.,32.,2.4));
#14005 = VECTOR('',#14006,1.);
#14006 = DIRECTION('',(0.,0.,1.));
#14007 = PCURVE('',#7493,#14008);
#14008 = DEFINITIONAL_REPRESENTATION('',(#14009),#14013);
#14009 = LINE('',#14010,#14011);
#14010 = CARTESIAN_POINT('',(-0.,0.));
#14011 = VECTOR('',#14012,1.);
#14012 = DIRECTION('',(-0.,-1.));
#14013 = ( GEOMETRIC_REPRESENTATION_CONTEXT(2) 
PARAMETRIC_REPRESENTATION_CONTEXT() REPRESENTATION_CONTEXT('2D SPACE',''
  ) );
#14014 = PCURVE('',#7521,#14015);
#14015 = DEFINITIONAL_REPRESENTATION('',(#14016),#14020);
#14016 = LINE('',#14017,#14018);
#14017 = CARTESIAN_POINT('',(64.,0.));
#14018 = VECTOR('',#14019,1.);
#14019 = DIRECTION('',(0.,-1.));
#14020 = ( GEOMETRIC_REPRESENTATION_CONTEXT(2) 
PARAMETRIC_REPRESENTATION_CONTEXT() REPRESENTATION_CONTEXT('2D SPACE',''
  ) );
#14021 = ORIENTED_EDGE('',*,*,#7472,.F.);
#14022 = ORIENTED_EDGE('',*,*,#13878,.T.);
#14023 = ADVANCED_FACE('',(#14024),#7829,.T.);
#14024 = FACE_BOUND('',#14025,.F.);
#14025 = EDGE_LOOP('',(#14026,#14047,#14048,#14049));
#14026 = ORIENTED_EDGE('',*,*,#14027,.F.);
#14027 = EDGE_CURVE('',#7776,#14028,#14030,.T.);
#14028 = VERTEX_POINT('',#14029);
#14029 = CARTESIAN_POINT('',(-49.49247135181,43.61952864819,2.4));
#14030 = SURFACE_CURVE('',#14031,(#14035,#14041),.PCURVE_S1.);
#14031 = LINE('',#14032,#14033);
#14032 = CARTESIAN_POINT('',(-49.49247135181,43.61952864819,2.4));
#14033 = VECTOR('',#14034,1.);
#14034 = DIRECTION('',(-0.,-0.,-1.));
#14035 = PCURVE('',#7829,#14036);
#14036 = DEFINITIONAL_REPRESENTATION('',(#14037),#14040);
#14037 = B_SPLINE_CURVE_WITH_KNOTS('',1,(#14038,#14039),.UNSPECIFIED.,
  .F.,.F.,(2,2),(-27.6000006,5.999999999062E-07),
  .PIECEWISE_BEZIER_KNOTS.);
#14038 = CARTESIAN_POINT('',(-4.077055993284,-30.0000006));
#14039 = CARTESIAN_POINT('',(-4.077055993284,-2.3999994));
#14040 = ( GEOMETRIC_REPRESENTATION_CONTEXT(2) 
PARAMETRIC_REPRESENTATION_CONTEXT() REPRESENTATION_CONTEXT('2D SPACE',''
  ) );
#14041 = PCURVE('',#7796,#14042);
#14042 = DEFINITIONAL_REPRESENTATION('',(#14043),#14046);
#14043 = B_SPLINE_CURVE_WITH_KNOTS('',1,(#14044,#14045),.UNSPECIFIED.,
  .F.,.F.,(2,2),(-27.6000006,5.999999999062E-07),
  .PIECEWISE_BEZIER_KNOTS.);
#14044 = CARTESIAN_POINT('',(-2.555258863175,-27.6000006));
#14045 = CARTESIAN_POINT('',(-2.555258863175,5.999999999062E-07));
#14046 = ( GEOMETRIC_REPRESENTATION_CONTEXT(2) 
PARAMETRIC_REPRESENTATION_CONTEXT() REPRESENTATION_CONTEXT('2D SPACE',''
  ) );
#14047 = ORIENTED_EDGE('',*,*,#7808,.F.);
#14048 = ORIENTED_EDGE('',*,*,#13955,.T.);
#14049 = ORIENTED_EDGE('',*,*,#14050,.T.);
#14050 = EDGE_CURVE('',#13930,#14028,#14051,.T.);
#14051 = SURFACE_CURVE('',#14052,(#14057,#14064),.PCURVE_S1.);
#14052 = CIRCLE('',#14053,4.2);
#14053 = AXIS2_PLACEMENT_3D('',#14054,#14055,#14056);
#14054 = CARTESIAN_POINT('',(-47.,47.,2.4));
#14055 = DIRECTION('',(0.,0.,-1.));
#14056 = DIRECTION('',(1.,0.,0.));
#14057 = PCURVE('',#7829,#14058);
#14058 = DEFINITIONAL_REPRESENTATION('',(#14059),#14063);
#14059 = LINE('',#14060,#14061);
#14060 = CARTESIAN_POINT('',(-12.56637061435,-2.4));
#14061 = VECTOR('',#14062,1.);
#14062 = DIRECTION('',(1.,-0.));
#14063 = ( GEOMETRIC_REPRESENTATION_CONTEXT(2) 
PARAMETRIC_REPRESENTATION_CONTEXT() REPRESENTATION_CONTEXT('2D SPACE',''
  ) );
#14064 = PCURVE('',#8518,#14065);
#14065 = DEFINITIONAL_REPRESENTATION('',(#14066),#14074);
#14066 = ( BOUNDED_CURVE() B_SPLINE_CURVE(2,(#14067,#14068,#14069,#14070
    ,#14071,#14072,#14073),.UNSPECIFIED.,.T.,.F.) 
B_SPLINE_CURVE_WITH_KNOTS((1,2,2,2,2,1),(-2.094395102393,0.,
    2.094395102393,4.188790204786,6.28318530718,8.377580409573),
.UNSPECIFIED.) CURVE() GEOMETRIC_REPRESENTATION_ITEM() 
RATIONAL_B_SPLINE_CURVE((1.,0.5,1.,0.5,1.,0.5,1.)) REPRESENTATION_ITEM(
  '') );
#14067 = CARTESIAN_POINT('',(-42.8,47.));
#14068 = CARTESIAN_POINT('',(-42.8,39.725386608211));
#14069 = CARTESIAN_POINT('',(-49.1,43.362693304105));
#14070 = CARTESIAN_POINT('',(-55.4,47.));
#14071 = CARTESIAN_POINT('',(-49.1,50.637306695895));
#14072 = CARTESIAN_POINT('',(-42.8,54.274613391789));
#14073 = CARTESIAN_POINT('',(-42.8,47.));
#14074 = ( GEOMETRIC_REPRESENTATION_CONTEXT(2) 
PARAMETRIC_REPRESENTATION_CONTEXT() REPRESENTATION_CONTEXT('2D SPACE',''
  ) );
#14075 = ADVANCED_FACE('',(#14076,#14124),#7521,.T.);
#14076 = FACE_BOUND('',#14077,.T.);
#14077 = EDGE_LOOP('',(#14078,#14101,#14122,#14123));
#14078 = ORIENTED_EDGE('',*,*,#14079,.F.);
#14079 = EDGE_CURVE('',#14080,#13978,#14082,.T.);
#14080 = VERTEX_POINT('',#14081);
#14081 = CARTESIAN_POINT('',(53.,-32.,2.4));
#14082 = SURFACE_CURVE('',#14083,(#14087,#14094),.PCURVE_S1.);
#14083 = LINE('',#14084,#14085);
#14084 = CARTESIAN_POINT('',(53.,0.,2.4));
#14085 = VECTOR('',#14086,1.);
#14086 = DIRECTION('',(0.,1.,0.));
#14087 = PCURVE('',#7521,#14088);
#14088 = DEFINITIONAL_REPRESENTATION('',(#14089),#14093);
#14089 = LINE('',#14090,#14091);
#14090 = CARTESIAN_POINT('',(32.,0.));
#14091 = VECTOR('',#14092,1.);
#14092 = DIRECTION('',(1.,0.));
#14093 = ( GEOMETRIC_REPRESENTATION_CONTEXT(2) 
PARAMETRIC_REPRESENTATION_CONTEXT() REPRESENTATION_CONTEXT('2D SPACE',''
  ) );
#14094 = PCURVE('',#8518,#14095);
#14095 = DEFINITIONAL_REPRESENTATION('',(#14096),#14100);
#14096 = LINE('',#14097,#14098);
#14097 = CARTESIAN_POINT('',(53.,0.));
#14098 = VECTOR('',#14099,1.);
#14099 = DIRECTION('',(0.,1.));
#14100 = ( GEOMETRIC_REPRESENTATION_CONTEXT(2) 
PARAMETRIC_REPRESENTATION_CONTEXT() REPRESENTATION_CONTEXT('2D SPACE',''
  ) );
#14101 = ORIENTED_EDGE('',*,*,#14102,.T.);
#14102 = EDGE_CURVE('',#14080,#7506,#14103,.T.);
#14103 = SURFACE_CURVE('',#14104,(#14108,#14115),.PCURVE_S1.);
#14104 = LINE('',#14105,#14106);
#14105 = CARTESIAN_POINT('',(53.,-32.,2.4));
#14106 = VECTOR('',#14107,1.);
#14107 = DIRECTION('',(0.,0.,1.));
#14108 = PCURVE('',#7521,#14109);
#14109 = DEFINITIONAL_REPRESENTATION('',(#14110),#14114);
#14110 = LINE('',#14111,#14112);
#14111 = CARTESIAN_POINT('',(0.,0.));
#14112 = VECTOR('',#14113,1.);
#14113 = DIRECTION('',(0.,-1.));
#14114 = ( GEOMETRIC_REPRESENTATION_CONTEXT(2) 
PARAMETRIC_REPRESENTATION_CONTEXT() REPRESENTATION_CONTEXT('2D SPACE',''
  ) );
#14115 = PCURVE('',#7553,#14116);
#14116 = DEFINITIONAL_REPRESENTATION('',(#14117),#14121);
#14117 = LINE('',#14118,#14119);
#14118 = CARTESIAN_POINT('',(-6.28318530718,0.));
#14119 = VECTOR('',#14120,1.);
#14120 = DIRECTION('',(-0.,-1.));
#14121 = ( GEOMETRIC_REPRESENTATION_CONTEXT(2) 
PARAMETRIC_REPRESENTATION_CONTEXT() REPRESENTATION_CONTEXT('2D SPACE',''
  ) );
#14122 = ORIENTED_EDGE('',*,*,#7505,.F.);
#14123 = ORIENTED_EDGE('',*,*,#14001,.F.);
#14124 = FACE_BOUND('',#14125,.T.);
#14125 = EDGE_LOOP('',(#14126,#14154,#14183,#14209));
#14126 = ORIENTED_EDGE('',*,*,#14127,.F.);
#14127 = EDGE_CURVE('',#14128,#14130,#14132,.T.);
#14128 = VERTEX_POINT('',#14129);
#14129 = CARTESIAN_POINT('',(53.,-26.,13.6));
#14130 = VERTEX_POINT('',#14131);
#14131 = CARTESIAN_POINT('',(53.,5.,13.6));
#14132 = SURFACE_CURVE('',#14133,(#14137,#14143),.PCURVE_S1.);
#14133 = LINE('',#14134,#14135);
#14134 = CARTESIAN_POINT('',(53.,-29.,13.6));
#14135 = VECTOR('',#14136,1.);
#14136 = DIRECTION('',(0.,1.,-0.));
#14137 = PCURVE('',#7521,#14138);
#14138 = DEFINITIONAL_REPRESENTATION('',(#14139),#14142);
#14139 = B_SPLINE_CURVE_WITH_KNOTS('',1,(#14140,#14141),.UNSPECIFIED.,
  .F.,.F.,(2,2),(3.,34.),.PIECEWISE_BEZIER_KNOTS.);
#14140 = CARTESIAN_POINT('',(6.,-11.2));
#14141 = CARTESIAN_POINT('',(37.,-11.2));
#14142 = ( GEOMETRIC_REPRESENTATION_CONTEXT(2) 
PARAMETRIC_REPRESENTATION_CONTEXT() REPRESENTATION_CONTEXT('2D SPACE',''
  ) );
#14143 = PCURVE('',#14144,#14149);
#14144 = PLANE('',#14145);
#14145 = AXIS2_PLACEMENT_3D('',#14146,#14147,#14148);
#14146 = CARTESIAN_POINT('',(52.,-26.,13.6));
#14147 = DIRECTION('',(0.,0.,1.));
#14148 = DIRECTION('',(0.,1.,0.));
#14149 = DEFINITIONAL_REPRESENTATION('',(#14150),#14153);
#14150 = B_SPLINE_CURVE_WITH_KNOTS('',1,(#14151,#14152),.UNSPECIFIED.,
  .F.,.F.,(2,2),(3.,34.),.PIECEWISE_BEZIER_KNOTS.);
#14151 = CARTESIAN_POINT('',(0.,-1.));
#14152 = CARTESIAN_POINT('',(31.,-1.));
#14153 = ( GEOMETRIC_REPRESENTATION_CONTEXT(2) 
PARAMETRIC_REPRESENTATION_CONTEXT() REPRESENTATION_CONTEXT('2D SPACE',''
  ) );
#14154 = ORIENTED_EDGE('',*,*,#14155,.F.);
#14155 = EDGE_CURVE('',#14156,#14128,#14158,.T.);
#14156 = VERTEX_POINT('',#14157);
#14157 = CARTESIAN_POINT('',(53.,-26.,5.6));
#14158 = SURFACE_CURVE('',#14159,(#14164,#14171),.PCURVE_S1.);
#14159 = CIRCLE('',#14160,4.);
#14160 = AXIS2_PLACEMENT_3D('',#14161,#14162,#14163);
#14161 = CARTESIAN_POINT('',(53.,-26.,9.6));
#14162 = DIRECTION('',(-1.,0.,-0.));
#14163 = DIRECTION('',(0.,0.,-1.));
#14164 = PCURVE('',#7521,#14165);
#14165 = DEFINITIONAL_REPRESENTATION('',(#14166),#14170);
#14166 = CIRCLE('',#14167,4.);
#14167 = AXIS2_PLACEMENT_2D('',#14168,#14169);
#14168 = CARTESIAN_POINT('',(6.,-7.2));
#14169 = DIRECTION('',(0.,1.));
#14170 = ( GEOMETRIC_REPRESENTATION_CONTEXT(2) 
PARAMETRIC_REPRESENTATION_CONTEXT() REPRESENTATION_CONTEXT('2D SPACE',''
  ) );
#14171 = PCURVE('',#14172,#14177);
#14172 = CYLINDRICAL_SURFACE('',#14173,4.);
#14173 = AXIS2_PLACEMENT_3D('',#14174,#14175,#14176);
#14174 = CARTESIAN_POINT('',(52.,-26.,9.6));
#14175 = DIRECTION('',(-1.,0.,-0.));
#14176 = DIRECTION('',(0.,0.,-1.));
#14177 = DEFINITIONAL_REPRESENTATION('',(#14178),#14182);
#14178 = LINE('',#14179,#14180);
#14179 = CARTESIAN_POINT('',(0.,-1.));
#14180 = VECTOR('',#14181,1.);
#14181 = DIRECTION('',(1.,0.));
#14182 = ( GEOMETRIC_REPRESENTATION_CONTEXT(2) 
PARAMETRIC_REPRESENTATION_CONTEXT() REPRESENTATION_CONTEXT('2D SPACE',''
  ) );
#14183 = ORIENTED_EDGE('',*,*,#14184,.F.);
#14184 = EDGE_CURVE('',#14185,#14156,#14187,.T.);
#14185 = VERTEX_POINT('',#14186);
#14186 = CARTESIAN_POINT('',(53.,5.,5.6));
#14187 = SURFACE_CURVE('',#14188,(#14192,#14198),.PCURVE_S1.);
#14188 = LINE('',#14189,#14190);
#14189 = CARTESIAN_POINT('',(53.,-13.5,5.6));
#14190 = VECTOR('',#14191,1.);
#14191 = DIRECTION('',(-0.,-1.,-0.));
#14192 = PCURVE('',#7521,#14193);
#14193 = DEFINITIONAL_REPRESENTATION('',(#14194),#14197);
#14194 = B_SPLINE_CURVE_WITH_KNOTS('',1,(#14195,#14196),.UNSPECIFIED.,
  .F.,.F.,(2,2),(-18.5,12.5),.PIECEWISE_BEZIER_KNOTS.);
#14195 = CARTESIAN_POINT('',(37.,-3.2));
#14196 = CARTESIAN_POINT('',(6.,-3.2));
#14197 = ( GEOMETRIC_REPRESENTATION_CONTEXT(2) 
PARAMETRIC_REPRESENTATION_CONTEXT() REPRESENTATION_CONTEXT('2D SPACE',''
  ) );
#14198 = PCURVE('',#14199,#14204);
#14199 = PLANE('',#14200);
#14200 = AXIS2_PLACEMENT_3D('',#14201,#14202,#14203);
#14201 = CARTESIAN_POINT('',(52.,5.,5.6));
#14202 = DIRECTION('',(0.,0.,-1.));
#14203 = DIRECTION('',(0.,-1.,0.));
#14204 = DEFINITIONAL_REPRESENTATION('',(#14205),#14208);
#14205 = B_SPLINE_CURVE_WITH_KNOTS('',1,(#14206,#14207),.UNSPECIFIED.,
  .F.,.F.,(2,2),(-18.5,12.5),.PIECEWISE_BEZIER_KNOTS.);
#14206 = CARTESIAN_POINT('',(0.,-1.));
#14207 = CARTESIAN_POINT('',(31.,-1.));
#14208 = ( GEOMETRIC_REPRESENTATION_CONTEXT(2) 
PARAMETRIC_REPRESENTATION_CONTEXT() REPRESENTATION_CONTEXT('2D SPACE',''
  ) );
#14209 = ORIENTED_EDGE('',*,*,#14210,.F.);
#14210 = EDGE_CURVE('',#14130,#14185,#14211,.T.);
#14211 = SURFACE_CURVE('',#14212,(#14217,#14224),.PCURVE_S1.);
#14212 = CIRCLE('',#14213,4.);
#14213 = AXIS2_PLACEMENT_3D('',#14214,#14215,#14216);
#14214 = CARTESIAN_POINT('',(53.,5.,9.6));
#14215 = DIRECTION('',(-1.,0.,0.));
#14216 = DIRECTION('',(0.,0.,1.));
#14217 = PCURVE('',#7521,#14218);
#14218 = DEFINITIONAL_REPRESENTATION('',(#14219),#14223);
#14219 = CIRCLE('',#14220,4.);
#14220 = AXIS2_PLACEMENT_2D('',#14221,#14222);
#14221 = CARTESIAN_POINT('',(37.,-7.2));
#14222 = DIRECTION('',(0.,-1.));
#14223 = ( GEOMETRIC_REPRESENTATION_CONTEXT(2) 
PARAMETRIC_REPRESENTATION_CONTEXT() REPRESENTATION_CONTEXT('2D SPACE',''
  ) );
#14224 = PCURVE('',#14225,#14230);
#14225 = CYLINDRICAL_SURFACE('',#14226,4.);
#14226 = AXIS2_PLACEMENT_3D('',#14227,#14228,#14229);
#14227 = CARTESIAN_POINT('',(52.,5.,9.6));
#14228 = DIRECTION('',(-1.,0.,0.));
#14229 = DIRECTION('',(0.,0.,1.));
#14230 = DEFINITIONAL_REPRESENTATION('',(#14231),#14235);
#14231 = LINE('',#14232,#14233);
#14232 = CARTESIAN_POINT('',(0.,-1.));
#14233 = VECTOR('',#14234,1.);
#14234 = DIRECTION('',(1.,0.));
#14235 = ( GEOMETRIC_REPRESENTATION_CONTEXT(2) 
PARAMETRIC_REPRESENTATION_CONTEXT() REPRESENTATION_CONTEXT('2D SPACE',''
  ) );
#14236 = ADVANCED_FACE('',(#14237),#7796,.F.);
#14237 = FACE_BOUND('',#14238,.T.);
#14238 = EDGE_LOOP('',(#14239,#14261,#14262,#14263));
#14239 = ORIENTED_EDGE('',*,*,#14240,.F.);
#14240 = EDGE_CURVE('',#14028,#8503,#14241,.T.);
#14241 = SURFACE_CURVE('',#14242,(#14247,#14254),.PCURVE_S1.);
#14242 = CIRCLE('',#14243,21.);
#14243 = AXIS2_PLACEMENT_3D('',#14244,#14245,#14246);
#14244 = CARTESIAN_POINT('',(-32.,32.,2.4));
#14245 = DIRECTION('',(0.,0.,1.));
#14246 = DIRECTION('',(1.,0.,0.));
#14247 = PCURVE('',#7796,#14248);
#14248 = DEFINITIONAL_REPRESENTATION('',(#14249),#14253);
#14249 = LINE('',#14250,#14251);
#14250 = CARTESIAN_POINT('',(-0.,0.));
#14251 = VECTOR('',#14252,1.);
#14252 = DIRECTION('',(-1.,0.));
#14253 = ( GEOMETRIC_REPRESENTATION_CONTEXT(2) 
PARAMETRIC_REPRESENTATION_CONTEXT() REPRESENTATION_CONTEXT('2D SPACE',''
  ) );
#14254 = PCURVE('',#8518,#14255);
#14255 = DEFINITIONAL_REPRESENTATION('',(#14256),#14260);
#14256 = CIRCLE('',#14257,21.);
#14257 = AXIS2_PLACEMENT_2D('',#14258,#14259);
#14258 = CARTESIAN_POINT('',(-32.,32.));
#14259 = DIRECTION('',(1.,0.));
#14260 = ( GEOMETRIC_REPRESENTATION_CONTEXT(2) 
PARAMETRIC_REPRESENTATION_CONTEXT() REPRESENTATION_CONTEXT('2D SPACE',''
  ) );
#14261 = ORIENTED_EDGE('',*,*,#14027,.F.);
#14262 = ORIENTED_EDGE('',*,*,#7775,.F.);
#14263 = ORIENTED_EDGE('',*,*,#8552,.F.);
#14264 = ADVANCED_FACE('',(#14265),#7553,.F.);
#14265 = FACE_BOUND('',#14266,.T.);
#14266 = EDGE_LOOP('',(#14267,#14291,#14310,#14311));
#14267 = ORIENTED_EDGE('',*,*,#14268,.F.);
#14268 = EDGE_CURVE('',#14269,#14080,#14271,.T.);
#14269 = VERTEX_POINT('',#14270);
#14270 = CARTESIAN_POINT('',(49.49247135181,-43.61952864819,2.4));
#14271 = SURFACE_CURVE('',#14272,(#14277,#14284),.PCURVE_S1.);
#14272 = CIRCLE('',#14273,21.);
#14273 = AXIS2_PLACEMENT_3D('',#14274,#14275,#14276);
#14274 = CARTESIAN_POINT('',(32.,-32.,2.4));
#14275 = DIRECTION('',(0.,0.,1.));
#14276 = DIRECTION('',(1.,0.,0.));
#14277 = PCURVE('',#7553,#14278);
#14278 = DEFINITIONAL_REPRESENTATION('',(#14279),#14283);
#14279 = LINE('',#14280,#14281);
#14280 = CARTESIAN_POINT('',(-0.,0.));
#14281 = VECTOR('',#14282,1.);
#14282 = DIRECTION('',(-1.,0.));
#14283 = ( GEOMETRIC_REPRESENTATION_CONTEXT(2) 
PARAMETRIC_REPRESENTATION_CONTEXT() REPRESENTATION_CONTEXT('2D SPACE',''
  ) );
#14284 = PCURVE('',#8518,#14285);
#14285 = DEFINITIONAL_REPRESENTATION('',(#14286),#14290);
#14286 = CIRCLE('',#14287,21.);
#14287 = AXIS2_PLACEMENT_2D('',#14288,#14289);
#14288 = CARTESIAN_POINT('',(32.,-32.));
#14289 = DIRECTION('',(1.,0.));
#14290 = ( GEOMETRIC_REPRESENTATION_CONTEXT(2) 
PARAMETRIC_REPRESENTATION_CONTEXT() REPRESENTATION_CONTEXT('2D SPACE',''
  ) );
#14291 = ORIENTED_EDGE('',*,*,#14292,.F.);
#14292 = EDGE_CURVE('',#7533,#14269,#14293,.T.);
#14293 = SURFACE_CURVE('',#14294,(#14298,#14304),.PCURVE_S1.);
#14294 = LINE('',#14295,#14296);
#14295 = CARTESIAN_POINT('',(49.49247135181,-43.61952864819,2.4));
#14296 = VECTOR('',#14297,1.);
#14297 = DIRECTION('',(-0.,-0.,-1.));
#14298 = PCURVE('',#7553,#14299);
#14299 = DEFINITIONAL_REPRESENTATION('',(#14300),#14303);
#14300 = B_SPLINE_CURVE_WITH_KNOTS('',1,(#14301,#14302),.UNSPECIFIED.,
  .F.,.F.,(2,2),(-27.6000006,5.999999999062E-07),
  .PIECEWISE_BEZIER_KNOTS.);
#14301 = CARTESIAN_POINT('',(-5.696851516765,-27.6000006));
#14302 = CARTESIAN_POINT('',(-5.696851516765,5.999999999062E-07));
#14303 = ( GEOMETRIC_REPRESENTATION_CONTEXT(2) 
PARAMETRIC_REPRESENTATION_CONTEXT() REPRESENTATION_CONTEXT('2D SPACE',''
  ) );
#14304 = PCURVE('',#7582,#14305);
#14305 = DEFINITIONAL_REPRESENTATION('',(#14306),#14309);
#14306 = B_SPLINE_CURVE_WITH_KNOTS('',1,(#14307,#14308),.UNSPECIFIED.,
  .F.,.F.,(2,2),(-27.6000006,5.999999999062E-07),
  .PIECEWISE_BEZIER_KNOTS.);
#14307 = CARTESIAN_POINT('',(-0.935463339695,-30.0000006));
#14308 = CARTESIAN_POINT('',(-0.935463339695,-2.3999994));
#14309 = ( GEOMETRIC_REPRESENTATION_CONTEXT(2) 
PARAMETRIC_REPRESENTATION_CONTEXT() REPRESENTATION_CONTEXT('2D SPACE',''
  ) );
#14310 = ORIENTED_EDGE('',*,*,#7532,.F.);
#14311 = ORIENTED_EDGE('',*,*,#14102,.F.);
#14312 = ADVANCED_FACE('',(#14313),#7582,.T.);
#14313 = FACE_BOUND('',#14314,.F.);
#14314 = EDGE_LOOP('',(#14315,#14316,#14317,#14338));
#14315 = ORIENTED_EDGE('',*,*,#14292,.F.);
#14316 = ORIENTED_EDGE('',*,*,#7565,.T.);
#14317 = ORIENTED_EDGE('',*,*,#14318,.T.);
#14318 = EDGE_CURVE('',#7566,#14319,#14321,.T.);
#14319 = VERTEX_POINT('',#14320);
#14320 = CARTESIAN_POINT('',(43.61952864819,-49.49247135181,2.4));
#14321 = SURFACE_CURVE('',#14322,(#14326,#14332),.PCURVE_S1.);
#14322 = LINE('',#14323,#14324);
#14323 = CARTESIAN_POINT('',(43.61952864819,-49.49247135181,2.4));
#14324 = VECTOR('',#14325,1.);
#14325 = DIRECTION('',(-0.,-0.,-1.));
#14326 = PCURVE('',#7582,#14327);
#14327 = DEFINITIONAL_REPRESENTATION('',(#14328),#14331);
#14328 = B_SPLINE_CURVE_WITH_KNOTS('',1,(#14329,#14330),.UNSPECIFIED.,
  .F.,.F.,(2,2),(-27.6000006,5.999999999062E-07),
  .PIECEWISE_BEZIER_KNOTS.);
#14329 = CARTESIAN_POINT('',(-3.77692564069,-30.0000006));
#14330 = CARTESIAN_POINT('',(-3.77692564069,-2.3999994));
#14331 = ( GEOMETRIC_REPRESENTATION_CONTEXT(2) 
PARAMETRIC_REPRESENTATION_CONTEXT() REPRESENTATION_CONTEXT('2D SPACE',''
  ) );
#14332 = PCURVE('',#7615,#14333);
#14333 = DEFINITIONAL_REPRESENTATION('',(#14334),#14337);
#14334 = B_SPLINE_CURVE_WITH_KNOTS('',1,(#14335,#14336),.UNSPECIFIED.,
  .F.,.F.,(2,2),(-27.6000006,5.999999999062E-07),
  .PIECEWISE_BEZIER_KNOTS.);
#14335 = CARTESIAN_POINT('',(-5.2987227708,-27.6000006));
#14336 = CARTESIAN_POINT('',(-5.2987227708,5.999999999062E-07));
#14337 = ( GEOMETRIC_REPRESENTATION_CONTEXT(2) 
PARAMETRIC_REPRESENTATION_CONTEXT() REPRESENTATION_CONTEXT('2D SPACE',''
  ) );
#14338 = ORIENTED_EDGE('',*,*,#14339,.T.);
#14339 = EDGE_CURVE('',#14319,#14269,#14340,.T.);
#14340 = SURFACE_CURVE('',#14341,(#14346,#14353),.PCURVE_S1.);
#14341 = CIRCLE('',#14342,4.2);
#14342 = AXIS2_PLACEMENT_3D('',#14343,#14344,#14345);
#14343 = CARTESIAN_POINT('',(47.,-47.,2.4));
#14344 = DIRECTION('',(0.,0.,-1.));
#14345 = DIRECTION('',(1.,0.,0.));
#14346 = PCURVE('',#7582,#14347);
#14347 = DEFINITIONAL_REPRESENTATION('',(#14348),#14352);
#14348 = LINE('',#14349,#14350);
#14349 = CARTESIAN_POINT('',(-6.28318530718,-2.4));
#14350 = VECTOR('',#14351,1.);
#14351 = DIRECTION('',(1.,-0.));
#14352 = ( GEOMETRIC_REPRESENTATION_CONTEXT(2) 
PARAMETRIC_REPRESENTATION_CONTEXT() REPRESENTATION_CONTEXT('2D SPACE',''
  ) );
#14353 = PCURVE('',#8518,#14354);
#14354 = DEFINITIONAL_REPRESENTATION('',(#14355),#14363);
#14355 = ( BOUNDED_CURVE() B_SPLINE_CURVE(2,(#14356,#14357,#14358,#14359
    ,#14360,#14361,#14362),.UNSPECIFIED.,.T.,.F.) 
B_SPLINE_CURVE_WITH_KNOTS((1,2,2,2,2,1),(-2.094395102393,0.,
    2.094395102393,4.188790204786,6.28318530718,8.377580409573),
.UNSPECIFIED.) CURVE() GEOMETRIC_REPRESENTATION_ITEM() 
RATIONAL_B_SPLINE_CURVE((1.,0.5,1.,0.5,1.,0.5,1.)) REPRESENTATION_ITEM(
  '') );
#14356 = CARTESIAN_POINT('',(51.2,-47.));
#14357 = CARTESIAN_POINT('',(51.2,-54.27461339178));
#14358 = CARTESIAN_POINT('',(44.9,-50.63730669589));
#14359 = CARTESIAN_POINT('',(38.6,-47.));
#14360 = CARTESIAN_POINT('',(44.9,-43.3626933041));
#14361 = CARTESIAN_POINT('',(51.2,-39.72538660821));
#14362 = CARTESIAN_POINT('',(51.2,-47.));
#14363 = ( GEOMETRIC_REPRESENTATION_CONTEXT(2) 
PARAMETRIC_REPRESENTATION_CONTEXT() REPRESENTATION_CONTEXT('2D SPACE',''
  ) );
#14364 = ADVANCED_FACE('',(#14365),#7741,.F.);
#14365 = FACE_BOUND('',#14366,.T.);
#14366 = EDGE_LOOP('',(#14367,#14391,#14392,#14393));
#14367 = ORIENTED_EDGE('',*,*,#14368,.F.);
#14368 = EDGE_CURVE('',#8501,#14369,#14371,.T.);
#14369 = VERTEX_POINT('',#14370);
#14370 = CARTESIAN_POINT('',(-49.49247135181,-43.61952864819,2.4));
#14371 = SURFACE_CURVE('',#14372,(#14377,#14384),.PCURVE_S1.);
#14372 = CIRCLE('',#14373,21.);
#14373 = AXIS2_PLACEMENT_3D('',#14374,#14375,#14376);
#14374 = CARTESIAN_POINT('',(-32.,-32.,2.4));
#14375 = DIRECTION('',(0.,0.,1.));
#14376 = DIRECTION('',(1.,0.,0.));
#14377 = PCURVE('',#7741,#14378);
#14378 = DEFINITIONAL_REPRESENTATION('',(#14379),#14383);
#14379 = LINE('',#14380,#14381);
#14380 = CARTESIAN_POINT('',(-0.,0.));
#14381 = VECTOR('',#14382,1.);
#14382 = DIRECTION('',(-1.,0.));
#14383 = ( GEOMETRIC_REPRESENTATION_CONTEXT(2) 
PARAMETRIC_REPRESENTATION_CONTEXT() REPRESENTATION_CONTEXT('2D SPACE',''
  ) );
#14384 = PCURVE('',#8518,#14385);
#14385 = DEFINITIONAL_REPRESENTATION('',(#14386),#14390);
#14386 = CIRCLE('',#14387,21.);
#14387 = AXIS2_PLACEMENT_2D('',#14388,#14389);
#14388 = CARTESIAN_POINT('',(-32.,-32.));
#14389 = DIRECTION('',(1.,0.));
#14390 = ( GEOMETRIC_REPRESENTATION_CONTEXT(2) 
PARAMETRIC_REPRESENTATION_CONTEXT() REPRESENTATION_CONTEXT('2D SPACE',''
  ) );
#14391 = ORIENTED_EDGE('',*,*,#8530,.T.);
#14392 = ORIENTED_EDGE('',*,*,#7720,.F.);
#14393 = ORIENTED_EDGE('',*,*,#14394,.T.);
#14394 = EDGE_CURVE('',#7688,#14369,#14395,.T.);
#14395 = SURFACE_CURVE('',#14396,(#14400,#14406),.PCURVE_S1.);
#14396 = LINE('',#14397,#14398);
#14397 = CARTESIAN_POINT('',(-49.49247135181,-43.61952864819,2.4));
#14398 = VECTOR('',#14399,1.);
#14399 = DIRECTION('',(-0.,-0.,-1.));
#14400 = PCURVE('',#7741,#14401);
#14401 = DEFINITIONAL_REPRESENTATION('',(#14402),#14405);
#14402 = B_SPLINE_CURVE_WITH_KNOTS('',1,(#14403,#14404),.UNSPECIFIED.,
  .F.,.F.,(2,2),(-27.6000006,5.999999999062E-07),
  .PIECEWISE_BEZIER_KNOTS.);
#14403 = CARTESIAN_POINT('',(-3.727926444005,-27.6000006));
#14404 = CARTESIAN_POINT('',(-3.727926444005,5.999999999062E-07));
#14405 = ( GEOMETRIC_REPRESENTATION_CONTEXT(2) 
PARAMETRIC_REPRESENTATION_CONTEXT() REPRESENTATION_CONTEXT('2D SPACE',''
  ) );
#14406 = PCURVE('',#7708,#14407);
#14407 = DEFINITIONAL_REPRESENTATION('',(#14408),#14411);
#14408 = B_SPLINE_CURVE_WITH_KNOTS('',1,(#14409,#14410),.UNSPECIFIED.,
  .F.,.F.,(2,2),(-27.6000006,5.999999999062E-07),
  .PIECEWISE_BEZIER_KNOTS.);
#14409 = CARTESIAN_POINT('',(-8.489314621075,-30.0000006));
#14410 = CARTESIAN_POINT('',(-8.489314621075,-2.3999994));
#14411 = ( GEOMETRIC_REPRESENTATION_CONTEXT(2) 
PARAMETRIC_REPRESENTATION_CONTEXT() REPRESENTATION_CONTEXT('2D SPACE',''
  ) );
#14412 = ADVANCED_FACE('',(#14413),#7615,.F.);
#14413 = FACE_BOUND('',#14414,.T.);
#14414 = EDGE_LOOP('',(#14415,#14439,#14460,#14461));
#14415 = ORIENTED_EDGE('',*,*,#14416,.F.);
#14416 = EDGE_CURVE('',#14417,#14319,#14419,.T.);
#14417 = VERTEX_POINT('',#14418);
#14418 = CARTESIAN_POINT('',(32.,-53.,2.4));
#14419 = SURFACE_CURVE('',#14420,(#14425,#14432),.PCURVE_S1.);
#14420 = CIRCLE('',#14421,21.);
#14421 = AXIS2_PLACEMENT_3D('',#14422,#14423,#14424);
#14422 = CARTESIAN_POINT('',(32.,-32.,2.4));
#14423 = DIRECTION('',(0.,0.,1.));
#14424 = DIRECTION('',(1.,0.,0.));
#14425 = PCURVE('',#7615,#14426);
#14426 = DEFINITIONAL_REPRESENTATION('',(#14427),#14431);
#14427 = LINE('',#14428,#14429);
#14428 = CARTESIAN_POINT('',(-0.,0.));
#14429 = VECTOR('',#14430,1.);
#14430 = DIRECTION('',(-1.,0.));
#14431 = ( GEOMETRIC_REPRESENTATION_CONTEXT(2) 
PARAMETRIC_REPRESENTATION_CONTEXT() REPRESENTATION_CONTEXT('2D SPACE',''
  ) );
#14432 = PCURVE('',#8518,#14433);
#14433 = DEFINITIONAL_REPRESENTATION('',(#14434),#14438);
#14434 = CIRCLE('',#14435,21.);
#14435 = AXIS2_PLACEMENT_2D('',#14436,#14437);
#14436 = CARTESIAN_POINT('',(32.,-32.));
#14437 = DIRECTION('',(1.,0.));
#14438 = ( GEOMETRIC_REPRESENTATION_CONTEXT(2) 
PARAMETRIC_REPRESENTATION_CONTEXT() REPRESENTATION_CONTEXT('2D SPACE',''
  ) );
#14439 = ORIENTED_EDGE('',*,*,#14440,.T.);
#14440 = EDGE_CURVE('',#14417,#7595,#14441,.T.);
#14441 = SURFACE_CURVE('',#14442,(#14446,#14453),.PCURVE_S1.);
#14442 = LINE('',#14443,#14444);
#14443 = CARTESIAN_POINT('',(32.,-53.,2.4));
#14444 = VECTOR('',#14445,1.);
#14445 = DIRECTION('',(0.,0.,1.));
#14446 = PCURVE('',#7615,#14447);
#14447 = DEFINITIONAL_REPRESENTATION('',(#14448),#14452);
#14448 = LINE('',#14449,#14450);
#14449 = CARTESIAN_POINT('',(-4.712388980385,0.));
#14450 = VECTOR('',#14451,1.);
#14451 = DIRECTION('',(-0.,-1.));
#14452 = ( GEOMETRIC_REPRESENTATION_CONTEXT(2) 
PARAMETRIC_REPRESENTATION_CONTEXT() REPRESENTATION_CONTEXT('2D SPACE',''
  ) );
#14453 = PCURVE('',#7643,#14454);
#14454 = DEFINITIONAL_REPRESENTATION('',(#14455),#14459);
#14455 = LINE('',#14456,#14457);
#14456 = CARTESIAN_POINT('',(64.,0.));
#14457 = VECTOR('',#14458,1.);
#14458 = DIRECTION('',(0.,-1.));
#14459 = ( GEOMETRIC_REPRESENTATION_CONTEXT(2) 
PARAMETRIC_REPRESENTATION_CONTEXT() REPRESENTATION_CONTEXT('2D SPACE',''
  ) );
#14460 = ORIENTED_EDGE('',*,*,#7594,.F.);
#14461 = ORIENTED_EDGE('',*,*,#14318,.T.);
#14462 = ADVANCED_FACE('',(#14463),#7708,.T.);
#14463 = FACE_BOUND('',#14464,.F.);
#14464 = EDGE_LOOP('',(#14465,#14466,#14467,#14495));
#14465 = ORIENTED_EDGE('',*,*,#7687,.F.);
#14466 = ORIENTED_EDGE('',*,*,#14394,.T.);
#14467 = ORIENTED_EDGE('',*,*,#14468,.T.);
#14468 = EDGE_CURVE('',#14369,#14469,#14471,.T.);
#14469 = VERTEX_POINT('',#14470);
#14470 = CARTESIAN_POINT('',(-43.61952864819,-49.49247135181,2.4));
#14471 = SURFACE_CURVE('',#14472,(#14477,#14484),.PCURVE_S1.);
#14472 = CIRCLE('',#14473,4.2);
#14473 = AXIS2_PLACEMENT_3D('',#14474,#14475,#14476);
#14474 = CARTESIAN_POINT('',(-47.,-47.,2.4));
#14475 = DIRECTION('',(0.,0.,-1.));
#14476 = DIRECTION('',(1.,0.,0.));
#14477 = PCURVE('',#7708,#14478);
#14478 = DEFINITIONAL_REPRESENTATION('',(#14479),#14483);
#14479 = LINE('',#14480,#14481);
#14480 = CARTESIAN_POINT('',(-12.56637061435,-2.4));
#14481 = VECTOR('',#14482,1.);
#14482 = DIRECTION('',(1.,-0.));
#14483 = ( GEOMETRIC_REPRESENTATION_CONTEXT(2) 
PARAMETRIC_REPRESENTATION_CONTEXT() REPRESENTATION_CONTEXT('2D SPACE',''
  ) );
#14484 = PCURVE('',#8518,#14485);
#14485 = DEFINITIONAL_REPRESENTATION('',(#14486),#14494);
#14486 = ( BOUNDED_CURVE() B_SPLINE_CURVE(2,(#14487,#14488,#14489,#14490
    ,#14491,#14492,#14493),.UNSPECIFIED.,.T.,.F.) 
B_SPLINE_CURVE_WITH_KNOTS((1,2,2,2,2,1),(-2.094395102393,0.,
    2.094395102393,4.188790204786,6.28318530718,8.377580409573),
.UNSPECIFIED.) CURVE() GEOMETRIC_REPRESENTATION_ITEM() 
RATIONAL_B_SPLINE_CURVE((1.,0.5,1.,0.5,1.,0.5,1.)) REPRESENTATION_ITEM(
  '') );
#14487 = CARTESIAN_POINT('',(-42.8,-47.));
#14488 = CARTESIAN_POINT('',(-42.8,-54.27461339178));
#14489 = CARTESIAN_POINT('',(-49.1,-50.63730669589));
#14490 = CARTESIAN_POINT('',(-55.4,-47.));
#14491 = CARTESIAN_POINT('',(-49.1,-43.3626933041));
#14492 = CARTESIAN_POINT('',(-42.8,-39.72538660821));
#14493 = CARTESIAN_POINT('',(-42.8,-47.));
#14494 = ( GEOMETRIC_REPRESENTATION_CONTEXT(2) 
PARAMETRIC_REPRESENTATION_CONTEXT() REPRESENTATION_CONTEXT('2D SPACE',''
  ) );
#14495 = ORIENTED_EDGE('',*,*,#14496,.F.);
#14496 = EDGE_CURVE('',#7655,#14469,#14497,.T.);
#14497 = SURFACE_CURVE('',#14498,(#14502,#14508),.PCURVE_S1.);
#14498 = LINE('',#14499,#14500);
#14499 = CARTESIAN_POINT('',(-43.61952864819,-49.49247135181,2.4));
#14500 = VECTOR('',#14501,1.);
#14501 = DIRECTION('',(-0.,-0.,-1.));
#14502 = PCURVE('',#7708,#14503);
#14503 = DEFINITIONAL_REPRESENTATION('',(#14504),#14507);
#14504 = B_SPLINE_CURVE_WITH_KNOTS('',1,(#14505,#14506),.UNSPECIFIED.,
  .F.,.F.,(2,2),(-27.6000006,5.999999999062E-07),
  .PIECEWISE_BEZIER_KNOTS.);
#14505 = CARTESIAN_POINT('',(-5.647852320079,-30.0000006));
#14506 = CARTESIAN_POINT('',(-5.647852320079,-2.3999994));
#14507 = ( GEOMETRIC_REPRESENTATION_CONTEXT(2) 
PARAMETRIC_REPRESENTATION_CONTEXT() REPRESENTATION_CONTEXT('2D SPACE',''
  ) );
#14508 = PCURVE('',#7675,#14509);
#14509 = DEFINITIONAL_REPRESENTATION('',(#14510),#14513);
#14510 = B_SPLINE_CURVE_WITH_KNOTS('',1,(#14511,#14512),.UNSPECIFIED.,
  .F.,.F.,(2,2),(-27.6000006,5.999999999062E-07),
  .PIECEWISE_BEZIER_KNOTS.);
#14511 = CARTESIAN_POINT('',(-4.12605518997,-27.6000006));
#14512 = CARTESIAN_POINT('',(-4.12605518997,5.999999999062E-07));
#14513 = ( GEOMETRIC_REPRESENTATION_CONTEXT(2) 
PARAMETRIC_REPRESENTATION_CONTEXT() REPRESENTATION_CONTEXT('2D SPACE',''
  ) );
#14514 = ADVANCED_FACE('',(#14515,#14563,#14566,#14569,#14572,#14575,
    #14578,#14581,#14584,#14587,#14590,#14593,#14596,#14599,#14602,
    #14605,#14608,#14611,#14614,#14617,#14620,#14623,#14626,#14629,
    #14632,#14635,#14638,#14641,#14644,#14647,#14650,#14653,#14656),
  #7643,.T.);
#14515 = FACE_BOUND('',#14516,.T.);
#14516 = EDGE_LOOP('',(#14517,#14540,#14561,#14562));
#14517 = ORIENTED_EDGE('',*,*,#14518,.F.);
#14518 = EDGE_CURVE('',#14519,#14417,#14521,.T.);
#14519 = VERTEX_POINT('',#14520);
#14520 = CARTESIAN_POINT('',(-32.,-53.,2.4));
#14521 = SURFACE_CURVE('',#14522,(#14526,#14533),.PCURVE_S1.);
#14522 = LINE('',#14523,#14524);
#14523 = CARTESIAN_POINT('',(0.,-53.,2.4));
#14524 = VECTOR('',#14525,1.);
#14525 = DIRECTION('',(1.,0.,0.));
#14526 = PCURVE('',#7643,#14527);
#14527 = DEFINITIONAL_REPRESENTATION('',(#14528),#14532);
#14528 = LINE('',#14529,#14530);
#14529 = CARTESIAN_POINT('',(32.,0.));
#14530 = VECTOR('',#14531,1.);
#14531 = DIRECTION('',(1.,0.));
#14532 = ( GEOMETRIC_REPRESENTATION_CONTEXT(2) 
PARAMETRIC_REPRESENTATION_CONTEXT() REPRESENTATION_CONTEXT('2D SPACE',''
  ) );
#14533 = PCURVE('',#8518,#14534);
#14534 = DEFINITIONAL_REPRESENTATION('',(#14535),#14539);
#14535 = LINE('',#14536,#14537);
#14536 = CARTESIAN_POINT('',(0.,-53.));
#14537 = VECTOR('',#14538,1.);
#14538 = DIRECTION('',(1.,0.));
#14539 = ( GEOMETRIC_REPRESENTATION_CONTEXT(2) 
PARAMETRIC_REPRESENTATION_CONTEXT() REPRESENTATION_CONTEXT('2D SPACE',''
  ) );
#14540 = ORIENTED_EDGE('',*,*,#14541,.T.);
#14541 = EDGE_CURVE('',#14519,#7628,#14542,.T.);
#14542 = SURFACE_CURVE('',#14543,(#14547,#14554),.PCURVE_S1.);
#14543 = LINE('',#14544,#14545);
#14544 = CARTESIAN_POINT('',(-32.,-53.,2.4));
#14545 = VECTOR('',#14546,1.);
#14546 = DIRECTION('',(0.,0.,1.));
#14547 = PCURVE('',#7643,#14548);
#14548 = DEFINITIONAL_REPRESENTATION('',(#14549),#14553);
#14549 = LINE('',#14550,#14551);
#14550 = CARTESIAN_POINT('',(0.,0.));
#14551 = VECTOR('',#14552,1.);
#14552 = DIRECTION('',(0.,-1.));
#14553 = ( GEOMETRIC_REPRESENTATION_CONTEXT(2) 
PARAMETRIC_REPRESENTATION_CONTEXT() REPRESENTATION_CONTEXT('2D SPACE',''
  ) );
#14554 = PCURVE('',#7675,#14555);
#14555 = DEFINITIONAL_REPRESENTATION('',(#14556),#14560);
#14556 = LINE('',#14557,#14558);
#14557 = CARTESIAN_POINT('',(-4.712388980385,0.));
#14558 = VECTOR('',#14559,1.);
#14559 = DIRECTION('',(-0.,-1.));
#14560 = ( GEOMETRIC_REPRESENTATION_CONTEXT(2) 
PARAMETRIC_REPRESENTATION_CONTEXT() REPRESENTATION_CONTEXT('2D SPACE',''
  ) );
#14561 = ORIENTED_EDGE('',*,*,#7627,.F.);
#14562 = ORIENTED_EDGE('',*,*,#14440,.F.);
#14563 = FACE_BOUND('',#14564,.T.);
#14564 = EDGE_LOOP('',(#14565));
#14565 = ORIENTED_EDGE('',*,*,#11465,.F.);
#14566 = FACE_BOUND('',#14567,.T.);
#14567 = EDGE_LOOP('',(#14568));
#14568 = ORIENTED_EDGE('',*,*,#11515,.F.);
#14569 = FACE_BOUND('',#14570,.T.);
#14570 = EDGE_LOOP('',(#14571));
#14571 = ORIENTED_EDGE('',*,*,#11565,.F.);
#14572 = FACE_BOUND('',#14573,.T.);
#14573 = EDGE_LOOP('',(#14574));
#14574 = ORIENTED_EDGE('',*,*,#11615,.F.);
#14575 = FACE_BOUND('',#14576,.T.);
#14576 = EDGE_LOOP('',(#14577));
#14577 = ORIENTED_EDGE('',*,*,#11665,.F.);
#14578 = FACE_BOUND('',#14579,.T.);
#14579 = EDGE_LOOP('',(#14580));
#14580 = ORIENTED_EDGE('',*,*,#11715,.F.);
#14581 = FACE_BOUND('',#14582,.T.);
#14582 = EDGE_LOOP('',(#14583));
#14583 = ORIENTED_EDGE('',*,*,#11765,.F.);
#14584 = FACE_BOUND('',#14585,.T.);
#14585 = EDGE_LOOP('',(#14586));
#14586 = ORIENTED_EDGE('',*,*,#11815,.F.);
#14587 = FACE_BOUND('',#14588,.T.);
#14588 = EDGE_LOOP('',(#14589));
#14589 = ORIENTED_EDGE('',*,*,#11865,.F.);
#14590 = FACE_BOUND('',#14591,.T.);
#14591 = EDGE_LOOP('',(#14592));
#14592 = ORIENTED_EDGE('',*,*,#11915,.F.);
#14593 = FACE_BOUND('',#14594,.T.);
#14594 = EDGE_LOOP('',(#14595));
#14595 = ORIENTED_EDGE('',*,*,#11965,.F.);
#14596 = FACE_BOUND('',#14597,.T.);
#14597 = EDGE_LOOP('',(#14598));
#14598 = ORIENTED_EDGE('',*,*,#12015,.F.);
#14599 = FACE_BOUND('',#14600,.T.);
#14600 = EDGE_LOOP('',(#14601));
#14601 = ORIENTED_EDGE('',*,*,#12065,.F.);
#14602 = FACE_BOUND('',#14603,.T.);
#14603 = EDGE_LOOP('',(#14604));
#14604 = ORIENTED_EDGE('',*,*,#12115,.F.);
#14605 = FACE_BOUND('',#14606,.T.);
#14606 = EDGE_LOOP('',(#14607));
#14607 = ORIENTED_EDGE('',*,*,#12165,.F.);
#14608 = FACE_BOUND('',#14609,.T.);
#14609 = EDGE_LOOP('',(#14610));
#14610 = ORIENTED_EDGE('',*,*,#12215,.F.);
#14611 = FACE_BOUND('',#14612,.T.);
#14612 = EDGE_LOOP('',(#14613));
#14613 = ORIENTED_EDGE('',*,*,#12265,.F.);
#14614 = FACE_BOUND('',#14615,.T.);
#14615 = EDGE_LOOP('',(#14616));
#14616 = ORIENTED_EDGE('',*,*,#12315,.F.);
#14617 = FACE_BOUND('',#14618,.T.);
#14618 = EDGE_LOOP('',(#14619));
#14619 = ORIENTED_EDGE('',*,*,#12365,.F.);
#14620 = FACE_BOUND('',#14621,.T.);
#14621 = EDGE_LOOP('',(#14622));
#14622 = ORIENTED_EDGE('',*,*,#12415,.F.);
#14623 = FACE_BOUND('',#14624,.T.);
#14624 = EDGE_LOOP('',(#14625));
#14625 = ORIENTED_EDGE('',*,*,#12465,.F.);
#14626 = FACE_BOUND('',#14627,.T.);
#14627 = EDGE_LOOP('',(#14628));
#14628 = ORIENTED_EDGE('',*,*,#12515,.F.);
#14629 = FACE_BOUND('',#14630,.T.);
#14630 = EDGE_LOOP('',(#14631));
#14631 = ORIENTED_EDGE('',*,*,#12565,.F.);
#14632 = FACE_BOUND('',#14633,.T.);
#14633 = EDGE_LOOP('',(#14634));
#14634 = ORIENTED_EDGE('',*,*,#12615,.F.);
#14635 = FACE_BOUND('',#14636,.T.);
#14636 = EDGE_LOOP('',(#14637));
#14637 = ORIENTED_EDGE('',*,*,#12665,.F.);
#14638 = FACE_BOUND('',#14639,.T.);
#14639 = EDGE_LOOP('',(#14640));
#14640 = ORIENTED_EDGE('',*,*,#12715,.F.);
#14641 = FACE_BOUND('',#14642,.T.);
#14642 = EDGE_LOOP('',(#14643));
#14643 = ORIENTED_EDGE('',*,*,#12765,.F.);
#14644 = FACE_BOUND('',#14645,.T.);
#14645 = EDGE_LOOP('',(#14646));
#14646 = ORIENTED_EDGE('',*,*,#12815,.F.);
#14647 = FACE_BOUND('',#14648,.T.);
#14648 = EDGE_LOOP('',(#14649));
#14649 = ORIENTED_EDGE('',*,*,#12865,.F.);
#14650 = FACE_BOUND('',#14651,.T.);
#14651 = EDGE_LOOP('',(#14652));
#14652 = ORIENTED_EDGE('',*,*,#12915,.F.);
#14653 = FACE_BOUND('',#14654,.T.);
#14654 = EDGE_LOOP('',(#14655));
#14655 = ORIENTED_EDGE('',*,*,#12965,.F.);
#14656 = FACE_BOUND('',#14657,.T.);
#14657 = EDGE_LOOP('',(#14658));
#14658 = ORIENTED_EDGE('',*,*,#13015,.F.);
#14659 = ADVANCED_FACE('',(#14660),#7675,.F.);
#14660 = FACE_BOUND('',#14661,.T.);
#14661 = EDGE_LOOP('',(#14662,#14684,#14685,#14686));
#14662 = ORIENTED_EDGE('',*,*,#14663,.F.);
#14663 = EDGE_CURVE('',#14469,#14519,#14664,.T.);
#14664 = SURFACE_CURVE('',#14665,(#14670,#14677),.PCURVE_S1.);
#14665 = CIRCLE('',#14666,21.);
#14666 = AXIS2_PLACEMENT_3D('',#14667,#14668,#14669);
#14667 = CARTESIAN_POINT('',(-32.,-32.,2.4));
#14668 = DIRECTION('',(0.,0.,1.));
#14669 = DIRECTION('',(1.,0.,0.));
#14670 = PCURVE('',#7675,#14671);
#14671 = DEFINITIONAL_REPRESENTATION('',(#14672),#14676);
#14672 = LINE('',#14673,#14674);
#14673 = CARTESIAN_POINT('',(-0.,0.));
#14674 = VECTOR('',#14675,1.);
#14675 = DIRECTION('',(-1.,0.));
#14676 = ( GEOMETRIC_REPRESENTATION_CONTEXT(2) 
PARAMETRIC_REPRESENTATION_CONTEXT() REPRESENTATION_CONTEXT('2D SPACE',''
  ) );
#14677 = PCURVE('',#8518,#14678);
#14678 = DEFINITIONAL_REPRESENTATION('',(#14679),#14683);
#14679 = CIRCLE('',#14680,21.);
#14680 = AXIS2_PLACEMENT_2D('',#14681,#14682);
#14681 = CARTESIAN_POINT('',(-32.,-32.));
#14682 = DIRECTION('',(1.,0.));
#14683 = ( GEOMETRIC_REPRESENTATION_CONTEXT(2) 
PARAMETRIC_REPRESENTATION_CONTEXT() REPRESENTATION_CONTEXT('2D SPACE',''
  ) );
#14684 = ORIENTED_EDGE('',*,*,#14496,.F.);
#14685 = ORIENTED_EDGE('',*,*,#7654,.F.);
#14686 = ORIENTED_EDGE('',*,*,#14541,.F.);
#14687 = ADVANCED_FACE('',(#14688),#7922,.F.);
#14688 = FACE_BOUND('',#14689,.T.);
#14689 = EDGE_LOOP('',(#14690,#14718,#14739,#14740));
#14690 = ORIENTED_EDGE('',*,*,#14691,.T.);
#14691 = EDGE_CURVE('',#14692,#14692,#14694,.T.);
#14692 = VERTEX_POINT('',#14693);
#14693 = CARTESIAN_POINT('',(48.7,47.,25.));
#14694 = SURFACE_CURVE('',#14695,(#14700,#14707),.PCURVE_S1.);
#14695 = CIRCLE('',#14696,1.7);
#14696 = AXIS2_PLACEMENT_3D('',#14697,#14698,#14699);
#14697 = CARTESIAN_POINT('',(47.,47.,25.));
#14698 = DIRECTION('',(0.,0.,-1.));
#14699 = DIRECTION('',(1.,0.,0.));
#14700 = PCURVE('',#7922,#14701);
#14701 = DEFINITIONAL_REPRESENTATION('',(#14702),#14706);
#14702 = LINE('',#14703,#14704);
#14703 = CARTESIAN_POINT('',(-6.28318530718,-26.));
#14704 = VECTOR('',#14705,1.);
#14705 = DIRECTION('',(1.,-0.));
#14706 = ( GEOMETRIC_REPRESENTATION_CONTEXT(2) 
PARAMETRIC_REPRESENTATION_CONTEXT() REPRESENTATION_CONTEXT('2D SPACE',''
  ) );
#14707 = PCURVE('',#9171,#14708);
#14708 = DEFINITIONAL_REPRESENTATION('',(#14709),#14717);
#14709 = ( BOUNDED_CURVE() B_SPLINE_CURVE(2,(#14710,#14711,#14712,#14713
    ,#14714,#14715,#14716),.UNSPECIFIED.,.T.,.F.) 
B_SPLINE_CURVE_WITH_KNOTS((1,2,2,2,2,1),(-2.094395102393,0.,
    2.094395102393,4.188790204786,6.28318530718,8.377580409573),
.UNSPECIFIED.) CURVE() GEOMETRIC_REPRESENTATION_ITEM() 
RATIONAL_B_SPLINE_CURVE((1.,0.5,1.,0.5,1.,0.5,1.)) REPRESENTATION_ITEM(
  '') );
#14710 = CARTESIAN_POINT('',(1.7,7.105427357601E-15));
#14711 = CARTESIAN_POINT('',(1.7,-2.944486372867));
#14712 = CARTESIAN_POINT('',(-0.85,-1.472243186434));
#14713 = CARTESIAN_POINT('',(-3.4,6.689047445891E-15));
#14714 = CARTESIAN_POINT('',(-0.85,1.472243186434));
#14715 = CARTESIAN_POINT('',(1.7,2.944486372867));
#14716 = CARTESIAN_POINT('',(1.7,7.105427357601E-15));
#14717 = ( GEOMETRIC_REPRESENTATION_CONTEXT(2) 
PARAMETRIC_REPRESENTATION_CONTEXT() REPRESENTATION_CONTEXT('2D SPACE',''
  ) );
#14718 = ORIENTED_EDGE('',*,*,#14719,.T.);
#14719 = EDGE_CURVE('',#14692,#7902,#14720,.T.);
#14720 = SEAM_CURVE('',#14721,(#14725,#14732),.PCURVE_S1.);
#14721 = LINE('',#14722,#14723);
#14722 = CARTESIAN_POINT('',(48.7,47.,-1.));
#14723 = VECTOR('',#14724,1.);
#14724 = DIRECTION('',(0.,0.,1.));
#14725 = PCURVE('',#7922,#14726);
#14726 = DEFINITIONAL_REPRESENTATION('',(#14727),#14731);
#14727 = LINE('',#14728,#14729);
#14728 = CARTESIAN_POINT('',(-6.28318530718,0.));
#14729 = VECTOR('',#14730,1.);
#14730 = DIRECTION('',(-0.,-1.));
#14731 = ( GEOMETRIC_REPRESENTATION_CONTEXT(2) 
PARAMETRIC_REPRESENTATION_CONTEXT() REPRESENTATION_CONTEXT('2D SPACE',''
  ) );
#14732 = PCURVE('',#7922,#14733);
#14733 = DEFINITIONAL_REPRESENTATION('',(#14734),#14738);
#14734 = LINE('',#14735,#14736);
#14735 = CARTESIAN_POINT('',(-0.,0.));
#14736 = VECTOR('',#14737,1.);
#14737 = DIRECTION('',(-0.,-1.));
#14738 = ( GEOMETRIC_REPRESENTATION_CONTEXT(2) 
PARAMETRIC_REPRESENTATION_CONTEXT() REPRESENTATION_CONTEXT('2D SPACE',''
  ) );
#14739 = ORIENTED_EDGE('',*,*,#7901,.F.);
#14740 = ORIENTED_EDGE('',*,*,#14719,.F.);
#14741 = ADVANCED_FACE('',(#14742),#8336,.T.);
#14742 = FACE_BOUND('',#14743,.T.);
#14743 = EDGE_LOOP('',(#14744,#14745,#14766,#14767,#14768,#14789));
#14744 = ORIENTED_EDGE('',*,*,#8321,.F.);
#14745 = ORIENTED_EDGE('',*,*,#14746,.T.);
#14746 = EDGE_CURVE('',#8289,#13827,#14747,.T.);
#14747 = SURFACE_CURVE('',#14748,(#14752,#14759),.PCURVE_S1.);
#14748 = LINE('',#14749,#14750);
#14749 = CARTESIAN_POINT('',(-14.,57.,6.75));
#14750 = VECTOR('',#14751,1.);
#14751 = DIRECTION('',(0.,-1.,0.));
#14752 = PCURVE('',#8336,#14753);
#14753 = DEFINITIONAL_REPRESENTATION('',(#14754),#14758);
#14754 = LINE('',#14755,#14756);
#14755 = CARTESIAN_POINT('',(2.5,0.));
#14756 = VECTOR('',#14757,1.);
#14757 = DIRECTION('',(0.,-1.));
#14758 = ( GEOMETRIC_REPRESENTATION_CONTEXT(2) 
PARAMETRIC_REPRESENTATION_CONTEXT() REPRESENTATION_CONTEXT('2D SPACE',''
  ) );
#14759 = PCURVE('',#8309,#14760);
#14760 = DEFINITIONAL_REPRESENTATION('',(#14761),#14765);
#14761 = LINE('',#14762,#14763);
#14762 = CARTESIAN_POINT('',(-0.,0.));
#14763 = VECTOR('',#14764,1.);
#14764 = DIRECTION('',(-0.,1.));
#14765 = ( GEOMETRIC_REPRESENTATION_CONTEXT(2) 
PARAMETRIC_REPRESENTATION_CONTEXT() REPRESENTATION_CONTEXT('2D SPACE',''
  ) );
#14766 = ORIENTED_EDGE('',*,*,#13854,.T.);
#14767 = ORIENTED_EDGE('',*,*,#13658,.T.);
#14768 = ORIENTED_EDGE('',*,*,#14769,.F.);
#14769 = EDGE_CURVE('',#9475,#13603,#14770,.T.);
#14770 = SURFACE_CURVE('',#14771,(#14775,#14782),.PCURVE_S1.);
#14771 = LINE('',#14772,#14773);
#14772 = CARTESIAN_POINT('',(35.,57.,6.75));
#14773 = VECTOR('',#14774,1.);
#14774 = DIRECTION('',(0.,-1.,0.));
#14775 = PCURVE('',#8336,#14776);
#14776 = DEFINITIONAL_REPRESENTATION('',(#14777),#14781);
#14777 = LINE('',#14778,#14779);
#14778 = CARTESIAN_POINT('',(51.5,0.));
#14779 = VECTOR('',#14780,1.);
#14780 = DIRECTION('',(0.,-1.));
#14781 = ( GEOMETRIC_REPRESENTATION_CONTEXT(2) 
PARAMETRIC_REPRESENTATION_CONTEXT() REPRESENTATION_CONTEXT('2D SPACE',''
  ) );
#14782 = PCURVE('',#9512,#14783);
#14783 = DEFINITIONAL_REPRESENTATION('',(#14784),#14788);
#14784 = LINE('',#14785,#14786);
#14785 = CARTESIAN_POINT('',(0.,0.));
#14786 = VECTOR('',#14787,1.);
#14787 = DIRECTION('',(0.,1.));
#14788 = ( GEOMETRIC_REPRESENTATION_CONTEXT(2) 
PARAMETRIC_REPRESENTATION_CONTEXT() REPRESENTATION_CONTEXT('2D SPACE',''
  ) );
#14789 = ORIENTED_EDGE('',*,*,#9535,.F.);
#14790 = ADVANCED_FACE('',(#14791),#8309,.F.);
#14791 = FACE_BOUND('',#14792,.T.);
#14792 = EDGE_LOOP('',(#14793,#14794,#14795,#14816));
#14793 = ORIENTED_EDGE('',*,*,#14746,.F.);
#14794 = ORIENTED_EDGE('',*,*,#8288,.F.);
#14795 = ORIENTED_EDGE('',*,*,#14796,.T.);
#14796 = EDGE_CURVE('',#8263,#13806,#14797,.T.);
#14797 = SURFACE_CURVE('',#14798,(#14802,#14809),.PCURVE_S1.);
#14798 = LINE('',#14799,#14800);
#14799 = CARTESIAN_POINT('',(-16.5,57.,9.25));
#14800 = VECTOR('',#14801,1.);
#14801 = DIRECTION('',(0.,-1.,0.));
#14802 = PCURVE('',#8309,#14803);
#14803 = DEFINITIONAL_REPRESENTATION('',(#14804),#14808);
#14804 = LINE('',#14805,#14806);
#14805 = CARTESIAN_POINT('',(-1.570796326795,0.));
#14806 = VECTOR('',#14807,1.);
#14807 = DIRECTION('',(-0.,1.));
#14808 = ( GEOMETRIC_REPRESENTATION_CONTEXT(2) 
PARAMETRIC_REPRESENTATION_CONTEXT() REPRESENTATION_CONTEXT('2D SPACE',''
  ) );
#14809 = PCURVE('',#8277,#14810);
#14810 = DEFINITIONAL_REPRESENTATION('',(#14811),#14815);
#14811 = LINE('',#14812,#14813);
#14812 = CARTESIAN_POINT('',(15.5,0.));
#14813 = VECTOR('',#14814,1.);
#14814 = DIRECTION('',(0.,-1.));
#14815 = ( GEOMETRIC_REPRESENTATION_CONTEXT(2) 
PARAMETRIC_REPRESENTATION_CONTEXT() REPRESENTATION_CONTEXT('2D SPACE',''
  ) );
#14816 = ORIENTED_EDGE('',*,*,#13826,.T.);
#14817 = ADVANCED_FACE('',(#14818),#8277,.T.);
#14818 = FACE_BOUND('',#14819,.T.);
#14819 = EDGE_LOOP('',(#14820,#14821,#14842,#14843));
#14820 = ORIENTED_EDGE('',*,*,#8262,.F.);
#14821 = ORIENTED_EDGE('',*,*,#14822,.T.);
#14822 = EDGE_CURVE('',#8230,#13778,#14823,.T.);
#14823 = SURFACE_CURVE('',#14824,(#14828,#14835),.PCURVE_S1.);
#14824 = LINE('',#14825,#14826);
#14825 = CARTESIAN_POINT('',(-16.5,57.,22.25));
#14826 = VECTOR('',#14827,1.);
#14827 = DIRECTION('',(0.,-1.,0.));
#14828 = PCURVE('',#8277,#14829);
#14829 = DEFINITIONAL_REPRESENTATION('',(#14830),#14834);
#14830 = LINE('',#14831,#14832);
#14831 = CARTESIAN_POINT('',(2.5,0.));
#14832 = VECTOR('',#14833,1.);
#14833 = DIRECTION('',(0.,-1.));
#14834 = ( GEOMETRIC_REPRESENTATION_CONTEXT(2) 
PARAMETRIC_REPRESENTATION_CONTEXT() REPRESENTATION_CONTEXT('2D SPACE',''
  ) );
#14835 = PCURVE('',#8250,#14836);
#14836 = DEFINITIONAL_REPRESENTATION('',(#14837),#14841);
#14837 = LINE('',#14838,#14839);
#14838 = CARTESIAN_POINT('',(1.570796326795,0.));
#14839 = VECTOR('',#14840,1.);
#14840 = DIRECTION('',(0.,1.));
#14841 = ( GEOMETRIC_REPRESENTATION_CONTEXT(2) 
PARAMETRIC_REPRESENTATION_CONTEXT() REPRESENTATION_CONTEXT('2D SPACE',''
  ) );
#14842 = ORIENTED_EDGE('',*,*,#13805,.T.);
#14843 = ORIENTED_EDGE('',*,*,#14796,.F.);
#14844 = ADVANCED_FACE('',(#14845),#8250,.F.);
#14845 = FACE_BOUND('',#14846,.F.);
#14846 = EDGE_LOOP('',(#14847,#14868,#14869,#14870));
#14847 = ORIENTED_EDGE('',*,*,#14848,.F.);
#14848 = EDGE_CURVE('',#8204,#13757,#14849,.T.);
#14849 = SURFACE_CURVE('',#14850,(#14854,#14861),.PCURVE_S1.);
#14850 = LINE('',#14851,#14852);
#14851 = CARTESIAN_POINT('',(-14.,57.,24.75));
#14852 = VECTOR('',#14853,1.);
#14853 = DIRECTION('',(0.,-1.,0.));
#14854 = PCURVE('',#8250,#14855);
#14855 = DEFINITIONAL_REPRESENTATION('',(#14856),#14860);
#14856 = LINE('',#14857,#14858);
#14857 = CARTESIAN_POINT('',(0.,0.));
#14858 = VECTOR('',#14859,1.);
#14859 = DIRECTION('',(0.,1.));
#14860 = ( GEOMETRIC_REPRESENTATION_CONTEXT(2) 
PARAMETRIC_REPRESENTATION_CONTEXT() REPRESENTATION_CONTEXT('2D SPACE',''
  ) );
#14861 = PCURVE('',#8218,#14862);
#14862 = DEFINITIONAL_REPRESENTATION('',(#14863),#14867);
#14863 = LINE('',#14864,#14865);
#14864 = CARTESIAN_POINT('',(51.5,0.));
#14865 = VECTOR('',#14866,1.);
#14866 = DIRECTION('',(0.,-1.));
#14867 = ( GEOMETRIC_REPRESENTATION_CONTEXT(2) 
PARAMETRIC_REPRESENTATION_CONTEXT() REPRESENTATION_CONTEXT('2D SPACE',''
  ) );
#14868 = ORIENTED_EDGE('',*,*,#8229,.T.);
#14869 = ORIENTED_EDGE('',*,*,#14822,.T.);
#14870 = ORIENTED_EDGE('',*,*,#13777,.F.);
#14871 = ADVANCED_FACE('',(#14872),#8218,.T.);
#14872 = FACE_BOUND('',#14873,.T.);
#14873 = EDGE_LOOP('',(#14874,#14875,#14896,#14897,#14898,#14899));
#14874 = ORIENTED_EDGE('',*,*,#9363,.T.);
#14875 = ORIENTED_EDGE('',*,*,#14876,.T.);
#14876 = EDGE_CURVE('',#9364,#13502,#14877,.T.);
#14877 = SURFACE_CURVE('',#14878,(#14882,#14889),.PCURVE_S1.);
#14878 = LINE('',#14879,#14880);
#14879 = CARTESIAN_POINT('',(35.,57.,24.75));
#14880 = VECTOR('',#14881,1.);
#14881 = DIRECTION('',(0.,-1.,0.));
#14882 = PCURVE('',#8218,#14883);
#14883 = DEFINITIONAL_REPRESENTATION('',(#14884),#14888);
#14884 = LINE('',#14885,#14886);
#14885 = CARTESIAN_POINT('',(2.5,0.));
#14886 = VECTOR('',#14887,1.);
#14887 = DIRECTION('',(0.,-1.));
#14888 = ( GEOMETRIC_REPRESENTATION_CONTEXT(2) 
PARAMETRIC_REPRESENTATION_CONTEXT() REPRESENTATION_CONTEXT('2D SPACE',''
  ) );
#14889 = PCURVE('',#9425,#14890);
#14890 = DEFINITIONAL_REPRESENTATION('',(#14891),#14895);
#14891 = LINE('',#14892,#14893);
#14892 = CARTESIAN_POINT('',(1.570796326795,0.));
#14893 = VECTOR('',#14894,1.);
#14894 = DIRECTION('',(0.,1.));
#14895 = ( GEOMETRIC_REPRESENTATION_CONTEXT(2) 
PARAMETRIC_REPRESENTATION_CONTEXT() REPRESENTATION_CONTEXT('2D SPACE',''
  ) );
#14896 = ORIENTED_EDGE('',*,*,#13501,.F.);
#14897 = ORIENTED_EDGE('',*,*,#13756,.T.);
#14898 = ORIENTED_EDGE('',*,*,#14848,.F.);
#14899 = ORIENTED_EDGE('',*,*,#8203,.F.);
#14900 = ADVANCED_FACE('',(#14901,#14919,#14954,#14989,#14995,#15001,
    #15007,#15013,#15048,#15054,#15060,#15066),#8518,.T.);
#14901 = FACE_BOUND('',#14902,.T.);
#14902 = EDGE_LOOP('',(#14903,#14904,#14905,#14906,#14907,#14908,#14909,
    #14910,#14911,#14912,#14913,#14914,#14915,#14916,#14917,#14918));
#14903 = ORIENTED_EDGE('',*,*,#8500,.F.);
#14904 = ORIENTED_EDGE('',*,*,#14368,.T.);
#14905 = ORIENTED_EDGE('',*,*,#14468,.T.);
#14906 = ORIENTED_EDGE('',*,*,#14663,.T.);
#14907 = ORIENTED_EDGE('',*,*,#14518,.T.);
#14908 = ORIENTED_EDGE('',*,*,#14416,.T.);
#14909 = ORIENTED_EDGE('',*,*,#14339,.T.);
#14910 = ORIENTED_EDGE('',*,*,#14268,.T.);
#14911 = ORIENTED_EDGE('',*,*,#14079,.T.);
#14912 = ORIENTED_EDGE('',*,*,#13977,.T.);
#14913 = ORIENTED_EDGE('',*,*,#13899,.T.);
#14914 = ORIENTED_EDGE('',*,*,#13432,.T.);
#14915 = ORIENTED_EDGE('',*,*,#13710,.F.);
#14916 = ORIENTED_EDGE('',*,*,#13929,.T.);
#14917 = ORIENTED_EDGE('',*,*,#14050,.T.);
#14918 = ORIENTED_EDGE('',*,*,#14240,.T.);
#14919 = FACE_BOUND('',#14920,.T.);
#14920 = EDGE_LOOP('',(#14921));
#14921 = ORIENTED_EDGE('',*,*,#14922,.T.);
#14922 = EDGE_CURVE('',#14923,#14923,#14925,.T.);
#14923 = VERTEX_POINT('',#14924);
#14924 = CARTESIAN_POINT('',(-11.,-31.7,2.4));
#14925 = SURFACE_CURVE('',#14926,(#14931,#14942),.PCURVE_S1.);
#14926 = CIRCLE('',#14927,3.);
#14927 = AXIS2_PLACEMENT_3D('',#14928,#14929,#14930);
#14928 = CARTESIAN_POINT('',(-14.,-31.7,2.4));
#14929 = DIRECTION('',(0.,0.,-1.));
#14930 = DIRECTION('',(1.,0.,0.));
#14931 = PCURVE('',#8518,#14932);
#14932 = DEFINITIONAL_REPRESENTATION('',(#14933),#14941);
#14933 = ( BOUNDED_CURVE() B_SPLINE_CURVE(2,(#14934,#14935,#14936,#14937
    ,#14938,#14939,#14940),.UNSPECIFIED.,.T.,.F.) 
B_SPLINE_CURVE_WITH_KNOTS((1,2,2,2,2,1),(-2.094395102393,0.,
    2.094395102393,4.188790204786,6.28318530718,8.377580409573),
.UNSPECIFIED.) CURVE() GEOMETRIC_REPRESENTATION_ITEM() 
RATIONAL_B_SPLINE_CURVE((1.,0.5,1.,0.5,1.,0.5,1.)) REPRESENTATION_ITEM(
  '') );
#14934 = CARTESIAN_POINT('',(-11.,-31.7));
#14935 = CARTESIAN_POINT('',(-11.,-36.8961524227));
#14936 = CARTESIAN_POINT('',(-15.5,-34.29807621135));
#14937 = CARTESIAN_POINT('',(-20.,-31.7));
#14938 = CARTESIAN_POINT('',(-15.5,-29.10192378864));
#14939 = CARTESIAN_POINT('',(-11.,-26.50384757729));
#14940 = CARTESIAN_POINT('',(-11.,-31.7));
#14941 = ( GEOMETRIC_REPRESENTATION_CONTEXT(2) 
PARAMETRIC_REPRESENTATION_CONTEXT() REPRESENTATION_CONTEXT('2D SPACE',''
  ) );
#14942 = PCURVE('',#14943,#14948);
#14943 = CYLINDRICAL_SURFACE('',#14944,3.);
#14944 = AXIS2_PLACEMENT_3D('',#14945,#14946,#14947);
#14945 = CARTESIAN_POINT('',(-14.,-31.7,1.9));
#14946 = DIRECTION('',(-0.,-0.,-1.));
#14947 = DIRECTION('',(1.,0.,0.));
#14948 = DEFINITIONAL_REPRESENTATION('',(#14949),#14953);
#14949 = LINE('',#14950,#14951);
#14950 = CARTESIAN_POINT('',(-6.28318530718,-0.5));
#14951 = VECTOR('',#14952,1.);
#14952 = DIRECTION('',(1.,-0.));
#14953 = ( GEOMETRIC_REPRESENTATION_CONTEXT(2) 
PARAMETRIC_REPRESENTATION_CONTEXT() REPRESENTATION_CONTEXT('2D SPACE',''
  ) );
#14954 = FACE_BOUND('',#14955,.T.);
#14955 = EDGE_LOOP('',(#14956));
#14956 = ORIENTED_EDGE('',*,*,#14957,.T.);
#14957 = EDGE_CURVE('',#14958,#14958,#14960,.T.);
#14958 = VERTEX_POINT('',#14959);
#14959 = CARTESIAN_POINT('',(38.,-31.7,2.4));
#14960 = SURFACE_CURVE('',#14961,(#14966,#14977),.PCURVE_S1.);
#14961 = CIRCLE('',#14962,3.);
#14962 = AXIS2_PLACEMENT_3D('',#14963,#14964,#14965);
#14963 = CARTESIAN_POINT('',(35.,-31.7,2.4));
#14964 = DIRECTION('',(0.,0.,-1.));
#14965 = DIRECTION('',(1.,0.,0.));
#14966 = PCURVE('',#8518,#14967);
#14967 = DEFINITIONAL_REPRESENTATION('',(#14968),#14976);
#14968 = ( BOUNDED_CURVE() B_SPLINE_CURVE(2,(#14969,#14970,#14971,#14972
    ,#14973,#14974,#14975),.UNSPECIFIED.,.T.,.F.) 
B_SPLINE_CURVE_WITH_KNOTS((1,2,2,2,2,1),(-2.094395102393,0.,
    2.094395102393,4.188790204786,6.28318530718,8.377580409573),
.UNSPECIFIED.) CURVE() GEOMETRIC_REPRESENTATION_ITEM() 
RATIONAL_B_SPLINE_CURVE((1.,0.5,1.,0.5,1.,0.5,1.)) REPRESENTATION_ITEM(
  '') );
#14969 = CARTESIAN_POINT('',(38.,-31.7));
#14970 = CARTESIAN_POINT('',(38.,-36.8961524227));
#14971 = CARTESIAN_POINT('',(33.5,-34.29807621135));
#14972 = CARTESIAN_POINT('',(29.,-31.7));
#14973 = CARTESIAN_POINT('',(33.5,-29.10192378864));
#14974 = CARTESIAN_POINT('',(38.,-26.50384757729));
#14975 = CARTESIAN_POINT('',(38.,-31.7));
#14976 = ( GEOMETRIC_REPRESENTATION_CONTEXT(2) 
PARAMETRIC_REPRESENTATION_CONTEXT() REPRESENTATION_CONTEXT('2D SPACE',''
  ) );
#14977 = PCURVE('',#14978,#14983);
#14978 = CYLINDRICAL_SURFACE('',#14979,3.);
#14979 = AXIS2_PLACEMENT_3D('',#14980,#14981,#14982);
#14980 = CARTESIAN_POINT('',(35.,-31.7,1.9));
#14981 = DIRECTION('',(-0.,-0.,-1.));
#14982 = DIRECTION('',(1.,0.,0.));
#14983 = DEFINITIONAL_REPRESENTATION('',(#14984),#14988);
#14984 = LINE('',#14985,#14986);
#14985 = CARTESIAN_POINT('',(-6.28318530718,-0.5));
#14986 = VECTOR('',#14987,1.);
#14987 = DIRECTION('',(1.,-0.));
#14988 = ( GEOMETRIC_REPRESENTATION_CONTEXT(2) 
PARAMETRIC_REPRESENTATION_CONTEXT() REPRESENTATION_CONTEXT('2D SPACE',''
  ) );
#14989 = FACE_BOUND('',#14990,.T.);
#14990 = EDGE_LOOP('',(#14991,#14992,#14993,#14994));
#14991 = ORIENTED_EDGE('',*,*,#9913,.F.);
#14992 = ORIENTED_EDGE('',*,*,#9960,.T.);
#14993 = ORIENTED_EDGE('',*,*,#10068,.F.);
#14994 = ORIENTED_EDGE('',*,*,#10036,.T.);
#14995 = FACE_BOUND('',#14996,.T.);
#14996 = EDGE_LOOP('',(#14997,#14998,#14999,#15000));
#14997 = ORIENTED_EDGE('',*,*,#10115,.F.);
#14998 = ORIENTED_EDGE('',*,*,#10162,.T.);
#14999 = ORIENTED_EDGE('',*,*,#10270,.F.);
#15000 = ORIENTED_EDGE('',*,*,#10238,.T.);
#15001 = FACE_BOUND('',#15002,.T.);
#15002 = EDGE_LOOP('',(#15003,#15004,#15005,#15006));
#15003 = ORIENTED_EDGE('',*,*,#10372,.F.);
#15004 = ORIENTED_EDGE('',*,*,#10419,.T.);
#15005 = ORIENTED_EDGE('',*,*,#10527,.F.);
#15006 = ORIENTED_EDGE('',*,*,#10495,.T.);
#15007 = FACE_BOUND('',#15008,.T.);
#15008 = EDGE_LOOP('',(#15009,#15010,#15011,#15012));
#15009 = ORIENTED_EDGE('',*,*,#10574,.F.);
#15010 = ORIENTED_EDGE('',*,*,#10621,.T.);
#15011 = ORIENTED_EDGE('',*,*,#10729,.F.);
#15012 = ORIENTED_EDGE('',*,*,#10697,.T.);
#15013 = FACE_BOUND('',#15014,.T.);
#15014 = EDGE_LOOP('',(#15015));
#15015 = ORIENTED_EDGE('',*,*,#15016,.T.);
#15016 = EDGE_CURVE('',#15017,#15017,#15019,.T.);
#15017 = VERTEX_POINT('',#15018);
#15018 = CARTESIAN_POINT('',(-11.,26.3,2.4));
#15019 = SURFACE_CURVE('',#15020,(#15025,#15036),.PCURVE_S1.);
#15020 = CIRCLE('',#15021,3.);
#15021 = AXIS2_PLACEMENT_3D('',#15022,#15023,#15024);
#15022 = CARTESIAN_POINT('',(-14.,26.3,2.4));
#15023 = DIRECTION('',(0.,0.,-1.));
#15024 = DIRECTION('',(1.,0.,0.));
#15025 = PCURVE('',#8518,#15026);
#15026 = DEFINITIONAL_REPRESENTATION('',(#15027),#15035);
#15027 = ( BOUNDED_CURVE() B_SPLINE_CURVE(2,(#15028,#15029,#15030,#15031
    ,#15032,#15033,#15034),.UNSPECIFIED.,.T.,.F.) 
B_SPLINE_CURVE_WITH_KNOTS((1,2,2,2,2,1),(-2.094395102393,0.,
    2.094395102393,4.188790204786,6.28318530718,8.377580409573),
.UNSPECIFIED.) CURVE() GEOMETRIC_REPRESENTATION_ITEM() 
RATIONAL_B_SPLINE_CURVE((1.,0.5,1.,0.5,1.,0.5,1.)) REPRESENTATION_ITEM(
  '') );
#15028 = CARTESIAN_POINT('',(-11.,26.3));
#15029 = CARTESIAN_POINT('',(-11.,21.103847577293));
#15030 = CARTESIAN_POINT('',(-15.5,23.701923788647));
#15031 = CARTESIAN_POINT('',(-20.,26.3));
#15032 = CARTESIAN_POINT('',(-15.5,28.898076211353));
#15033 = CARTESIAN_POINT('',(-11.,31.496152422707));
#15034 = CARTESIAN_POINT('',(-11.,26.3));
#15035 = ( GEOMETRIC_REPRESENTATION_CONTEXT(2) 
PARAMETRIC_REPRESENTATION_CONTEXT() REPRESENTATION_CONTEXT('2D SPACE',''
  ) );
#15036 = PCURVE('',#15037,#15042);
#15037 = CYLINDRICAL_SURFACE('',#15038,3.);
#15038 = AXIS2_PLACEMENT_3D('',#15039,#15040,#15041);
#15039 = CARTESIAN_POINT('',(-14.,26.3,1.9));
#15040 = DIRECTION('',(-0.,-0.,-1.));
#15041 = DIRECTION('',(1.,0.,0.));
#15042 = DEFINITIONAL_REPRESENTATION('',(#15043),#15047);
#15043 = LINE('',#15044,#15045);
#15044 = CARTESIAN_POINT('',(-6.28318530718,-0.5));
#15045 = VECTOR('',#15046,1.);
#15046 = DIRECTION('',(1.,-0.));
#15047 = ( GEOMETRIC_REPRESENTATION_CONTEXT(2) 
PARAMETRIC_REPRESENTATION_CONTEXT() REPRESENTATION_CONTEXT('2D SPACE',''
  ) );
#15048 = FACE_BOUND('',#15049,.T.);
#15049 = EDGE_LOOP('',(#15050,#15051,#15052,#15053));
#15050 = ORIENTED_EDGE('',*,*,#10776,.F.);
#15051 = ORIENTED_EDGE('',*,*,#10823,.T.);
#15052 = ORIENTED_EDGE('',*,*,#10931,.F.);
#15053 = ORIENTED_EDGE('',*,*,#10899,.T.);
#15054 = FACE_BOUND('',#15055,.T.);
#15055 = EDGE_LOOP('',(#15056,#15057,#15058,#15059));
#15056 = ORIENTED_EDGE('',*,*,#10978,.F.);
#15057 = ORIENTED_EDGE('',*,*,#11025,.T.);
#15058 = ORIENTED_EDGE('',*,*,#11133,.F.);
#15059 = ORIENTED_EDGE('',*,*,#11101,.T.);
#15060 = FACE_BOUND('',#15061,.T.);
#15061 = EDGE_LOOP('',(#15062,#15063,#15064,#15065));
#15062 = ORIENTED_EDGE('',*,*,#11180,.F.);
#15063 = ORIENTED_EDGE('',*,*,#11227,.T.);
#15064 = ORIENTED_EDGE('',*,*,#11335,.F.);
#15065 = ORIENTED_EDGE('',*,*,#11303,.T.);
#15066 = FACE_BOUND('',#15067,.T.);
#15067 = EDGE_LOOP('',(#15068));
#15068 = ORIENTED_EDGE('',*,*,#15069,.T.);
#15069 = EDGE_CURVE('',#15070,#15070,#15072,.T.);
#15070 = VERTEX_POINT('',#15071);
#15071 = CARTESIAN_POINT('',(38.,26.3,2.4));
#15072 = SURFACE_CURVE('',#15073,(#15078,#15089),.PCURVE_S1.);
#15073 = CIRCLE('',#15074,3.);
#15074 = AXIS2_PLACEMENT_3D('',#15075,#15076,#15077);
#15075 = CARTESIAN_POINT('',(35.,26.3,2.4));
#15076 = DIRECTION('',(0.,0.,-1.));
#15077 = DIRECTION('',(1.,0.,0.));
#15078 = PCURVE('',#8518,#15079);
#15079 = DEFINITIONAL_REPRESENTATION('',(#15080),#15088);
#15080 = ( BOUNDED_CURVE() B_SPLINE_CURVE(2,(#15081,#15082,#15083,#15084
    ,#15085,#15086,#15087),.UNSPECIFIED.,.T.,.F.) 
B_SPLINE_CURVE_WITH_KNOTS((1,2,2,2,2,1),(-2.094395102393,0.,
    2.094395102393,4.188790204786,6.28318530718,8.377580409573),
.UNSPECIFIED.) CURVE() GEOMETRIC_REPRESENTATION_ITEM() 
RATIONAL_B_SPLINE_CURVE((1.,0.5,1.,0.5,1.,0.5,1.)) REPRESENTATION_ITEM(
  '') );
#15081 = CARTESIAN_POINT('',(38.,26.3));
#15082 = CARTESIAN_POINT('',(38.,21.103847577293));
#15083 = CARTESIAN_POINT('',(33.5,23.701923788647));
#15084 = CARTESIAN_POINT('',(29.,26.3));
#15085 = CARTESIAN_POINT('',(33.5,28.898076211353));
#15086 = CARTESIAN_POINT('',(38.,31.496152422707));
#15087 = CARTESIAN_POINT('',(38.,26.3));
#15088 = ( GEOMETRIC_REPRESENTATION_CONTEXT(2) 
PARAMETRIC_REPRESENTATION_CONTEXT() REPRESENTATION_CONTEXT('2D SPACE',''
  ) );
#15089 = PCURVE('',#15090,#15095);
#15090 = CYLINDRICAL_SURFACE('',#15091,3.);
#15091 = AXIS2_PLACEMENT_3D('',#15092,#15093,#15094);
#15092 = CARTESIAN_POINT('',(35.,26.3,1.9));
#15093 = DIRECTION('',(-0.,-0.,-1.));
#15094 = DIRECTION('',(1.,0.,0.));
#15095 = DEFINITIONAL_REPRESENTATION('',(#15096),#15100);
#15096 = LINE('',#15097,#15098);
#15097 = CARTESIAN_POINT('',(-6.28318530718,-0.5));
#15098 = VECTOR('',#15099,1.);
#15099 = DIRECTION('',(1.,-0.));
#15100 = ( GEOMETRIC_REPRESENTATION_CONTEXT(2) 
PARAMETRIC_REPRESENTATION_CONTEXT() REPRESENTATION_CONTEXT('2D SPACE',''
  ) );
#15101 = ADVANCED_FACE('',(#15102,#15106),#9090,.F.);
#15102 = FACE_BOUND('',#15103,.F.);
#15103 = EDGE_LOOP('',(#15104,#15105));
#15104 = ORIENTED_EDGE('',*,*,#9564,.T.);
#15105 = ORIENTED_EDGE('',*,*,#9073,.F.);
#15106 = FACE_BOUND('',#15107,.F.);
#15107 = EDGE_LOOP('',(#15108));
#15108 = ORIENTED_EDGE('',*,*,#13351,.T.);
#15109 = ADVANCED_FACE('',(#15110,#15116),#8996,.F.);
#15110 = FACE_BOUND('',#15111,.F.);
#15111 = EDGE_LOOP('',(#15112,#15113,#15114,#15115));
#15112 = ORIENTED_EDGE('',*,*,#8980,.T.);
#15113 = ORIENTED_EDGE('',*,*,#13325,.F.);
#15114 = ORIENTED_EDGE('',*,*,#9252,.F.);
#15115 = ORIENTED_EDGE('',*,*,#9753,.T.);
#15116 = FACE_BOUND('',#15117,.F.);
#15117 = EDGE_LOOP('',(#15118,#15141,#15165,#15186));
#15118 = ORIENTED_EDGE('',*,*,#15119,.F.);
#15119 = EDGE_CURVE('',#15120,#15122,#15124,.T.);
#15120 = VERTEX_POINT('',#15121);
#15121 = CARTESIAN_POINT('',(56.,-26.,13.6));
#15122 = VERTEX_POINT('',#15123);
#15123 = CARTESIAN_POINT('',(56.,5.,13.6));
#15124 = SURFACE_CURVE('',#15125,(#15129,#15135),.PCURVE_S1.);
#15125 = LINE('',#15126,#15127);
#15126 = CARTESIAN_POINT('',(56.,-29.,13.6));
#15127 = VECTOR('',#15128,1.);
#15128 = DIRECTION('',(0.,1.,-0.));
#15129 = PCURVE('',#8996,#15130);
#15130 = DEFINITIONAL_REPRESENTATION('',(#15131),#15134);
#15131 = B_SPLINE_CURVE_WITH_KNOTS('',1,(#15132,#15133),.UNSPECIFIED.,
  .F.,.F.,(2,2),(3.,34.),.PIECEWISE_BEZIER_KNOTS.);
#15132 = CARTESIAN_POINT('',(6.,-13.6));
#15133 = CARTESIAN_POINT('',(37.,-13.6));
#15134 = ( GEOMETRIC_REPRESENTATION_CONTEXT(2) 
PARAMETRIC_REPRESENTATION_CONTEXT() REPRESENTATION_CONTEXT('2D SPACE',''
  ) );
#15135 = PCURVE('',#14144,#15136);
#15136 = DEFINITIONAL_REPRESENTATION('',(#15137),#15140);
#15137 = B_SPLINE_CURVE_WITH_KNOTS('',1,(#15138,#15139),.UNSPECIFIED.,
  .F.,.F.,(2,2),(3.,34.),.PIECEWISE_BEZIER_KNOTS.);
#15138 = CARTESIAN_POINT('',(0.,-4.));
#15139 = CARTESIAN_POINT('',(31.,-4.));
#15140 = ( GEOMETRIC_REPRESENTATION_CONTEXT(2) 
PARAMETRIC_REPRESENTATION_CONTEXT() REPRESENTATION_CONTEXT('2D SPACE',''
  ) );
#15141 = ORIENTED_EDGE('',*,*,#15142,.F.);
#15142 = EDGE_CURVE('',#15143,#15120,#15145,.T.);
#15143 = VERTEX_POINT('',#15144);
#15144 = CARTESIAN_POINT('',(56.,-26.,5.6));
#15145 = SURFACE_CURVE('',#15146,(#15151,#15158),.PCURVE_S1.);
#15146 = CIRCLE('',#15147,4.);
#15147 = AXIS2_PLACEMENT_3D('',#15148,#15149,#15150);
#15148 = CARTESIAN_POINT('',(56.,-26.,9.6));
#15149 = DIRECTION('',(-1.,0.,-0.));
#15150 = DIRECTION('',(0.,0.,-1.));
#15151 = PCURVE('',#8996,#15152);
#15152 = DEFINITIONAL_REPRESENTATION('',(#15153),#15157);
#15153 = CIRCLE('',#15154,4.);
#15154 = AXIS2_PLACEMENT_2D('',#15155,#15156);
#15155 = CARTESIAN_POINT('',(6.,-9.6));
#15156 = DIRECTION('',(0.,1.));
#15157 = ( GEOMETRIC_REPRESENTATION_CONTEXT(2) 
PARAMETRIC_REPRESENTATION_CONTEXT() REPRESENTATION_CONTEXT('2D SPACE',''
  ) );
#15158 = PCURVE('',#14172,#15159);
#15159 = DEFINITIONAL_REPRESENTATION('',(#15160),#15164);
#15160 = LINE('',#15161,#15162);
#15161 = CARTESIAN_POINT('',(0.,-4.));
#15162 = VECTOR('',#15163,1.);
#15163 = DIRECTION('',(1.,0.));
#15164 = ( GEOMETRIC_REPRESENTATION_CONTEXT(2) 
PARAMETRIC_REPRESENTATION_CONTEXT() REPRESENTATION_CONTEXT('2D SPACE',''
  ) );
#15165 = ORIENTED_EDGE('',*,*,#15166,.F.);
#15166 = EDGE_CURVE('',#15167,#15143,#15169,.T.);
#15167 = VERTEX_POINT('',#15168);
#15168 = CARTESIAN_POINT('',(56.,5.,5.6));
#15169 = SURFACE_CURVE('',#15170,(#15174,#15180),.PCURVE_S1.);
#15170 = LINE('',#15171,#15172);
#15171 = CARTESIAN_POINT('',(56.,-13.5,5.6));
#15172 = VECTOR('',#15173,1.);
#15173 = DIRECTION('',(-0.,-1.,-0.));
#15174 = PCURVE('',#8996,#15175);
#15175 = DEFINITIONAL_REPRESENTATION('',(#15176),#15179);
#15176 = B_SPLINE_CURVE_WITH_KNOTS('',1,(#15177,#15178),.UNSPECIFIED.,
  .F.,.F.,(2,2),(-18.5,12.5),.PIECEWISE_BEZIER_KNOTS.);
#15177 = CARTESIAN_POINT('',(37.,-5.6));
#15178 = CARTESIAN_POINT('',(6.,-5.6));
#15179 = ( GEOMETRIC_REPRESENTATION_CONTEXT(2) 
PARAMETRIC_REPRESENTATION_CONTEXT() REPRESENTATION_CONTEXT('2D SPACE',''
  ) );
#15180 = PCURVE('',#14199,#15181);
#15181 = DEFINITIONAL_REPRESENTATION('',(#15182),#15185);
#15182 = B_SPLINE_CURVE_WITH_KNOTS('',1,(#15183,#15184),.UNSPECIFIED.,
  .F.,.F.,(2,2),(-18.5,12.5),.PIECEWISE_BEZIER_KNOTS.);
#15183 = CARTESIAN_POINT('',(0.,-4.));
#15184 = CARTESIAN_POINT('',(31.,-4.));
#15185 = ( GEOMETRIC_REPRESENTATION_CONTEXT(2) 
PARAMETRIC_REPRESENTATION_CONTEXT() REPRESENTATION_CONTEXT('2D SPACE',''
  ) );
#15186 = ORIENTED_EDGE('',*,*,#15187,.F.);
#15187 = EDGE_CURVE('',#15122,#15167,#15188,.T.);
#15188 = SURFACE_CURVE('',#15189,(#15194,#15201),.PCURVE_S1.);
#15189 = CIRCLE('',#15190,4.);
#15190 = AXIS2_PLACEMENT_3D('',#15191,#15192,#15193);
#15191 = CARTESIAN_POINT('',(56.,5.,9.6));
#15192 = DIRECTION('',(-1.,0.,0.));
#15193 = DIRECTION('',(0.,0.,1.));
#15194 = PCURVE('',#8996,#15195);
#15195 = DEFINITIONAL_REPRESENTATION('',(#15196),#15200);
#15196 = CIRCLE('',#15197,4.);
#15197 = AXIS2_PLACEMENT_2D('',#15198,#15199);
#15198 = CARTESIAN_POINT('',(37.,-9.6));
#15199 = DIRECTION('',(0.,-1.));
#15200 = ( GEOMETRIC_REPRESENTATION_CONTEXT(2) 
PARAMETRIC_REPRESENTATION_CONTEXT() REPRESENTATION_CONTEXT('2D SPACE',''
  ) );
#15201 = PCURVE('',#14225,#15202);
#15202 = DEFINITIONAL_REPRESENTATION('',(#15203),#15207);
#15203 = LINE('',#15204,#15205);
#15204 = CARTESIAN_POINT('',(0.,-4.));
#15205 = VECTOR('',#15206,1.);
#15206 = DIRECTION('',(1.,0.));
#15207 = ( GEOMETRIC_REPRESENTATION_CONTEXT(2) 
PARAMETRIC_REPRESENTATION_CONTEXT() REPRESENTATION_CONTEXT('2D SPACE',''
  ) );
#15208 = ADVANCED_FACE('',(#15209),#9512,.F.);
#15209 = FACE_BOUND('',#15210,.F.);
#15210 = EDGE_LOOP('',(#15211,#15212,#15213,#15234));
#15211 = ORIENTED_EDGE('',*,*,#14769,.F.);
#15212 = ORIENTED_EDGE('',*,*,#9474,.T.);
#15213 = ORIENTED_EDGE('',*,*,#15214,.T.);
#15214 = EDGE_CURVE('',#9449,#13582,#15215,.T.);
#15215 = SURFACE_CURVE('',#15216,(#15220,#15227),.PCURVE_S1.);
#15216 = LINE('',#15217,#15218);
#15217 = CARTESIAN_POINT('',(37.5,57.,9.25));
#15218 = VECTOR('',#15219,1.);
#15219 = DIRECTION('',(0.,-1.,0.));
#15220 = PCURVE('',#9512,#15221);
#15221 = DEFINITIONAL_REPRESENTATION('',(#15222),#15226);
#15222 = LINE('',#15223,#15224);
#15223 = CARTESIAN_POINT('',(1.570796326795,0.));
#15224 = VECTOR('',#15225,1.);
#15225 = DIRECTION('',(0.,1.));
#15226 = ( GEOMETRIC_REPRESENTATION_CONTEXT(2) 
PARAMETRIC_REPRESENTATION_CONTEXT() REPRESENTATION_CONTEXT('2D SPACE',''
  ) );
#15227 = PCURVE('',#9463,#15228);
#15228 = DEFINITIONAL_REPRESENTATION('',(#15229),#15233);
#15229 = LINE('',#15230,#15231);
#15230 = CARTESIAN_POINT('',(2.5,0.));
#15231 = VECTOR('',#15232,1.);
#15232 = DIRECTION('',(0.,-1.));
#15233 = ( GEOMETRIC_REPRESENTATION_CONTEXT(2) 
PARAMETRIC_REPRESENTATION_CONTEXT() REPRESENTATION_CONTEXT('2D SPACE',''
  ) );
#15234 = ORIENTED_EDGE('',*,*,#13602,.F.);
#15235 = ADVANCED_FACE('',(#15236),#9463,.T.);
#15236 = FACE_BOUND('',#15237,.T.);
#15237 = EDGE_LOOP('',(#15238,#15239,#15240,#15241));
#15238 = ORIENTED_EDGE('',*,*,#9448,.T.);
#15239 = ORIENTED_EDGE('',*,*,#15214,.T.);
#15240 = ORIENTED_EDGE('',*,*,#13581,.F.);
#15241 = ORIENTED_EDGE('',*,*,#15242,.F.);
#15242 = EDGE_CURVE('',#9388,#13526,#15243,.T.);
#15243 = SURFACE_CURVE('',#15244,(#15248,#15255),.PCURVE_S1.);
#15244 = LINE('',#15245,#15246);
#15245 = CARTESIAN_POINT('',(37.5,57.,22.25));
#15246 = VECTOR('',#15247,1.);
#15247 = DIRECTION('',(0.,-1.,0.));
#15248 = PCURVE('',#9463,#15249);
#15249 = DEFINITIONAL_REPRESENTATION('',(#15250),#15254);
#15250 = LINE('',#15251,#15252);
#15251 = CARTESIAN_POINT('',(15.5,0.));
#15252 = VECTOR('',#15253,1.);
#15253 = DIRECTION('',(0.,-1.));
#15254 = ( GEOMETRIC_REPRESENTATION_CONTEXT(2) 
PARAMETRIC_REPRESENTATION_CONTEXT() REPRESENTATION_CONTEXT('2D SPACE',''
  ) );
#15255 = PCURVE('',#9425,#15256);
#15256 = DEFINITIONAL_REPRESENTATION('',(#15257),#15261);
#15257 = LINE('',#15258,#15259);
#15258 = CARTESIAN_POINT('',(0.,0.));
#15259 = VECTOR('',#15260,1.);
#15260 = DIRECTION('',(0.,1.));
#15261 = ( GEOMETRIC_REPRESENTATION_CONTEXT(2) 
PARAMETRIC_REPRESENTATION_CONTEXT() REPRESENTATION_CONTEXT('2D SPACE',''
  ) );
#15262 = ADVANCED_FACE('',(#15263),#9425,.F.);
#15263 = FACE_BOUND('',#15264,.F.);
#15264 = EDGE_LOOP('',(#15265,#15266,#15267,#15268));
#15265 = ORIENTED_EDGE('',*,*,#15242,.F.);
#15266 = ORIENTED_EDGE('',*,*,#9387,.T.);
#15267 = ORIENTED_EDGE('',*,*,#14876,.T.);
#15268 = ORIENTED_EDGE('',*,*,#13525,.F.);
#15269 = ADVANCED_FACE('',(#15270,#15274),#9171,.F.);
#15270 = FACE_BOUND('',#15271,.F.);
#15271 = EDGE_LOOP('',(#15272,#15273));
#15272 = ORIENTED_EDGE('',*,*,#9592,.T.);
#15273 = ORIENTED_EDGE('',*,*,#9154,.F.);
#15274 = FACE_BOUND('',#15275,.F.);
#15275 = EDGE_LOOP('',(#15276));
#15276 = ORIENTED_EDGE('',*,*,#14691,.T.);
#15277 = ADVANCED_FACE('',(#15278),#9818,.F.);
#15278 = FACE_BOUND('',#15279,.F.);
#15279 = EDGE_LOOP('',(#15280));
#15280 = ORIENTED_EDGE('',*,*,#9803,.T.);
#15281 = ADVANCED_FACE('',(#15282),#9873,.F.);
#15282 = FACE_BOUND('',#15283,.F.);
#15283 = EDGE_LOOP('',(#15284));
#15284 = ORIENTED_EDGE('',*,*,#9858,.T.);
#15285 = ADVANCED_FACE('',(#15286),#10332,.F.);
#15286 = FACE_BOUND('',#15287,.F.);
#15287 = EDGE_LOOP('',(#15288));
#15288 = ORIENTED_EDGE('',*,*,#10317,.T.);
#15289 = ADVANCED_FACE('',(#15290),#11397,.F.);
#15290 = FACE_BOUND('',#15291,.F.);
#15291 = EDGE_LOOP('',(#15292));
#15292 = ORIENTED_EDGE('',*,*,#11382,.T.);
#15293 = ADVANCED_FACE('',(#15294),#14144,.F.);
#15294 = FACE_BOUND('',#15295,.F.);
#15295 = EDGE_LOOP('',(#15296,#15297,#15318,#15319));
#15296 = ORIENTED_EDGE('',*,*,#14127,.F.);
#15297 = ORIENTED_EDGE('',*,*,#15298,.T.);
#15298 = EDGE_CURVE('',#14128,#15120,#15299,.T.);
#15299 = SURFACE_CURVE('',#15300,(#15304,#15311),.PCURVE_S1.);
#15300 = LINE('',#15301,#15302);
#15301 = CARTESIAN_POINT('',(52.,-26.,13.6));
#15302 = VECTOR('',#15303,1.);
#15303 = DIRECTION('',(1.,0.,0.));
#15304 = PCURVE('',#14144,#15305);
#15305 = DEFINITIONAL_REPRESENTATION('',(#15306),#15310);
#15306 = LINE('',#15307,#15308);
#15307 = CARTESIAN_POINT('',(0.,0.));
#15308 = VECTOR('',#15309,1.);
#15309 = DIRECTION('',(0.,-1.));
#15310 = ( GEOMETRIC_REPRESENTATION_CONTEXT(2) 
PARAMETRIC_REPRESENTATION_CONTEXT() REPRESENTATION_CONTEXT('2D SPACE',''
  ) );
#15311 = PCURVE('',#14172,#15312);
#15312 = DEFINITIONAL_REPRESENTATION('',(#15313),#15317);
#15313 = LINE('',#15314,#15315);
#15314 = CARTESIAN_POINT('',(3.14159265359,0.));
#15315 = VECTOR('',#15316,1.);
#15316 = DIRECTION('',(0.,-1.));
#15317 = ( GEOMETRIC_REPRESENTATION_CONTEXT(2) 
PARAMETRIC_REPRESENTATION_CONTEXT() REPRESENTATION_CONTEXT('2D SPACE',''
  ) );
#15318 = ORIENTED_EDGE('',*,*,#15119,.T.);
#15319 = ORIENTED_EDGE('',*,*,#15320,.F.);
#15320 = EDGE_CURVE('',#14130,#15122,#15321,.T.);
#15321 = SURFACE_CURVE('',#15322,(#15326,#15333),.PCURVE_S1.);
#15322 = LINE('',#15323,#15324);
#15323 = CARTESIAN_POINT('',(52.,5.,13.6));
#15324 = VECTOR('',#15325,1.);
#15325 = DIRECTION('',(1.,0.,0.));
#15326 = PCURVE('',#14144,#15327);
#15327 = DEFINITIONAL_REPRESENTATION('',(#15328),#15332);
#15328 = LINE('',#15329,#15330);
#15329 = CARTESIAN_POINT('',(31.,0.));
#15330 = VECTOR('',#15331,1.);
#15331 = DIRECTION('',(0.,-1.));
#15332 = ( GEOMETRIC_REPRESENTATION_CONTEXT(2) 
PARAMETRIC_REPRESENTATION_CONTEXT() REPRESENTATION_CONTEXT('2D SPACE',''
  ) );
#15333 = PCURVE('',#14225,#15334);
#15334 = DEFINITIONAL_REPRESENTATION('',(#15335),#15339);
#15335 = LINE('',#15336,#15337);
#15336 = CARTESIAN_POINT('',(0.,0.));
#15337 = VECTOR('',#15338,1.);
#15338 = DIRECTION('',(0.,-1.));
#15339 = ( GEOMETRIC_REPRESENTATION_CONTEXT(2) 
PARAMETRIC_REPRESENTATION_CONTEXT() REPRESENTATION_CONTEXT('2D SPACE',''
  ) );
#15340 = ADVANCED_FACE('',(#15341),#14225,.F.);
#15341 = FACE_BOUND('',#15342,.F.);
#15342 = EDGE_LOOP('',(#15343,#15344,#15345,#15346));
#15343 = ORIENTED_EDGE('',*,*,#14210,.F.);
#15344 = ORIENTED_EDGE('',*,*,#15320,.T.);
#15345 = ORIENTED_EDGE('',*,*,#15187,.T.);
#15346 = ORIENTED_EDGE('',*,*,#15347,.F.);
#15347 = EDGE_CURVE('',#14185,#15167,#15348,.T.);
#15348 = SURFACE_CURVE('',#15349,(#15353,#15360),.PCURVE_S1.);
#15349 = LINE('',#15350,#15351);
#15350 = CARTESIAN_POINT('',(52.,5.,5.6));
#15351 = VECTOR('',#15352,1.);
#15352 = DIRECTION('',(1.,0.,0.));
#15353 = PCURVE('',#14225,#15354);
#15354 = DEFINITIONAL_REPRESENTATION('',(#15355),#15359);
#15355 = LINE('',#15356,#15357);
#15356 = CARTESIAN_POINT('',(3.14159265359,0.));
#15357 = VECTOR('',#15358,1.);
#15358 = DIRECTION('',(0.,-1.));
#15359 = ( GEOMETRIC_REPRESENTATION_CONTEXT(2) 
PARAMETRIC_REPRESENTATION_CONTEXT() REPRESENTATION_CONTEXT('2D SPACE',''
  ) );
#15360 = PCURVE('',#14199,#15361);
#15361 = DEFINITIONAL_REPRESENTATION('',(#15362),#15366);
#15362 = LINE('',#15363,#15364);
#15363 = CARTESIAN_POINT('',(0.,-0.));
#15364 = VECTOR('',#15365,1.);
#15365 = DIRECTION('',(0.,-1.));
#15366 = ( GEOMETRIC_REPRESENTATION_CONTEXT(2) 
PARAMETRIC_REPRESENTATION_CONTEXT() REPRESENTATION_CONTEXT('2D SPACE',''
  ) );
#15367 = ADVANCED_FACE('',(#15368),#14199,.F.);
#15368 = FACE_BOUND('',#15369,.F.);
#15369 = EDGE_LOOP('',(#15370,#15371,#15372,#15373));
#15370 = ORIENTED_EDGE('',*,*,#14184,.F.);
#15371 = ORIENTED_EDGE('',*,*,#15347,.T.);
#15372 = ORIENTED_EDGE('',*,*,#15166,.T.);
#15373 = ORIENTED_EDGE('',*,*,#15374,.F.);
#15374 = EDGE_CURVE('',#14156,#15143,#15375,.T.);
#15375 = SURFACE_CURVE('',#15376,(#15380,#15387),.PCURVE_S1.);
#15376 = LINE('',#15377,#15378);
#15377 = CARTESIAN_POINT('',(52.,-26.,5.6));
#15378 = VECTOR('',#15379,1.);
#15379 = DIRECTION('',(1.,0.,0.));
#15380 = PCURVE('',#14199,#15381);
#15381 = DEFINITIONAL_REPRESENTATION('',(#15382),#15386);
#15382 = LINE('',#15383,#15384);
#15383 = CARTESIAN_POINT('',(31.,0.));
#15384 = VECTOR('',#15385,1.);
#15385 = DIRECTION('',(0.,-1.));
#15386 = ( GEOMETRIC_REPRESENTATION_CONTEXT(2) 
PARAMETRIC_REPRESENTATION_CONTEXT() REPRESENTATION_CONTEXT('2D SPACE',''
  ) );
#15387 = PCURVE('',#14172,#15388);
#15388 = DEFINITIONAL_REPRESENTATION('',(#15389),#15393);
#15389 = LINE('',#15390,#15391);
#15390 = CARTESIAN_POINT('',(0.,0.));
#15391 = VECTOR('',#15392,1.);
#15392 = DIRECTION('',(0.,-1.));
#15393 = ( GEOMETRIC_REPRESENTATION_CONTEXT(2) 
PARAMETRIC_REPRESENTATION_CONTEXT() REPRESENTATION_CONTEXT('2D SPACE',''
  ) );
#15394 = ADVANCED_FACE('',(#15395),#14172,.F.);
#15395 = FACE_BOUND('',#15396,.F.);
#15396 = EDGE_LOOP('',(#15397,#15398,#15399,#15400));
#15397 = ORIENTED_EDGE('',*,*,#14155,.F.);
#15398 = ORIENTED_EDGE('',*,*,#15374,.T.);
#15399 = ORIENTED_EDGE('',*,*,#15142,.T.);
#15400 = ORIENTED_EDGE('',*,*,#15298,.F.);
#15401 = ADVANCED_FACE('',(#15402),#14943,.T.);
#15402 = FACE_BOUND('',#15403,.F.);
#15403 = EDGE_LOOP('',(#15404,#15405,#15428,#15455));
#15404 = ORIENTED_EDGE('',*,*,#14922,.T.);
#15405 = ORIENTED_EDGE('',*,*,#15406,.T.);
#15406 = EDGE_CURVE('',#14923,#15407,#15409,.T.);
#15407 = VERTEX_POINT('',#15408);
#15408 = CARTESIAN_POINT('',(-11.,-31.7,6.4));
#15409 = SEAM_CURVE('',#15410,(#15414,#15421),.PCURVE_S1.);
#15410 = LINE('',#15411,#15412);
#15411 = CARTESIAN_POINT('',(-11.,-31.7,1.9));
#15412 = VECTOR('',#15413,1.);
#15413 = DIRECTION('',(0.,0.,1.));
#15414 = PCURVE('',#14943,#15415);
#15415 = DEFINITIONAL_REPRESENTATION('',(#15416),#15420);
#15416 = LINE('',#15417,#15418);
#15417 = CARTESIAN_POINT('',(-6.28318530718,0.));
#15418 = VECTOR('',#15419,1.);
#15419 = DIRECTION('',(-0.,-1.));
#15420 = ( GEOMETRIC_REPRESENTATION_CONTEXT(2) 
PARAMETRIC_REPRESENTATION_CONTEXT() REPRESENTATION_CONTEXT('2D SPACE',''
  ) );
#15421 = PCURVE('',#14943,#15422);
#15422 = DEFINITIONAL_REPRESENTATION('',(#15423),#15427);
#15423 = LINE('',#15424,#15425);
#15424 = CARTESIAN_POINT('',(-0.,0.));
#15425 = VECTOR('',#15426,1.);
#15426 = DIRECTION('',(-0.,-1.));
#15427 = ( GEOMETRIC_REPRESENTATION_CONTEXT(2) 
PARAMETRIC_REPRESENTATION_CONTEXT() REPRESENTATION_CONTEXT('2D SPACE',''
  ) );
#15428 = ORIENTED_EDGE('',*,*,#15429,.T.);
#15429 = EDGE_CURVE('',#15407,#15407,#15430,.T.);
#15430 = SURFACE_CURVE('',#15431,(#15436,#15443),.PCURVE_S1.);
#15431 = CIRCLE('',#15432,3.);
#15432 = AXIS2_PLACEMENT_3D('',#15433,#15434,#15435);
#15433 = CARTESIAN_POINT('',(-14.,-31.7,6.4));
#15434 = DIRECTION('',(0.,0.,1.));
#15435 = DIRECTION('',(1.,0.,0.));
#15436 = PCURVE('',#14943,#15437);
#15437 = DEFINITIONAL_REPRESENTATION('',(#15438),#15442);
#15438 = LINE('',#15439,#15440);
#15439 = CARTESIAN_POINT('',(-0.,-4.5));
#15440 = VECTOR('',#15441,1.);
#15441 = DIRECTION('',(-1.,0.));
#15442 = ( GEOMETRIC_REPRESENTATION_CONTEXT(2) 
PARAMETRIC_REPRESENTATION_CONTEXT() REPRESENTATION_CONTEXT('2D SPACE',''
  ) );
#15443 = PCURVE('',#15444,#15449);
#15444 = PLANE('',#15445);
#15445 = AXIS2_PLACEMENT_3D('',#15446,#15447,#15448);
#15446 = CARTESIAN_POINT('',(-14.,-31.7,6.4));
#15447 = DIRECTION('',(0.,0.,1.));
#15448 = DIRECTION('',(1.,0.,-0.));
#15449 = DEFINITIONAL_REPRESENTATION('',(#15450),#15454);
#15450 = CIRCLE('',#15451,3.);
#15451 = AXIS2_PLACEMENT_2D('',#15452,#15453);
#15452 = CARTESIAN_POINT('',(1.7763568394E-15,3.552713678801E-15));
#15453 = DIRECTION('',(1.,0.));
#15454 = ( GEOMETRIC_REPRESENTATION_CONTEXT(2) 
PARAMETRIC_REPRESENTATION_CONTEXT() REPRESENTATION_CONTEXT('2D SPACE',''
  ) );
#15455 = ORIENTED_EDGE('',*,*,#15406,.F.);
#15456 = ADVANCED_FACE('',(#15457),#14978,.T.);
#15457 = FACE_BOUND('',#15458,.F.);
#15458 = EDGE_LOOP('',(#15459,#15460,#15483,#15510));
#15459 = ORIENTED_EDGE('',*,*,#14957,.T.);
#15460 = ORIENTED_EDGE('',*,*,#15461,.T.);
#15461 = EDGE_CURVE('',#14958,#15462,#15464,.T.);
#15462 = VERTEX_POINT('',#15463);
#15463 = CARTESIAN_POINT('',(38.,-31.7,6.4));
#15464 = SEAM_CURVE('',#15465,(#15469,#15476),.PCURVE_S1.);
#15465 = LINE('',#15466,#15467);
#15466 = CARTESIAN_POINT('',(38.,-31.7,1.9));
#15467 = VECTOR('',#15468,1.);
#15468 = DIRECTION('',(0.,0.,1.));
#15469 = PCURVE('',#14978,#15470);
#15470 = DEFINITIONAL_REPRESENTATION('',(#15471),#15475);
#15471 = LINE('',#15472,#15473);
#15472 = CARTESIAN_POINT('',(-6.28318530718,0.));
#15473 = VECTOR('',#15474,1.);
#15474 = DIRECTION('',(-0.,-1.));
#15475 = ( GEOMETRIC_REPRESENTATION_CONTEXT(2) 
PARAMETRIC_REPRESENTATION_CONTEXT() REPRESENTATION_CONTEXT('2D SPACE',''
  ) );
#15476 = PCURVE('',#14978,#15477);
#15477 = DEFINITIONAL_REPRESENTATION('',(#15478),#15482);
#15478 = LINE('',#15479,#15480);
#15479 = CARTESIAN_POINT('',(-0.,0.));
#15480 = VECTOR('',#15481,1.);
#15481 = DIRECTION('',(-0.,-1.));
#15482 = ( GEOMETRIC_REPRESENTATION_CONTEXT(2) 
PARAMETRIC_REPRESENTATION_CONTEXT() REPRESENTATION_CONTEXT('2D SPACE',''
  ) );
#15483 = ORIENTED_EDGE('',*,*,#15484,.T.);
#15484 = EDGE_CURVE('',#15462,#15462,#15485,.T.);
#15485 = SURFACE_CURVE('',#15486,(#15491,#15498),.PCURVE_S1.);
#15486 = CIRCLE('',#15487,3.);
#15487 = AXIS2_PLACEMENT_3D('',#15488,#15489,#15490);
#15488 = CARTESIAN_POINT('',(35.,-31.7,6.4));
#15489 = DIRECTION('',(0.,0.,1.));
#15490 = DIRECTION('',(1.,0.,0.));
#15491 = PCURVE('',#14978,#15492);
#15492 = DEFINITIONAL_REPRESENTATION('',(#15493),#15497);
#15493 = LINE('',#15494,#15495);
#15494 = CARTESIAN_POINT('',(-0.,-4.5));
#15495 = VECTOR('',#15496,1.);
#15496 = DIRECTION('',(-1.,0.));
#15497 = ( GEOMETRIC_REPRESENTATION_CONTEXT(2) 
PARAMETRIC_REPRESENTATION_CONTEXT() REPRESENTATION_CONTEXT('2D SPACE',''
  ) );
#15498 = PCURVE('',#15499,#15504);
#15499 = PLANE('',#15500);
#15500 = AXIS2_PLACEMENT_3D('',#15501,#15502,#15503);
#15501 = CARTESIAN_POINT('',(35.,-31.7,6.4));
#15502 = DIRECTION('',(0.,0.,1.));
#15503 = DIRECTION('',(1.,0.,-0.));
#15504 = DEFINITIONAL_REPRESENTATION('',(#15505),#15509);
#15505 = CIRCLE('',#15506,3.);
#15506 = AXIS2_PLACEMENT_2D('',#15507,#15508);
#15507 = CARTESIAN_POINT('',(0.,-3.552713678801E-15));
#15508 = DIRECTION('',(1.,0.));
#15509 = ( GEOMETRIC_REPRESENTATION_CONTEXT(2) 
PARAMETRIC_REPRESENTATION_CONTEXT() REPRESENTATION_CONTEXT('2D SPACE',''
  ) );
#15510 = ORIENTED_EDGE('',*,*,#15461,.F.);
#15511 = ADVANCED_FACE('',(#15512),#15037,.T.);
#15512 = FACE_BOUND('',#15513,.F.);
#15513 = EDGE_LOOP('',(#15514,#15515,#15538,#15565));
#15514 = ORIENTED_EDGE('',*,*,#15016,.T.);
#15515 = ORIENTED_EDGE('',*,*,#15516,.T.);
#15516 = EDGE_CURVE('',#15017,#15517,#15519,.T.);
#15517 = VERTEX_POINT('',#15518);
#15518 = CARTESIAN_POINT('',(-11.,26.3,6.4));
#15519 = SEAM_CURVE('',#15520,(#15524,#15531),.PCURVE_S1.);
#15520 = LINE('',#15521,#15522);
#15521 = CARTESIAN_POINT('',(-11.,26.3,1.9));
#15522 = VECTOR('',#15523,1.);
#15523 = DIRECTION('',(0.,0.,1.));
#15524 = PCURVE('',#15037,#15525);
#15525 = DEFINITIONAL_REPRESENTATION('',(#15526),#15530);
#15526 = LINE('',#15527,#15528);
#15527 = CARTESIAN_POINT('',(-6.28318530718,0.));
#15528 = VECTOR('',#15529,1.);
#15529 = DIRECTION('',(-0.,-1.));
#15530 = ( GEOMETRIC_REPRESENTATION_CONTEXT(2) 
PARAMETRIC_REPRESENTATION_CONTEXT() REPRESENTATION_CONTEXT('2D SPACE',''
  ) );
#15531 = PCURVE('',#15037,#15532);
#15532 = DEFINITIONAL_REPRESENTATION('',(#15533),#15537);
#15533 = LINE('',#15534,#15535);
#15534 = CARTESIAN_POINT('',(-0.,0.));
#15535 = VECTOR('',#15536,1.);
#15536 = DIRECTION('',(-0.,-1.));
#15537 = ( GEOMETRIC_REPRESENTATION_CONTEXT(2) 
PARAMETRIC_REPRESENTATION_CONTEXT() REPRESENTATION_CONTEXT('2D SPACE',''
  ) );
#15538 = ORIENTED_EDGE('',*,*,#15539,.T.);
#15539 = EDGE_CURVE('',#15517,#15517,#15540,.T.);
#15540 = SURFACE_CURVE('',#15541,(#15546,#15553),.PCURVE_S1.);
#15541 = CIRCLE('',#15542,3.);
#15542 = AXIS2_PLACEMENT_3D('',#15543,#15544,#15545);
#15543 = CARTESIAN_POINT('',(-14.,26.3,6.4));
#15544 = DIRECTION('',(0.,0.,1.));
#15545 = DIRECTION('',(1.,0.,0.));
#15546 = PCURVE('',#15037,#15547);
#15547 = DEFINITIONAL_REPRESENTATION('',(#15548),#15552);
#15548 = LINE('',#15549,#15550);
#15549 = CARTESIAN_POINT('',(-0.,-4.5));
#15550 = VECTOR('',#15551,1.);
#15551 = DIRECTION('',(-1.,0.));
#15552 = ( GEOMETRIC_REPRESENTATION_CONTEXT(2) 
PARAMETRIC_REPRESENTATION_CONTEXT() REPRESENTATION_CONTEXT('2D SPACE',''
  ) );
#15553 = PCURVE('',#15554,#15559);
#15554 = PLANE('',#15555);
#15555 = AXIS2_PLACEMENT_3D('',#15556,#15557,#15558);
#15556 = CARTESIAN_POINT('',(-14.,26.3,6.4));
#15557 = DIRECTION('',(0.,0.,1.));
#15558 = DIRECTION('',(1.,0.,-0.));
#15559 = DEFINITIONAL_REPRESENTATION('',(#15560),#15564);
#15560 = CIRCLE('',#15561,3.);
#15561 = AXIS2_PLACEMENT_2D('',#15562,#15563);
#15562 = CARTESIAN_POINT('',(1.7763568394E-15,-3.552713678801E-15));
#15563 = DIRECTION('',(1.,0.));
#15564 = ( GEOMETRIC_REPRESENTATION_CONTEXT(2) 
PARAMETRIC_REPRESENTATION_CONTEXT() REPRESENTATION_CONTEXT('2D SPACE',''
  ) );
#15565 = ORIENTED_EDGE('',*,*,#15516,.F.);
#15566 = ADVANCED_FACE('',(#15567),#15090,.T.);
#15567 = FACE_BOUND('',#15568,.F.);
#15568 = EDGE_LOOP('',(#15569,#15570,#15593,#15620));
#15569 = ORIENTED_EDGE('',*,*,#15069,.T.);
#15570 = ORIENTED_EDGE('',*,*,#15571,.T.);
#15571 = EDGE_CURVE('',#15070,#15572,#15574,.T.);
#15572 = VERTEX_POINT('',#15573);
#15573 = CARTESIAN_POINT('',(38.,26.3,6.4));
#15574 = SEAM_CURVE('',#15575,(#15579,#15586),.PCURVE_S1.);
#15575 = LINE('',#15576,#15577);
#15576 = CARTESIAN_POINT('',(38.,26.3,1.9));
#15577 = VECTOR('',#15578,1.);
#15578 = DIRECTION('',(0.,0.,1.));
#15579 = PCURVE('',#15090,#15580);
#15580 = DEFINITIONAL_REPRESENTATION('',(#15581),#15585);
#15581 = LINE('',#15582,#15583);
#15582 = CARTESIAN_POINT('',(-6.28318530718,0.));
#15583 = VECTOR('',#15584,1.);
#15584 = DIRECTION('',(-0.,-1.));
#15585 = ( GEOMETRIC_REPRESENTATION_CONTEXT(2) 
PARAMETRIC_REPRESENTATION_CONTEXT() REPRESENTATION_CONTEXT('2D SPACE',''
  ) );
#15586 = PCURVE('',#15090,#15587);
#15587 = DEFINITIONAL_REPRESENTATION('',(#15588),#15592);
#15588 = LINE('',#15589,#15590);
#15589 = CARTESIAN_POINT('',(-0.,0.));
#15590 = VECTOR('',#15591,1.);
#15591 = DIRECTION('',(-0.,-1.));
#15592 = ( GEOMETRIC_REPRESENTATION_CONTEXT(2) 
PARAMETRIC_REPRESENTATION_CONTEXT() REPRESENTATION_CONTEXT('2D SPACE',''
  ) );
#15593 = ORIENTED_EDGE('',*,*,#15594,.T.);
#15594 = EDGE_CURVE('',#15572,#15572,#15595,.T.);
#15595 = SURFACE_CURVE('',#15596,(#15601,#15608),.PCURVE_S1.);
#15596 = CIRCLE('',#15597,3.);
#15597 = AXIS2_PLACEMENT_3D('',#15598,#15599,#15600);
#15598 = CARTESIAN_POINT('',(35.,26.3,6.4));
#15599 = DIRECTION('',(0.,0.,1.));
#15600 = DIRECTION('',(1.,0.,0.));
#15601 = PCURVE('',#15090,#15602);
#15602 = DEFINITIONAL_REPRESENTATION('',(#15603),#15607);
#15603 = LINE('',#15604,#15605);
#15604 = CARTESIAN_POINT('',(-0.,-4.5));
#15605 = VECTOR('',#15606,1.);
#15606 = DIRECTION('',(-1.,0.));
#15607 = ( GEOMETRIC_REPRESENTATION_CONTEXT(2) 
PARAMETRIC_REPRESENTATION_CONTEXT() REPRESENTATION_CONTEXT('2D SPACE',''
  ) );
#15608 = PCURVE('',#15609,#15614);
#15609 = PLANE('',#15610);
#15610 = AXIS2_PLACEMENT_3D('',#15611,#15612,#15613);
#15611 = CARTESIAN_POINT('',(35.,26.3,6.4));
#15612 = DIRECTION('',(0.,0.,1.));
#15613 = DIRECTION('',(1.,0.,-0.));
#15614 = DEFINITIONAL_REPRESENTATION('',(#15615),#15619);
#15615 = CIRCLE('',#15616,3.);
#15616 = AXIS2_PLACEMENT_2D('',#15617,#15618);
#15617 = CARTESIAN_POINT('',(0.,-3.552713678801E-15));
#15618 = DIRECTION('',(1.,0.));
#15619 = ( GEOMETRIC_REPRESENTATION_CONTEXT(2) 
PARAMETRIC_REPRESENTATION_CONTEXT() REPRESENTATION_CONTEXT('2D SPACE',''
  ) );
#15620 = ORIENTED_EDGE('',*,*,#15571,.F.);
#15621 = ADVANCED_FACE('',(#15622,#15625),#15444,.T.);
#15622 = FACE_BOUND('',#15623,.T.);
#15623 = EDGE_LOOP('',(#15624));
#15624 = ORIENTED_EDGE('',*,*,#15429,.T.);
#15625 = FACE_BOUND('',#15626,.T.);
#15626 = EDGE_LOOP('',(#15627));
#15627 = ORIENTED_EDGE('',*,*,#15628,.T.);
#15628 = EDGE_CURVE('',#15629,#15629,#15631,.T.);
#15629 = VERTEX_POINT('',#15630);
#15630 = CARTESIAN_POINT('',(-12.9,-31.7,6.4));
#15631 = SURFACE_CURVE('',#15632,(#15637,#15648),.PCURVE_S1.);
#15632 = CIRCLE('',#15633,1.1);
#15633 = AXIS2_PLACEMENT_3D('',#15634,#15635,#15636);
#15634 = CARTESIAN_POINT('',(-14.,-31.7,6.4));
#15635 = DIRECTION('',(0.,0.,-1.));
#15636 = DIRECTION('',(1.,0.,0.));
#15637 = PCURVE('',#15444,#15638);
#15638 = DEFINITIONAL_REPRESENTATION('',(#15639),#15647);
#15639 = ( BOUNDED_CURVE() B_SPLINE_CURVE(2,(#15640,#15641,#15642,#15643
    ,#15644,#15645,#15646),.UNSPECIFIED.,.T.,.F.) 
B_SPLINE_CURVE_WITH_KNOTS((1,2,2,2,2,1),(-2.094395102393,0.,
    2.094395102393,4.188790204786,6.28318530718,8.377580409573),
.UNSPECIFIED.) CURVE() GEOMETRIC_REPRESENTATION_ITEM() 
RATIONAL_B_SPLINE_CURVE((1.,0.5,1.,0.5,1.,0.5,1.)) REPRESENTATION_ITEM(
  '') );
#15640 = CARTESIAN_POINT('',(1.1,3.552713678801E-15));
#15641 = CARTESIAN_POINT('',(1.1,-1.905255888326));
#15642 = CARTESIAN_POINT('',(-0.55,-0.952627944163));
#15643 = CARTESIAN_POINT('',(-2.2,3.283291382988E-15));
#15644 = CARTESIAN_POINT('',(-0.55,0.952627944163));
#15645 = CARTESIAN_POINT('',(1.1,1.905255888326));
#15646 = CARTESIAN_POINT('',(1.1,3.552713678801E-15));
#15647 = ( GEOMETRIC_REPRESENTATION_CONTEXT(2) 
PARAMETRIC_REPRESENTATION_CONTEXT() REPRESENTATION_CONTEXT('2D SPACE',''
  ) );
#15648 = PCURVE('',#15649,#15654);
#15649 = CYLINDRICAL_SURFACE('',#15650,1.1);
#15650 = AXIS2_PLACEMENT_3D('',#15651,#15652,#15653);
#15651 = CARTESIAN_POINT('',(-14.,-31.7,2.4));
#15652 = DIRECTION('',(-0.,-0.,-1.));
#15653 = DIRECTION('',(1.,0.,0.));
#15654 = DEFINITIONAL_REPRESENTATION('',(#15655),#15659);
#15655 = LINE('',#15656,#15657);
#15656 = CARTESIAN_POINT('',(-6.28318530718,-4.));
#15657 = VECTOR('',#15658,1.);
#15658 = DIRECTION('',(1.,-0.));
#15659 = ( GEOMETRIC_REPRESENTATION_CONTEXT(2) 
PARAMETRIC_REPRESENTATION_CONTEXT() REPRESENTATION_CONTEXT('2D SPACE',''
  ) );
#15660 = ADVANCED_FACE('',(#15661,#15664),#15499,.T.);
#15661 = FACE_BOUND('',#15662,.T.);
#15662 = EDGE_LOOP('',(#15663));
#15663 = ORIENTED_EDGE('',*,*,#15484,.T.);
#15664 = FACE_BOUND('',#15665,.T.);
#15665 = EDGE_LOOP('',(#15666));
#15666 = ORIENTED_EDGE('',*,*,#15667,.T.);
#15667 = EDGE_CURVE('',#15668,#15668,#15670,.T.);
#15668 = VERTEX_POINT('',#15669);
#15669 = CARTESIAN_POINT('',(36.1,-31.7,6.4));
#15670 = SURFACE_CURVE('',#15671,(#15676,#15687),.PCURVE_S1.);
#15671 = CIRCLE('',#15672,1.1);
#15672 = AXIS2_PLACEMENT_3D('',#15673,#15674,#15675);
#15673 = CARTESIAN_POINT('',(35.,-31.7,6.4));
#15674 = DIRECTION('',(0.,0.,-1.));
#15675 = DIRECTION('',(1.,0.,0.));
#15676 = PCURVE('',#15499,#15677);
#15677 = DEFINITIONAL_REPRESENTATION('',(#15678),#15686);
#15678 = ( BOUNDED_CURVE() B_SPLINE_CURVE(2,(#15679,#15680,#15681,#15682
    ,#15683,#15684,#15685),.UNSPECIFIED.,.T.,.F.) 
B_SPLINE_CURVE_WITH_KNOTS((1,2,2,2,2,1),(-2.094395102393,0.,
    2.094395102393,4.188790204786,6.28318530718,8.377580409573),
.UNSPECIFIED.) CURVE() GEOMETRIC_REPRESENTATION_ITEM() 
RATIONAL_B_SPLINE_CURVE((1.,0.5,1.,0.5,1.,0.5,1.)) REPRESENTATION_ITEM(
  '') );
#15679 = CARTESIAN_POINT('',(1.1,-3.552713678801E-15));
#15680 = CARTESIAN_POINT('',(1.1,-1.905255888326));
#15681 = CARTESIAN_POINT('',(-0.55,-0.952627944163));
#15682 = CARTESIAN_POINT('',(-2.2,-3.822135974613E-15));
#15683 = CARTESIAN_POINT('',(-0.55,0.952627944163));
#15684 = CARTESIAN_POINT('',(1.1,1.905255888326));
#15685 = CARTESIAN_POINT('',(1.1,-3.552713678801E-15));
#15686 = ( GEOMETRIC_REPRESENTATION_CONTEXT(2) 
PARAMETRIC_REPRESENTATION_CONTEXT() REPRESENTATION_CONTEXT('2D SPACE',''
  ) );
#15687 = PCURVE('',#15688,#15693);
#15688 = CYLINDRICAL_SURFACE('',#15689,1.1);
#15689 = AXIS2_PLACEMENT_3D('',#15690,#15691,#15692);
#15690 = CARTESIAN_POINT('',(35.,-31.7,2.4));
#15691 = DIRECTION('',(-0.,-0.,-1.));
#15692 = DIRECTION('',(1.,0.,0.));
#15693 = DEFINITIONAL_REPRESENTATION('',(#15694),#15698);
#15694 = LINE('',#15695,#15696);
#15695 = CARTESIAN_POINT('',(-6.28318530718,-4.));
#15696 = VECTOR('',#15697,1.);
#15697 = DIRECTION('',(1.,-0.));
#15698 = ( GEOMETRIC_REPRESENTATION_CONTEXT(2) 
PARAMETRIC_REPRESENTATION_CONTEXT() REPRESENTATION_CONTEXT('2D SPACE',''
  ) );
#15699 = ADVANCED_FACE('',(#15700,#15703),#15554,.T.);
#15700 = FACE_BOUND('',#15701,.T.);
#15701 = EDGE_LOOP('',(#15702));
#15702 = ORIENTED_EDGE('',*,*,#15539,.T.);
#15703 = FACE_BOUND('',#15704,.T.);
#15704 = EDGE_LOOP('',(#15705));
#15705 = ORIENTED_EDGE('',*,*,#15706,.T.);
#15706 = EDGE_CURVE('',#15707,#15707,#15709,.T.);
#15707 = VERTEX_POINT('',#15708);
#15708 = CARTESIAN_POINT('',(-12.9,26.3,6.4));
#15709 = SURFACE_CURVE('',#15710,(#15715,#15726),.PCURVE_S1.);
#15710 = CIRCLE('',#15711,1.1);
#15711 = AXIS2_PLACEMENT_3D('',#15712,#15713,#15714);
#15712 = CARTESIAN_POINT('',(-14.,26.3,6.4));
#15713 = DIRECTION('',(0.,0.,-1.));
#15714 = DIRECTION('',(1.,0.,0.));
#15715 = PCURVE('',#15554,#15716);
#15716 = DEFINITIONAL_REPRESENTATION('',(#15717),#15725);
#15717 = ( BOUNDED_CURVE() B_SPLINE_CURVE(2,(#15718,#15719,#15720,#15721
    ,#15722,#15723,#15724),.UNSPECIFIED.,.T.,.F.) 
B_SPLINE_CURVE_WITH_KNOTS((1,2,2,2,2,1),(-2.094395102393,0.,
    2.094395102393,4.188790204786,6.28318530718,8.377580409573),
.UNSPECIFIED.) CURVE() GEOMETRIC_REPRESENTATION_ITEM() 
RATIONAL_B_SPLINE_CURVE((1.,0.5,1.,0.5,1.,0.5,1.)) REPRESENTATION_ITEM(
  '') );
#15718 = CARTESIAN_POINT('',(1.1,-3.552713678801E-15));
#15719 = CARTESIAN_POINT('',(1.1,-1.905255888326));
#15720 = CARTESIAN_POINT('',(-0.55,-0.952627944163));
#15721 = CARTESIAN_POINT('',(-2.2,-3.822135974613E-15));
#15722 = CARTESIAN_POINT('',(-0.55,0.952627944163));
#15723 = CARTESIAN_POINT('',(1.1,1.905255888326));
#15724 = CARTESIAN_POINT('',(1.1,-3.552713678801E-15));
#15725 = ( GEOMETRIC_REPRESENTATION_CONTEXT(2) 
PARAMETRIC_REPRESENTATION_CONTEXT() REPRESENTATION_CONTEXT('2D SPACE',''
  ) );
#15726 = PCURVE('',#15727,#15732);
#15727 = CYLINDRICAL_SURFACE('',#15728,1.1);
#15728 = AXIS2_PLACEMENT_3D('',#15729,#15730,#15731);
#15729 = CARTESIAN_POINT('',(-14.,26.3,2.4));
#15730 = DIRECTION('',(-0.,-0.,-1.));
#15731 = DIRECTION('',(1.,0.,0.));
#15732 = DEFINITIONAL_REPRESENTATION('',(#15733),#15737);
#15733 = LINE('',#15734,#15735);
#15734 = CARTESIAN_POINT('',(-6.28318530718,-4.));
#15735 = VECTOR('',#15736,1.);
#15736 = DIRECTION('',(1.,-0.));
#15737 = ( GEOMETRIC_REPRESENTATION_CONTEXT(2) 
PARAMETRIC_REPRESENTATION_CONTEXT() REPRESENTATION_CONTEXT('2D SPACE',''
  ) );
#15738 = ADVANCED_FACE('',(#15739,#15742),#15609,.T.);
#15739 = FACE_BOUND('',#15740,.T.);
#15740 = EDGE_LOOP('',(#15741));
#15741 = ORIENTED_EDGE('',*,*,#15594,.T.);
#15742 = FACE_BOUND('',#15743,.T.);
#15743 = EDGE_LOOP('',(#15744));
#15744 = ORIENTED_EDGE('',*,*,#15745,.T.);
#15745 = EDGE_CURVE('',#15746,#15746,#15748,.T.);
#15746 = VERTEX_POINT('',#15747);
#15747 = CARTESIAN_POINT('',(36.1,26.3,6.4));
#15748 = SURFACE_CURVE('',#15749,(#15754,#15765),.PCURVE_S1.);
#15749 = CIRCLE('',#15750,1.1);
#15750 = AXIS2_PLACEMENT_3D('',#15751,#15752,#15753);
#15751 = CARTESIAN_POINT('',(35.,26.3,6.4));
#15752 = DIRECTION('',(0.,0.,-1.));
#15753 = DIRECTION('',(1.,0.,0.));
#15754 = PCURVE('',#15609,#15755);
#15755 = DEFINITIONAL_REPRESENTATION('',(#15756),#15764);
#15756 = ( BOUNDED_CURVE() B_SPLINE_CURVE(2,(#15757,#15758,#15759,#15760
    ,#15761,#15762,#15763),.UNSPECIFIED.,.T.,.F.) 
B_SPLINE_CURVE_WITH_KNOTS((1,2,2,2,2,1),(-2.094395102393,0.,
    2.094395102393,4.188790204786,6.28318530718,8.377580409573),
.UNSPECIFIED.) CURVE() GEOMETRIC_REPRESENTATION_ITEM() 
RATIONAL_B_SPLINE_CURVE((1.,0.5,1.,0.5,1.,0.5,1.)) REPRESENTATION_ITEM(
  '') );
#15757 = CARTESIAN_POINT('',(1.1,-3.552713678801E-15));
#15758 = CARTESIAN_POINT('',(1.1,-1.905255888326));
#15759 = CARTESIAN_POINT('',(-0.55,-0.952627944163));
#15760 = CARTESIAN_POINT('',(-2.2,-3.822135974613E-15));
#15761 = CARTESIAN_POINT('',(-0.55,0.952627944163));
#15762 = CARTESIAN_POINT('',(1.1,1.905255888326));
#15763 = CARTESIAN_POINT('',(1.1,-3.552713678801E-15));
#15764 = ( GEOMETRIC_REPRESENTATION_CONTEXT(2) 
PARAMETRIC_REPRESENTATION_CONTEXT() REPRESENTATION_CONTEXT('2D SPACE',''
  ) );
#15765 = PCURVE('',#15766,#15771);
#15766 = CYLINDRICAL_SURFACE('',#15767,1.1);
#15767 = AXIS2_PLACEMENT_3D('',#15768,#15769,#15770);
#15768 = CARTESIAN_POINT('',(35.,26.3,2.4));
#15769 = DIRECTION('',(-0.,-0.,-1.));
#15770 = DIRECTION('',(1.,0.,0.));
#15771 = DEFINITIONAL_REPRESENTATION('',(#15772),#15776);
#15772 = LINE('',#15773,#15774);
#15773 = CARTESIAN_POINT('',(-6.28318530718,-4.));
#15774 = VECTOR('',#15775,1.);
#15775 = DIRECTION('',(1.,-0.));
#15776 = ( GEOMETRIC_REPRESENTATION_CONTEXT(2) 
PARAMETRIC_REPRESENTATION_CONTEXT() REPRESENTATION_CONTEXT('2D SPACE',''
  ) );
#15777 = ADVANCED_FACE('',(#15778),#15649,.F.);
#15778 = FACE_BOUND('',#15779,.T.);
#15779 = EDGE_LOOP('',(#15780,#15809,#15830,#15831));
#15780 = ORIENTED_EDGE('',*,*,#15781,.F.);
#15781 = EDGE_CURVE('',#15782,#15782,#15784,.T.);
#15782 = VERTEX_POINT('',#15783);
#15783 = CARTESIAN_POINT('',(-12.9,-31.7,2.4));
#15784 = SURFACE_CURVE('',#15785,(#15790,#15797),.PCURVE_S1.);
#15785 = CIRCLE('',#15786,1.1);
#15786 = AXIS2_PLACEMENT_3D('',#15787,#15788,#15789);
#15787 = CARTESIAN_POINT('',(-14.,-31.7,2.4));
#15788 = DIRECTION('',(0.,0.,1.));
#15789 = DIRECTION('',(1.,0.,0.));
#15790 = PCURVE('',#15649,#15791);
#15791 = DEFINITIONAL_REPRESENTATION('',(#15792),#15796);
#15792 = LINE('',#15793,#15794);
#15793 = CARTESIAN_POINT('',(-0.,0.));
#15794 = VECTOR('',#15795,1.);
#15795 = DIRECTION('',(-1.,0.));
#15796 = ( GEOMETRIC_REPRESENTATION_CONTEXT(2) 
PARAMETRIC_REPRESENTATION_CONTEXT() REPRESENTATION_CONTEXT('2D SPACE',''
  ) );
#15797 = PCURVE('',#15798,#15803);
#15798 = PLANE('',#15799);
#15799 = AXIS2_PLACEMENT_3D('',#15800,#15801,#15802);
#15800 = CARTESIAN_POINT('',(-14.,-31.7,2.4));
#15801 = DIRECTION('',(0.,0.,1.));
#15802 = DIRECTION('',(1.,0.,-0.));
#15803 = DEFINITIONAL_REPRESENTATION('',(#15804),#15808);
#15804 = CIRCLE('',#15805,1.1);
#15805 = AXIS2_PLACEMENT_2D('',#15806,#15807);
#15806 = CARTESIAN_POINT('',(3.552713678801E-15,0.));
#15807 = DIRECTION('',(1.,0.));
#15808 = ( GEOMETRIC_REPRESENTATION_CONTEXT(2) 
PARAMETRIC_REPRESENTATION_CONTEXT() REPRESENTATION_CONTEXT('2D SPACE',''
  ) );
#15809 = ORIENTED_EDGE('',*,*,#15810,.T.);
#15810 = EDGE_CURVE('',#15782,#15629,#15811,.T.);
#15811 = SEAM_CURVE('',#15812,(#15816,#15823),.PCURVE_S1.);
#15812 = LINE('',#15813,#15814);
#15813 = CARTESIAN_POINT('',(-12.9,-31.7,2.4));
#15814 = VECTOR('',#15815,1.);
#15815 = DIRECTION('',(0.,0.,1.));
#15816 = PCURVE('',#15649,#15817);
#15817 = DEFINITIONAL_REPRESENTATION('',(#15818),#15822);
#15818 = LINE('',#15819,#15820);
#15819 = CARTESIAN_POINT('',(-6.28318530718,0.));
#15820 = VECTOR('',#15821,1.);
#15821 = DIRECTION('',(-0.,-1.));
#15822 = ( GEOMETRIC_REPRESENTATION_CONTEXT(2) 
PARAMETRIC_REPRESENTATION_CONTEXT() REPRESENTATION_CONTEXT('2D SPACE',''
  ) );
#15823 = PCURVE('',#15649,#15824);
#15824 = DEFINITIONAL_REPRESENTATION('',(#15825),#15829);
#15825 = LINE('',#15826,#15827);
#15826 = CARTESIAN_POINT('',(-0.,0.));
#15827 = VECTOR('',#15828,1.);
#15828 = DIRECTION('',(-0.,-1.));
#15829 = ( GEOMETRIC_REPRESENTATION_CONTEXT(2) 
PARAMETRIC_REPRESENTATION_CONTEXT() REPRESENTATION_CONTEXT('2D SPACE',''
  ) );
#15830 = ORIENTED_EDGE('',*,*,#15628,.F.);
#15831 = ORIENTED_EDGE('',*,*,#15810,.F.);
#15832 = ADVANCED_FACE('',(#15833),#15688,.F.);
#15833 = FACE_BOUND('',#15834,.T.);
#15834 = EDGE_LOOP('',(#15835,#15864,#15885,#15886));
#15835 = ORIENTED_EDGE('',*,*,#15836,.F.);
#15836 = EDGE_CURVE('',#15837,#15837,#15839,.T.);
#15837 = VERTEX_POINT('',#15838);
#15838 = CARTESIAN_POINT('',(36.1,-31.7,2.4));
#15839 = SURFACE_CURVE('',#15840,(#15845,#15852),.PCURVE_S1.);
#15840 = CIRCLE('',#15841,1.1);
#15841 = AXIS2_PLACEMENT_3D('',#15842,#15843,#15844);
#15842 = CARTESIAN_POINT('',(35.,-31.7,2.4));
#15843 = DIRECTION('',(0.,0.,1.));
#15844 = DIRECTION('',(1.,0.,0.));
#15845 = PCURVE('',#15688,#15846);
#15846 = DEFINITIONAL_REPRESENTATION('',(#15847),#15851);
#15847 = LINE('',#15848,#15849);
#15848 = CARTESIAN_POINT('',(-0.,0.));
#15849 = VECTOR('',#15850,1.);
#15850 = DIRECTION('',(-1.,0.));
#15851 = ( GEOMETRIC_REPRESENTATION_CONTEXT(2) 
PARAMETRIC_REPRESENTATION_CONTEXT() REPRESENTATION_CONTEXT('2D SPACE',''
  ) );
#15852 = PCURVE('',#15853,#15858);
#15853 = PLANE('',#15854);
#15854 = AXIS2_PLACEMENT_3D('',#15855,#15856,#15857);
#15855 = CARTESIAN_POINT('',(35.,-31.7,2.4));
#15856 = DIRECTION('',(0.,0.,1.));
#15857 = DIRECTION('',(1.,0.,-0.));
#15858 = DEFINITIONAL_REPRESENTATION('',(#15859),#15863);
#15859 = CIRCLE('',#15860,1.1);
#15860 = AXIS2_PLACEMENT_2D('',#15861,#15862);
#15861 = CARTESIAN_POINT('',(0.,0.));
#15862 = DIRECTION('',(1.,0.));
#15863 = ( GEOMETRIC_REPRESENTATION_CONTEXT(2) 
PARAMETRIC_REPRESENTATION_CONTEXT() REPRESENTATION_CONTEXT('2D SPACE',''
  ) );
#15864 = ORIENTED_EDGE('',*,*,#15865,.T.);
#15865 = EDGE_CURVE('',#15837,#15668,#15866,.T.);
#15866 = SEAM_CURVE('',#15867,(#15871,#15878),.PCURVE_S1.);
#15867 = LINE('',#15868,#15869);
#15868 = CARTESIAN_POINT('',(36.1,-31.7,2.4));
#15869 = VECTOR('',#15870,1.);
#15870 = DIRECTION('',(0.,0.,1.));
#15871 = PCURVE('',#15688,#15872);
#15872 = DEFINITIONAL_REPRESENTATION('',(#15873),#15877);
#15873 = LINE('',#15874,#15875);
#15874 = CARTESIAN_POINT('',(-6.28318530718,0.));
#15875 = VECTOR('',#15876,1.);
#15876 = DIRECTION('',(-0.,-1.));
#15877 = ( GEOMETRIC_REPRESENTATION_CONTEXT(2) 
PARAMETRIC_REPRESENTATION_CONTEXT() REPRESENTATION_CONTEXT('2D SPACE',''
  ) );
#15878 = PCURVE('',#15688,#15879);
#15879 = DEFINITIONAL_REPRESENTATION('',(#15880),#15884);
#15880 = LINE('',#15881,#15882);
#15881 = CARTESIAN_POINT('',(-0.,0.));
#15882 = VECTOR('',#15883,1.);
#15883 = DIRECTION('',(-0.,-1.));
#15884 = ( GEOMETRIC_REPRESENTATION_CONTEXT(2) 
PARAMETRIC_REPRESENTATION_CONTEXT() REPRESENTATION_CONTEXT('2D SPACE',''
  ) );
#15885 = ORIENTED_EDGE('',*,*,#15667,.F.);
#15886 = ORIENTED_EDGE('',*,*,#15865,.F.);
#15887 = ADVANCED_FACE('',(#15888),#15727,.F.);
#15888 = FACE_BOUND('',#15889,.T.);
#15889 = EDGE_LOOP('',(#15890,#15919,#15940,#15941));
#15890 = ORIENTED_EDGE('',*,*,#15891,.F.);
#15891 = EDGE_CURVE('',#15892,#15892,#15894,.T.);
#15892 = VERTEX_POINT('',#15893);
#15893 = CARTESIAN_POINT('',(-12.9,26.3,2.4));
#15894 = SURFACE_CURVE('',#15895,(#15900,#15907),.PCURVE_S1.);
#15895 = CIRCLE('',#15896,1.1);
#15896 = AXIS2_PLACEMENT_3D('',#15897,#15898,#15899);
#15897 = CARTESIAN_POINT('',(-14.,26.3,2.4));
#15898 = DIRECTION('',(0.,0.,1.));
#15899 = DIRECTION('',(1.,0.,0.));
#15900 = PCURVE('',#15727,#15901);
#15901 = DEFINITIONAL_REPRESENTATION('',(#15902),#15906);
#15902 = LINE('',#15903,#15904);
#15903 = CARTESIAN_POINT('',(-0.,0.));
#15904 = VECTOR('',#15905,1.);
#15905 = DIRECTION('',(-1.,0.));
#15906 = ( GEOMETRIC_REPRESENTATION_CONTEXT(2) 
PARAMETRIC_REPRESENTATION_CONTEXT() REPRESENTATION_CONTEXT('2D SPACE',''
  ) );
#15907 = PCURVE('',#15908,#15913);
#15908 = PLANE('',#15909);
#15909 = AXIS2_PLACEMENT_3D('',#15910,#15911,#15912);
#15910 = CARTESIAN_POINT('',(-14.,26.3,2.4));
#15911 = DIRECTION('',(0.,0.,1.));
#15912 = DIRECTION('',(1.,0.,-0.));
#15913 = DEFINITIONAL_REPRESENTATION('',(#15914),#15918);
#15914 = CIRCLE('',#15915,1.1);
#15915 = AXIS2_PLACEMENT_2D('',#15916,#15917);
#15916 = CARTESIAN_POINT('',(1.7763568394E-15,-3.552713678801E-15));
#15917 = DIRECTION('',(1.,0.));
#15918 = ( GEOMETRIC_REPRESENTATION_CONTEXT(2) 
PARAMETRIC_REPRESENTATION_CONTEXT() REPRESENTATION_CONTEXT('2D SPACE',''
  ) );
#15919 = ORIENTED_EDGE('',*,*,#15920,.T.);
#15920 = EDGE_CURVE('',#15892,#15707,#15921,.T.);
#15921 = SEAM_CURVE('',#15922,(#15926,#15933),.PCURVE_S1.);
#15922 = LINE('',#15923,#15924);
#15923 = CARTESIAN_POINT('',(-12.9,26.3,2.4));
#15924 = VECTOR('',#15925,1.);
#15925 = DIRECTION('',(0.,0.,1.));
#15926 = PCURVE('',#15727,#15927);
#15927 = DEFINITIONAL_REPRESENTATION('',(#15928),#15932);
#15928 = LINE('',#15929,#15930);
#15929 = CARTESIAN_POINT('',(-6.28318530718,0.));
#15930 = VECTOR('',#15931,1.);
#15931 = DIRECTION('',(-0.,-1.));
#15932 = ( GEOMETRIC_REPRESENTATION_CONTEXT(2) 
PARAMETRIC_REPRESENTATION_CONTEXT() REPRESENTATION_CONTEXT('2D SPACE',''
  ) );
#15933 = PCURVE('',#15727,#15934);
#15934 = DEFINITIONAL_REPRESENTATION('',(#15935),#15939);
#15935 = LINE('',#15936,#15937);
#15936 = CARTESIAN_POINT('',(-0.,0.));
#15937 = VECTOR('',#15938,1.);
#15938 = DIRECTION('',(-0.,-1.));
#15939 = ( GEOMETRIC_REPRESENTATION_CONTEXT(2) 
PARAMETRIC_REPRESENTATION_CONTEXT() REPRESENTATION_CONTEXT('2D SPACE',''
  ) );
#15940 = ORIENTED_EDGE('',*,*,#15706,.F.);
#15941 = ORIENTED_EDGE('',*,*,#15920,.F.);
#15942 = ADVANCED_FACE('',(#15943),#15766,.F.);
#15943 = FACE_BOUND('',#15944,.T.);
#15944 = EDGE_LOOP('',(#15945,#15974,#15995,#15996));
#15945 = ORIENTED_EDGE('',*,*,#15946,.F.);
#15946 = EDGE_CURVE('',#15947,#15947,#15949,.T.);
#15947 = VERTEX_POINT('',#15948);
#15948 = CARTESIAN_POINT('',(36.1,26.3,2.4));
#15949 = SURFACE_CURVE('',#15950,(#15955,#15962),.PCURVE_S1.);
#15950 = CIRCLE('',#15951,1.1);
#15951 = AXIS2_PLACEMENT_3D('',#15952,#15953,#15954);
#15952 = CARTESIAN_POINT('',(35.,26.3,2.4));
#15953 = DIRECTION('',(0.,0.,1.));
#15954 = DIRECTION('',(1.,0.,0.));
#15955 = PCURVE('',#15766,#15956);
#15956 = DEFINITIONAL_REPRESENTATION('',(#15957),#15961);
#15957 = LINE('',#15958,#15959);
#15958 = CARTESIAN_POINT('',(-0.,0.));
#15959 = VECTOR('',#15960,1.);
#15960 = DIRECTION('',(-1.,0.));
#15961 = ( GEOMETRIC_REPRESENTATION_CONTEXT(2) 
PARAMETRIC_REPRESENTATION_CONTEXT() REPRESENTATION_CONTEXT('2D SPACE',''
  ) );
#15962 = PCURVE('',#15963,#15968);
#15963 = PLANE('',#15964);
#15964 = AXIS2_PLACEMENT_3D('',#15965,#15966,#15967);
#15965 = CARTESIAN_POINT('',(35.,26.3,2.4));
#15966 = DIRECTION('',(0.,0.,1.));
#15967 = DIRECTION('',(1.,0.,-0.));
#15968 = DEFINITIONAL_REPRESENTATION('',(#15969),#15973);
#15969 = CIRCLE('',#15970,1.1);
#15970 = AXIS2_PLACEMENT_2D('',#15971,#15972);
#15971 = CARTESIAN_POINT('',(0.,0.));
#15972 = DIRECTION('',(1.,0.));
#15973 = ( GEOMETRIC_REPRESENTATION_CONTEXT(2) 
PARAMETRIC_REPRESENTATION_CONTEXT() REPRESENTATION_CONTEXT('2D SPACE',''
  ) );
#15974 = ORIENTED_EDGE('',*,*,#15975,.T.);
#15975 = EDGE_CURVE('',#15947,#15746,#15976,.T.);
#15976 = SEAM_CURVE('',#15977,(#15981,#15988),.PCURVE_S1.);
#15977 = LINE('',#15978,#15979);
#15978 = CARTESIAN_POINT('',(36.1,26.3,2.4));
#15979 = VECTOR('',#15980,1.);
#15980 = DIRECTION('',(0.,0.,1.));
#15981 = PCURVE('',#15766,#15982);
#15982 = DEFINITIONAL_REPRESENTATION('',(#15983),#15987);
#15983 = LINE('',#15984,#15985);
#15984 = CARTESIAN_POINT('',(-6.28318530718,0.));
#15985 = VECTOR('',#15986,1.);
#15986 = DIRECTION('',(-0.,-1.));
#15987 = ( GEOMETRIC_REPRESENTATION_CONTEXT(2) 
PARAMETRIC_REPRESENTATION_CONTEXT() REPRESENTATION_CONTEXT('2D SPACE',''
  ) );
#15988 = PCURVE('',#15766,#15989);
#15989 = DEFINITIONAL_REPRESENTATION('',(#15990),#15994);
#15990 = LINE('',#15991,#15992);
#15991 = CARTESIAN_POINT('',(-0.,0.));
#15992 = VECTOR('',#15993,1.);
#15993 = DIRECTION('',(-0.,-1.));
#15994 = ( GEOMETRIC_REPRESENTATION_CONTEXT(2) 
PARAMETRIC_REPRESENTATION_CONTEXT() REPRESENTATION_CONTEXT('2D SPACE',''
  ) );
#15995 = ORIENTED_EDGE('',*,*,#15745,.F.);
#15996 = ORIENTED_EDGE('',*,*,#15975,.F.);
#15997 = ADVANCED_FACE('',(#15998),#15798,.T.);
#15998 = FACE_BOUND('',#15999,.T.);
#15999 = EDGE_LOOP('',(#16000));
#16000 = ORIENTED_EDGE('',*,*,#15781,.T.);
#16001 = ADVANCED_FACE('',(#16002),#15853,.T.);
#16002 = FACE_BOUND('',#16003,.T.);
#16003 = EDGE_LOOP('',(#16004));
#16004 = ORIENTED_EDGE('',*,*,#15836,.T.);
#16005 = ADVANCED_FACE('',(#16006),#15908,.T.);
#16006 = FACE_BOUND('',#16007,.T.);
#16007 = EDGE_LOOP('',(#16008));
#16008 = ORIENTED_EDGE('',*,*,#15891,.T.);
#16009 = ADVANCED_FACE('',(#16010),#15963,.T.);
#16010 = FACE_BOUND('',#16011,.T.);
#16011 = EDGE_LOOP('',(#16012));
#16012 = ORIENTED_EDGE('',*,*,#15946,.T.);
#16013 = ( GEOMETRIC_REPRESENTATION_CONTEXT(3) 
GLOBAL_UNCERTAINTY_ASSIGNED_CONTEXT((#16017)) 
GLOBAL_UNIT_ASSIGNED_CONTEXT((#16014,#16015,#16016)) 
REPRESENTATION_CONTEXT('Context #1',
  '3D Context with UNIT and UNCERTAINTY') );
#16014 = ( LENGTH_UNIT() NAMED_UNIT(*) SI_UNIT(.MILLI.,.METRE.) );
#16015 = ( NAMED_UNIT(*) PLANE_ANGLE_UNIT() SI_UNIT($,.RADIAN.) );
#16016 = ( NAMED_UNIT(*) SI_UNIT($,.STERADIAN.) SOLID_ANGLE_UNIT() );
#16017 = UNCERTAINTY_MEASURE_WITH_UNIT(LENGTH_MEASURE(1.E-07),#16014,
  'distance_accuracy_value','confusion accuracy');
#16018 = PRODUCT_RELATED_PRODUCT_CATEGORY('part',$,(#7));
ENDSEC;
END-ISO-10303-21;
